network_id,query_id,structure,source,target,num_nodes,num_edges,num_objectives,rho_12,rho_13,rho_23,target_pareto_labels,generated_labels,kept_labels,pruned_labels,immediate_rejection_rate,dominance_checks,max_labels_per_node,runtime_seconds
0,0,positive,60,41,100,753,3,0.7883314216788259,0.7941263138117053,0.7853497907154666,2,3362,502,2860,0.8506841165972635,6167,14,0.017994599998928607
0,1,positive,97,29,100,753,3,0.7883314216788259,0.7941263138117053,0.7853497907154666,2,3849,608,3241,0.8420368926994024,8265,16,0.021853500002180226
0,2,positive,98,93,100,753,3,0.7883314216788259,0.7941263138117053,0.7853497907154666,4,2502,425,2077,0.8301358912869704,4461,14,0.016526599996723235
0,3,positive,30,13,100,753,3,0.7883314216788259,0.7941263138117053,0.7853497907154666,5,2989,484,2505,0.8380729340916695,5250,11,0.0198954999941634
0,4,positive,22,93,100,753,3,0.7883314216788259,0.7941263138117053,0.7853497907154666,4,2755,486,2269,0.8235934664246823,5312,14,0.01634439999179449
0,5,positive,49,96,100,753,3,0.7883314216788259,0.7941263138117053,0.7853497907154666,13,3157,472,2685,0.850490972442192,5526,13,0.015461899994988926
0,6,positive,53,8,100,753,3,0.7883314216788259,0.7941263138117053,0.7853497907154666,1,2419,393,2026,0.8375361719718892,3910,10,0.011568400004762225
0,7,positive,7,78,100,753,3,0.7883314216788259,0.7941263138117053,0.7853497907154666,6,3335,555,2780,0.8335832083958021,6505,12,0.017921799997566268
0,8,positive,32,14,100,753,3,0.7883314216788259,0.7941263138117053,0.7853497907154666,1,2729,451,2278,0.8347379992671308,4776,12,0.013862599997082725
0,9,positive,4,95,100,753,3,0.7883314216788259,0.7941263138117053,0.7853497907154666,7,3596,598,2998,0.8337041156840934,7444,15,0.019615700002759695
0,0,independent,60,41,100,753,3,0.013692540358609765,-0.010282479361044742,-0.025015929487448733,2,10721,1609,9112,0.8499207163510867,61797,36,0.12449719999858644
0,1,independent,97,29,100,753,3,0.013692540358609765,-0.010282479361044742,-0.025015929487448733,19,10879,1661,9218,0.8473205257836198,60706,38,0.11928429998806678
0,2,independent,98,93,100,753,3,0.013692540358609765,-0.010282479361044742,-0.025015929487448733,9,6880,1019,5861,0.8518895348837209,24555,35,0.052429000003030524
0,3,independent,30,13,100,753,3,0.013692540358609765,-0.010282479361044742,-0.025015929487448733,12,9535,1409,8126,0.8522286313581542,45173,38,0.09206690000428353
0,4,independent,22,93,100,753,3,0.013692540358609765,-0.010282479361044742,-0.025015929487448733,11,7916,1247,6669,0.8424709449216776,33213,27,0.0704907000035746
0,5,independent,49,96,100,753,3,0.013692540358609765,-0.010282479361044742,-0.025015929487448733,21,10302,1513,8789,0.8531353135313532,54615,38,0.10820829999283887
0,6,independent,53,8,100,753,3,0.013692540358609765,-0.010282479361044742,-0.025015929487448733,9,7347,1100,6247,0.8502790254525656,26671,23,0.0578040999971563
0,7,independent,7,78,100,753,3,0.013692540358609765,-0.010282479361044742,-0.025015929487448733,11,9857,1499,8358,0.847925332251192,50754,37,0.10179970000172034
0,8,independent,32,14,100,753,3,0.013692540358609765,-0.010282479361044742,-0.025015929487448733,2,7738,1214,6524,0.843111915223572,34562,28,0.07379220001166686
0,9,independent,4,95,100,753,3,0.013692540358609765,-0.010282479361044742,-0.025015929487448733,14,8945,1365,7580,0.8474007825600894,41525,28,0.08651589999499265
0,0,tradeoff,60,41,100,753,3,-0.3712709390035486,-0.3846465026073412,-0.40640857647177575,2,11234,1695,9539,0.8491187466619192,74646,35,0.1421659999905387
0,1,tradeoff,97,29,100,753,3,-0.3712709390035486,-0.3846465026073412,-0.40640857647177575,22,11768,1756,10012,0.8507817811012917,72480,37,0.13976050000928808
0,2,tradeoff,98,93,100,753,3,-0.3712709390035486,-0.3846465026073412,-0.40640857647177575,15,8698,1324,7374,0.8477810991032422,38818,30,0.0808309999993071
0,3,tradeoff,30,13,100,753,3,-0.3712709390035486,-0.3846465026073412,-0.40640857647177575,10,11438,1686,9752,0.8525966077985662,65928,44,0.12876029999461025
0,4,tradeoff,22,93,100,753,3,-0.3712709390035486,-0.3846465026073412,-0.40640857647177575,12,8971,1376,7595,0.8466168766023855,42277,32,0.08504099999845494
0,5,tradeoff,49,96,100,753,3,-0.3712709390035486,-0.3846465026073412,-0.40640857647177575,21,11702,1780,9922,0.8478892497009058,75339,45,0.1400255000044126
0,6,tradeoff,53,8,100,753,3,-0.3712709390035486,-0.3846465026073412,-0.40640857647177575,20,9840,1492,8348,0.8483739837398374,50002,28,0.09848780000174884
0,7,tradeoff,7,78,100,753,3,-0.3712709390035486,-0.3846465026073412,-0.40640857647177575,10,12419,1923,10496,0.8451566148643208,88768,36,0.1662452000018675
0,8,tradeoff,32,14,100,753,3,-0.3712709390035486,-0.3846465026073412,-0.40640857647177575,8,9173,1454,7719,0.8414913332606563,48808,29,0.09466630000679288
0,9,tradeoff,4,95,100,753,3,-0.3712709390035486,-0.3846465026073412,-0.40640857647177575,18,12593,1874,10719,0.8511871674739935,77397,34,0.14792260000831448
0,0,mixed,60,41,100,753,3,0.5837159240757298,-0.3844382169807918,-0.21085449712469426,2,9455,1407,8048,0.8511898466419884,46344,34,0.09338829999614973
0,1,mixed,97,29,100,753,3,0.5837159240757298,-0.3844382169807918,-0.21085449712469426,18,9551,1471,8080,0.8459847136425506,44667,28,0.08950509999704082
0,2,mixed,98,93,100,753,3,0.5837159240757298,-0.3844382169807918,-0.21085449712469426,7,5579,850,4729,0.8476429467646531,17750,25,0.03897239999787416
0,3,mixed,30,13,100,753,3,0.5837159240757298,-0.3844382169807918,-0.21085449712469426,15,7547,1131,6416,0.850139128130383,30933,30,0.0647266000014497
0,4,mixed,22,93,100,753,3,0.5837159240757298,-0.3844382169807918,-0.21085449712469426,12,7693,1209,6484,0.8428441440270376,32555,30,0.06807020000997
0,5,mixed,49,96,100,753,3,0.5837159240757298,-0.3844382169807918,-0.21085449712469426,21,7401,1095,6306,0.8520470206728821,28674,28,0.06113980000372976
0,6,mixed,53,8,100,753,3,0.5837159240757298,-0.3844382169807918,-0.21085449712469426,6,6854,1026,5828,0.8503063904289466,25329,23,0.05343860000721179
0,7,mixed,7,78,100,753,3,0.5837159240757298,-0.3844382169807918,-0.21085449712469426,9,9592,1462,8130,0.847581317764804,50505,31,0.09906230001070071
0,8,mixed,32,14,100,753,3,0.5837159240757298,-0.3844382169807918,-0.21085449712469426,3,7057,1125,5932,0.8405838174861839,30203,22,0.062140499998349696
0,9,mixed,4,95,100,753,3,0.5837159240757298,-0.3844382169807918,-0.21085449712469426,10,8002,1244,6758,0.844538865283679,34847,29,0.0711176000040723
1,0,positive,61,1,100,825,3,0.8033936335803936,0.779987083307253,0.7697960101539283,4,3087,460,2627,0.8509880142533204,5140,12,0.014809100001002662
1,1,positive,27,25,100,825,3,0.8033936335803936,0.779987083307253,0.7697960101539283,8,3314,486,2828,0.8533494266747134,5681,12,0.01585219999833498
1,2,positive,46,5,100,825,3,0.8033936335803936,0.779987083307253,0.7697960101539283,9,3956,588,3368,0.8513650151668352,7774,15,0.021120599994901568
1,3,positive,83,66,100,825,3,0.8033936335803936,0.779987083307253,0.7697960101539283,3,3934,594,3340,0.8490086426029486,7895,19,0.020591699998476543
1,4,positive,98,33,100,825,3,0.8033936335803936,0.779987083307253,0.7697960101539283,1,3976,553,3423,0.8609154929577465,7435,15,0.019872100005159155
1,5,positive,20,36,100,825,3,0.8033936335803936,0.779987083307253,0.7697960101539283,5,3415,501,2914,0.853294289897511,6151,13,0.017048800000338815
1,6,positive,27,89,100,825,3,0.8033936335803936,0.779987083307253,0.7697960101539283,2,3314,486,2828,0.8533494266747134,5681,12,0.015921700003673322
1,7,positive,95,88,100,825,3,0.8033936335803936,0.779987083307253,0.7697960101539283,6,3324,524,2800,0.8423586040914561,6531,17,0.017070699992473237
1,8,positive,14,79,100,825,3,0.8033936335803936,0.779987083307253,0.7697960101539283,10,3675,512,3163,0.8606802721088436,6539,13,0.018618500005686656
1,9,positive,68,28,100,825,3,0.8033936335803936,0.779987083307253,0.7697960101539283,6,3216,478,2738,0.8513681592039801,5670,17,0.015616300006513484
1,0,independent,61,1,100,825,3,0.01920793846158177,-0.08770727933172885,-0.05846659018811618,6,7249,1015,6234,0.8599806869913091,23844,25,0.053060899997944944
1,1,independent,27,25,100,825,3,0.01920793846158177,-0.08770727933172885,-0.05846659018811618,17,7839,1145,6694,0.8539354509503764,28536,24,0.06087860000843648
1,2,independent,46,5,100,825,3,0.01920793846158177,-0.08770727933172885,-0.05846659018811618,16,9904,1426,8478,0.8560177705977383,47801,28,0.09547300000849646
1,3,independent,83,66,100,825,3,0.01920793846158177,-0.08770727933172885,-0.05846659018811618,14,12528,1800,10728,0.8563218390804598,73954,39,0.14178140000149142
1,4,independent,98,33,100,825,3,0.01920793846158177,-0.08770727933172885,-0.05846659018811618,5,9467,1299,8168,0.862786521601352,38589,24,0.07901960000162944
1,5,independent,20,36,100,825,3,0.01920793846158177,-0.08770727933172885,-0.05846659018811618,4,8975,1300,7675,0.8551532033426184,38557,23,0.07929629999853205
1,6,independent,27,89,100,825,3,0.01920793846158177,-0.08770727933172885,-0.05846659018811618,13,7839,1145,6694,0.8539354509503764,28536,24,0.06015810000826605
1,7,independent,95,88,100,825,3,0.01920793846158177,-0.08770727933172885,-0.05846659018811618,7,7809,1090,6719,0.8604174670252273,28187,25,0.05975280000711791
1,8,independent,14,79,100,825,3,0.01920793846158177,-0.08770727933172885,-0.05846659018811618,20,10159,1322,8837,0.86986908160252,43232,29,0.08910969999851659
1,9,independent,68,28,100,825,3,0.01920793846158177,-0.08770727933172885,-0.05846659018811618,6,9388,1315,8073,0.8599275671069451,38899,32,0.07983299999614246
1,0,tradeoff,61,1,100,825,3,-0.38065644232285395,-0.4414414669642672,-0.3571870900398757,5,9188,1302,7886,0.8582934262080976,40545,29,0.08195120000164025
1,1,tradeoff,27,25,100,825,3,-0.38065644232285395,-0.4414414669642672,-0.3571870900398757,20,9714,1342,8372,0.8618488779081738,41167,37,0.08394000001135282
1,2,tradeoff,46,5,100,825,3,-0.38065644232285395,-0.4414414669642672,-0.3571870900398757,16,11909,1694,10215,0.857754639348392,69611,35,0.13219080000999384
1,3,tradeoff,83,66,100,825,3,-0.38065644232285395,-0.4414414669642672,-0.3571870900398757,13,12907,1837,11070,0.8576741303168823,79410,34,0.15061599999899045
1,4,tradeoff,98,33,100,825,3,-0.38065644232285395,-0.4414414669642672,-0.3571870900398757,3,9756,1364,8392,0.8601886018860189,44070,34,0.08812079999188427
1,5,tradeoff,20,36,100,825,3,-0.38065644232285395,-0.4414414669642672,-0.3571870900398757,6,10051,1444,8607,0.8563327032136105,50215,30,0.09925729999667965
1,6,tradeoff,27,89,100,825,3,-0.38065644232285395,-0.4414414669642672,-0.3571870900398757,17,9714,1342,8372,0.8618488779081738,41167,37,0.08846060000360012
1,7,tradeoff,95,88,100,825,3,-0.38065644232285395,-0.4414414669642672,-0.3571870900398757,9,10101,1387,8714,0.8626868626868627,45862,28,0.09181919999537058
1,8,tradeoff,14,79,100,825,3,-0.38065644232285395,-0.4414414669642672,-0.3571870900398757,24,10814,1424,9390,0.8683188459404476,53037,41,0.1051764000003459
1,9,tradeoff,68,28,100,825,3,-0.38065644232285395,-0.4414414669642672,-0.3571870900398757,9,12210,1716,10494,0.8594594594594595,71429,42,0.13644399998884182
1,0,mixed,61,1,100,825,3,0.6073735919512998,-0.4648237995762008,-0.2931889280751793,5,6580,949,5631,0.855775075987842,21226,25,0.04677089999313466
1,1,mixed,27,25,100,825,3,0.6073735919512998,-0.4648237995762008,-0.2931889280751793,16,7346,1045,6301,0.8577457119520827,24864,24,0.05397660000016913
1,2,mixed,46,5,100,825,3,0.6073735919512998,-0.4648237995762008,-0.2931889280751793,16,8553,1239,7314,0.8551385478779375,37305,24,0.07642179999675136
1,3,mixed,83,66,100,825,3,0.6073735919512998,-0.4648237995762008,-0.2931889280751793,15,11743,1647,10096,0.8597462317976667,61544,33,0.12288759999501053
1,4,mixed,98,33,100,825,3,0.6073735919512998,-0.4648237995762008,-0.2931889280751793,2,8154,1131,7023,0.8612950699043415,30050,22,0.06436049999319948
1,5,mixed,20,36,100,825,3,0.6073735919512998,-0.4648237995762008,-0.2931889280751793,8,8438,1218,7220,0.8556529983408391,35494,20,0.07302369999524672
1,6,mixed,27,89,100,825,3,0.6073735919512998,-0.4648237995762008,-0.2931889280751793,12,7346,1045,6301,0.8577457119520827,24864,24,0.055509899990283884
1,7,mixed,95,88,100,825,3,0.6073735919512998,-0.4648237995762008,-0.2931889280751793,11,8233,1147,7086,0.8606826187295032,30573,26,0.06495709999580868
1,8,mixed,14,79,100,825,3,0.6073735919512998,-0.4648237995762008,-0.2931889280751793,16,8556,1149,7407,0.8657082748948106,34975,28,0.07300259999465197
1,9,mixed,68,28,100,825,3,0.6073735919512998,-0.4648237995762008,-0.2931889280751793,6,8941,1244,7697,0.8608656749804272,36580,29,0.07614159998774994
2,0,positive,53,79,100,829,3,0.793748106657759,0.7879449356725127,0.7961958932593483,11,2980,476,2504,0.8402684563758389,5389,16,0.014617099994211458
2,1,positive,37,48,100,829,3,0.793748106657759,0.7879449356725127,0.7961958932593483,3,3473,510,2963,0.8531528937517996,6458,14,0.01708900000085123
2,2,positive,54,0,100,829,3,0.793748106657759,0.7879449356725127,0.7961958932593483,3,3255,497,2758,0.8473118279569892,5608,11,0.015467599994735792
2,3,positive,38,75,100,829,3,0.793748106657759,0.7879449356725127,0.7961958932593483,5,3461,489,2972,0.8587113550996822,6103,13,0.016472500006784685
2,4,positive,7,27,100,829,3,0.793748106657759,0.7879449356725127,0.7961958932593483,2,3521,484,3037,0.8625390514058506,6343,22,0.01696269999956712
2,5,positive,61,51,100,829,3,0.793748106657759,0.7879449356725127,0.7961958932593483,9,3231,525,2706,0.8375116063138347,6110,11,0.01621109999541659
2,6,positive,33,56,100,829,3,0.793748106657759,0.7879449356725127,0.7961958932593483,3,2885,394,2491,0.8634315424610052,4681,13,0.013117199996486306
2,7,positive,35,58,100,829,3,0.793748106657759,0.7879449356725127,0.7961958932593483,3,3575,524,3051,0.8534265734265735,6517,13,0.01769130000320729
2,8,positive,55,94,100,829,3,0.793748106657759,0.7879449356725127,0.7961958932593483,1,2855,415,2440,0.8546409807355516,4344,8,0.012570099992444739
2,9,positive,74,15,100,829,3,0.793748106657759,0.7879449356725127,0.7961958932593483,2,2942,434,2508,0.8524813052345344,4948,10,0.013796299987006932
2,0,independent,53,79,100,829,3,0.004563575771288589,-0.027315353781499005,0.013782432722394065,19,9029,1274,7755,0.8588991028906856,37758,28,0.07721719999972265
2,1,independent,37,48,100,829,3,0.004563575771288589,-0.027315353781499005,0.013782432722394065,9,9008,1245,7763,0.8617895204262878,35447,29,0.0741717999917455
2,2,independent,54,0,100,829,3,0.004563575771288589,-0.027315353781499005,0.013782432722394065,10,8080,1102,6978,0.8636138613861386,29572,26,0.06270059999951627
2,3,independent,38,75,100,829,3,0.004563575771288589,-0.027315353781499005,0.013782432722394065,18,10701,1437,9264,0.8657134847210541,49071,32,0.09767569998803083
2,4,independent,7,27,100,829,3,0.004563575771288589,-0.027315353781499005,0.013782432722394065,8,10879,1456,9423,0.8661641695008733,49083,39,0.09921039998880588
2,5,independent,61,51,100,829,3,0.004563575771288589,-0.027315353781499005,0.013782432722394065,6,8993,1306,7687,0.8547759368397643,37952,29,0.07735350000439212
2,6,independent,33,56,100,829,3,0.004563575771288589,-0.027315353781499005,0.013782432722394065,14,8893,1260,7633,0.8583155290678062,37252,25,0.07596380000177305
2,7,independent,35,58,100,829,3,0.004563575771288589,-0.027315353781499005,0.013782432722394065,8,7725,1071,6654,0.8613592233009709,29237,28,0.061731599998893216
2,8,independent,55,94,100,829,3,0.004563575771288589,-0.027315353781499005,0.013782432722394065,8,6589,964,5625,0.8536955531947185,21996,22,0.04780660000687931
2,9,independent,74,15,100,829,3,0.004563575771288589,-0.027315353781499005,0.013782432722394065,14,8002,1105,6897,0.8619095226193452,29390,25,0.06191390000458341
2,0,tradeoff,53,79,100,829,3,-0.38958430836900476,-0.43101684147609864,-0.3578277649807967,17,11164,1503,9661,0.8653708348262271,57039,34,0.110971400004928
2,1,tradeoff,37,48,100,829,3,-0.38958430836900476,-0.43101684147609864,-0.3578277649807967,26,12623,1657,10966,0.8687316802661808,64026,41,0.12550749999354593
2,2,tradeoff,54,0,100,829,3,-0.38958430836900476,-0.43101684147609864,-0.3578277649807967,12,10562,1413,9149,0.8662185192198447,47204,31,0.09580969999660738
2,3,tradeoff,38,75,100,829,3,-0.38958430836900476,-0.43101684147609864,-0.3578277649807967,17,11977,1580,10397,0.8680804876012357,65630,34,0.12738409999292344
2,4,tradeoff,7,27,100,829,3,-0.38958430836900476,-0.43101684147609864,-0.3578277649807967,10,13044,1731,11313,0.8672953081876725,76709,47,0.14490780000051018
2,5,tradeoff,61,51,100,829,3,-0.38958430836900476,-0.43101684147609864,-0.3578277649807967,5,11706,1658,10048,0.8583632325303263,65393,40,0.12544289999641478
2,6,tradeoff,33,56,100,829,3,-0.38958430836900476,-0.43101684147609864,-0.3578277649807967,26,12053,1635,10418,0.864349124699245,65884,39,0.13501779999933206
2,7,tradeoff,35,58,100,829,3,-0.38958430836900476,-0.43101684147609864,-0.3578277649807967,11,8700,1181,7519,0.8642528735632183,37563,29,0.0759163000038825
2,8,tradeoff,55,94,100,829,3,-0.38958430836900476,-0.43101684147609864,-0.3578277649807967,12,9839,1383,8456,0.8594369346478301,45090,28,0.0901198000065051
2,9,tradeoff,74,15,100,829,3,-0.38958430836900476,-0.43101684147609864,-0.3578277649807967,15,10211,1407,8804,0.8622074233669572,47952,29,0.09520189999602735
2,0,mixed,53,79,100,829,3,0.5990010613636002,-0.42467493652128374,-0.20921111222011812,10,7610,1065,6545,0.8600525624178712,28752,21,0.06084410000767093
2,1,mixed,37,48,100,829,3,0.5990010613636002,-0.42467493652128374,-0.20921111222011812,11,7712,1066,6646,0.8617738589211619,27351,24,0.05868530001316685
2,2,mixed,54,0,100,829,3,0.5990010613636002,-0.42467493652128374,-0.20921111222011812,10,8039,1117,6922,0.8610523696977236,29479,28,0.06270640000002459
2,3,mixed,38,75,100,829,3,0.5990010613636002,-0.42467493652128374,-0.20921111222011812,15,8060,1065,6995,0.8678660049627791,27186,26,0.059442900004796684
2,4,mixed,7,27,100,829,3,0.5990010613636002,-0.42467493652128374,-0.20921111222011812,7,8130,1125,7005,0.8616236162361623,30573,29,0.06484639999689534
2,5,mixed,61,51,100,829,3,0.5990010613636002,-0.42467493652128374,-0.20921111222011812,7,8762,1291,7471,0.8526592102259758,37959,30,0.0775322999979835
2,6,mixed,33,56,100,829,3,0.5990010613636002,-0.42467493652128374,-0.20921111222011812,15,7044,984,6060,0.8603066439522998,24505,21,0.053249699994921684
2,7,mixed,35,58,100,829,3,0.5990010613636002,-0.42467493652128374,-0.20921111222011812,8,6907,974,5933,0.8589836397857247,24151,21,0.05216469999868423
2,8,mixed,55,94,100,829,3,0.5990010613636002,-0.42467493652128374,-0.20921111222011812,10,6484,946,5538,0.8541024059222702,21719,22,0.04723789999843575
2,9,mixed,74,15,100,829,3,0.5990010613636002,-0.42467493652128374,-0.20921111222011812,14,7179,1010,6169,0.8593118818776988,23819,21,0.05265509999298956
3,0,positive,67,94,100,814,3,0.8224319455488436,0.818326776443301,0.8124828652043159,6,4202,675,3527,0.8393622084721561,9977,25,0.02489169999898877
3,1,positive,21,97,100,814,3,0.8224319455488436,0.818326776443301,0.8124828652043159,3,3114,463,2651,0.8513166345536288,5227,13,0.014346199997817166
3,2,positive,29,6,100,814,3,0.8224319455488436,0.818326776443301,0.8124828652043159,16,4013,603,3410,0.8497383503613257,8320,16,0.020774999997229315
3,3,positive,12,51,100,814,3,0.8224319455488436,0.818326776443301,0.8124828652043159,3,4017,681,3336,0.830470500373413,8868,15,0.02196630000253208
3,4,positive,35,93,100,814,3,0.8224319455488436,0.818326776443301,0.8124828652043159,3,2834,472,2362,0.8334509527170078,5039,13,0.013705900011700578
3,5,positive,29,2,100,814,3,0.8224319455488436,0.818326776443301,0.8124828652043159,8,4013,603,3410,0.8497383503613257,8320,16,0.020969599994714372
3,6,positive,84,31,100,814,3,0.8224319455488436,0.818326776443301,0.8124828652043159,1,3268,521,2747,0.8405752753977969,6546,16,0.016877499991096556
3,7,positive,80,17,100,814,3,0.8224319455488436,0.818326776443301,0.8124828652043159,4,2807,441,2366,0.8428927680798005,4652,12,0.0129224999982398
3,8,positive,77,63,100,814,3,0.8224319455488436,0.818326776443301,0.8124828652043159,5,3144,457,2687,0.8546437659033079,5380,15,0.014633500002673827
3,9,positive,58,90,100,814,3,0.8224319455488436,0.818326776443301,0.8124828652043159,1,2458,421,2037,0.8287225386493083,3968,10,0.011223599998629652
3,0,independent,67,94,100,814,3,0.06748607818343151,0.1040511253000892,0.02179585721362912,6,9261,1380,7881,0.8509880142533204,40649,28,0.08253010000044014
3,1,independent,21,97,100,814,3,0.06748607818343151,0.1040511253000892,0.02179585721362912,10,9034,1330,7704,0.8527783927385433,38352,29,0.07880650000879541
3,2,independent,29,6,100,814,3,0.06748607818343151,0.1040511253000892,0.02179585721362912,18,8334,1174,7160,0.8591312694984401,30530,25,0.06444490001013037
3,3,independent,12,51,100,814,3,0.06748607818343151,0.1040511253000892,0.02179585721362912,6,7257,1092,6165,0.8495245969408847,25941,27,0.05502090000663884
3,4,independent,35,93,100,814,3,0.06748607818343151,0.1040511253000892,0.02179585721362912,4,7029,994,6035,0.8585858585858586,21907,22,0.04817829999956302
3,5,independent,29,2,100,814,3,0.06748607818343151,0.1040511253000892,0.02179585721362912,11,8334,1174,7160,0.8591312694984401,30530,25,0.06461760000092909
3,6,independent,84,31,100,814,3,0.06748607818343151,0.1040511253000892,0.02179585721362912,9,6803,973,5830,0.8569748640305748,22512,23,0.051465800002915785
3,7,independent,80,17,100,814,3,0.06748607818343151,0.1040511253000892,0.02179585721362912,12,9200,1323,7877,0.856195652173913,39901,28,0.08068210000055842
3,8,independent,77,63,100,814,3,0.06748607818343151,0.1040511253000892,0.02179585721362912,15,8432,1199,7233,0.857803605313093,32948,35,0.06787860000622459
3,9,independent,58,90,100,814,3,0.06748607818343151,0.1040511253000892,0.02179585721362912,5,8519,1202,7317,0.8589036271862894,31958,27,0.06690710000111721
3,0,tradeoff,67,94,100,814,3,-0.353227720358645,-0.37503168563556044,-0.38678698300133896,11,10365,1471,8894,0.8580800771828269,51739,37,0.10233870000229217
3,1,tradeoff,21,97,100,814,3,-0.353227720358645,-0.37503168563556044,-0.38678698300133896,9,11716,1665,10051,0.8578866507340389,69239,36,0.13307150000764523
3,2,tradeoff,29,6,100,814,3,-0.353227720358645,-0.37503168563556044,-0.38678698300133896,17,11420,1576,9844,0.8619964973730297,56972,34,0.1135775000002468
3,3,tradeoff,12,51,100,814,3,-0.353227720358645,-0.37503168563556044,-0.38678698300133896,6,8274,1208,7066,0.8540004834421078,32790,26,0.06805289999465458
3,4,tradeoff,35,93,100,814,3,-0.353227720358645,-0.37503168563556044,-0.38678698300133896,10,10149,1379,8770,0.8641245442900778,44335,25,0.08936729999550153
3,5,tradeoff,29,2,100,814,3,-0.353227720358645,-0.37503168563556044,-0.38678698300133896,16,11420,1576,9844,0.8619964973730297,56972,34,0.11129899999650661
3,6,tradeoff,84,31,100,814,3,-0.353227720358645,-0.37503168563556044,-0.38678698300133896,16,8536,1154,7382,0.8648078725398313,34451,28,0.07167729998764116
3,7,tradeoff,80,17,100,814,3,-0.353227720358645,-0.37503168563556044,-0.38678698300133896,11,11080,1533,9547,0.8616425992779784,55055,37,0.10778920000302605
3,8,tradeoff,77,63,100,814,3,-0.353227720358645,-0.37503168563556044,-0.38678698300133896,14,10303,1404,8899,0.8637290109676793,48373,36,0.09635870000056457
3,9,tradeoff,58,90,100,814,3,-0.353227720358645,-0.37503168563556044,-0.38678698300133896,9,10153,1370,8783,0.865064512951837,43995,31,0.08851780000259168
3,0,mixed,67,94,100,814,3,0.6455191976276876,-0.3015145605507234,-0.15459530946319458,7,8338,1280,7058,0.8464859678579996,36818,25,0.07489289999648463
3,1,mixed,21,97,100,814,3,0.6455191976276876,-0.3015145605507234,-0.15459530946319458,7,7778,1148,6630,0.8524042170223708,31288,24,0.06480030000966508
3,2,mixed,29,6,100,814,3,0.6455191976276876,-0.3015145605507234,-0.15459530946319458,14,8248,1189,7059,0.8558438409311349,30512,24,0.06454189999203663
3,3,mixed,12,51,100,814,3,0.6455191976276876,-0.3015145605507234,-0.15459530946319458,7,6701,1053,5648,0.8428592747351141,24165,28,0.0515511000121478
3,4,mixed,35,93,100,814,3,0.6455191976276876,-0.3015145605507234,-0.15459530946319458,4,6624,953,5671,0.8561292270531401,20489,21,0.04530959999829065
3,5,mixed,29,2,100,814,3,0.6455191976276876,-0.3015145605507234,-0.15459530946319458,8,8248,1189,7059,0.8558438409311349,30512,24,0.06443439998838585
3,6,mixed,84,31,100,814,3,0.6455191976276876,-0.3015145605507234,-0.15459530946319458,6,5703,828,4875,0.8548132561809574,16273,18,0.03689149999991059
3,7,mixed,80,17,100,814,3,0.6455191976276876,-0.3015145605507234,-0.15459530946319458,9,8018,1181,6837,0.8527064105762036,32468,30,0.06665090000024065
3,8,mixed,77,63,100,814,3,0.6455191976276876,-0.3015145605507234,-0.15459530946319458,15,7488,1071,6417,0.8569711538461539,26400,28,0.05609389999881387
3,9,mixed,58,90,100,814,3,0.6455191976276876,-0.3015145605507234,-0.15459530946319458,4,7686,1134,6552,0.8524590163934426,27114,26,0.057991399997263215
4,0,positive,71,35,100,772,3,0.7854916768266088,0.7751530377390672,0.7686602193882646,2,2702,426,2276,0.8423390081421169,4480,11,0.012590799989993684
4,1,positive,59,65,100,772,3,0.7854916768266088,0.7751530377390672,0.7686602193882646,6,2293,382,1911,0.8334060183166158,3631,10,0.01049409998813644
4,2,positive,98,87,100,772,3,0.7854916768266088,0.7751530377390672,0.7686602193882646,12,3300,537,2763,0.8372727272727273,6469,12,0.016845599995576777
4,3,positive,58,11,100,772,3,0.7854916768266088,0.7751530377390672,0.7686602193882646,1,2676,444,2232,0.8340807174887892,4413,9,0.012400599996908568
4,4,positive,69,9,100,772,3,0.7854916768266088,0.7751530377390672,0.7686602193882646,2,2829,484,2345,0.8289148108872393,5285,11,0.013992599997436628
4,5,positive,78,25,100,772,3,0.7854916768266088,0.7751530377390672,0.7686602193882646,8,3717,584,3133,0.8428840462738768,7203,11,0.0187444999901345
4,6,positive,68,29,100,772,3,0.7854916768266088,0.7751530377390672,0.7686602193882646,8,2722,427,2295,0.84313005143277,4606,13,0.01267510000616312
4,7,positive,39,63,100,772,3,0.7854916768266088,0.7751530377390672,0.7686602193882646,5,2786,420,2366,0.8492462311557789,4556,10,0.012696100005996414
4,8,positive,85,56,100,772,3,0.7854916768266088,0.7751530377390672,0.7686602193882646,4,2542,436,2106,0.8284815106215578,4320,9,0.01189890000387095
4,9,positive,95,5,100,772,3,0.7854916768266088,0.7751530377390672,0.7686602193882646,2,2529,379,2150,0.8501383946223804,3994,16,0.011387200007447973
4,0,independent,71,35,100,772,3,-0.006886344393705969,-0.05751025639341541,-0.028835041764968157,4,6304,930,5374,0.8524746192893401,20395,31,0.04471180000109598
4,1,independent,59,65,100,772,3,-0.006886344393705969,-0.05751025639341541,-0.028835041764968157,9,7466,1112,6354,0.8510581301901956,28144,25,0.05948500000522472
4,2,independent,98,87,100,772,3,-0.006886344393705969,-0.05751025639341541,-0.028835041764968157,30,6472,1003,5469,0.8450247218788628,23241,30,0.04929570000967942
4,3,independent,58,11,100,772,3,-0.006886344393705969,-0.05751025639341541,-0.028835041764968157,19,9545,1387,8158,0.8546883184913567,42618,33,0.08671980000508483
4,4,independent,69,9,100,772,3,-0.006886344393705969,-0.05751025639341541,-0.028835041764968157,11,7118,1087,6031,0.8472885642034279,27336,26,0.05716370001027826
4,5,independent,78,25,100,772,3,-0.006886344393705969,-0.05751025639341541,-0.028835041764968157,11,7945,1175,6770,0.8521082441787288,29546,24,0.06278749999182764
4,6,independent,68,29,100,772,3,-0.006886344393705969,-0.05751025639341541,-0.028835041764968157,17,9089,1331,7758,0.8535592474419628,40197,26,0.08172260000719689
4,7,independent,39,63,100,772,3,-0.006886344393705969,-0.05751025639341541,-0.028835041764968157,7,8856,1325,7531,0.8503839205058717,41051,29,0.08407070000248495
4,8,independent,85,56,100,772,3,-0.006886344393705969,-0.05751025639341541,-0.028835041764968157,4,8395,1278,7117,0.8477665276950566,35061,24,0.0732094999984838
4,9,independent,95,5,100,772,3,-0.006886344393705969,-0.05751025639341541,-0.028835041764968157,5,6821,971,5850,0.8576455065239701,22854,26,0.05059499999333639
4,0,tradeoff,71,35,100,772,3,-0.3674989032923946,-0.4193277286639274,-0.39513504889029877,6,10288,1521,8767,0.8521578538102644,52485,33,0.10498380000353791
4,1,tradeoff,59,65,100,772,3,-0.3674989032923946,-0.4193277286639274,-0.39513504889029877,13,9863,1408,8455,0.8572442461725641,48374,33,0.09785900000133552
4,2,tradeoff,98,87,100,772,3,-0.3674989032923946,-0.4193277286639274,-0.39513504889029877,21,8084,1193,6891,0.8524245423057892,33644,30,0.07027649998781271
4,3,tradeoff,58,11,100,772,3,-0.3674989032923946,-0.4193277286639274,-0.39513504889029877,25,11799,1700,10099,0.8559199932197644,69698,37,0.13622409998788498
4,4,tradeoff,69,9,100,772,3,-0.3674989032923946,-0.4193277286639274,-0.39513504889029877,13,8636,1265,7371,0.853520148216767,40070,39,0.08121160000155214
4,5,tradeoff,78,25,100,772,3,-0.3674989032923946,-0.4193277286639274,-0.39513504889029877,13,8919,1261,7658,0.8586164368202713,36623,25,0.07684209999570157
4,6,tradeoff,68,29,100,772,3,-0.3674989032923946,-0.4193277286639274,-0.39513504889029877,14,11238,1638,9600,0.8542445274959958,64204,34,0.12521680000645574
4,7,tradeoff,39,63,100,772,3,-0.3674989032923946,-0.4193277286639274,-0.39513504889029877,6,10318,1512,8806,0.8534599728629579,56274,32,0.10893580000265501
4,8,tradeoff,85,56,100,772,3,-0.3674989032923946,-0.4193277286639274,-0.39513504889029877,10,9974,1483,8491,0.8513134148786846,48567,32,0.0962020000006305
4,9,tradeoff,95,5,100,772,3,-0.3674989032923946,-0.4193277286639274,-0.39513504889029877,10,8706,1231,7475,0.8586032621180795,37681,37,0.0779301000002306
4,0,mixed,71,35,100,772,3,0.5827820501393594,-0.4353805505348416,-0.2419776257353078,5,6782,1012,5770,0.8507814803892657,23631,27,0.051069599998299964
4,1,mixed,59,65,100,772,3,0.5827820501393594,-0.4353805505348416,-0.2419776257353078,11,6812,998,5814,0.8534938344098649,25209,24,0.054085900002974086
4,2,mixed,98,87,100,772,3,0.5827820501393594,-0.4353805505348416,-0.2419776257353078,18,5727,893,4834,0.8440719399336476,18799,21,0.041697400010889396
4,3,mixed,58,11,100,772,3,0.5827820501393594,-0.4353805505348416,-0.2419776257353078,13,8324,1195,7129,0.8564392119173474,34552,27,0.07164409999677446
4,4,mixed,69,9,100,772,3,0.5827820501393594,-0.4353805505348416,-0.2419776257353078,10,6646,1028,5618,0.8453204935299429,25308,28,0.053454599998076446
4,5,mixed,78,25,100,772,3,0.5827820501393594,-0.4353805505348416,-0.2419776257353078,13,7249,1085,6164,0.8503241826458822,25096,24,0.05407359999662731
4,6,mixed,68,29,100,772,3,0.5827820501393594,-0.4353805505348416,-0.2419776257353078,18,8682,1283,7399,0.8522229900944482,37672,26,0.07695919999969192
4,7,mixed,39,63,100,772,3,0.5827820501393594,-0.4353805505348416,-0.2419776257353078,6,8327,1247,7080,0.8502461871021977,36225,23,0.07351940000080504
4,8,mixed,85,56,100,772,3,0.5827820501393594,-0.4353805505348416,-0.2419776257353078,3,7818,1172,6646,0.850089536965976,29315,24,0.06190239998977631
4,9,mixed,95,5,100,772,3,0.5827820501393594,-0.4353805505348416,-0.2419776257353078,3,6063,865,5198,0.8573313541151245,18166,25,0.04093569998804014
5,0,positive,13,32,100,758,3,0.7929804907407861,0.7924718496075156,0.7788191899899287,5,4319,716,3603,0.8342208844639963,10594,19,0.026680700000724755
5,1,positive,89,43,100,758,3,0.7929804907407861,0.7924718496075156,0.7788191899899287,4,3115,521,2594,0.8327447833065811,6267,14,0.016278900002362207
5,2,positive,69,68,100,758,3,0.7929804907407861,0.7924718496075156,0.7788191899899287,1,2002,360,1642,0.8201798201798202,3182,11,0.009293700000853278
5,3,positive,52,10,100,758,3,0.7929804907407861,0.7924718496075156,0.7788191899899287,2,2932,472,2460,0.8390177353342428,5466,11,0.014783000005991198
5,4,positive,27,50,100,758,3,0.7929804907407861,0.7924718496075156,0.7788191899899287,5,2152,355,1797,0.8350371747211895,3112,8,0.009378100003232248
5,5,positive,34,24,100,758,3,0.7929804907407861,0.7924718496075156,0.7788191899899287,4,2823,467,2356,0.834573149132129,5035,12,0.013957399991340935
5,6,positive,19,31,100,758,3,0.7929804907407861,0.7924718496075156,0.7788191899899287,3,3320,569,2751,0.8286144578313253,7532,19,0.01896439999109134
5,7,positive,47,72,100,758,3,0.7929804907407861,0.7924718496075156,0.7788191899899287,1,3088,519,2569,0.8319300518134715,6339,15,0.016538600000785664
5,8,positive,96,4,100,758,3,0.7929804907407861,0.7924718496075156,0.7788191899899287,3,2615,439,2176,0.8321223709369024,4540,12,0.012949900003150105
5,9,positive,51,31,100,758,3,0.7929804907407861,0.7924718496075156,0.7788191899899287,2,2035,364,1671,0.8211302211302212,3142,10,0.00954309999360703
5,0,independent,13,32,100,758,3,-0.004226992741825886,0.038681955332945855,-0.007633146820265052,11,8077,1333,6744,0.8349634765383187,39119,28,0.07902780000586063
5,1,independent,89,43,100,758,3,-0.004226992741825886,0.038681955332945855,-0.007633146820265052,25,7690,1137,6553,0.852145643693108,27904,25,0.06077199999708682
5,2,independent,69,68,100,758,3,-0.004226992741825886,0.038681955332945855,-0.007633146820265052,5,7543,1145,6398,0.8482036325069601,29496,26,0.06278910000401083
5,3,independent,52,10,100,758,3,-0.004226992741825886,0.038681955332945855,-0.007633146820265052,3,7056,1062,5994,0.8494897959183674,26672,32,0.05719680000038352
5,4,independent,27,50,100,758,3,-0.004226992741825886,0.038681955332945855,-0.007633146820265052,8,6264,929,5335,0.8516922094508301,19601,27,0.04451810001046397
5,5,independent,34,24,100,758,3,-0.004226992741825886,0.038681955332945855,-0.007633146820265052,15,8534,1288,7246,0.8490742910710101,38907,32,0.08008670000708662
5,6,independent,19,31,100,758,3,-0.004226992741825886,0.038681955332945855,-0.007633146820265052,17,7921,1212,6709,0.8469890165383158,34346,27,0.07114070000534412
5,7,independent,47,72,100,758,3,-0.004226992741825886,0.038681955332945855,-0.007633146820265052,14,8205,1235,6970,0.8494820231566118,36064,35,0.07399390000500716
5,8,independent,96,4,100,758,3,-0.004226992741825886,0.038681955332945855,-0.007633146820265052,21,8271,1241,7030,0.8499576834723733,34984,28,0.0719628999941051
5,9,independent,51,31,100,758,3,-0.004226992741825886,0.038681955332945855,-0.007633146820265052,12,6077,922,5155,0.8482804015139049,18771,18,0.04178970000066329
5,0,tradeoff,13,32,100,758,3,-0.3829060659753939,-0.36650135897779956,-0.39015652075566787,14,8703,1330,7373,0.8471791336320809,42555,33,0.08462979999603704
5,1,tradeoff,89,43,100,758,3,-0.3829060659753939,-0.36650135897779956,-0.39015652075566787,24,9228,1344,7884,0.8543563068920677,41238,32,0.08424320000631269
5,2,tradeoff,69,68,100,758,3,-0.3829060659753939,-0.36650135897779956,-0.39015652075566787,17,7789,1168,6621,0.8500449351649763,32777,25,0.0666547000000719
5,3,tradeoff,52,10,100,758,3,-0.3829060659753939,-0.36650135897779956,-0.39015652075566787,4,8463,1268,7195,0.8501713340423018,38663,30,0.07799669999803882
5,4,tradeoff,27,50,100,758,3,-0.3829060659753939,-0.36650135897779956,-0.39015652075566787,10,9117,1327,7790,0.8544477350005484,41032,37,0.082443899998907
5,5,tradeoff,34,24,100,758,3,-0.3829060659753939,-0.36650135897779956,-0.39015652075566787,21,9082,1353,7729,0.851024003523453,43632,35,0.08627710001019295
5,6,tradeoff,19,31,100,758,3,-0.3829060659753939,-0.36650135897779956,-0.39015652075566787,22,10101,1502,8599,0.8513018513018513,55521,40,0.10678469999402296
5,7,tradeoff,47,72,100,758,3,-0.3829060659753939,-0.36650135897779956,-0.39015652075566787,22,10741,1592,9149,0.8517828879992552,58580,42,0.11403269998845644
5,8,tradeoff,96,4,100,758,3,-0.3829060659753939,-0.36650135897779956,-0.39015652075566787,26,9923,1438,8485,0.8550841479391313,51138,39,0.10065959999337792
5,9,tradeoff,51,31,100,758,3,-0.3829060659753939,-0.36650135897779956,-0.39015652075566787,18,7815,1159,6656,0.8516954574536149,32367,28,0.066644600010477
5,0,mixed,13,32,100,758,3,0.5879485770939809,-0.3472507280373861,-0.1863840517180021,12,7472,1242,6230,0.833779443254818,34802,26,0.06955329999618698
5,1,mixed,89,43,100,758,3,0.5879485770939809,-0.3472507280373861,-0.1863840517180021,22,6781,1027,5754,0.8485474118861525,23864,22,0.05116650000854861
5,2,mixed,69,68,100,758,3,0.5879485770939809,-0.3472507280373861,-0.1863840517180021,6,6320,966,5354,0.8471518987341772,22382,23,0.04846479999832809
5,3,mixed,52,10,100,758,3,0.5879485770939809,-0.3472507280373861,-0.1863840517180021,3,6535,991,5544,0.8483550114766641,22213,29,0.04802719999861438
5,4,mixed,27,50,100,758,3,0.5879485770939809,-0.3472507280373861,-0.1863840517180021,9,5329,794,4535,0.8510039407018203,14769,16,0.034178200003225356
5,5,mixed,34,24,100,758,3,0.5879485770939809,-0.3472507280373861,-0.1863840517180021,12,7234,1091,6143,0.8491844069670998,28552,27,0.059455099995830096
5,6,mixed,19,31,100,758,3,0.5879485770939809,-0.3472507280373861,-0.1863840517180021,9,6925,1086,5839,0.8431768953068592,28126,23,0.05819310000515543
5,7,mixed,47,72,100,758,3,0.5879485770939809,-0.3472507280373861,-0.1863840517180021,9,7663,1154,6509,0.8494062377658881,30889,32,0.06358729999919888
5,8,mixed,96,4,100,758,3,0.5879485770939809,-0.3472507280373861,-0.1863840517180021,16,6681,1020,5661,0.8473282442748091,24194,24,0.05171659999177791
5,9,mixed,51,31,100,758,3,0.5879485770939809,-0.3472507280373861,-0.1863840517180021,9,5140,799,4341,0.8445525291828794,14935,17,0.03410089999670163
6,0,positive,85,19,100,795,3,0.7858751643222883,0.7803794946956253,0.7837595077086817,9,3826,596,3230,0.8442237323575535,7984,13,0.020401400004629977
6,1,positive,14,51,100,795,3,0.7858751643222883,0.7803794946956253,0.7837595077086817,2,4082,612,3470,0.8500734933855953,8376,17,0.021187199992709793
6,2,positive,74,52,100,795,3,0.7858751643222883,0.7803794946956253,0.7837595077086817,1,1937,329,1608,0.8301497160557563,2741,9,0.008393499985686503
6,3,positive,87,66,100,795,3,0.7858751643222883,0.7803794946956253,0.7837595077086817,6,2853,477,2376,0.832807570977918,5119,11,0.013981399999465793
6,4,positive,77,21,100,795,3,0.7858751643222883,0.7803794946956253,0.7837595077086817,4,3569,548,3021,0.8464555898010647,6703,15,0.017650200010393746
6,5,positive,88,64,100,795,3,0.7858751643222883,0.7803794946956253,0.7837595077086817,1,1950,322,1628,0.8348717948717949,2816,7,0.008376099998713471
6,6,positive,55,72,100,795,3,0.7858751643222883,0.7803794946956253,0.7837595077086817,4,3754,589,3165,0.8431006925945658,7935,16,0.020101500005694106
6,7,positive,62,74,100,795,3,0.7858751643222883,0.7803794946956253,0.7837595077086817,11,4022,591,3431,0.8530581800099453,8329,18,0.021114000002853572
6,8,positive,58,74,100,795,3,0.7858751643222883,0.7803794946956253,0.7837595077086817,2,3363,508,2855,0.8489443948855189,6059,12,0.01630799999111332
6,9,positive,29,37,100,795,3,0.7858751643222883,0.7803794946956253,0.7837595077086817,4,2915,467,2448,0.8397941680960549,5027,12,0.013891199996578507
6,0,independent,85,19,100,795,3,-0.013210421977636638,0.009353563080420227,-0.0017149619645962708,17,7971,1164,6807,0.8539706435829884,30028,28,0.06316000000515487
6,1,independent,14,51,100,795,3,-0.013210421977636638,0.009353563080420227,-0.0017149619645962708,19,7925,1145,6780,0.8555205047318613,29362,31,0.06202889999258332
6,2,independent,74,52,100,795,3,-0.013210421977636638,0.009353563080420227,-0.0017149619645962708,1,7454,1093,6361,0.8533673195599678,26995,25,0.05855489999521524
6,3,independent,87,66,100,795,3,-0.013210421977636638,0.009353563080420227,-0.0017149619645962708,12,7574,1169,6405,0.8456561922365989,30705,23,0.06345499999588355
6,4,independent,77,21,100,795,3,-0.013210421977636638,0.009353563080420227,-0.0017149619645962708,21,9104,1336,7768,0.8532513181019332,38546,32,0.07876289999694563
6,5,independent,88,64,100,795,3,-0.013210421977636638,0.009353563080420227,-0.0017149619645962708,4,6277,889,5388,0.8583718336785089,19392,23,0.04321869999694172
6,6,independent,55,72,100,795,3,-0.013210421977636638,0.009353563080420227,-0.0017149619645962708,7,6466,927,5539,0.8566347046087226,20458,25,0.04530189999786671
6,7,independent,62,74,100,795,3,-0.013210421977636638,0.009353563080420227,-0.0017149619645962708,15,7009,989,6020,0.8588957055214724,24424,25,0.052611600011005066
6,8,independent,58,74,100,795,3,-0.013210421977636638,0.009353563080420227,-0.0017149619645962708,18,8046,1188,6858,0.8523489932885906,34082,25,0.06995129999995697
6,9,independent,29,37,100,795,3,-0.013210421977636638,0.009353563080420227,-0.0017149619645962708,21,8259,1181,7078,0.8570044799612544,31329,27,0.06607400000211783
6,0,tradeoff,85,19,100,795,3,-0.3989493836950977,-0.380488173126384,-0.382045293633594,16,8820,1229,7591,0.8606575963718821,35787,27,0.07460239999636542
6,1,tradeoff,14,51,100,795,3,-0.3989493836950977,-0.380488173126384,-0.382045293633594,26,10292,1478,8814,0.8563933151962689,50679,36,0.09978160000173375
6,2,tradeoff,74,52,100,795,3,-0.3989493836950977,-0.380488173126384,-0.382045293633594,2,9673,1399,8274,0.8553706192494572,48441,37,0.09544629999436438
6,3,tradeoff,87,66,100,795,3,-0.3989493836950977,-0.380488173126384,-0.382045293633594,15,9368,1415,7953,0.8489538855678906,47546,34,0.09457050000492018
6,4,tradeoff,77,21,100,795,3,-0.3989493836950977,-0.380488173126384,-0.382045293633594,18,10530,1484,9046,0.8590693257359924,49704,33,0.09950720000779256
6,5,tradeoff,88,64,100,795,3,-0.3989493836950977,-0.380488173126384,-0.382045293633594,4,8193,1152,7041,0.8593921640424753,34210,32,0.07106499999645166
6,6,tradeoff,55,72,100,795,3,-0.3989493836950977,-0.380488173126384,-0.382045293633594,12,7889,1131,6758,0.8566358220306757,28437,23,0.06043349999526981
6,7,tradeoff,62,74,100,795,3,-0.3989493836950977,-0.380488173126384,-0.382045293633594,15,8440,1201,7239,0.8577014218009479,35913,30,0.07302669998898637
6,8,tradeoff,58,74,100,795,3,-0.3989493836950977,-0.380488173126384,-0.382045293633594,27,10122,1443,8679,0.8574392412566686,49834,28,0.09834080000291578
6,9,tradeoff,29,37,100,795,3,-0.3989493836950977,-0.380488173126384,-0.382045293633594,22,9392,1321,8071,0.8593483816013628,42679,29,0.08617809999850579
6,0,mixed,85,19,100,795,3,0.5819033698191947,-0.38205423811513933,-0.18069774026792002,14,6806,998,5808,0.8533646782250955,22876,21,0.050529500003904104
6,1,mixed,14,51,100,795,3,0.5819033698191947,-0.38205423811513933,-0.18069774026792002,23,8091,1166,6925,0.8558892596712396,31564,30,0.06567599999834783
6,2,mixed,74,52,100,795,3,0.5819033698191947,-0.38205423811513933,-0.18069774026792002,2,6703,995,5708,0.8515590034312994,23701,22,0.05102509999414906
6,3,mixed,87,66,100,795,3,0.5819033698191947,-0.38205423811513933,-0.18069774026792002,9,6669,1060,5609,0.8410556305293148,25833,23,0.054931299993768334
6,4,mixed,77,21,100,795,3,0.5819033698191947,-0.38205423811513933,-0.18069774026792002,15,7088,1058,6030,0.8507336343115124,25315,24,0.054269800006295554
6,5,mixed,88,64,100,795,3,0.5819033698191947,-0.38205423811513933,-0.18069774026792002,3,5983,844,5139,0.8589336453284305,18458,22,0.04122080000524875
6,6,mixed,55,72,100,795,3,0.5819033698191947,-0.38205423811513933,-0.18069774026792002,9,6364,926,5438,0.8544940289126336,20013,28,0.0449434000038309
6,7,mixed,62,74,100,795,3,0.5819033698191947,-0.38205423811513933,-0.18069774026792002,14,7028,986,6042,0.8597040409789414,23800,26,0.05152510000334587
6,8,mixed,58,74,100,795,3,0.5819033698191947,-0.38205423811513933,-0.18069774026792002,21,7806,1139,6667,0.8540866000512426,31384,22,0.0651542999985395
6,9,mixed,29,37,100,795,3,0.5819033698191947,-0.38205423811513933,-0.18069774026792002,16,7712,1112,6600,0.8558091286307054,29336,23,0.06244259999948554
7,0,positive,12,25,100,767,3,0.8209726040274475,0.8118533371177123,0.8002374839390886,6,2583,416,2167,0.8389469608981804,4076,10,0.012106400012271479
7,1,positive,25,21,100,767,3,0.8209726040274475,0.8118533371177123,0.8002374839390886,5,3067,477,2590,0.8444734268014347,5352,13,0.014975800004322082
7,2,positive,0,46,100,767,3,0.8209726040274475,0.8118533371177123,0.8002374839390886,1,2250,369,1881,0.836,3303,9,0.00987929999246262
7,3,positive,62,98,100,767,3,0.8209726040274475,0.8118533371177123,0.8002374839390886,2,3321,527,2794,0.8413128575730202,6474,13,0.01740070000232663
7,4,positive,94,26,100,767,3,0.8209726040274475,0.8118533371177123,0.8002374839390886,3,3524,581,2943,0.8351305334846765,7168,15,0.018711999990046024
7,5,positive,59,13,100,767,3,0.8209726040274475,0.8118533371177123,0.8002374839390886,5,3097,483,2614,0.8440426218921537,5535,11,0.01544360000116285
7,6,positive,89,73,100,767,3,0.8209726040274475,0.8118533371177123,0.8002374839390886,3,3655,580,3075,0.841313269493844,7192,15,0.019165100005920976
7,7,positive,35,5,100,767,3,0.8209726040274475,0.8118533371177123,0.8002374839390886,1,3165,497,2668,0.8429699842022117,5669,10,0.01571479999984149
7,8,positive,22,95,100,767,3,0.8209726040274475,0.8118533371177123,0.8002374839390886,4,3589,589,3000,0.8358874338255782,7499,13,0.01946660000248812
7,9,positive,4,62,100,767,3,0.8209726040274475,0.8118533371177123,0.8002374839390886,3,3075,472,2603,0.8465040650406505,5280,13,0.014764699997613207
7,0,independent,12,25,100,767,3,0.08770373819649852,0.015489956748424795,-0.009638866338018087,9,7607,1128,6479,0.8517155251741817,30651,28,0.06489399999554735
7,1,independent,25,21,100,767,3,0.08770373819649852,0.015489956748424795,-0.009638866338018087,6,8245,1207,7038,0.8536082474226804,32734,27,0.06903030000103172
7,2,independent,0,46,100,767,3,0.08770373819649852,0.015489956748424795,-0.009638866338018087,1,7033,1027,6006,0.8539741219963032,24281,26,0.051904299994930625
7,3,independent,62,98,100,767,3,0.08770373819649852,0.015489956748424795,-0.009638866338018087,5,6977,1046,5931,0.8500788304428838,25784,35,0.054437799990409985
7,4,independent,94,26,100,767,3,0.08770373819649852,0.015489956748424795,-0.009638866338018087,9,7428,1166,6262,0.8430263866451265,31199,24,0.06445409999287222
7,5,independent,59,13,100,767,3,0.08770373819649852,0.015489956748424795,-0.009638866338018087,11,7338,1099,6239,0.8502316707549741,27163,24,0.05853449999995064
7,6,independent,89,73,100,767,3,0.08770373819649852,0.015489956748424795,-0.009638866338018087,7,7787,1184,6603,0.8479517143957879,31301,24,0.06579149999015499
7,7,independent,35,5,100,767,3,0.08770373819649852,0.015489956748424795,-0.009638866338018087,7,7439,1122,6317,0.849173275977954,28370,35,0.05960459999914747
7,8,independent,22,95,100,767,3,0.08770373819649852,0.015489956748424795,-0.009638866338018087,6,7721,1166,6555,0.8489832923196478,31251,27,0.06421080000291113
7,9,independent,4,62,100,767,3,0.08770373819649852,0.015489956748424795,-0.009638866338018087,17,9487,1449,8038,0.8472646779803942,47411,31,0.09403459999884944
7,0,tradeoff,12,25,100,767,3,-0.3340912017276659,-0.4329897732454744,-0.3823766803317887,13,9373,1417,7956,0.8488210818307905,46988,28,0.09304599999450147
7,1,tradeoff,25,21,100,767,3,-0.3340912017276659,-0.4329897732454744,-0.3823766803317887,8,9583,1406,8177,0.8532818532818532,47974,32,0.09593999999924563
7,2,tradeoff,0,46,100,767,3,-0.3340912017276659,-0.4329897732454744,-0.3823766803317887,1,10087,1479,8608,0.8533756320015862,51501,31,0.10075610000058077
7,3,tradeoff,62,98,100,767,3,-0.3340912017276659,-0.4329897732454744,-0.3823766803317887,4,9269,1350,7919,0.8543532204121265,42889,27,0.08636379998642951
7,4,tradeoff,94,26,100,767,3,-0.3340912017276659,-0.4329897732454744,-0.3823766803317887,9,8741,1385,7356,0.8415513099187736,41773,30,0.08322529999713879
7,5,tradeoff,59,13,100,767,3,-0.3340912017276659,-0.4329897732454744,-0.3823766803317887,17,10374,1512,8862,0.854251012145749,53707,33,0.10513999999966472
7,6,tradeoff,89,73,100,767,3,-0.3340912017276659,-0.4329897732454744,-0.3823766803317887,6,9683,1404,8279,0.8550036145822576,47269,32,0.09414909999759402
7,7,tradeoff,35,5,100,767,3,-0.3340912017276659,-0.4329897732454744,-0.3823766803317887,9,8681,1278,7403,0.8527819375647967,38289,35,0.07778629999666009
7,8,tradeoff,22,95,100,767,3,-0.3340912017276659,-0.4329897732454744,-0.3823766803317887,5,9924,1452,8472,0.8536880290205562,50069,36,0.0989531000086572
7,9,tradeoff,4,62,100,767,3,-0.3340912017276659,-0.4329897732454744,-0.3823766803317887,7,9478,1468,8010,0.8451150031652247,52252,41,0.10118699999293312
7,0,mixed,12,25,100,767,3,0.6458077134074479,-0.3816847946710245,-0.22697981256956618,7,7250,1129,6121,0.8442758620689655,28119,25,0.059529300007852726
7,1,mixed,25,21,100,767,3,0.6458077134074479,-0.3816847946710245,-0.22697981256956618,8,7607,1104,6503,0.8548705140002629,29039,24,0.061886399998911656
7,2,mixed,0,46,100,767,3,0.6458077134074479,-0.3816847946710245,-0.22697981256956618,1,6381,934,5447,0.8536279580003134,20610,23,0.04562979999172967
7,3,mixed,62,98,100,767,3,0.6458077134074479,-0.3816847946710245,-0.22697981256956618,4,7164,1080,6084,0.8492462311557789,27179,31,0.057669100002385676
7,4,mixed,94,26,100,767,3,0.6458077134074479,-0.3816847946710245,-0.22697981256956618,6,6985,1107,5878,0.8415175375805297,28509,29,0.05929669999750331
7,5,mixed,59,13,100,767,3,0.6458077134074479,-0.3816847946710245,-0.22697981256956618,13,7596,1131,6465,0.8511058451816745,30467,21,0.06407769999350421
7,6,mixed,89,73,100,767,3,0.6458077134074479,-0.3816847946710245,-0.22697981256956618,4,7489,1135,6354,0.8484443850981439,28657,24,0.06121270000585355
7,7,mixed,35,5,100,767,3,0.6458077134074479,-0.3816847946710245,-0.22697981256956618,8,6906,1047,5859,0.8483927019982623,24871,28,0.0537352999963332
7,8,mixed,22,95,100,767,3,0.6458077134074479,-0.3816847946710245,-0.22697981256956618,4,7382,1134,6248,0.8463830940124627,29081,24,0.061124400002881885
7,9,mixed,4,62,100,767,3,0.6458077134074479,-0.3816847946710245,-0.22697981256956618,11,9199,1414,7785,0.8462876399608653,44881,28,0.08942020000540651
8,0,positive,16,65,100,795,3,0.7754470802503044,0.7524278628156892,0.7689057645260503,5,3422,520,2902,0.848042080654588,6524,14,0.01761899999110028
8,1,positive,46,82,100,795,3,0.7754470802503044,0.7524278628156892,0.7689057645260503,1,2515,379,2136,0.8493041749502982,3795,8,0.011416699999244884
8,2,positive,90,87,100,795,3,0.7754470802503044,0.7524278628156892,0.7689057645260503,9,3547,614,2933,0.8268959684240202,7952,15,0.020206300003337674
8,3,positive,48,18,100,795,3,0.7754470802503044,0.7524278628156892,0.7689057645260503,7,3265,486,2779,0.8511485451761103,5976,13,0.01636930000677239
8,4,positive,43,41,100,795,3,0.7754470802503044,0.7524278628156892,0.7689057645260503,1,2757,432,2325,0.8433079434167573,4537,11,0.013127500002156012
8,5,positive,82,66,100,795,3,0.7754470802503044,0.7524278628156892,0.7689057645260503,4,2989,445,2544,0.8511207761793241,4633,11,0.013598299992736429
8,6,positive,9,89,100,795,3,0.7754470802503044,0.7524278628156892,0.7689057645260503,1,2572,389,2183,0.8487558320373251,3990,12,0.011663400000543334
8,7,positive,96,31,100,795,3,0.7754470802503044,0.7524278628156892,0.7689057645260503,6,2964,454,2510,0.8468286099865048,5157,15,0.014365700000780635
8,8,positive,95,53,100,795,3,0.7754470802503044,0.7524278628156892,0.7689057645260503,2,2439,398,2041,0.8368183681836818,3819,12,0.01111789999413304
8,9,positive,48,52,100,795,3,0.7754470802503044,0.7524278628156892,0.7689057645260503,8,3265,486,2779,0.8511485451761103,5976,13,0.016215700001339428
8,0,independent,16,65,100,795,3,0.03354984510992294,-0.02651988580761171,-0.014272877110570995,6,9663,1363,8300,0.8589464969471179,41557,38,0.08425390000047628
8,1,independent,46,82,100,795,3,0.03354984510992294,-0.02651988580761171,-0.014272877110570995,3,9447,1302,8145,0.8621784693553509,38707,32,0.08028020001074765
8,2,independent,90,87,100,795,3,0.03354984510992294,-0.02651988580761171,-0.014272877110570995,6,8086,1239,6847,0.846772198862231,32608,30,0.07278729999961797
8,3,independent,48,18,100,795,3,0.03354984510992294,-0.02651988580761171,-0.014272877110570995,13,7901,1099,6802,0.8609036830780914,26373,22,0.058121699999901466
8,4,independent,43,41,100,795,3,0.03354984510992294,-0.02651988580761171,-0.014272877110570995,6,9735,1403,8332,0.8558808423215203,45921,26,0.092068099998869
8,5,independent,82,66,100,795,3,0.03354984510992294,-0.02651988580761171,-0.014272877110570995,11,8103,1127,6976,0.8609157102307787,29120,27,0.0651689000078477
8,6,independent,9,89,100,795,3,0.03354984510992294,-0.02651988580761171,-0.014272877110570995,22,9311,1256,8055,0.8651057888518956,36342,28,0.07780250000359956
8,7,independent,96,31,100,795,3,0.03354984510992294,-0.02651988580761171,-0.014272877110570995,21,11232,1558,9674,0.8612891737891738,57223,33,0.11691339999379124
8,8,independent,95,53,100,795,3,0.03354984510992294,-0.02651988580761171,-0.014272877110570995,9,9595,1373,8222,0.8569046378322043,40978,35,0.08723900000040885
8,9,independent,48,52,100,795,3,0.03354984510992294,-0.02651988580761171,-0.014272877110570995,15,7901,1099,6802,0.8609036830780914,26373,22,0.05936230000224896
8,0,tradeoff,16,65,100,795,3,-0.33896760565450096,-0.382473813518905,-0.4157782105586919,10,11154,1574,9580,0.8588847050385512,55755,32,0.1140051999973366
8,1,tradeoff,46,82,100,795,3,-0.33896760565450096,-0.382473813518905,-0.4157782105586919,4,9041,1233,7808,0.8636212808317664,36190,28,0.07769059999554884
8,2,tradeoff,90,87,100,795,3,-0.33896760565450096,-0.382473813518905,-0.4157782105586919,5,9422,1364,8058,0.8552324347272341,42605,36,0.08969269999943208
8,3,tradeoff,48,18,100,795,3,-0.33896760565450096,-0.382473813518905,-0.4157782105586919,20,10184,1436,8748,0.8589945011783189,46066,42,0.09819129999959841
8,4,tradeoff,43,41,100,795,3,-0.33896760565450096,-0.382473813518905,-0.4157782105586919,9,10846,1541,9305,0.8579199704960354,60548,36,0.11893089998920914
8,5,tradeoff,82,66,100,795,3,-0.33896760565450096,-0.382473813518905,-0.4157782105586919,10,10929,1507,9422,0.8621099826150609,53851,34,0.1126836000039475
8,6,tradeoff,9,89,100,795,3,-0.33896760565450096,-0.382473813518905,-0.4157782105586919,17,10674,1480,9194,0.8613453250890013,51461,44,0.11439669999526814
8,7,tradeoff,96,31,100,795,3,-0.33896760565450096,-0.382473813518905,-0.4157782105586919,23,11829,1639,10190,0.8614422182771155,69589,33,0.1470508000056725
8,8,tradeoff,95,53,100,795,3,-0.33896760565450096,-0.382473813518905,-0.4157782105586919,9,9490,1362,8128,0.8564805057955743,44386,30,0.09272760000021663
8,9,tradeoff,48,52,100,795,3,-0.33896760565450096,-0.382473813518905,-0.4157782105586919,13,10184,1436,8748,0.8589945011783189,46066,42,0.09488920000148937
8,0,mixed,16,65,100,795,3,0.5709085384898813,-0.369967562632933,-0.18153673571202514,6,8187,1186,7001,0.8551361915231465,31931,35,0.0677748000016436
8,1,mixed,46,82,100,795,3,0.5709085384898813,-0.369967562632933,-0.18153673571202514,5,7268,1019,6249,0.8597963676389653,26414,23,0.05758310000237543
8,2,mixed,90,87,100,795,3,0.5709085384898813,-0.369967562632933,-0.18153673571202514,7,7289,1133,6156,0.8445602963369461,28503,27,0.06140190000587609
8,3,mixed,48,18,100,795,3,0.5709085384898813,-0.369967562632933,-0.18153673571202514,16,7465,1041,6424,0.860549229738781,25210,22,0.05616599999484606
8,4,mixed,43,41,100,795,3,0.5709085384898813,-0.369967562632933,-0.18153673571202514,8,7788,1157,6631,0.8514381099126862,32438,22,0.06882129999576136
8,5,mixed,82,66,100,795,3,0.5709085384898813,-0.369967562632933,-0.18153673571202514,8,6679,942,5737,0.8589609222937565,21455,24,0.048360399989178404
8,6,mixed,9,89,100,795,3,0.5709085384898813,-0.369967562632933,-0.18153673571202514,13,7160,979,6181,0.863268156424581,23239,20,0.05184489999373909
8,7,mixed,96,31,100,795,3,0.5709085384898813,-0.369967562632933,-0.18153673571202514,19,9799,1380,8419,0.8591693029901011,47226,29,0.11585729999933392
8,8,mixed,95,53,100,795,3,0.5709085384898813,-0.369967562632933,-0.18153673571202514,7,7959,1167,6792,0.8533735393893706,30917,22,0.06639370000630151
8,9,mixed,48,52,100,795,3,0.5709085384898813,-0.369967562632933,-0.18153673571202514,10,7465,1041,6424,0.860549229738781,25210,22,0.05598649999592453
9,0,positive,31,34,100,777,3,0.7907536069108546,0.7792214141224201,0.7918366833417783,1,2158,365,1793,0.8308619091751622,3164,11,0.009709399993880652
9,1,positive,53,16,100,777,3,0.7907536069108546,0.7792214141224201,0.7918366833417783,3,2764,443,2321,0.83972503617945,4671,12,0.013057899996056221
9,2,positive,73,94,100,777,3,0.7907536069108546,0.7792214141224201,0.7918366833417783,2,2930,472,2458,0.8389078498293515,5099,14,0.014044299998204224
9,3,positive,87,57,100,777,3,0.7907536069108546,0.7792214141224201,0.7918366833417783,6,3717,605,3112,0.8372343287597525,7369,15,0.019090999994659796
9,4,positive,76,14,100,777,3,0.7907536069108546,0.7792214141224201,0.7918366833417783,1,3188,491,2697,0.8459849435382685,5465,11,0.01501460000872612
9,5,positive,42,15,100,777,3,0.7907536069108546,0.7792214141224201,0.7918366833417783,2,2376,376,2000,0.8417508417508418,3552,10,0.010479899996425956
9,6,positive,90,92,100,777,3,0.7907536069108546,0.7792214141224201,0.7918366833417783,11,3948,626,3322,0.8414387031408308,8373,18,0.02118049999990035
9,7,positive,33,24,100,777,3,0.7907536069108546,0.7792214141224201,0.7918366833417783,1,3444,557,2887,0.8382694541231127,6812,14,0.017621999999391846
9,8,positive,3,77,100,777,3,0.7907536069108546,0.7792214141224201,0.7918366833417783,9,3393,517,2876,0.8476274683171235,6771,15,0.01778730000660289
9,9,positive,94,9,100,777,3,0.7907536069108546,0.7792214141224201,0.7918366833417783,1,1883,346,1537,0.816250663834307,2728,9,0.008533100000931881
9,0,independent,31,34,100,777,3,0.03303533771444867,0.0020163052015674614,0.05751957082206045,15,7657,1144,6513,0.8505942275042445,29107,30,0.06123500000103377
9,1,independent,53,16,100,777,3,0.03303533771444867,0.0020163052015674614,0.05751957082206045,5,6609,959,5650,0.8548948403691935,21634,25,0.0476665000023786
9,2,independent,73,94,100,777,3,0.03303533771444867,0.0020163052015674614,0.05751957082206045,12,9448,1347,8101,0.8574301439458086,41744,36,0.08601120000821538
9,3,independent,87,57,100,777,3,0.03303533771444867,0.0020163052015674614,0.05751957082206045,14,9075,1362,7713,0.8499173553719008,39921,30,0.08283539999683853
9,4,independent,76,14,100,777,3,0.03303533771444867,0.0020163052015674614,0.05751957082206045,1,9522,1413,8109,0.8516068052930057,45903,37,0.09311919999890961
9,5,independent,42,15,100,777,3,0.03303533771444867,0.0020163052015674614,0.05751957082206045,17,7795,1117,6678,0.8567030147530468,29571,32,0.06274790001043584
9,6,independent,90,92,100,777,3,0.03303533771444867,0.0020163052015674614,0.05751957082206045,13,11604,1748,9856,0.8493622888659083,70862,32,0.13647900000796653
9,7,independent,33,24,100,777,3,0.03303533771444867,0.0020163052015674614,0.05751957082206045,8,7657,1143,6514,0.8507248269557268,30501,27,0.06616390000272077
9,8,independent,3,77,100,777,3,0.03303533771444867,0.0020163052015674614,0.05751957082206045,8,8641,1230,7411,0.8576553639625043,35254,32,0.0735584999929415
9,9,independent,94,9,100,777,3,0.03303533771444867,0.0020163052015674614,0.05751957082206045,1,8219,1208,7011,0.8530234821754471,31629,36,0.06990229999064468
9,0,tradeoff,31,34,100,777,3,-0.3672671535344534,-0.42572220600488714,-0.36496193439376834,18,10178,1510,8668,0.8516407938691295,50305,30,0.1017989999963902
9,1,tradeoff,53,16,100,777,3,-0.3672671535344534,-0.42572220600488714,-0.36496193439376834,13,8982,1286,7696,0.8568247606323759,40170,28,0.08163419998891186
9,2,tradeoff,73,94,100,777,3,-0.3672671535344534,-0.42572220600488714,-0.36496193439376834,15,11437,1601,9836,0.8600157383929352,60067,33,0.11715890000050422
9,3,tradeoff,87,57,100,777,3,-0.3672671535344534,-0.42572220600488714,-0.36496193439376834,17,9482,1382,8100,0.8542501581944737,44180,32,0.08904560000519268
9,4,tradeoff,76,14,100,777,3,-0.3672671535344534,-0.42572220600488714,-0.36496193439376834,1,10917,1585,9332,0.8548135934780617,60004,34,0.11630930000683293
9,5,tradeoff,42,15,100,777,3,-0.3672671535344534,-0.42572220600488714,-0.36496193439376834,25,10536,1501,9035,0.857536066818527,53535,42,0.10631080000894144
9,6,tradeoff,90,92,100,777,3,-0.3672671535344534,-0.42572220600488714,-0.36496193439376834,18,12406,1821,10585,0.8532161857165887,77767,36,0.14870520000113174
9,7,tradeoff,33,24,100,777,3,-0.3672671535344534,-0.42572220600488714,-0.36496193439376834,7,9248,1327,7921,0.8565095155709342,43741,32,0.08814219999476336
9,8,tradeoff,3,77,100,777,3,-0.3672671535344534,-0.42572220600488714,-0.36496193439376834,6,8993,1274,7719,0.8583342599799845,40242,31,0.08079130000260193
9,9,tradeoff,94,9,100,777,3,-0.3672671535344534,-0.42572220600488714,-0.36496193439376834,2,8517,1246,7271,0.8537043559938946,36695,26,0.07524009999178816
9,0,mixed,31,34,100,777,3,0.5994653833414195,-0.3936068928237407,-0.1732118273608794,14,7344,1127,6217,0.846541394335512,28075,24,0.05956989999685902
9,1,mixed,53,16,100,777,3,0.5994653833414195,-0.3936068928237407,-0.1732118273608794,4,6525,944,5581,0.8553256704980843,22617,28,0.04871030000504106
9,2,mixed,73,94,100,777,3,0.5994653833414195,-0.3936068928237407,-0.1732118273608794,10,8476,1212,7264,0.8570080226521944,36219,41,0.0739908999967156
9,3,mixed,87,57,100,777,3,0.5994653833414195,-0.3936068928237407,-0.1732118273608794,14,7983,1182,6801,0.851935362645622,32553,31,0.06723059999058023
9,4,mixed,76,14,100,777,3,0.5994653833414195,-0.3936068928237407,-0.1732118273608794,1,8467,1248,7219,0.8526042281799929,36951,31,0.07598940000752918
9,5,mixed,42,15,100,777,3,0.5994653833414195,-0.3936068928237407,-0.1732118273608794,9,7111,1022,6089,0.8562790043594432,25649,30,0.05515630000445526
9,6,mixed,90,92,100,777,3,0.5994653833414195,-0.3936068928237407,-0.1732118273608794,10,11705,1784,9921,0.8475865014950875,72520,32,0.13792999999714084
9,7,mixed,33,24,100,777,3,0.5994653833414195,-0.3936068928237407,-0.1732118273608794,5,8401,1248,7153,0.8514462563980478,35869,31,0.07351740000012796
9,8,mixed,3,77,100,777,3,0.5994653833414195,-0.3936068928237407,-0.1732118273608794,7,7782,1108,6674,0.8576201490619378,28942,30,0.06104159999813419
9,9,mixed,94,9,100,777,3,0.5994653833414195,-0.3936068928237407,-0.1732118273608794,1,7310,1087,6223,0.8512995896032832,26674,28,0.05668350000632927
10,0,positive,85,26,100,821,3,0.7714240501685666,0.7916307582395524,0.7795772253995663,4,2670,405,2265,0.848314606741573,4117,10,0.011897699994733557
10,1,positive,43,70,100,821,3,0.7714240501685666,0.7916307582395524,0.7795772253995663,8,2943,453,2490,0.8460754332313966,4775,12,0.013971099993796088
10,2,positive,95,10,100,821,3,0.7714240501685666,0.7916307582395524,0.7795772253995663,1,1905,302,1603,0.8414698162729659,2533,11,0.007891600005677901
10,3,positive,84,78,100,821,3,0.7714240501685666,0.7916307582395524,0.7795772253995663,5,3044,460,2584,0.8488830486202366,5045,11,0.014091700009885244
10,4,positive,23,16,100,821,3,0.7714240501685666,0.7916307582395524,0.7795772253995663,5,2907,453,2454,0.8441692466460269,4611,10,0.01312490001146216
10,5,positive,23,50,100,821,3,0.7714240501685666,0.7916307582395524,0.7795772253995663,2,2907,453,2454,0.8441692466460269,4611,10,0.012987599999178201
10,6,positive,86,71,100,821,3,0.7714240501685666,0.7916307582395524,0.7795772253995663,4,2011,337,1674,0.8324216807558429,2736,9,0.00849999999627471
10,7,positive,66,3,100,821,3,0.7714240501685666,0.7916307582395524,0.7795772253995663,1,2812,452,2360,0.8392603129445235,4776,11,0.013200000001234002
10,8,positive,66,33,100,821,3,0.7714240501685666,0.7916307582395524,0.7795772253995663,3,2812,452,2360,0.8392603129445235,4776,11,0.013199599998188205
10,9,positive,68,35,100,821,3,0.7714240501685666,0.7916307582395524,0.7795772253995663,4,3894,620,3274,0.8407806882383153,8420,16,0.021002199995564297
10,0,independent,85,26,100,821,3,0.00565857962049278,0.023407004885346867,-0.03662844151747139,18,9638,1284,8354,0.8667773396970326,39071,31,0.08068270000512712
10,1,independent,43,70,100,821,3,0.00565857962049278,0.023407004885346867,-0.03662844151747139,7,8953,1302,7651,0.854573885848319,37188,27,0.07646910000767093
10,2,independent,95,10,100,821,3,0.00565857962049278,0.023407004885346867,-0.03662844151747139,10,7079,984,6095,0.8609973160050854,23338,26,0.051021199993556365
10,3,independent,84,78,100,821,3,0.00565857962049278,0.023407004885346867,-0.03662844151747139,7,8653,1193,7460,0.8621287414769444,33369,30,0.06976250000298023
10,4,independent,23,16,100,821,3,0.00565857962049278,0.023407004885346867,-0.03662844151747139,20,7936,1115,6821,0.8595010080645161,28119,30,0.05969619999814313
10,5,independent,23,50,100,821,3,0.00565857962049278,0.023407004885346867,-0.03662844151747139,8,7936,1115,6821,0.8595010080645161,28119,30,0.060093899999628775
10,6,independent,86,71,100,821,3,0.00565857962049278,0.023407004885346867,-0.03662844151747139,11,7683,1103,6580,0.8564362879083691,26984,25,0.05784010000934359
10,7,independent,66,3,100,821,3,0.00565857962049278,0.023407004885346867,-0.03662844151747139,7,10461,1475,8986,0.8590000955931555,51255,31,0.10113329999148846
10,8,independent,66,33,100,821,3,0.00565857962049278,0.023407004885346867,-0.03662844151747139,19,10461,1475,8986,0.8590000955931555,51255,31,0.10148630000185221
10,9,independent,68,35,100,821,3,0.00565857962049278,0.023407004885346867,-0.03662844151747139,17,8048,1163,6885,0.8554920477137177,32117,25,0.06780430000799242
10,0,tradeoff,85,26,100,821,3,-0.35224493118928163,-0.36526999075229466,-0.45746825195074614,16,12948,1723,11225,0.8669292554834723,71378,35,0.14027720000012778
10,1,tradeoff,43,70,100,821,3,-0.35224493118928163,-0.36526999075229466,-0.45746825195074614,6,10488,1459,9029,0.8608886346300534,49661,30,0.101935600003344
10,2,tradeoff,95,10,100,821,3,-0.35224493118928163,-0.36526999075229466,-0.45746825195074614,11,10719,1481,9238,0.8618341263177535,52066,40,0.10561389999929816
10,3,tradeoff,84,78,100,821,3,-0.35224493118928163,-0.36526999075229466,-0.45746825195074614,6,12120,1669,10451,0.8622937293729372,68523,36,0.13524930000130553
10,4,tradeoff,23,16,100,821,3,-0.35224493118928163,-0.36526999075229466,-0.45746825195074614,23,10491,1452,9039,0.8615956534172148,48207,34,0.09869199999957345
10,5,tradeoff,23,50,100,821,3,-0.35224493118928163,-0.36526999075229466,-0.45746825195074614,11,10491,1452,9039,0.8615956534172148,48207,34,0.0975530000141589
10,6,tradeoff,86,71,100,821,3,-0.35224493118928163,-0.36526999075229466,-0.45746825195074614,8,9527,1337,8190,0.8596620132255695,41237,24,0.08453449999797158
10,7,tradeoff,66,3,100,821,3,-0.35224493118928163,-0.36526999075229466,-0.45746825195074614,6,11528,1588,9940,0.8622484385843164,62804,35,0.1218110999907367
10,8,tradeoff,66,33,100,821,3,-0.35224493118928163,-0.36526999075229466,-0.45746825195074614,10,11528,1588,9940,0.8622484385843164,62804,35,0.12343720000353642
10,9,tradeoff,68,35,100,821,3,-0.35224493118928163,-0.36526999075229466,-0.45746825195074614,11,10774,1487,9287,0.861982550584741,52696,36,0.10539050000079442
10,0,mixed,85,26,100,821,3,0.5594217095403832,-0.36979647804059007,-0.19999086534847862,21,8322,1123,7199,0.8650564768084595,29541,26,0.06335199999739416
10,1,mixed,43,70,100,821,3,0.5594217095403832,-0.36979647804059007,-0.19999086534847862,9,7287,1049,6238,0.8560450116646082,24750,20,0.054188299996894784
10,2,mixed,95,10,100,821,3,0.5594217095403832,-0.36979647804059007,-0.19999086534847862,12,6025,854,5171,0.8582572614107884,18292,20,0.04140989998995792
10,3,mixed,84,78,100,821,3,0.5594217095403832,-0.36979647804059007,-0.19999086534847862,5,8211,1140,7071,0.8611618560467665,31510,32,0.06639220000943169
10,4,mixed,23,16,100,821,3,0.5594217095403832,-0.36979647804059007,-0.19999086534847862,18,6736,973,5763,0.8555522565320665,22283,26,0.04887549999693874
10,5,mixed,23,50,100,821,3,0.5594217095403832,-0.36979647804059007,-0.19999086534847862,7,6736,973,5763,0.8555522565320665,22283,26,0.049181900001713075
10,6,mixed,86,71,100,821,3,0.5594217095403832,-0.36979647804059007,-0.19999086534847862,13,7477,1057,6420,0.8586331416343453,26313,24,0.05680989999382291
10,7,mixed,66,3,100,821,3,0.5594217095403832,-0.36979647804059007,-0.19999086534847862,3,8362,1191,7171,0.8575699593398708,34347,29,0.07069550000596792
10,8,mixed,66,33,100,821,3,0.5594217095403832,-0.36979647804059007,-0.19999086534847862,15,8362,1191,7171,0.8575699593398708,34347,29,0.07060110000020359
10,9,mixed,68,35,100,821,3,0.5594217095403832,-0.36979647804059007,-0.19999086534847862,15,7752,1127,6625,0.8546181630546955,29716,23,0.06203229998936877
11,0,positive,32,58,100,773,3,0.781112408475952,0.7938564345854178,0.78542324264286,1,3030,516,2514,0.8297029702970297,5868,13,0.01584230001026299
11,1,positive,88,45,100,773,3,0.781112408475952,0.7938564345854178,0.78542324264286,7,3693,604,3089,0.8364473327917682,7510,13,0.02031719998922199
11,2,positive,11,49,100,773,3,0.781112408475952,0.7938564345854178,0.78542324264286,5,2939,465,2474,0.8417829193603267,5393,13,0.014292100007878616
11,3,positive,13,64,100,773,3,0.781112408475952,0.7938564345854178,0.78542324264286,2,2553,429,2124,0.8319623971797885,4518,14,0.01280929999484215
11,4,positive,22,57,100,773,3,0.781112408475952,0.7938564345854178,0.78542324264286,4,3459,534,2925,0.8456201214223764,6630,11,0.017341999991913326
11,5,positive,87,70,100,773,3,0.781112408475952,0.7938564345854178,0.78542324264286,8,2855,455,2400,0.840630472854641,5157,12,0.013872099996660836
11,6,positive,80,40,100,773,3,0.781112408475952,0.7938564345854178,0.78542324264286,3,2610,418,2192,0.8398467432950192,4148,11,0.011870100002852269
11,7,positive,63,27,100,773,3,0.781112408475952,0.7938564345854178,0.78542324264286,1,2730,435,2295,0.8406593406593407,4698,12,0.012936899991473183
11,8,positive,16,79,100,773,3,0.781112408475952,0.7938564345854178,0.78542324264286,2,3456,556,2900,0.8391203703703703,7353,19,0.018448600007104687
11,9,positive,39,67,100,773,3,0.781112408475952,0.7938564345854178,0.78542324264286,10,2705,432,2273,0.8402957486136784,4203,10,0.012108199996873736
11,0,independent,32,58,100,773,3,0.02704991518335258,-0.02045683945391813,-0.0072461095120237235,14,6468,988,5480,0.847247990105133,21879,33,0.047552199990605004
11,1,independent,88,45,100,773,3,0.02704991518335258,-0.02045683945391813,-0.0072461095120237235,9,9658,1474,8184,0.8473804100227791,46790,30,0.09271069998794701
11,2,independent,11,49,100,773,3,0.02704991518335258,-0.02045683945391813,-0.0072461095120237235,8,8376,1303,7073,0.8444364851957975,38778,30,0.07772560000012163
11,3,independent,13,64,100,773,3,0.02704991518335258,-0.02045683945391813,-0.0072461095120237235,4,8742,1283,7459,0.8532372454815832,37594,36,0.07591100000718143
11,4,independent,22,57,100,773,3,0.02704991518335258,-0.02045683945391813,-0.0072461095120237235,18,9254,1382,7872,0.8506591744110655,41771,34,0.08421800000360236
11,5,independent,87,70,100,773,3,0.02704991518335258,-0.02045683945391813,-0.0072461095120237235,16,7911,1226,6685,0.845025913285299,34112,24,0.06974650001211558
11,6,independent,80,40,100,773,3,0.02704991518335258,-0.02045683945391813,-0.0072461095120237235,5,6822,1019,5803,0.8506303136909997,21909,19,0.048572300001978874
11,7,independent,63,27,100,773,3,0.02704991518335258,-0.02045683945391813,-0.0072461095120237235,7,7092,987,6105,0.86082910321489,23551,23,0.05168539998703636
11,8,independent,16,79,100,773,3,0.02704991518335258,-0.02045683945391813,-0.0072461095120237235,12,7424,1104,6320,0.8512931034482759,26597,28,0.05688630000804551
11,9,independent,39,67,100,773,3,0.02704991518335258,-0.02045683945391813,-0.0072461095120237235,7,8031,1199,6832,0.8507035238451003,30856,33,0.06558019999647513
11,0,tradeoff,32,58,100,773,3,-0.3367930547535544,-0.4071059207144057,-0.41650556402183453,14,9511,1436,8075,0.8490169277678478,46466,37,0.09219049999956042
11,1,tradeoff,88,45,100,773,3,-0.3367930547535544,-0.4071059207144057,-0.41650556402183453,21,9752,1450,8302,0.851312551271534,47227,31,0.09421470000233967
11,2,tradeoff,11,49,100,773,3,-0.3367930547535544,-0.4071059207144057,-0.41650556402183453,6,8225,1256,6969,0.8472948328267477,38222,29,0.07705259999784175
11,3,tradeoff,13,64,100,773,3,-0.3367930547535544,-0.4071059207144057,-0.41650556402183453,4,10201,1531,8670,0.8499166748358004,53319,37,0.10750119999283925
11,4,tradeoff,22,57,100,773,3,-0.3367930547535544,-0.4071059207144057,-0.41650556402183453,13,9978,1497,8481,0.8499699338544798,50715,32,0.100168399992981
11,5,tradeoff,87,70,100,773,3,-0.3367930547535544,-0.4071059207144057,-0.41650556402183453,19,9707,1480,8227,0.8475327083547955,51774,29,0.10108500000205822
11,6,tradeoff,80,40,100,773,3,-0.3367930547535544,-0.4071059207144057,-0.41650556402183453,4,8013,1183,6830,0.8523649070260826,31418,29,0.06562449999910314
11,7,tradeoff,63,27,100,773,3,-0.3367930547535544,-0.4071059207144057,-0.41650556402183453,3,8753,1216,7537,0.861076202444876,37395,30,0.07628020000993274
11,8,tradeoff,16,79,100,773,3,-0.3367930547535544,-0.4071059207144057,-0.41650556402183453,18,10054,1417,8637,0.8590610702208077,46960,35,0.0938466000079643
11,9,tradeoff,39,67,100,773,3,-0.3367930547535544,-0.4071059207144057,-0.41650556402183453,8,10157,1548,8609,0.847592793147583,55037,32,0.10701459999836516
11,0,mixed,32,58,100,773,3,0.5761627708835461,-0.4071987271925957,-0.21289909231096654,10,6777,1034,5743,0.8474251143573853,24578,29,0.05293059999530669
11,1,mixed,88,45,100,773,3,0.5761627708835461,-0.4071987271925957,-0.21289909231096654,16,9310,1404,7906,0.8491944146079484,44031,33,0.08832530000654515
11,2,mixed,11,49,100,773,3,0.5761627708835461,-0.4071987271925957,-0.21289909231096654,8,6915,1070,5845,0.8452639190166306,29399,26,0.06070279999403283
11,3,mixed,13,64,100,773,3,0.5761627708835461,-0.4071987271925957,-0.21289909231096654,5,8354,1255,7099,0.8497725640411778,35673,26,0.07320200001413468
11,4,mixed,22,57,100,773,3,0.5761627708835461,-0.4071987271925957,-0.21289909231096654,9,7813,1150,6663,0.8528094201971074,30001,25,0.06484750000527129
11,5,mixed,87,70,100,773,3,0.5761627708835461,-0.4071987271925957,-0.21289909231096654,20,6723,1060,5663,0.842332292131489,27572,22,0.057255799998529255
11,6,mixed,80,40,100,773,3,0.5761627708835461,-0.4071987271925957,-0.21289909231096654,4,6316,923,5393,0.853863204559848,19049,21,0.042901399996480905
11,7,mixed,63,27,100,773,3,0.5761627708835461,-0.4071987271925957,-0.21289909231096654,4,6909,972,5937,0.859313938341294,23777,23,0.051853400000254624
11,8,mixed,16,79,100,773,3,0.5761627708835461,-0.4071987271925957,-0.21289909231096654,8,6668,988,5680,0.8518296340731853,22370,20,0.0494979999930365
11,9,mixed,39,67,100,773,3,0.5761627708835461,-0.4071987271925957,-0.21289909231096654,14,7983,1209,6774,0.8485531754979331,33157,25,0.06888170000456739
12,0,positive,11,17,100,768,3,0.7688363848639594,0.7798831067134284,0.7816142911921261,6,3945,558,3387,0.8585551330798479,7705,18,0.020539999997708946
12,1,positive,23,73,100,768,3,0.7688363848639594,0.7798831067134284,0.7816142911921261,6,3317,505,2812,0.8477539945734097,6647,20,0.01743029999488499
12,2,positive,21,95,100,768,3,0.7688363848639594,0.7798831067134284,0.7816142911921261,2,3809,577,3232,0.8485166710422684,7832,14,0.020459800012758933
12,3,positive,71,73,100,768,3,0.7688363848639594,0.7798831067134284,0.7816142911921261,5,2492,415,2077,0.8334670947030498,3887,9,0.011484699993161485
12,4,positive,93,96,100,768,3,0.7688363848639594,0.7798831067134284,0.7816142911921261,5,3799,584,3215,0.8462753356146354,7608,18,0.020105900010094047
12,5,positive,23,95,100,768,3,0.7688363848639594,0.7798831067134284,0.7816142911921261,1,3317,505,2812,0.8477539945734097,6647,20,0.017300100007560104
12,6,positive,82,36,100,768,3,0.7688363848639594,0.7798831067134284,0.7816142911921261,5,4660,710,3950,0.8476394849785408,9917,16,0.025688800000352785
12,7,positive,98,6,100,768,3,0.7688363848639594,0.7798831067134284,0.7816142911921261,2,3207,519,2688,0.8381665107577175,6157,12,0.016608499994617887
12,8,positive,62,8,100,768,3,0.7688363848639594,0.7798831067134284,0.7816142911921261,1,2068,372,1696,0.8201160541586073,3257,9,0.009623000005376525
12,9,positive,1,89,100,768,3,0.7688363848639594,0.7798831067134284,0.7816142911921261,6,3761,571,3190,0.8481786758840734,7385,14,0.019840900000417605
12,0,independent,11,17,100,768,3,-0.06718360646380853,-0.03453796863735894,-0.01412554087558312,12,10737,1595,9142,0.85144826301574,59718,34,0.11616830001003109
12,1,independent,23,73,100,768,3,-0.06718360646380853,-0.03453796863735894,-0.01412554087558312,9,9471,1382,8089,0.8540808784711224,43839,30,0.08788029999413993
12,2,independent,21,95,100,768,3,-0.06718360646380853,-0.03453796863735894,-0.01412554087558312,4,8616,1282,7334,0.8512070566388115,37268,25,0.07635000000300352
12,3,independent,71,73,100,768,3,-0.06718360646380853,-0.03453796863735894,-0.01412554087558312,8,6935,1050,5885,0.8485940879596251,26099,22,0.05522239999845624
12,4,independent,93,96,100,768,3,-0.06718360646380853,-0.03453796863735894,-0.01412554087558312,4,10804,1595,9209,0.8523694927804517,58481,40,0.11260310000216123
12,5,independent,23,95,100,768,3,-0.06718360646380853,-0.03453796863735894,-0.01412554087558312,11,9471,1382,8089,0.8540808784711224,43839,30,0.087619400001131
12,6,independent,82,36,100,768,3,-0.06718360646380853,-0.03453796863735894,-0.01412554087558312,9,10406,1541,8865,0.851912358254853,51748,36,0.10221820000151638
12,7,independent,98,6,100,768,3,-0.06718360646380853,-0.03453796863735894,-0.01412554087558312,4,7356,1163,6193,0.8418977705274606,28782,23,0.06034690000524279
12,8,independent,62,8,100,768,3,-0.06718360646380853,-0.03453796863735894,-0.01412554087558312,13,8189,1253,6936,0.8469898644523141,36119,29,0.07362329999159556
12,9,independent,1,89,100,768,3,-0.06718360646380853,-0.03453796863735894,-0.01412554087558312,15,10968,1670,9298,0.8477388767323122,62948,33,0.12105159999919124
12,0,tradeoff,11,17,100,768,3,-0.4353374435306018,-0.37190368631916576,-0.38011864684653934,9,11380,1662,9718,0.8539543057996485,66473,29,0.12863640001160093
12,1,tradeoff,23,73,100,768,3,-0.4353374435306018,-0.37190368631916576,-0.38011864684653934,11,11932,1680,10252,0.8592021454911163,69005,34,0.13271879999956582
12,2,tradeoff,21,95,100,768,3,-0.4353374435306018,-0.37190368631916576,-0.38011864684653934,4,9475,1386,8089,0.8537203166226913,44077,25,0.08954250000533648
12,3,tradeoff,71,73,100,768,3,-0.4353374435306018,-0.37190368631916576,-0.38011864684653934,20,9749,1451,8298,0.8511642219714842,50756,30,0.10000179999042302
12,4,tradeoff,93,96,100,768,3,-0.4353374435306018,-0.37190368631916576,-0.38011864684653934,5,11817,1785,10032,0.848946433104849,75386,39,0.14146990000153892
12,5,tradeoff,23,95,100,768,3,-0.4353374435306018,-0.37190368631916576,-0.38011864684653934,7,11932,1680,10252,0.8592021454911163,69005,34,0.1316685000056168
12,6,tradeoff,82,36,100,768,3,-0.4353374435306018,-0.37190368631916576,-0.38011864684653934,13,11142,1609,9533,0.8555914557530067,59887,35,0.11639480000303593
12,7,tradeoff,98,6,100,768,3,-0.4353374435306018,-0.37190368631916576,-0.38011864684653934,11,9159,1400,7759,0.8471448848127525,44700,29,0.08848500000021886
12,8,tradeoff,62,8,100,768,3,-0.4353374435306018,-0.37190368631916576,-0.38011864684653934,12,9483,1435,8048,0.8486765791416219,47577,32,0.09613989999343175
12,9,tradeoff,1,89,100,768,3,-0.4353374435306018,-0.37190368631916576,-0.38011864684653934,12,11617,1655,9962,0.8575363691142291,67584,37,0.13259649999963585
12,0,mixed,11,17,100,768,3,0.5460420967173268,-0.4244953986477291,-0.2070974394678689,11,9614,1415,8199,0.8528188059080508,46713,37,0.09325180000450928
12,1,mixed,23,73,100,768,3,0.5460420967173268,-0.4244953986477291,-0.2070974394678689,8,8473,1221,7252,0.8558951965065502,35946,28,0.07432880000851583
12,2,mixed,21,95,100,768,3,0.5460420967173268,-0.4244953986477291,-0.2070974394678689,4,8355,1222,7133,0.8537402752842609,35463,30,0.0731004999979632
12,3,mixed,71,73,100,768,3,0.5460420967173268,-0.4244953986477291,-0.2070974394678689,8,6651,1007,5644,0.8485941963614494,23346,20,0.05024359999515582
12,4,mixed,93,96,100,768,3,0.5460420967173268,-0.4244953986477291,-0.2070974394678689,4,9256,1374,7882,0.8515557476231633,43841,35,0.08727970000472851
12,5,mixed,23,95,100,768,3,0.5460420967173268,-0.4244953986477291,-0.2070974394678689,10,8473,1221,7252,0.8558951965065502,35946,28,0.0734933999920031
12,6,mixed,82,36,100,768,3,0.5460420967173268,-0.4244953986477291,-0.2070974394678689,7,8609,1310,7299,0.8478336624462771,37709,27,0.07824980000441428
12,7,mixed,98,6,100,768,3,0.5460420967173268,-0.4244953986477291,-0.2070974394678689,5,6290,990,5300,0.8426073131955485,21919,21,0.04747980000684038
12,8,mixed,62,8,100,768,3,0.5460420967173268,-0.4244953986477291,-0.2070974394678689,15,7246,1089,6157,0.8497101849296164,28788,27,0.06005600000207778
12,9,mixed,1,89,100,768,3,0.5460420967173268,-0.4244953986477291,-0.2070974394678689,11,9898,1511,8387,0.8473428975550616,53211,32,0.10379350000584964
13,0,positive,90,5,100,781,3,0.7758351105301781,0.781090933747641,0.7834536879231125,8,3122,496,2626,0.8411274823830878,5691,14,0.015822200002730824
13,1,positive,14,54,100,781,3,0.7758351105301781,0.781090933747641,0.7834536879231125,2,2988,473,2515,0.8417001338688086,5446,9,0.0148821000038879
13,2,positive,62,15,100,781,3,0.7758351105301781,0.781090933747641,0.7834536879231125,5,3055,523,2532,0.8288052373158756,6649,21,0.017071999987820163
13,3,positive,3,6,100,781,3,0.7758351105301781,0.781090933747641,0.7834536879231125,2,2575,413,2162,0.8396116504854368,4049,9,0.011920599994482473
13,4,positive,94,61,100,781,3,0.7758351105301781,0.781090933747641,0.7834536879231125,8,3638,548,3090,0.8493677844969764,7104,15,0.01896879999549128
13,5,positive,6,84,100,781,3,0.7758351105301781,0.781090933747641,0.7834536879231125,4,2693,424,2269,0.8425547716301522,4505,14,0.01279649999924004
13,6,positive,76,46,100,781,3,0.7758351105301781,0.781090933747641,0.7834536879231125,4,2883,437,2446,0.8484217828650711,4719,10,0.013583300009486265
13,7,positive,39,25,100,781,3,0.7758351105301781,0.781090933747641,0.7834536879231125,1,3552,538,3014,0.848536036036036,6682,13,0.0181004999903962
13,8,positive,66,90,100,781,3,0.7758351105301781,0.781090933747641,0.7834536879231125,1,2878,451,2427,0.8432939541348159,5164,11,0.014284399992902763
13,9,positive,20,68,100,781,3,0.7758351105301781,0.781090933747641,0.7834536879231125,2,3287,499,2788,0.8481898387587465,6125,16,0.016543599995202385
13,0,independent,90,5,100,781,3,-0.030153997341486154,-0.0230723490308707,0.009474654076263703,13,7253,1055,6198,0.8545429477457603,24321,25,0.05491850001271814
13,1,independent,14,54,100,781,3,-0.030153997341486154,-0.0230723490308707,0.009474654076263703,3,7756,1199,6557,0.8454100051572976,32272,27,0.06820339999103453
13,2,independent,62,15,100,781,3,-0.030153997341486154,-0.0230723490308707,0.009474654076263703,12,7564,1109,6455,0.8533844526705446,27743,24,0.06085720000555739
13,3,independent,3,6,100,781,3,-0.030153997341486154,-0.0230723490308707,0.009474654076263703,2,7125,1029,6096,0.8555789473684211,23247,24,0.054022900003474206
13,4,independent,94,61,100,781,3,-0.030153997341486154,-0.0230723490308707,0.009474654076263703,5,9381,1356,8025,0.8554525103933482,42772,33,0.08985680001205765
13,5,independent,6,84,100,781,3,-0.030153997341486154,-0.0230723490308707,0.009474654076263703,9,10498,1537,8961,0.8535911602209945,51960,29,0.11068119999254122
13,6,independent,76,46,100,781,3,-0.030153997341486154,-0.0230723490308707,0.009474654076263703,10,9331,1379,7952,0.8522130532633159,39327,26,0.0850676999980351
13,7,independent,39,25,100,781,3,-0.030153997341486154,-0.0230723490308707,0.009474654076263703,4,7774,1104,6670,0.8579881656804734,31195,29,0.06520879999152385
13,8,independent,66,90,100,781,3,-0.030153997341486154,-0.0230723490308707,0.009474654076263703,9,6773,1042,5731,0.8461538461538461,25838,29,0.0552116000035312
13,9,independent,20,68,100,781,3,-0.030153997341486154,-0.0230723490308707,0.009474654076263703,8,8667,1286,7381,0.8516210914964809,38239,31,0.07770009999512695
13,0,tradeoff,90,5,100,781,3,-0.41530191573070824,-0.38745203355472746,-0.364535391046069,9,8797,1270,7527,0.8556326020234171,36547,32,0.07545560000289697
13,1,tradeoff,14,54,100,781,3,-0.41530191573070824,-0.38745203355472746,-0.364535391046069,3,8897,1359,7538,0.8472518826570754,44309,26,0.0876501000020653
13,2,tradeoff,62,15,100,781,3,-0.41530191573070824,-0.38745203355472746,-0.364535391046069,10,9185,1379,7806,0.8498639085465433,42409,38,0.0851327999989735
13,3,tradeoff,3,6,100,781,3,-0.41530191573070824,-0.38745203355472746,-0.364535391046069,2,9097,1260,7837,0.8614927998241179,36484,37,0.07532210000499617
13,4,tradeoff,94,61,100,781,3,-0.41530191573070824,-0.38745203355472746,-0.364535391046069,12,9255,1346,7909,0.8545650999459752,42710,30,0.08628379998845048
13,5,tradeoff,6,84,100,781,3,-0.41530191573070824,-0.38745203355472746,-0.364535391046069,9,10871,1567,9304,0.855855027136418,59078,29,0.11423399999330286
13,6,tradeoff,76,46,100,781,3,-0.41530191573070824,-0.38745203355472746,-0.364535391046069,10,10546,1522,9024,0.8556798786269676,49437,33,0.09898739999334794
13,7,tradeoff,39,25,100,781,3,-0.41530191573070824,-0.38745203355472746,-0.364535391046069,5,9506,1289,8217,0.8644014306753629,43887,32,0.08754189999308437
13,8,tradeoff,66,90,100,781,3,-0.41530191573070824,-0.38745203355472746,-0.364535391046069,11,8846,1311,7535,0.8517974225638707,39724,29,0.07932660001097247
13,9,tradeoff,20,68,100,781,3,-0.41530191573070824,-0.38745203355472746,-0.364535391046069,7,10322,1514,8808,0.8533229994187173,53078,35,0.10280450001300778
13,0,mixed,90,5,100,781,3,0.5648770959244178,-0.4066002985268727,-0.19535996973652175,12,6425,944,5481,0.8530739299610894,20471,24,0.04560029999993276
13,1,mixed,14,54,100,781,3,0.5648770959244178,-0.4066002985268727,-0.19535996973652175,4,7167,1132,6035,0.8420538579600949,28632,21,0.05986970000958536
13,2,mixed,62,15,100,781,3,0.5648770959244178,-0.4066002985268727,-0.19535996973652175,12,7016,1035,5981,0.8524800456100342,25919,24,0.05597299999499228
13,3,mixed,3,6,100,781,3,0.5648770959244178,-0.4066002985268727,-0.19535996973652175,3,6384,911,5473,0.8572994987468672,19483,25,0.04355809999105986
13,4,mixed,94,61,100,781,3,0.5648770959244178,-0.4066002985268727,-0.19535996973652175,7,8182,1210,6972,0.8521143974578342,34962,33,0.07238800000050105
13,5,mixed,6,84,100,781,3,0.5648770959244178,-0.4066002985268727,-0.19535996973652175,7,7381,1067,6314,0.8554396423248882,28294,22,0.05942279999726452
13,6,mixed,76,46,100,781,3,0.5648770959244178,-0.4066002985268727,-0.19535996973652175,11,7396,1110,6286,0.8499188750676041,25597,23,0.05624639999587089
13,7,mixed,39,25,100,781,3,0.5648770959244178,-0.4066002985268727,-0.19535996973652175,3,7531,1058,6473,0.8595140087637764,28432,30,0.06013509999320377
13,8,mixed,66,90,100,781,3,0.5648770959244178,-0.4066002985268727,-0.19535996973652175,4,5937,918,5019,0.8453764527539162,20065,24,0.04374609999649692
13,9,mixed,20,68,100,781,3,0.5648770959244178,-0.4066002985268727,-0.19535996973652175,11,7715,1158,6557,0.849902786779002,30564,24,0.06381300000066403
14,0,positive,95,36,100,775,3,0.7869904349397727,0.7867377376762927,0.79613939163013,4,3315,508,2807,0.8467571644042232,6052,12,0.016668600001139566
14,1,positive,61,56,100,775,3,0.7869904349397727,0.7867377376762927,0.79613939163013,4,2692,454,2238,0.8313521545319466,4521,9,0.012936200000694953
14,2,positive,82,93,100,775,3,0.7869904349397727,0.7867377376762927,0.79613939163013,8,2782,409,2373,0.8529834651329978,4565,13,0.013390699998126365
14,3,positive,51,95,100,775,3,0.7869904349397727,0.7867377376762927,0.79613939163013,3,2438,371,2067,0.8478260869565217,3575,10,0.011384500001440756
14,4,positive,40,42,100,775,3,0.7869904349397727,0.7867377376762927,0.79613939163013,4,3318,535,2783,0.8387582881253768,6680,15,0.01779319999332074
14,5,positive,30,95,100,775,3,0.7869904349397727,0.7867377376762927,0.79613939163013,3,2491,424,2067,0.8297872340425532,4131,11,0.011943999998038635
14,6,positive,40,21,100,775,3,0.7869904349397727,0.7867377376762927,0.79613939163013,1,3318,535,2783,0.8387582881253768,6680,15,0.018230700006824918
14,7,positive,59,38,100,775,3,0.7869904349397727,0.7867377376762927,0.79613939163013,5,3151,494,2657,0.8432243732148524,5614,13,0.015237200001138262
14,8,positive,55,5,100,775,3,0.7869904349397727,0.7867377376762927,0.79613939163013,3,2401,386,2015,0.8392336526447314,3738,9,0.010747200009063818
14,9,positive,44,28,100,775,3,0.7869904349397727,0.7867377376762927,0.79613939163013,1,3088,512,2576,0.8341968911917098,6012,11,0.015995800000382587
14,0,independent,95,36,100,775,3,-0.04558331666421837,-0.01949917586973728,0.03154332451768285,11,7779,1123,6656,0.8556369713330763,29915,28,0.06242110001039691
14,1,independent,61,56,100,775,3,-0.04558331666421837,-0.01949917586973728,0.03154332451768285,8,7243,1132,6111,0.8437111694049427,29730,29,0.06145129998913035
14,2,independent,82,93,100,775,3,-0.04558331666421837,-0.01949917586973728,0.03154332451768285,9,6993,1018,5975,0.8544258544258544,23978,26,0.051686599996173754
14,3,independent,51,95,100,775,3,-0.04558331666421837,-0.01949917586973728,0.03154332451768285,12,7916,1128,6788,0.8575037897928247,29573,26,0.06260490001295693
14,4,independent,40,42,100,775,3,-0.04558331666421837,-0.01949917586973728,0.03154332451768285,12,7577,1113,6464,0.8531080902731952,29897,32,0.06273039999359753
14,5,independent,30,95,100,775,3,-0.04558331666421837,-0.01949917586973728,0.03154332451768285,6,7142,1089,6053,0.8475217026043125,25751,22,0.05536579999898095
14,6,independent,40,21,100,775,3,-0.04558331666421837,-0.01949917586973728,0.03154332451768285,15,7577,1113,6464,0.8531080902731952,29897,32,0.06204239999351557
14,7,independent,59,38,100,775,3,-0.04558331666421837,-0.01949917586973728,0.03154332451768285,8,9857,1543,8314,0.8434614994420209,55771,31,0.10741090000374243
14,8,independent,55,5,100,775,3,-0.04558331666421837,-0.01949917586973728,0.03154332451768285,6,6730,996,5734,0.8520059435364041,22092,23,0.0482923999952618
14,9,independent,44,28,100,775,3,-0.04558331666421837,-0.01949917586973728,0.03154332451768285,1,7158,1068,6090,0.8507963118189439,27152,29,0.056883099998231046
14,0,tradeoff,95,36,100,775,3,-0.4228708214945186,-0.38413608991304604,-0.3577126726166478,14,8083,1164,6919,0.8559940616107881,33413,23,0.0688977999961935
14,1,tradeoff,61,56,100,775,3,-0.4228708214945186,-0.38413608991304604,-0.3577126726166478,8,9635,1448,8187,0.8497145822522055,51430,39,0.100275300006615
14,2,tradeoff,82,93,100,775,3,-0.4228708214945186,-0.38413608991304604,-0.3577126726166478,9,8150,1186,6964,0.854478527607362,33286,25,0.06821250000211876
14,3,tradeoff,51,95,100,775,3,-0.4228708214945186,-0.38413608991304604,-0.3577126726166478,12,8540,1191,7349,0.8605386416861827,36645,25,0.0746011000010185
14,4,tradeoff,40,42,100,775,3,-0.4228708214945186,-0.38413608991304604,-0.3577126726166478,21,8845,1286,7559,0.8546071226681741,38647,31,0.07861599999887403
14,5,tradeoff,30,95,100,775,3,-0.4228708214945186,-0.38413608991304604,-0.3577126726166478,8,8537,1239,7298,0.8548670493147476,35940,25,0.07336059999943245
14,6,tradeoff,40,21,100,775,3,-0.4228708214945186,-0.38413608991304604,-0.3577126726166478,14,8845,1286,7559,0.8546071226681741,38647,31,0.07814260000304785
14,7,tradeoff,59,38,100,775,3,-0.4228708214945186,-0.38413608991304604,-0.3577126726166478,7,11431,1773,9658,0.8448954597148106,76793,43,0.14242489999742247
14,8,tradeoff,55,5,100,775,3,-0.4228708214945186,-0.38413608991304604,-0.3577126726166478,8,8080,1166,6914,0.8556930693069307,33096,27,0.0683322999975644
14,9,tradeoff,44,28,100,775,3,-0.4228708214945186,-0.38413608991304604,-0.3577126726166478,4,9424,1348,8076,0.8569609507640068,44468,34,0.08942380000371486
14,0,mixed,95,36,100,775,3,0.5644774149962577,-0.41757674418682356,-0.1680253212037966,14,7483,1105,6378,0.8523319524254978,27998,26,0.06052389999968
14,1,mixed,61,56,100,775,3,0.5644774149962577,-0.41757674418682356,-0.1680253212037966,10,6874,1069,5805,0.8444864707593832,27070,21,0.05703549999452662
14,2,mixed,82,93,100,775,3,0.5644774149962577,-0.41757674418682356,-0.1680253212037966,9,6229,922,5307,0.851982661743458,20281,23,0.04485979999299161
14,3,mixed,51,95,100,775,3,0.5644774149962577,-0.41757674418682356,-0.1680253212037966,10,6325,907,5418,0.856600790513834,19790,25,0.04401599999982864
14,4,mixed,40,42,100,775,3,0.5644774149962577,-0.41757674418682356,-0.1680253212037966,9,7481,1100,6381,0.8529608341130865,29525,31,0.06291319998854306
14,5,mixed,30,95,100,775,3,0.5644774149962577,-0.41757674418682356,-0.1680253212037966,4,5990,906,5084,0.8487479131886477,19092,23,0.04229160000977572
14,6,mixed,40,21,100,775,3,0.5644774149962577,-0.41757674418682356,-0.1680253212037966,12,7481,1100,6381,0.8529608341130865,29525,31,0.06240770001022611
14,7,mixed,59,38,100,775,3,0.5644774149962577,-0.41757674418682356,-0.1680253212037966,9,8758,1362,7396,0.8444850422470884,45343,34,0.09066590000293218
14,8,mixed,55,5,100,775,3,0.5644774149962577,-0.41757674418682356,-0.1680253212037966,5,6525,972,5553,0.8510344827586207,21669,26,0.04764740000246093
14,9,mixed,44,28,100,775,3,0.5644774149962577,-0.41757674418682356,-0.1680253212037966,2,6783,1025,5758,0.8488869231903288,26418,31,0.055668300003162585
15,0,positive,75,2,100,811,3,0.7669410889062872,0.7834098181470783,0.789095258457997,1,2347,385,1962,0.835960801022582,3567,10,0.010573999999905936
15,1,positive,51,9,100,811,3,0.7669410889062872,0.7834098181470783,0.789095258457997,5,2536,419,2117,0.8347791798107256,4112,15,0.011562699990463443
15,2,positive,58,88,100,811,3,0.7669410889062872,0.7834098181470783,0.789095258457997,5,2849,471,2378,0.8346788346788346,4970,13,0.0136002999934135
15,3,positive,6,37,100,811,3,0.7669410889062872,0.7834098181470783,0.789095258457997,8,3706,583,3123,0.842687533729088,7652,14,0.01951280000503175
15,4,positive,6,12,100,811,3,0.7669410889062872,0.7834098181470783,0.789095258457997,1,3706,583,3123,0.842687533729088,7652,14,0.019468700003926642
15,5,positive,67,66,100,811,3,0.7669410889062872,0.7834098181470783,0.789095258457997,1,2538,391,2147,0.8459416863672183,3958,8,0.01137870000093244
15,6,positive,15,47,100,811,3,0.7669410889062872,0.7834098181470783,0.789095258457997,1,2430,365,2065,0.8497942386831275,3682,9,0.010654800003976561
15,7,positive,93,74,100,811,3,0.7669410889062872,0.7834098181470783,0.789095258457997,5,3201,493,2708,0.8459856294907842,5460,11,0.015019500002381392
15,8,positive,36,84,100,811,3,0.7669410889062872,0.7834098181470783,0.789095258457997,1,2804,427,2377,0.8477175463623395,4745,13,0.013204599992604926
15,9,positive,21,12,100,811,3,0.7669410889062872,0.7834098181470783,0.789095258457997,4,3265,485,2780,0.8514548238897397,5889,15,0.015720600000349805
15,0,independent,75,2,100,811,3,-0.05258470022577885,-0.04381738594390601,0.0005586713517742023,5,9032,1313,7719,0.8546279893711249,36929,29,0.07578989998728503
15,1,independent,51,9,100,811,3,-0.05258470022577885,-0.04381738594390601,0.0005586713517742023,15,7232,1030,6202,0.8575774336283186,24040,25,0.052070200006710365
15,2,independent,58,88,100,811,3,-0.05258470022577885,-0.04381738594390601,0.0005586713517742023,12,8614,1223,7391,0.8580218249361504,34539,28,0.07137449999572709
15,3,independent,6,37,100,811,3,-0.05258470022577885,-0.04381738594390601,0.0005586713517742023,16,8194,1205,6989,0.8529411764705882,35016,28,0.07154099999752361
15,4,independent,6,12,100,811,3,-0.05258470022577885,-0.04381738594390601,0.0005586713517742023,13,8194,1205,6989,0.8529411764705882,35016,28,0.0710386999999173
15,5,independent,67,66,100,811,3,-0.05258470022577885,-0.04381738594390601,0.0005586713517742023,13,8739,1182,7557,0.8647442499141779,32564,39,0.06820789999619592
15,6,independent,15,47,100,811,3,-0.05258470022577885,-0.04381738594390601,0.0005586713517742023,13,8574,1276,7298,0.8511779799393515,37775,28,0.07591309999406803
15,7,independent,93,74,100,811,3,-0.05258470022577885,-0.04381738594390601,0.0005586713517742023,14,9198,1327,7871,0.8557295064144379,39700,27,0.08125429999199696
15,8,independent,36,84,100,811,3,-0.05258470022577885,-0.04381738594390601,0.0005586713517742023,1,9508,1326,8182,0.8605384938998738,40181,36,0.08268230000976473
15,9,independent,21,12,100,811,3,-0.05258470022577885,-0.04381738594390601,0.0005586713517742023,16,8909,1241,7668,0.8607026602312269,34575,29,0.07292920000327285
15,0,tradeoff,75,2,100,811,3,-0.4265165021809209,-0.3790085028428847,-0.36956769114113047,6,10172,1476,8696,0.854895792371215,51111,36,0.10420560000056867
15,1,tradeoff,51,9,100,811,3,-0.4265165021809209,-0.3790085028428847,-0.36956769114113047,11,8829,1187,7642,0.8655566881866577,33537,34,0.07163540000328794
15,2,tradeoff,58,88,100,811,3,-0.4265165021809209,-0.3790085028428847,-0.36956769114113047,10,9951,1388,8563,0.8605165310019094,47916,27,0.09709490000386722
15,3,tradeoff,6,37,100,811,3,-0.4265165021809209,-0.3790085028428847,-0.36956769114113047,16,9977,1368,8609,0.8628846346597173,47983,36,0.09500149999803398
15,4,tradeoff,6,12,100,811,3,-0.4265165021809209,-0.3790085028428847,-0.36956769114113047,14,9977,1368,8609,0.8628846346597173,47983,36,0.09614410001086071
15,5,tradeoff,67,66,100,811,3,-0.4265165021809209,-0.3790085028428847,-0.36956769114113047,17,10080,1390,8690,0.8621031746031746,46027,31,0.09250640000391286
15,6,tradeoff,15,47,100,811,3,-0.4265165021809209,-0.3790085028428847,-0.36956769114113047,21,10854,1562,9292,0.8560899207665377,59851,33,0.1160879999952158
15,7,tradeoff,93,74,100,811,3,-0.4265165021809209,-0.3790085028428847,-0.36956769114113047,16,10767,1535,9232,0.8574347543419708,56115,33,0.10986430000048131
15,8,tradeoff,36,84,100,811,3,-0.4265165021809209,-0.3790085028428847,-0.36956769114113047,4,11987,1739,10248,0.854926170017519,71937,41,0.13776009999855887
15,9,tradeoff,21,12,100,811,3,-0.4265165021809209,-0.3790085028428847,-0.36956769114113047,30,9824,1331,8493,0.8645154723127035,41767,31,0.08564590000605676
15,0,mixed,75,2,100,811,3,0.5405461924817074,-0.44003149897776334,-0.2043172126897356,5,7276,1061,6215,0.8541781198460693,26398,23,0.05752209998900071
15,1,mixed,51,9,100,811,3,0.5405461924817074,-0.44003149897776334,-0.2043172126897356,12,5671,811,4860,0.856991712220067,15958,21,0.037111199999344535
15,2,mixed,58,88,100,811,3,0.5405461924817074,-0.44003149897776334,-0.2043172126897356,10,8027,1143,6884,0.857605581163573,32848,27,0.0679048000019975
15,3,mixed,6,37,100,811,3,0.5405461924817074,-0.44003149897776334,-0.2043172126897356,11,6811,1012,5799,0.851416825723095,24138,25,0.051937500000349246
15,4,mixed,6,12,100,811,3,0.5405461924817074,-0.44003149897776334,-0.2043172126897356,7,6811,1012,5799,0.851416825723095,24138,25,0.05142909999995027
15,5,mixed,67,66,100,811,3,0.5405461924817074,-0.44003149897776334,-0.2043172126897356,15,7259,997,6262,0.8626532580245213,24613,28,0.05444849999912549
15,6,mixed,15,47,100,811,3,0.5405461924817074,-0.44003149897776334,-0.2043172126897356,15,8488,1234,7254,0.8546182846371347,36660,27,0.07473549999122042
15,7,mixed,93,74,100,811,3,0.5405461924817074,-0.44003149897776334,-0.2043172126897356,7,7640,1123,6517,0.8530104712041885,29815,24,0.06279879999055993
15,8,mixed,36,84,100,811,3,0.5405461924817074,-0.44003149897776334,-0.2043172126897356,1,8383,1213,7170,0.8553023977096504,35277,23,0.07469389999459963
15,9,mixed,21,12,100,811,3,0.5405461924817074,-0.44003149897776334,-0.2043172126897356,5,7261,1017,6244,0.8599366478446495,24359,24,0.054125799986650236
16,0,positive,16,90,100,810,3,0.7987503814891885,0.8049561682717216,0.8028750270703903,1,2288,360,1928,0.8426573426573427,3196,8,0.009873800008790568
16,1,positive,98,33,100,810,3,0.7987503814891885,0.8049561682717216,0.8028750270703903,3,2810,449,2361,0.8402135231316726,4705,13,0.013012700001127087
16,2,positive,21,94,100,810,3,0.7987503814891885,0.8049561682717216,0.8028750270703903,5,3041,466,2575,0.8467609339033213,4957,12,0.013863200001651421
16,3,positive,28,61,100,810,3,0.7987503814891885,0.8049561682717216,0.8028750270703903,2,2506,425,2081,0.8304070231444534,4229,10,0.011852500014356337
16,4,positive,45,57,100,810,3,0.7987503814891885,0.8049561682717216,0.8028750270703903,1,3447,555,2892,0.8389904264577894,6283,17,0.01682520000031218
16,5,positive,4,74,100,810,3,0.7987503814891885,0.8049561682717216,0.8028750270703903,4,3462,507,2955,0.8535528596187175,5806,14,0.01605099999869708
16,6,positive,7,13,100,810,3,0.7987503814891885,0.8049561682717216,0.8028750270703903,4,2821,448,2373,0.8411910669975186,4974,11,0.013468400007695891
16,7,positive,78,86,100,810,3,0.7987503814891885,0.8049561682717216,0.8028750270703903,6,3307,535,2772,0.8382219534321137,6799,22,0.017286499991314486
16,8,positive,12,33,100,810,3,0.7987503814891885,0.8049561682717216,0.8028750270703903,3,3533,516,3017,0.8539484857061987,6730,17,0.01753840000310447
16,9,positive,52,74,100,810,3,0.7987503814891885,0.8049561682717216,0.8028750270703903,2,2710,442,2268,0.83690036900369,4437,9,0.012423000007402152
16,0,independent,16,90,100,810,3,-0.00814871567598829,0.04105897685453027,0.007816581606803744,16,9765,1463,8302,0.850179211469534,46635,32,0.09204139999928884
16,1,independent,98,33,100,810,3,-0.00814871567598829,0.04105897685453027,0.007816581606803744,18,7569,1103,6466,0.8542740124190779,26670,26,0.0569958999985829
16,2,independent,21,94,100,810,3,-0.00814871567598829,0.04105897685453027,0.007816581606803744,7,7589,1140,6449,0.8497825800500725,30353,25,0.062264399995910935
16,3,independent,28,61,100,810,3,-0.00814871567598829,0.04105897685453027,0.007816581606803744,9,9757,1375,8382,0.859075535512965,42972,31,0.08730869999271818
16,4,independent,45,57,100,810,3,-0.00814871567598829,0.04105897685453027,0.007816581606803744,4,9100,1331,7769,0.8537362637362638,38729,37,0.08063870000478346
16,5,independent,4,74,100,810,3,-0.00814871567598829,0.04105897685453027,0.007816581606803744,17,11089,1514,9575,0.8634683019208225,51829,33,0.10569419999956153
16,6,independent,7,13,100,810,3,-0.00814871567598829,0.04105897685453027,0.007816581606803744,3,8191,1184,7007,0.8554511048712001,29988,27,0.06503200001316145
16,7,independent,78,86,100,810,3,-0.00814871567598829,0.04105897685453027,0.007816581606803744,13,8930,1287,7643,0.8558790593505039,37413,34,0.07597459999669809
16,8,independent,12,33,100,810,3,-0.00814871567598829,0.04105897685453027,0.007816581606803744,13,9013,1300,7713,0.8557638965938089,36109,33,0.07452569999441039
16,9,independent,52,74,100,810,3,-0.00814871567598829,0.04105897685453027,0.007816581606803744,17,8621,1225,7396,0.857905115415845,32107,33,0.06799630000023171
16,0,tradeoff,16,90,100,810,3,-0.40362812639901874,-0.3689620632260399,-0.3719174908953296,17,10781,1574,9207,0.8540024116501252,57672,35,0.1127684999955818
16,1,tradeoff,98,33,100,810,3,-0.40362812639901874,-0.3689620632260399,-0.3719174908953296,23,8981,1268,7713,0.8588130497717403,38157,25,0.0804016999900341
16,2,tradeoff,21,94,100,810,3,-0.40362812639901874,-0.3689620632260399,-0.3719174908953296,13,8798,1362,7436,0.8451920891111616,42974,25,0.0848965000041062
16,3,tradeoff,28,61,100,810,3,-0.40362812639901874,-0.3689620632260399,-0.3719174908953296,18,11646,1637,10009,0.859436716469174,61092,34,0.12079479999374598
16,4,tradeoff,45,57,100,810,3,-0.40362812639901874,-0.3689620632260399,-0.3719174908953296,14,9951,1465,8486,0.8527786152145513,47881,31,0.09697460000461433
16,5,tradeoff,4,74,100,810,3,-0.40362812639901874,-0.3689620632260399,-0.3719174908953296,20,12488,1798,10690,0.8560217809096733,76208,36,0.14852600000449456
16,6,tradeoff,7,13,100,810,3,-0.40362812639901874,-0.3689620632260399,-0.3719174908953296,2,9992,1399,8593,0.8599879903923139,44574,33,0.09314810000068974
16,7,tradeoff,78,86,100,810,3,-0.40362812639901874,-0.3689620632260399,-0.3719174908953296,15,9978,1441,8537,0.8555822810182401,49183,31,0.09994749999896158
16,8,tradeoff,12,33,100,810,3,-0.40362812639901874,-0.3689620632260399,-0.3719174908953296,13,9562,1350,8212,0.8588161472495294,41046,33,0.08374580000236165
16,9,tradeoff,52,74,100,810,3,-0.40362812639901874,-0.3689620632260399,-0.3719174908953296,19,10229,1450,8779,0.8582461628702708,48098,28,0.09720340000058059
16,0,mixed,16,90,100,810,3,0.5978584171097104,-0.37116686132134136,-0.18123499128214954,11,7861,1204,6657,0.8468388245770259,34077,25,0.0698841999983415
16,1,mixed,98,33,100,810,3,0.5978584171097104,-0.37116686132134136,-0.18123499128214954,13,7166,1073,6093,0.8502651409433436,26074,22,0.05583949999709148
16,2,mixed,21,94,100,810,3,0.5978584171097104,-0.37116686132134136,-0.18123499128214954,7,6811,1061,5750,0.8442225811187785,25562,28,0.05428779999783728
16,3,mixed,28,61,100,810,3,0.5978584171097104,-0.37116686132134136,-0.18123499128214954,6,9847,1421,8426,0.8556920889611049,45071,29,0.09185339999385178
16,4,mixed,45,57,100,810,3,0.5978584171097104,-0.37116686132134136,-0.18123499128214954,5,7560,1137,6423,0.8496031746031746,29579,28,0.06286620000901166
16,5,mixed,4,74,100,810,3,0.5978584171097104,-0.37116686132134136,-0.18123499128214954,9,8940,1256,7684,0.8595078299776286,37287,27,0.0775151999987429
16,6,mixed,7,13,100,810,3,0.5978584171097104,-0.37116686132134136,-0.18123499128214954,3,7543,1074,6469,0.8576163330239958,26785,30,0.058607800005120225
16,7,mixed,78,86,100,810,3,0.5978584171097104,-0.37116686132134136,-0.18123499128214954,9,7434,1057,6377,0.8578154425612052,26525,32,0.057231400001910515
16,8,mixed,12,33,100,810,3,0.5978584171097104,-0.37116686132134136,-0.18123499128214954,7,7825,1131,6694,0.8554632587859425,28818,32,0.06157140000141226
16,9,mixed,52,74,100,810,3,0.5978584171097104,-0.37116686132134136,-0.18123499128214954,16,7177,1042,6135,0.8548139891319493,25463,22,0.05522799999744166
17,0,positive,43,32,100,799,3,0.7586563287217959,0.7886553087302534,0.7686057820441203,4,3353,505,2848,0.8493886072174173,5985,12,0.016883200005395338
17,1,positive,78,72,100,799,3,0.7586563287217959,0.7886553087302534,0.7686057820441203,4,3473,527,2946,0.8482579902101929,6575,14,0.017401100005372427
17,2,positive,93,53,100,799,3,0.7586563287217959,0.7886553087302534,0.7686057820441203,5,2795,411,2384,0.8529516994633274,4439,14,0.012671700009377673
17,3,positive,98,26,100,799,3,0.7586563287217959,0.7886553087302534,0.7686057820441203,4,2859,442,2417,0.8454004896817069,4806,11,0.013388699997449294
17,4,positive,56,52,100,799,3,0.7586563287217959,0.7886553087302534,0.7686057820441203,1,3605,552,3053,0.846879334257975,7785,26,0.01952739999978803
17,5,positive,89,77,100,799,3,0.7586563287217959,0.7886553087302534,0.7686057820441203,3,3028,472,2556,0.8441215323645971,5241,11,0.014446100001805462
17,6,positive,44,71,100,799,3,0.7586563287217959,0.7886553087302534,0.7686057820441203,2,3149,505,2644,0.8396316290885996,5686,14,0.015321500002755783
17,7,positive,81,88,100,799,3,0.7586563287217959,0.7886553087302534,0.7686057820441203,4,3953,641,3312,0.8378446749304326,8656,14,0.02169940000749193
17,8,positive,21,65,100,799,3,0.7586563287217959,0.7886553087302534,0.7686057820441203,1,2852,433,2419,0.8481767180925667,4701,14,0.013247999988379888
17,9,positive,26,66,100,799,3,0.7586563287217959,0.7886553087302534,0.7686057820441203,1,2304,375,1929,0.8372395833333334,3616,14,0.010401899999123998
17,0,independent,43,32,100,799,3,-0.05924837148186468,0.028974429886658243,-0.04068004306853429,9,11428,1639,9789,0.8565803290164509,65079,42,0.12625910001224838
17,1,independent,78,72,100,799,3,-0.05924837148186468,0.028974429886658243,-0.04068004306853429,6,8813,1295,7518,0.8530579825258141,36825,27,0.07769570000527892
17,2,independent,93,53,100,799,3,-0.05924837148186468,0.028974429886658243,-0.04068004306853429,10,7606,1063,6543,0.8602419142782014,26152,24,0.05705380000290461
17,3,independent,98,26,100,799,3,-0.05924837148186468,0.028974429886658243,-0.04068004306853429,16,7994,1176,6818,0.8528896672504378,32888,32,0.0679046000004746
17,4,independent,56,52,100,799,3,-0.05924837148186468,0.028974429886658243,-0.04068004306853429,1,8978,1311,7667,0.8539763867231009,39188,26,0.07994969999708701
17,5,independent,89,77,100,799,3,-0.05924837148186468,0.028974429886658243,-0.04068004306853429,9,8031,1186,6845,0.8523222512763043,32679,26,0.06838530000823084
17,6,independent,44,71,100,799,3,-0.05924837148186468,0.028974429886658243,-0.04068004306853429,3,7377,1081,6296,0.853463467534228,26206,22,0.05647169999429025
17,7,independent,81,88,100,799,3,-0.05924837148186468,0.028974429886658243,-0.04068004306853429,17,9771,1413,8358,0.855388394227817,45648,35,0.09186709999630693
17,8,independent,21,65,100,799,3,-0.05924837148186468,0.028974429886658243,-0.04068004306853429,2,6828,975,5853,0.8572056239015817,22994,24,0.051325699998415075
17,9,independent,26,66,100,799,3,-0.05924837148186468,0.028974429886658243,-0.04068004306853429,21,11314,1640,9674,0.8550468446172883,56711,30,0.11408260000462178
17,0,tradeoff,43,32,100,799,3,-0.4155593739305957,-0.32858894862342575,-0.41912642128088307,10,13117,1854,11263,0.8586567050392621,86341,44,0.18353870000282768
17,1,tradeoff,78,72,100,799,3,-0.4155593739305957,-0.32858894862342575,-0.41912642128088307,12,11689,1711,9978,0.8536230644195397,66155,36,0.14123519998975098
17,2,tradeoff,93,53,100,799,3,-0.4155593739305957,-0.32858894862342575,-0.41912642128088307,10,11321,1563,9758,0.8619379913435209,56930,30,0.1167150999972364
17,3,tradeoff,98,26,100,799,3,-0.4155593739305957,-0.32858894862342575,-0.41912642128088307,12,10012,1463,8549,0.8538753495805034,53956,31,0.10547869998845272
17,4,tradeoff,56,52,100,799,3,-0.4155593739305957,-0.32858894862342575,-0.41912642128088307,4,10953,1569,9384,0.8567515749109833,57263,35,0.11192129999108147
17,5,tradeoff,89,77,100,799,3,-0.4155593739305957,-0.32858894862342575,-0.41912642128088307,25,11592,1612,9980,0.8609385783298826,63198,43,0.12289110000710934
17,6,tradeoff,44,71,100,799,3,-0.4155593739305957,-0.32858894862342575,-0.41912642128088307,22,13255,1788,11467,0.8651075066012825,75192,42,0.14700789999915287
17,7,tradeoff,81,88,100,799,3,-0.4155593739305957,-0.32858894862342575,-0.41912642128088307,24,11387,1631,9756,0.8567664881004654,60502,34,0.12279059999855235
17,8,tradeoff,21,65,100,799,3,-0.4155593739305957,-0.32858894862342575,-0.41912642128088307,2,7889,1109,6780,0.8594245151476739,30006,27,0.06292650000250433
17,9,tradeoff,26,66,100,799,3,-0.4155593739305957,-0.32858894862342575,-0.41912642128088307,18,11452,1653,9799,0.8556584002794272,61623,34,0.12095759999647271
17,0,mixed,43,32,100,799,3,0.5326186235637558,-0.36327172568334914,-0.19650835727453228,8,10362,1453,8909,0.8597761049990349,51835,41,0.10391019999224227
17,1,mixed,78,72,100,799,3,0.5326186235637558,-0.36327172568334914,-0.19650835727453228,4,8624,1233,7391,0.8570269016697588,33877,22,0.07123450000653975
17,2,mixed,93,53,100,799,3,0.5326186235637558,-0.36327172568334914,-0.19650835727453228,9,7889,1089,6800,0.8619596907085816,27850,25,0.0603075999970315
17,3,mixed,98,26,100,799,3,0.5326186235637558,-0.36327172568334914,-0.19650835727453228,16,7152,1074,6078,0.8498322147651006,27433,24,0.05791319999843836
17,4,mixed,56,52,100,799,3,0.5326186235637558,-0.36327172568334914,-0.19650835727453228,1,8060,1214,6846,0.8493796526054591,32948,32,0.06867609999608248
17,5,mixed,89,77,100,799,3,0.5326186235637558,-0.36327172568334914,-0.19650835727453228,13,7470,1080,6390,0.8554216867469879,27825,23,0.05968160000338685
17,6,mixed,44,71,100,799,3,0.5326186235637558,-0.36327172568334914,-0.19650835727453228,8,8166,1174,6992,0.8562331618907666,31242,28,0.06656740000471473
17,7,mixed,81,88,100,799,3,0.5326186235637558,-0.36327172568334914,-0.19650835727453228,18,8536,1241,7295,0.8546157450796626,36268,28,0.07464189999154769
17,8,mixed,21,65,100,799,3,0.5326186235637558,-0.36327172568334914,-0.19650835727453228,1,6666,940,5726,0.858985898589859,21260,24,0.047415799999726005
17,9,mixed,26,66,100,799,3,0.5326186235637558,-0.36327172568334914,-0.19650835727453228,17,9162,1336,7826,0.8541803099759878,39727,29,0.08285979999345727
18,0,positive,68,72,100,783,3,0.7793609963407302,0.7823497839679879,0.7638911344048657,1,3378,529,2849,0.8433984606275903,6595,19,0.01750420000462327
18,1,positive,45,79,100,783,3,0.7793609963407302,0.7823497839679879,0.7638911344048657,2,2854,497,2357,0.8258584442887176,5456,12,0.014558900002157316
18,2,positive,87,41,100,783,3,0.7793609963407302,0.7823497839679879,0.7638911344048657,12,3920,601,3319,0.8466836734693878,7968,16,0.020630099999834783
18,3,positive,8,14,100,783,3,0.7793609963407302,0.7823497839679879,0.7638911344048657,1,2818,446,2372,0.8417317246273953,4708,10,0.013218200008850545
18,4,positive,74,54,100,783,3,0.7793609963407302,0.7823497839679879,0.7638911344048657,3,3431,528,2903,0.8461090061206645,6245,14,0.017084000006434508
18,5,positive,19,30,100,783,3,0.7793609963407302,0.7823497839679879,0.7638911344048657,1,2439,400,2039,0.8359983599835998,3895,9,0.011947300008614548
18,6,positive,53,76,100,783,3,0.7793609963407302,0.7823497839679879,0.7638911344048657,9,4115,630,3485,0.8469015795868773,8944,19,0.02244240000436548
18,7,positive,47,72,100,783,3,0.7793609963407302,0.7823497839679879,0.7638911344048657,8,4281,633,3648,0.8521373510861948,9014,17,0.023413800008711405
18,8,positive,52,72,100,783,3,0.7793609963407302,0.7823497839679879,0.7638911344048657,2,3125,507,2618,0.83776,5590,13,0.015413700006320141
18,9,positive,43,24,100,783,3,0.7793609963407302,0.7823497839679879,0.7638911344048657,2,3052,485,2567,0.8410878112712975,5178,12,0.01441010000417009
18,0,independent,68,72,100,783,3,0.034507553983723925,0.006705876620579824,-0.04157151831359065,22,9519,1376,8143,0.8554470007353714,41954,32,0.08505419999710284
18,1,independent,45,79,100,783,3,0.034507553983723925,0.006705876620579824,-0.04157151831359065,8,8422,1268,7154,0.8494419377819995,33469,31,0.07031009999627713
18,2,independent,87,41,100,783,3,0.034507553983723925,0.006705876620579824,-0.04157151831359065,17,10605,1586,9019,0.8504479019330504,59453,40,0.11377799999900162
18,3,independent,8,14,100,783,3,0.034507553983723925,0.006705876620579824,-0.04157151831359065,4,9561,1362,8199,0.8575462817696894,42017,33,0.08711989999574143
18,4,independent,74,54,100,783,3,0.034507553983723925,0.006705876620579824,-0.04157151831359065,10,12179,1766,10413,0.8549963051153625,71723,33,0.13799820000713225
18,5,independent,19,30,100,783,3,0.034507553983723925,0.006705876620579824,-0.04157151831359065,7,7555,1058,6497,0.8599602911978822,25806,25,0.05667259999609087
18,6,independent,53,76,100,783,3,0.034507553983723925,0.006705876620579824,-0.04157151831359065,19,9774,1405,8369,0.8562512789032126,42242,34,0.08748059999197721
18,7,independent,47,72,100,783,3,0.034507553983723925,0.006705876620579824,-0.04157151831359065,25,9234,1335,7899,0.8554256010396362,39855,26,0.0814395999914268
18,8,independent,52,72,100,783,3,0.034507553983723925,0.006705876620579824,-0.04157151831359065,17,8547,1243,7304,0.8545688545688546,33000,27,0.06978929998876993
18,9,independent,43,24,100,783,3,0.034507553983723925,0.006705876620579824,-0.04157151831359065,7,9468,1364,8104,0.8559357836924377,43823,29,0.08888710000610445
18,0,tradeoff,68,72,100,783,3,-0.3385467882837986,-0.3753880560067211,-0.43439703415935815,36,11986,1699,10287,0.8582512931753713,66319,36,0.129305900001782
18,1,tradeoff,45,79,100,783,3,-0.3385467882837986,-0.3753880560067211,-0.43439703415935815,11,9954,1484,8470,0.8509142053445851,51502,30,0.10137839999515563
18,2,tradeoff,87,41,100,783,3,-0.3385467882837986,-0.3753880560067211,-0.43439703415935815,33,11308,1623,9685,0.8564732932437212,67321,39,0.128066300007049
18,3,tradeoff,8,14,100,783,3,-0.3385467882837986,-0.3753880560067211,-0.43439703415935815,3,9355,1307,8048,0.8602886157135222,41911,33,0.08591449999948964
18,4,tradeoff,74,54,100,783,3,-0.3385467882837986,-0.3753880560067211,-0.43439703415935815,16,12360,1758,10602,0.8577669902912621,72789,35,0.14082549999875482
18,5,tradeoff,19,30,100,783,3,-0.3385467882837986,-0.3753880560067211,-0.43439703415935815,5,8844,1238,7606,0.860018091361375,36780,27,0.07682990000466816
18,6,tradeoff,53,76,100,783,3,-0.3385467882837986,-0.3753880560067211,-0.43439703415935815,14,9034,1301,7733,0.8559884879344698,38929,24,0.08221020000928547
18,7,tradeoff,47,72,100,783,3,-0.3385467882837986,-0.3753880560067211,-0.43439703415935815,29,10114,1401,8713,0.8614791378287522,46061,32,0.09488230000715703
18,8,tradeoff,52,72,100,783,3,-0.3385467882837986,-0.3753880560067211,-0.43439703415935815,22,10124,1463,8661,0.8554919004346109,47443,37,0.09804650000296533
18,9,tradeoff,43,24,100,783,3,-0.3385467882837986,-0.3753880560067211,-0.43439703415935815,8,11606,1665,9941,0.8565397208340514,64629,32,0.12992839999787975
18,0,mixed,68,72,100,783,3,0.5754309822162034,-0.3568496659712668,-0.21940158433299847,19,8431,1214,7217,0.8560075910330922,33981,30,0.07181550000677817
18,1,mixed,45,79,100,783,3,0.5754309822162034,-0.3568496659712668,-0.21940158433299847,7,7742,1165,6577,0.849522087315939,30704,31,0.06561360000341665
18,2,mixed,87,41,100,783,3,0.5754309822162034,-0.3568496659712668,-0.21940158433299847,18,10185,1481,8704,0.8545900834560628,53486,38,0.10685929999453947
18,3,mixed,8,14,100,783,3,0.5754309822162034,-0.3568496659712668,-0.21940158433299847,3,7188,1019,6169,0.8582359488035615,24128,22,0.05400220000592526
18,4,mixed,74,54,100,783,3,0.5754309822162034,-0.3568496659712668,-0.21940158433299847,10,10232,1501,8731,0.8533033620015638,49441,31,0.10092749999603257
18,5,mixed,19,30,100,783,3,0.5754309822162034,-0.3568496659712668,-0.21940158433299847,2,5888,840,5048,0.8573369565217391,16842,23,0.039746099995682016
18,6,mixed,53,76,100,783,3,0.5754309822162034,-0.3568496659712668,-0.21940158433299847,17,8511,1215,7296,0.8572435671483962,32719,25,0.07051859999774024
18,7,mixed,47,72,100,783,3,0.5754309822162034,-0.3568496659712668,-0.21940158433299847,22,8150,1192,6958,0.8537423312883435,32240,28,0.06863510000403039
18,8,mixed,52,72,100,783,3,0.5754309822162034,-0.3568496659712668,-0.21940158433299847,16,7912,1145,6767,0.8552831142568251,29819,25,0.06495909999648575
18,9,mixed,43,24,100,783,3,0.5754309822162034,-0.3568496659712668,-0.21940158433299847,5,8723,1257,7466,0.8558982001604952,37944,28,0.08083520000218414
19,0,positive,53,49,100,825,3,0.7590321865926359,0.7933505118978387,0.7857246657006457,1,2974,474,2500,0.8406186953597848,5176,10,0.014617699998780154
19,1,positive,21,25,100,825,3,0.7590321865926359,0.7933505118978387,0.7857246657006457,1,2809,447,2362,0.8408686365254538,4876,13,0.013554300006944686
19,2,positive,93,74,100,825,3,0.7590321865926359,0.7933505118978387,0.7857246657006457,5,2749,426,2323,0.8450345580210986,4566,10,0.01292490000196267
19,3,positive,49,27,100,825,3,0.7590321865926359,0.7933505118978387,0.7857246657006457,1,2352,377,1975,0.8397108843537415,3607,9,0.010807200000272132
19,4,positive,23,22,100,825,3,0.7590321865926359,0.7933505118978387,0.7857246657006457,12,4332,616,3716,0.8578024007386889,9098,20,0.022923299999092706
19,5,positive,24,93,100,825,3,0.7590321865926359,0.7933505118978387,0.7857246657006457,1,2079,323,1756,0.8446368446368446,2973,10,0.008938400002080016
19,6,positive,79,35,100,825,3,0.7590321865926359,0.7933505118978387,0.7857246657006457,2,3405,541,2864,0.8411160058737152,6746,15,0.017551400000229478
19,7,positive,89,98,100,825,3,0.7590321865926359,0.7933505118978387,0.7857246657006457,2,3534,554,2980,0.8432371250707413,7286,13,0.018658300003153272
19,8,positive,60,24,100,825,3,0.7590321865926359,0.7933505118978387,0.7857246657006457,6,3807,573,3234,0.8494877856579984,7688,14,0.01982000000134576
19,9,positive,56,70,100,825,3,0.7590321865926359,0.7933505118978387,0.7857246657006457,6,3232,488,2744,0.849009900990099,6029,15,0.016066399999544956
19,0,independent,53,49,100,825,3,-0.00476379170766703,0.0633901805178932,-0.024199569574775207,14,8026,1120,6906,0.8604535260403688,28720,30,0.06227599999692757
19,1,independent,21,25,100,825,3,-0.00476379170766703,0.0633901805178932,-0.024199569574775207,4,6766,938,5828,0.8613656517883536,21953,23,0.0484262999962084
19,2,independent,93,74,100,825,3,-0.00476379170766703,0.0633901805178932,-0.024199569574775207,31,8414,1150,7264,0.8633230330401711,31760,31,0.06656580000708345
19,3,independent,49,27,100,825,3,-0.00476379170766703,0.0633901805178932,-0.024199569574775207,3,7225,991,6234,0.8628373702422145,24489,21,0.05277120000391733
19,4,independent,23,22,100,825,3,-0.00476379170766703,0.0633901805178932,-0.024199569574775207,16,8645,1203,7442,0.8608444187391556,34985,25,0.07171469999593683
19,5,independent,24,93,100,825,3,-0.00476379170766703,0.0633901805178932,-0.024199569574775207,4,6312,887,5425,0.8594740177439797,18853,26,0.04275809999671765
19,6,independent,79,35,100,825,3,-0.00476379170766703,0.0633901805178932,-0.024199569574775207,10,6831,972,5859,0.857707509881423,23554,26,0.05070610000984743
19,7,independent,89,98,100,825,3,-0.00476379170766703,0.0633901805178932,-0.024199569574775207,10,6779,1001,5778,0.8523381029650391,23387,22,0.050440499995602295
19,8,independent,60,24,100,825,3,-0.00476379170766703,0.0633901805178932,-0.024199569574775207,8,9264,1200,8064,0.8704663212435233,39484,28,0.08140569999522995
19,9,independent,56,70,100,825,3,-0.00476379170766703,0.0633901805178932,-0.024199569574775207,24,10364,1390,8974,0.8658818988807411,42408,27,0.09013749999576248
19,0,tradeoff,53,49,100,825,3,-0.34708640076597946,-0.32613039197433225,-0.48775693087938327,15,8822,1220,7602,0.8617093629562458,34158,25,0.07244679999712389
19,1,tradeoff,21,25,100,825,3,-0.34708640076597946,-0.32613039197433225,-0.48775693087938327,6,8463,1146,7317,0.8645870258773485,32627,32,0.06870259999413975
19,2,tradeoff,93,74,100,825,3,-0.34708640076597946,-0.32613039197433225,-0.48775693087938327,38,11873,1584,10289,0.866588056935905,58711,38,0.11721919999399688
19,3,tradeoff,49,27,100,825,3,-0.34708640076597946,-0.32613039197433225,-0.48775693087938327,7,9527,1270,8257,0.8666946572898079,39953,36,0.08270520000951365
19,4,tradeoff,23,22,100,825,3,-0.34708640076597946,-0.32613039197433225,-0.48775693087938327,17,9437,1299,8138,0.8623503231959309,42323,28,0.08609489999071229
19,5,tradeoff,24,93,100,825,3,-0.34708640076597946,-0.32613039197433225,-0.48775693087938327,7,8462,1198,7264,0.8584259040415977,33930,24,0.07065480000164825
19,6,tradeoff,79,35,100,825,3,-0.34708640076597946,-0.32613039197433225,-0.48775693087938327,19,8894,1250,7644,0.8594558129075781,36290,28,0.07516059999761637
19,7,tradeoff,89,98,100,825,3,-0.34708640076597946,-0.32613039197433225,-0.48775693087938327,10,9371,1363,8008,0.8545512752107566,40702,32,0.08273399999598041
19,8,tradeoff,60,24,100,825,3,-0.34708640076597946,-0.32613039197433225,-0.48775693087938327,10,12464,1596,10868,0.8719512195121951,67695,38,0.13009840001177508
19,9,tradeoff,56,70,100,825,3,-0.34708640076597946,-0.32613039197433225,-0.48775693087938327,36,14961,2041,12920,0.8635786377915915,97055,44,0.18320649999077432
19,0,mixed,53,49,100,825,3,0.5473705674703163,-0.32885948789081604,-0.1498309127344991,12,7445,1045,6400,0.8596373404969778,25453,31,0.056755300000077114
19,1,mixed,21,25,100,825,3,0.5473705674703163,-0.32885948789081604,-0.1498309127344991,5,6353,894,5459,0.8592790807492523,19665,23,0.0447340999962762
19,2,mixed,93,74,100,825,3,0.5473705674703163,-0.32885948789081604,-0.1498309127344991,24,7099,959,6140,0.8649105507818002,23632,25,0.05287910001061391
19,3,mixed,49,27,100,825,3,0.5473705674703163,-0.32885948789081604,-0.1498309127344991,1,6129,841,5288,0.8627834883341491,17912,19,0.041478300001472235
19,4,mixed,23,22,100,825,3,0.5473705674703163,-0.32885948789081604,-0.1498309127344991,11,7174,1023,6151,0.8574017284638974,25385,31,0.055980400007683784
19,5,mixed,24,93,100,825,3,0.5473705674703163,-0.32885948789081604,-0.1498309127344991,5,5604,818,4786,0.8540328336902213,16135,22,0.03694809999433346
19,6,mixed,79,35,100,825,3,0.5473705674703163,-0.32885948789081604,-0.1498309127344991,6,6854,1008,5846,0.8529325941056317,23699,24,0.05133189998741727
19,7,mixed,89,98,100,825,3,0.5473705674703163,-0.32885948789081604,-0.1498309127344991,11,6800,1010,5790,0.8514705882352941,23403,24,0.05062530000577681
19,8,mixed,60,24,100,825,3,0.5473705674703163,-0.32885948789081604,-0.1498309127344991,7,7851,1043,6808,0.8671506814418546,28502,26,0.06352729999343865
19,9,mixed,56,70,100,825,3,0.5473705674703163,-0.32885948789081604,-0.1498309127344991,22,9756,1301,8455,0.8666461664616646,37312,25,0.07842449999589007
20,0,positive,10,57,100,768,3,0.7609207503298678,0.7804267318016584,0.7613559784002353,2,3424,562,2862,0.8358644859813084,7103,17,0.018394500002614222
20,1,positive,30,46,100,768,3,0.7609207503298678,0.7804267318016584,0.7613559784002353,1,2613,424,2189,0.837734404898584,4349,11,0.012085199996363372
20,2,positive,92,2,100,768,3,0.7609207503298678,0.7804267318016584,0.7613559784002353,5,3797,610,3187,0.8393468527785094,8031,21,0.020172399992588907
20,3,positive,82,17,100,768,3,0.7609207503298678,0.7804267318016584,0.7613559784002353,1,2856,434,2422,0.8480392156862745,4720,14,0.013356499999645166
20,4,positive,18,51,100,768,3,0.7609207503298678,0.7804267318016584,0.7613559784002353,5,2717,442,2275,0.8373205741626795,4689,14,0.012922399997478351
20,5,positive,56,73,100,768,3,0.7609207503298678,0.7804267318016584,0.7613559784002353,6,3474,583,2891,0.832181922855498,6802,12,0.017782700000680052
20,6,positive,48,89,100,768,3,0.7609207503298678,0.7804267318016584,0.7613559784002353,2,3937,594,3343,0.8491236982473965,7890,16,0.020360499998787418
20,7,positive,12,54,100,768,3,0.7609207503298678,0.7804267318016584,0.7613559784002353,2,2419,380,2039,0.8429102935097148,3571,10,0.010679900005925447
20,8,positive,1,15,100,768,3,0.7609207503298678,0.7804267318016584,0.7613559784002353,4,2463,412,2051,0.8327243199350386,4007,10,0.011315199997625314
20,9,positive,54,35,100,768,3,0.7609207503298678,0.7804267318016584,0.7613559784002353,2,2301,373,1928,0.837896566710126,3452,8,0.010132499999599531
20,0,independent,10,57,100,768,3,-0.03723149682717207,0.017665788842833974,-0.02478317072231381,6,7409,1161,6248,0.843298690781482,30565,31,0.06285159999970347
20,1,independent,30,46,100,768,3,-0.03723149682717207,0.017665788842833974,-0.02478317072231381,16,9020,1346,7674,0.8507760532150777,38950,30,0.07945419999305159
20,2,independent,92,2,100,768,3,-0.03723149682717207,0.017665788842833974,-0.02478317072231381,9,9630,1455,8175,0.8489096573208723,47151,32,0.09417099998972844
20,3,independent,82,17,100,768,3,-0.03723149682717207,0.017665788842833974,-0.02478317072231381,9,9329,1363,7966,0.8538964519241076,39754,28,0.08317830000305548
20,4,independent,18,51,100,768,3,-0.03723149682717207,0.017665788842833974,-0.02478317072231381,26,9071,1363,7708,0.8497409326424871,41813,33,0.08530620000965428
20,5,independent,56,73,100,768,3,-0.03723149682717207,0.017665788842833974,-0.02478317072231381,30,9085,1355,7730,0.8508530544854155,40299,33,0.08393929999147076
20,6,independent,48,89,100,768,3,-0.03723149682717207,0.017665788842833974,-0.02478317072231381,17,9552,1474,8078,0.8456867671691792,47254,35,0.09540489999926649
20,7,independent,12,54,100,768,3,-0.03723149682717207,0.017665788842833974,-0.02478317072231381,12,7712,1196,6516,0.8449170124481328,31645,34,0.06564210000215098
20,8,independent,1,15,100,768,3,-0.03723149682717207,0.017665788842833974,-0.02478317072231381,17,7535,1150,6385,0.847378898473789,28556,34,0.061405000000377186
20,9,independent,54,35,100,768,3,-0.03723149682717207,0.017665788842833974,-0.02478317072231381,7,8356,1254,7102,0.8499281953087602,36559,31,0.08324089999950957
20,0,tradeoff,10,57,100,768,3,-0.40471235525067945,-0.34626025853743925,-0.41057336052453425,6,8372,1328,7044,0.8413760152890588,39587,34,0.07949609999195673
20,1,tradeoff,30,46,100,768,3,-0.40471235525067945,-0.34626025853743925,-0.41057336052453425,13,9851,1435,8416,0.8543295096944472,48117,28,0.09518609999213368
20,2,tradeoff,92,2,100,768,3,-0.40471235525067945,-0.34626025853743925,-0.41057336052453425,9,9547,1409,8138,0.8524143710065989,47662,35,0.0934667000110494
20,3,tradeoff,82,17,100,768,3,-0.40471235525067945,-0.34626025853743925,-0.41057336052453425,17,10871,1570,9301,0.8555790635636096,51710,30,0.10370329998841044
20,4,tradeoff,18,51,100,768,3,-0.40471235525067945,-0.34626025853743925,-0.41057336052453425,18,9544,1419,8125,0.8513202011735121,49379,30,0.09891240000433754
20,5,tradeoff,56,73,100,768,3,-0.40471235525067945,-0.34626025853743925,-0.41057336052453425,28,8621,1232,7389,0.8570931446467928,36357,28,0.07643289999396075
20,6,tradeoff,48,89,100,768,3,-0.40471235525067945,-0.34626025853743925,-0.41057336052453425,13,11014,1635,9379,0.8515525694570547,64719,43,0.1284478999878047
20,7,tradeoff,12,54,100,768,3,-0.40471235525067945,-0.34626025853743925,-0.41057336052453425,9,9969,1490,8479,0.8505366636573377,51065,34,0.10373109999636654
20,8,tradeoff,1,15,100,768,3,-0.40471235525067945,-0.34626025853743925,-0.41057336052453425,21,9122,1382,7740,0.8484981363736023,43889,36,0.0895128999982262
20,9,tradeoff,54,35,100,768,3,-0.40471235525067945,-0.34626025853743925,-0.41057336052453425,8,8925,1314,7611,0.8527731092436974,41214,38,0.08523810000042431
20,0,mixed,10,57,100,768,3,0.5482813456189207,-0.3640820525726768,-0.1957066437346743,4,6725,1063,5662,0.8419330855018587,25206,21,0.05512609999277629
20,1,mixed,30,46,100,768,3,0.5482813456189207,-0.3640820525726768,-0.1957066437346743,13,7820,1152,6668,0.852685421994885,29417,26,0.06382949999533594
20,2,mixed,92,2,100,768,3,0.5482813456189207,-0.3640820525726768,-0.1957066437346743,7,8331,1257,7074,0.8491177529708318,36549,32,0.07584779999160673
20,3,mixed,82,17,100,768,3,0.5482813456189207,-0.3640820525726768,-0.1957066437346743,10,7899,1178,6721,0.8508671983795417,31540,26,0.06770590000087395
20,4,mixed,18,51,100,768,3,0.5482813456189207,-0.3640820525726768,-0.1957066437346743,21,8063,1216,6847,0.8491876472776883,35096,30,0.07322550000390038
20,5,mixed,56,73,100,768,3,0.5482813456189207,-0.3640820525726768,-0.1957066437346743,22,7526,1138,6388,0.8487908583576933,29175,23,0.06297840000479482
20,6,mixed,48,89,100,768,3,0.5482813456189207,-0.3640820525726768,-0.1957066437346743,16,9267,1408,7859,0.8480630193158519,45403,43,0.09278520000225399
20,7,mixed,12,54,100,768,3,0.5482813456189207,-0.3640820525726768,-0.1957066437346743,9,7542,1140,6402,0.8488464598249801,29006,34,0.06202589999884367
20,8,mixed,1,15,100,768,3,0.5482813456189207,-0.3640820525726768,-0.1957066437346743,15,7303,1112,6191,0.8477338080240997,28313,29,0.05950950000260491
20,9,mixed,54,35,100,768,3,0.5482813456189207,-0.3640820525726768,-0.1957066437346743,5,7030,1060,5970,0.8492176386913229,26731,27,0.05656380001164507
21,0,positive,85,89,100,792,3,0.7723588954887491,0.7720147750902,0.7709235769623528,8,2974,469,2505,0.8422999327505044,5419,11,0.014673600002424791
21,1,positive,99,45,100,792,3,0.7723588954887491,0.7720147750902,0.7709235769623528,5,3136,483,2653,0.8459821428571429,5483,14,0.015572899996186607
21,2,positive,21,17,100,792,3,0.7723588954887491,0.7720147750902,0.7709235769623528,2,3023,461,2562,0.8475024809791598,5372,14,0.0144367000029888
21,3,positive,93,38,100,792,3,0.7723588954887491,0.7720147750902,0.7709235769623528,2,3327,492,2835,0.8521190261496844,5978,13,0.016323100004228763
21,4,positive,66,17,100,792,3,0.7723588954887491,0.7720147750902,0.7709235769623528,6,2849,440,2409,0.8455598455598455,4717,12,0.013290399991092272
21,5,positive,38,59,100,792,3,0.7723588954887491,0.7720147750902,0.7709235769623528,3,3293,493,2800,0.8502884907379289,5948,14,0.016006800011382438
21,6,positive,82,7,100,792,3,0.7723588954887491,0.7720147750902,0.7709235769623528,2,3512,517,2995,0.8527904328018223,6669,13,0.01757119999092538
21,7,positive,19,65,100,792,3,0.7723588954887491,0.7720147750902,0.7709235769623528,6,3164,497,2667,0.8429203539823009,5655,12,0.015283999993698671
21,8,positive,94,35,100,792,3,0.7723588954887491,0.7720147750902,0.7709235769623528,1,3720,594,3126,0.8403225806451613,7542,16,0.019696000003023073
21,9,positive,8,19,100,792,3,0.7723588954887491,0.7720147750902,0.7709235769623528,11,3534,533,3001,0.8491794001131862,6887,14,0.01788010000018403
21,0,independent,85,89,100,792,3,0.040889305777429004,0.015291144544061813,-0.0434833542750548,15,6385,943,5442,0.8523101018010963,21607,20,0.046880900001269765
21,1,independent,99,45,100,792,3,0.040889305777429004,0.015291144544061813,-0.0434833542750548,16,7132,1018,6114,0.8572630398205272,24391,31,0.052837600000202656
21,2,independent,21,17,100,792,3,0.040889305777429004,0.015291144544061813,-0.0434833542750548,3,6215,848,5367,0.8635559131134353,18079,24,0.04091029999835882
21,3,independent,93,38,100,792,3,0.040889305777429004,0.015291144544061813,-0.0434833542750548,9,7641,1058,6583,0.8615364481088863,24676,22,0.05474410000897478
21,4,independent,66,17,100,792,3,0.040889305777429004,0.015291144544061813,-0.0434833542750548,12,6635,954,5681,0.8562170308967596,20491,23,0.04571390000637621
21,5,independent,38,59,100,792,3,0.040889305777429004,0.015291144544061813,-0.0434833542750548,7,8100,1135,6965,0.8598765432098765,30925,32,0.06487360000028275
21,6,independent,82,7,100,792,3,0.040889305777429004,0.015291144544061813,-0.0434833542750548,7,7614,1112,6502,0.8539532440241661,29084,26,0.060925700003281236
21,7,independent,19,65,100,792,3,0.040889305777429004,0.015291144544061813,-0.0434833542750548,14,6818,1009,5809,0.8520093869169845,23489,21,0.050435299999662675
21,8,independent,94,35,100,792,3,0.040889305777429004,0.015291144544061813,-0.0434833542750548,1,8605,1195,7410,0.8611272515979081,32479,32,0.06787339999573305
21,9,independent,8,19,100,792,3,0.040889305777429004,0.015291144544061813,-0.0434833542750548,6,7179,1031,6148,0.8563866833820867,25188,26,0.05344350000086706
21,0,tradeoff,85,89,100,792,3,-0.3211476521739216,-0.3627941647344241,-0.4473690925646906,17,8385,1163,7222,0.8612999403697078,34586,25,0.07141540000156965
21,1,tradeoff,99,45,100,792,3,-0.3211476521739216,-0.3627941647344241,-0.4473690925646906,10,9090,1245,7845,0.863036303630363,38531,37,0.07946540000557434
21,2,tradeoff,21,17,100,792,3,-0.3211476521739216,-0.3627941647344241,-0.4473690925646906,5,8236,1146,7090,0.8608547838756678,30721,29,0.06594020000193268
21,3,tradeoff,93,38,100,792,3,-0.3211476521739216,-0.3627941647344241,-0.4473690925646906,15,9090,1217,7873,0.8661166116611662,34194,29,0.07319929999357555
21,4,tradeoff,66,17,100,792,3,-0.3211476521739216,-0.3627941647344241,-0.4473690925646906,13,9149,1255,7894,0.8628265384194994,35953,32,0.07494990000850521
21,5,tradeoff,38,59,100,792,3,-0.3211476521739216,-0.3627941647344241,-0.4473690925646906,6,10409,1420,8989,0.863579594581612,49841,38,0.1003117999935057
21,6,tradeoff,82,7,100,792,3,-0.3211476521739216,-0.3627941647344241,-0.4473690925646906,9,8568,1271,7297,0.851657329598506,38324,30,0.0771314000012353
21,7,tradeoff,19,65,100,792,3,-0.3211476521739216,-0.3627941647344241,-0.4473690925646906,12,8672,1259,7413,0.854820110701107,35542,28,0.0736592000030214
21,8,tradeoff,94,35,100,792,3,-0.3211476521739216,-0.3627941647344241,-0.4473690925646906,2,10635,1468,9167,0.8619652092148566,50028,41,0.10046590000274591
21,9,tradeoff,8,19,100,792,3,-0.3211476521739216,-0.3627941647344241,-0.4473690925646906,5,9153,1251,7902,0.8633235004916421,38134,35,0.07863730000099167
21,0,mixed,85,89,100,792,3,0.5832596163076281,-0.35085790851414134,-0.1937007788034327,14,5709,829,4880,0.8547906813802768,17636,21,0.03939959999115672
21,1,mixed,99,45,100,792,3,0.5832596163076281,-0.35085790851414134,-0.1937007788034327,10,6237,911,5326,0.8539361872695206,19245,29,0.043072999993455596
21,2,mixed,21,17,100,792,3,0.5832596163076281,-0.35085790851414134,-0.1937007788034327,3,6519,894,5625,0.8628624022089277,19671,24,0.04418209999857936
21,3,mixed,93,38,100,792,3,0.5832596163076281,-0.35085790851414134,-0.1937007788034327,7,6704,944,5760,0.8591885441527446,19957,23,0.04526810000243131
21,4,mixed,66,17,100,792,3,0.5832596163076281,-0.35085790851414134,-0.1937007788034327,10,6323,902,5421,0.8573461964257473,18696,20,0.04240239999489859
21,5,mixed,38,59,100,792,3,0.5832596163076281,-0.35085790851414134,-0.1937007788034327,4,7331,1012,6319,0.8619560769335698,26014,28,0.0561732999922242
21,6,mixed,82,7,100,792,3,0.5832596163076281,-0.35085790851414134,-0.1937007788034327,7,7629,1110,6519,0.8545025560361778,28646,23,0.06257530000584666
21,7,mixed,19,65,100,792,3,0.5832596163076281,-0.35085790851414134,-0.1937007788034327,17,6790,985,5805,0.8549337260677466,22931,25,0.049894999989192
21,8,mixed,94,35,100,792,3,0.5832596163076281,-0.35085790851414134,-0.1937007788034327,1,8222,1144,7078,0.8608611043541717,29884,28,0.06375699999625795
21,9,mixed,8,19,100,792,3,0.5832596163076281,-0.35085790851414134,-0.1937007788034327,12,7146,993,6153,0.8610411418975651,24393,24,0.05315120000159368
22,0,positive,38,87,100,772,3,0.7859695794942416,0.7595882104612345,0.7439596449429601,4,2588,415,2173,0.839644513137558,4173,12,0.012667500006500632
22,1,positive,94,3,100,772,3,0.7859695794942416,0.7595882104612345,0.7439596449429601,1,2629,413,2216,0.8429060479269684,4430,16,0.012273999993340112
22,2,positive,98,64,100,772,3,0.7859695794942416,0.7595882104612345,0.7439596449429601,1,2349,420,1929,0.8212005108556832,3778,12,0.010723400002461858
22,3,positive,37,90,100,772,3,0.7859695794942416,0.7595882104612345,0.7439596449429601,1,2931,467,2464,0.8406687137495735,5000,14,0.01368259999435395
22,4,positive,74,53,100,772,3,0.7859695794942416,0.7595882104612345,0.7439596449429601,2,2582,394,2188,0.8474051123160341,4175,14,0.011790900010964833
22,5,positive,22,75,100,772,3,0.7859695794942416,0.7595882104612345,0.7439596449429601,4,3357,517,2840,0.8459934465296396,6130,12,0.016417799997725524
22,6,positive,0,19,100,772,3,0.7859695794942416,0.7595882104612345,0.7439596449429601,2,3706,585,3121,0.8421478683216406,7645,13,0.01959579999675043
22,7,positive,31,51,100,772,3,0.7859695794942416,0.7595882104612345,0.7439596449429601,4,2738,412,2326,0.8495252008765523,4242,11,0.012326700001722202
22,8,positive,42,12,100,772,3,0.7859695794942416,0.7595882104612345,0.7439596449429601,11,3392,547,2845,0.8387382075471698,6643,12,0.01734809999470599
22,9,positive,92,69,100,772,3,0.7859695794942416,0.7595882104612345,0.7439596449429601,2,2628,418,2210,0.8409436834094368,4242,15,0.012124200002290308
22,0,independent,38,87,100,772,3,0.012605868279643388,-0.03676106676735682,-0.033115764958806033,12,8531,1256,7275,0.852772242410034,36362,30,0.07405629999993835
22,1,independent,94,3,100,772,3,0.012605868279643388,-0.03676106676735682,-0.033115764958806033,3,5693,869,4824,0.8473564025996838,16375,17,0.03714139999647159
22,2,independent,98,64,100,772,3,0.012605868279643388,-0.03676106676735682,-0.033115764958806033,7,6704,1023,5681,0.8474045346062052,22365,24,0.048536000002059154
22,3,independent,37,90,100,772,3,0.012605868279643388,-0.03676106676735682,-0.033115764958806033,1,8906,1260,7646,0.8585223444868628,33243,29,0.07104730000719428
22,4,independent,74,53,100,772,3,0.012605868279643388,-0.03676106676735682,-0.033115764958806033,3,7513,1076,6437,0.8567815785970984,27069,23,0.05784049999783747
22,5,independent,22,75,100,772,3,0.012605868279643388,-0.03676106676735682,-0.033115764958806033,13,10470,1552,8918,0.8517669531996179,54543,29,0.10772339999675751
22,6,independent,0,19,100,772,3,0.012605868279643388,-0.03676106676735682,-0.033115764958806033,5,7292,1104,6188,0.8486012068019748,27201,24,0.057667200002470054
22,7,independent,31,51,100,772,3,0.012605868279643388,-0.03676106676735682,-0.033115764958806033,24,7508,1059,6449,0.858950452850293,26034,29,0.05656569999700878
22,8,independent,42,12,100,772,3,0.012605868279643388,-0.03676106676735682,-0.033115764958806033,11,7454,1111,6343,0.8509525087201503,26542,27,0.057102400009171106
22,9,independent,92,69,100,772,3,0.012605868279643388,-0.03676106676735682,-0.033115764958806033,7,5714,838,4876,0.8533426671333567,16603,19,0.03789819999656174
22,0,tradeoff,38,87,100,772,3,-0.3705734712817249,-0.39856328041286937,-0.36678961224148054,15,9442,1400,8042,0.8517263291675492,48986,33,0.09683370000857394
22,1,tradeoff,94,3,100,772,3,-0.3705734712817249,-0.39856328041286937,-0.36678961224148054,12,8836,1310,7526,0.8517428700769579,38972,22,0.07944030000362545
22,2,tradeoff,98,64,100,772,3,-0.3705734712817249,-0.39856328041286937,-0.36678961224148054,12,9075,1344,7731,0.851900826446281,41139,29,0.08322520001092926
22,3,tradeoff,37,90,100,772,3,-0.3705734712817249,-0.39856328041286937,-0.36678961224148054,1,11425,1614,9811,0.8587308533916849,59669,34,0.1171844000054989
22,4,tradeoff,74,53,100,772,3,-0.3705734712817249,-0.39856328041286937,-0.36678961224148054,5,8032,1152,6880,0.8565737051792829,32534,30,0.06821230000059586
22,5,tradeoff,22,75,100,772,3,-0.3705734712817249,-0.39856328041286937,-0.36678961224148054,11,10497,1519,8978,0.8552919881871011,56478,30,0.11033019999740645
22,6,tradeoff,0,19,100,772,3,-0.3705734712817249,-0.39856328041286937,-0.36678961224148054,4,9044,1322,7722,0.8538257408226448,42344,34,0.08464260000619106
22,7,tradeoff,31,51,100,772,3,-0.3705734712817249,-0.39856328041286937,-0.36678961224148054,21,8373,1199,7174,0.856801624268482,33670,24,0.0696619000082137
22,8,tradeoff,42,12,100,772,3,-0.3705734712817249,-0.39856328041286937,-0.36678961224148054,8,7442,1070,6372,0.8562214458478904,26653,25,0.05673939999542199
22,9,tradeoff,92,69,100,772,3,-0.3705734712817249,-0.39856328041286937,-0.36678961224148054,5,9670,1383,8287,0.8569803516028955,46530,31,0.09245369999553077
22,0,mixed,38,87,100,772,3,0.5831958424927237,-0.3869674315646034,-0.227862960789285,10,7233,1075,6158,0.8513756394303885,28204,24,0.05924339999910444
22,1,mixed,94,3,100,772,3,0.5831958424927237,-0.3869674315646034,-0.227862960789285,3,6073,926,5147,0.8475218178824304,18933,17,0.04237229999853298
22,2,mixed,98,64,100,772,3,0.5831958424927237,-0.3869674315646034,-0.227862960789285,5,6244,933,5311,0.8505765534913518,19617,22,0.04340000000956934
22,3,mixed,37,90,100,772,3,0.5831958424927237,-0.3869674315646034,-0.227862960789285,1,7188,1044,6144,0.8547579298831386,25475,26,0.05469789999187924
22,4,mixed,74,53,100,772,3,0.5831958424927237,-0.3869674315646034,-0.227862960789285,3,6740,943,5797,0.8600890207715134,22197,32,0.048623399998177774
22,5,mixed,22,75,100,772,3,0.5831958424927237,-0.3869674315646034,-0.227862960789285,11,8829,1308,7521,0.8518518518518519,42010,27,0.08411460000206716
22,6,mixed,0,19,100,772,3,0.5831958424927237,-0.3869674315646034,-0.227862960789285,3,6593,1003,5590,0.8478689519187017,23710,23,0.05067349999444559
22,7,mixed,31,51,100,772,3,0.5831958424927237,-0.3869674315646034,-0.227862960789285,14,6209,886,5323,0.8573039136736995,19441,24,0.044016200001351535
22,8,mixed,42,12,100,772,3,0.5831958424927237,-0.3869674315646034,-0.227862960789285,14,6612,969,5643,0.853448275862069,21265,23,0.046784499994828366
22,9,mixed,92,69,100,772,3,0.5831958424927237,-0.3869674315646034,-0.227862960789285,3,5934,843,5091,0.8579373104145601,17588,19,0.039900899995700456
23,0,positive,92,72,100,783,3,0.787046211339909,0.790164574308116,0.7945976979966599,3,2709,420,2289,0.8449612403100775,4679,14,0.013386599996010773
23,1,positive,1,68,100,783,3,0.787046211339909,0.790164574308116,0.7945976979966599,5,2918,476,2442,0.8368745716244003,5072,11,0.01434280000103172
23,2,positive,43,76,100,783,3,0.787046211339909,0.790164574308116,0.7945976979966599,1,3104,492,2612,0.8414948453608248,5968,14,0.0160364000039408
23,3,positive,40,4,100,783,3,0.787046211339909,0.790164574308116,0.7945976979966599,3,3017,490,2527,0.8375870069605569,5407,13,0.015165200005867518
23,4,positive,66,21,100,783,3,0.787046211339909,0.790164574308116,0.7945976979966599,5,3128,512,2616,0.8363171355498721,5745,12,0.015964000005624257
23,5,positive,36,61,100,783,3,0.787046211339909,0.790164574308116,0.7945976979966599,2,3041,489,2552,0.839197632357777,5415,11,0.015050499991048127
23,6,positive,10,89,100,783,3,0.787046211339909,0.790164574308116,0.7945976979966599,2,2777,442,2335,0.8408354339214981,4873,12,0.013621599995531142
23,7,positive,67,82,100,783,3,0.787046211339909,0.790164574308116,0.7945976979966599,5,3562,598,2964,0.8321167883211679,6961,14,0.018556700000772253
23,8,positive,6,55,100,783,3,0.787046211339909,0.790164574308116,0.7945976979966599,7,4867,745,4122,0.8469282925826999,12153,18,0.029448300003423356
23,9,positive,76,59,100,783,3,0.787046211339909,0.790164574308116,0.7945976979966599,2,3295,525,2770,0.8406676783004552,6089,17,0.01662439999927301
23,0,independent,92,72,100,783,3,-0.007821707542161207,0.005430823866399186,0.013520669191926337,7,6894,927,5967,0.8655352480417755,21414,21,0.04935309999564197
23,1,independent,1,68,100,783,3,-0.007821707542161207,0.005430823866399186,0.013520669191926337,11,8039,1247,6792,0.8448812041298669,35576,26,0.0737133999937214
23,2,independent,43,76,100,783,3,-0.007821707542161207,0.005430823866399186,0.013520669191926337,1,6230,900,5330,0.85553772070626,19216,23,0.0429302000120515
23,3,independent,40,4,100,783,3,-0.007821707542161207,0.005430823866399186,0.013520669191926337,9,9229,1386,7843,0.8498212157330155,45127,35,0.08943829999770969
23,4,independent,66,21,100,783,3,-0.007821707542161207,0.005430823866399186,0.013520669191926337,8,8590,1226,7364,0.8572759022118742,33051,28,0.06947289999516215
23,5,independent,36,61,100,783,3,-0.007821707542161207,0.005430823866399186,0.013520669191926337,3,8727,1291,7436,0.8520682938008479,40160,37,0.08031250000931323
23,6,independent,10,89,100,783,3,-0.007821707542161207,0.005430823866399186,0.013520669191926337,5,6756,1004,5752,0.8513913558318532,23118,20,0.049794699996709824
23,7,independent,67,82,100,783,3,-0.007821707542161207,0.005430823866399186,0.013520669191926337,14,9302,1435,7867,0.8457321006235218,42758,30,0.08624410000629723
23,8,independent,6,55,100,783,3,-0.007821707542161207,0.005430823866399186,0.013520669191926337,5,8236,1248,6988,0.8484701311316173,33579,29,0.07150510000064969
23,9,independent,76,59,100,783,3,-0.007821707542161207,0.005430823866399186,0.013520669191926337,10,8847,1296,7551,0.8535096642929807,41583,39,0.08252199999697041
23,0,tradeoff,92,72,100,783,3,-0.377149601609512,-0.38635773952715935,-0.3944107379395621,7,9092,1274,7818,0.8598768147822261,40108,35,0.08118280000053346
23,1,tradeoff,1,68,100,783,3,-0.377149601609512,-0.38635773952715935,-0.3944107379395621,14,8896,1359,7537,0.8472347122302158,42934,32,0.08483759999217
23,2,tradeoff,43,76,100,783,3,-0.377149601609512,-0.38635773952715935,-0.3944107379395621,3,10546,1477,9069,0.8599468992983121,53083,33,0.1051108999963617
23,3,tradeoff,40,4,100,783,3,-0.377149601609512,-0.38635773952715935,-0.3944107379395621,12,9635,1471,8164,0.8473274519979243,51306,37,0.10063869999430608
23,4,tradeoff,66,21,100,783,3,-0.377149601609512,-0.38635773952715935,-0.3944107379395621,11,8845,1259,7586,0.8576596947427926,35516,28,0.07381980000354815
23,5,tradeoff,36,61,100,783,3,-0.377149601609512,-0.38635773952715935,-0.3944107379395621,9,10334,1554,8780,0.8496226049932263,57170,31,0.11031570000341162
23,6,tradeoff,10,89,100,783,3,-0.377149601609512,-0.38635773952715935,-0.3944107379395621,6,9345,1331,8014,0.8575708935259497,44766,28,0.08903439999266993
23,7,tradeoff,67,82,100,783,3,-0.377149601609512,-0.38635773952715935,-0.3944107379395621,22,10537,1522,9015,0.8555566100408086,52673,32,0.10342970000056084
23,8,tradeoff,6,55,100,783,3,-0.377149601609512,-0.38635773952715935,-0.3944107379395621,8,9692,1414,8278,0.85410647957078,45449,35,0.09130980000190903
23,9,tradeoff,76,59,100,783,3,-0.377149601609512,-0.38635773952715935,-0.3944107379395621,12,9378,1343,8035,0.8567924930688846,45474,33,0.09096199998748489
23,0,mixed,92,72,100,783,3,0.5856159411600853,-0.3816760085438191,-0.1777330883713982,6,6287,888,5399,0.8587561635120089,18515,21,0.04204090000712313
23,1,mixed,1,68,100,783,3,0.5856159411600853,-0.3816760085438191,-0.1777330883713982,8,6852,1062,5790,0.8450087565674256,25400,24,0.05385339999338612
23,2,mixed,43,76,100,783,3,0.5856159411600853,-0.3816760085438191,-0.1777330883713982,1,7202,1038,6164,0.8558733685087476,24948,26,0.054268399995635264
23,3,mixed,40,4,100,783,3,0.5856159411600853,-0.3816760085438191,-0.1777330883713982,7,8096,1221,6875,0.8491847826086957,34280,33,0.07045040000230074
23,4,mixed,66,21,100,783,3,0.5856159411600853,-0.3816760085438191,-0.1777330883713982,5,6464,948,5516,0.8533415841584159,20366,23,0.045593500006361865
23,5,mixed,36,61,100,783,3,0.5856159411600853,-0.3816760085438191,-0.1777330883713982,4,7626,1145,6481,0.8498557566220823,30621,25,0.06367999999201857
23,6,mixed,10,89,100,783,3,0.5856159411600853,-0.3816760085438191,-0.1777330883713982,4,6164,883,5281,0.8567488643737833,18805,22,0.04228249999869149
23,7,mixed,67,82,100,783,3,0.5856159411600853,-0.3816760085438191,-0.1777330883713982,14,7738,1216,6522,0.8428534505040062,32715,29,0.06739809999999125
23,8,mixed,6,55,100,783,3,0.5856159411600853,-0.3816760085438191,-0.1777330883713982,4,7213,1082,6131,0.8499930680715375,26526,27,0.056457300001056865
23,9,mixed,76,59,100,783,3,0.5856159411600853,-0.3816760085438191,-0.1777330883713982,10,7212,1062,6150,0.8527454242928453,27135,29,0.057194300010451116
24,0,positive,3,35,100,788,3,0.7874328455904209,0.8002389339698064,0.7980567215117941,2,3642,590,3052,0.8380010982976387,7604,17,0.020250000001396984
24,1,positive,87,7,100,788,3,0.7874328455904209,0.8002389339698064,0.7980567215117941,9,3575,595,2980,0.8335664335664336,7129,14,0.018459699989762157
24,2,positive,80,51,100,788,3,0.7874328455904209,0.8002389339698064,0.7980567215117941,10,3397,593,2804,0.8254342066529291,7224,15,0.01818529999582097
24,3,positive,15,85,100,788,3,0.7874328455904209,0.8002389339698064,0.7980567215117941,1,2814,436,2378,0.8450604122245914,4587,12,0.013012900002649985
24,4,positive,13,20,100,788,3,0.7874328455904209,0.8002389339698064,0.7980567215117941,3,2465,392,2073,0.840973630831643,3923,13,0.011097499998868443
24,5,positive,72,95,100,788,3,0.7874328455904209,0.8002389339698064,0.7980567215117941,2,3218,488,2730,0.8483530142945929,5971,14,0.015734299988253042
24,6,positive,77,87,100,788,3,0.7874328455904209,0.8002389339698064,0.7980567215117941,2,2588,432,2156,0.8330757341576507,4138,9,0.011735100008081645
24,7,positive,34,61,100,788,3,0.7874328455904209,0.8002389339698064,0.7980567215117941,2,3924,630,3294,0.8394495412844036,8618,21,0.021301299988408573
24,8,positive,51,28,100,788,3,0.7874328455904209,0.8002389339698064,0.7980567215117941,1,3306,536,2770,0.837870538415003,6752,15,0.017322200001217425
24,9,positive,3,26,100,788,3,0.7874328455904209,0.8002389339698064,0.7980567215117941,6,3642,590,3052,0.8380010982976387,7604,17,0.019336099998326972
24,0,independent,3,35,100,788,3,0.025802749704837733,0.012523138817669928,0.005632270273127045,15,8366,1290,7076,0.8458044465694478,38264,27,0.07698369999707211
24,1,independent,87,7,100,788,3,0.025802749704837733,0.012523138817669928,0.005632270273127045,14,8996,1401,7595,0.8442641173855047,42682,27,0.08544339999207295
24,2,independent,80,51,100,788,3,0.025802749704837733,0.012523138817669928,0.005632270273127045,22,10342,1617,8725,0.84364726358538,56987,34,0.10982209999929182
24,3,independent,15,85,100,788,3,0.025802749704837733,0.012523138817669928,0.005632270273127045,7,9345,1382,7963,0.8521134296415195,43367,29,0.08677100000204518
24,4,independent,13,20,100,788,3,0.025802749704837733,0.012523138817669928,0.005632270273127045,27,8181,1227,6954,0.85001833516685,33523,27,0.0690759999997681
24,5,independent,72,95,100,788,3,0.025802749704837733,0.012523138817669928,0.005632270273127045,3,10397,1539,8858,0.8519765316918342,56065,35,0.10808109999925364
24,6,independent,77,87,100,788,3,0.025802749704837733,0.012523138817669928,0.005632270273127045,8,7739,1150,6589,0.8514019899211784,29406,32,0.061695399999734946
24,7,independent,34,61,100,788,3,0.025802749704837733,0.012523138817669928,0.005632270273127045,8,9707,1383,8324,0.8575254970639744,42387,35,0.08619200000248384
24,8,independent,51,28,100,788,3,0.025802749704837733,0.012523138817669928,0.005632270273127045,1,7966,1151,6815,0.855510921416018,32231,23,0.06737140000041109
24,9,independent,3,26,100,788,3,0.025802749704837733,0.012523138817669928,0.005632270273127045,9,8366,1290,7076,0.8458044465694478,38264,27,0.07690119999460876
24,0,tradeoff,3,35,100,788,3,-0.3705521653580381,-0.39663347797157766,-0.40301285539130205,11,10371,1533,8838,0.8521839745444026,55621,39,0.10778069999651052
24,1,tradeoff,87,7,100,788,3,-0.3705521653580381,-0.39663347797157766,-0.40301285539130205,20,9145,1411,7734,0.8457080371787862,44446,34,0.08826230000704527
24,2,tradeoff,80,51,100,788,3,-0.3705521653580381,-0.39663347797157766,-0.40301285539130205,29,12303,1873,10430,0.8477607087702187,80988,39,0.15106099999684375
24,3,tradeoff,15,85,100,788,3,-0.3705521653580381,-0.39663347797157766,-0.40301285539130205,6,11168,1632,9536,0.8538681948424068,65446,42,0.12495849998958874
24,4,tradeoff,13,20,100,788,3,-0.3705521653580381,-0.39663347797157766,-0.40301285539130205,26,9795,1419,8376,0.8551301684532925,49831,31,0.09873660000448581
24,5,tradeoff,72,95,100,788,3,-0.3705521653580381,-0.39663347797157766,-0.40301285539130205,8,11626,1703,9923,0.8535179769482195,70786,39,0.1341062999999849
24,6,tradeoff,77,87,100,788,3,-0.3705521653580381,-0.39663347797157766,-0.40301285539130205,13,10087,1495,8592,0.8517894319421037,51120,31,0.10173569999460597
24,7,tradeoff,34,61,100,788,3,-0.3705521653580381,-0.39663347797157766,-0.40301285539130205,15,11432,1588,9844,0.8610916724982505,59662,33,0.11999419999483507
24,8,tradeoff,51,28,100,788,3,-0.3705521653580381,-0.39663347797157766,-0.40301285539130205,2,10267,1449,8818,0.8588682185643324,48527,33,0.0983439000119688
24,9,tradeoff,3,26,100,788,3,-0.3705521653580381,-0.39663347797157766,-0.40301285539130205,10,10371,1533,8838,0.8521839745444026,55621,39,0.11041679998743348
24,0,mixed,3,35,100,788,3,0.5885922815998187,-0.38391521483158986,-0.19835454028783459,14,8034,1235,6799,0.8462783171521036,35134,26,0.07398110000940505
24,1,mixed,87,7,100,788,3,0.5885922815998187,-0.38391521483158986,-0.19835454028783459,20,7433,1184,6249,0.840710345755415,31044,27,0.06531280001217965
24,2,mixed,80,51,100,788,3,0.5885922815998187,-0.38391521483158986,-0.19835454028783459,23,9930,1550,8380,0.8439073514602216,51700,28,0.10204569999768864
24,3,mixed,15,85,100,788,3,0.5885922815998187,-0.38391521483158986,-0.19835454028783459,4,7600,1111,6489,0.8538157894736842,30599,22,0.06427529999928083
24,4,mixed,13,20,100,788,3,0.5885922815998187,-0.38391521483158986,-0.19835454028783459,21,7208,1078,6130,0.8504439511653719,27146,25,0.05903450000914745
24,5,mixed,72,95,100,788,3,0.5885922815998187,-0.38391521483158986,-0.19835454028783459,4,9417,1365,8052,0.8550493787830519,44827,32,0.09253890000400133
24,6,mixed,77,87,100,788,3,0.5885922815998187,-0.38391521483158986,-0.19835454028783459,5,7315,1094,6221,0.8504442925495557,27658,29,0.06913049999275245
24,7,mixed,34,61,100,788,3,0.5885922815998187,-0.38391521483158986,-0.19835454028783459,3,8790,1241,7549,0.8588168373151308,37107,33,0.09832749998895451
24,8,mixed,51,28,100,788,3,0.5885922815998187,-0.38391521483158986,-0.19835454028783459,1,7975,1180,6795,0.852037617554859,32622,25,0.0703442000085488
24,9,mixed,3,26,100,788,3,0.5885922815998187,-0.38391521483158986,-0.19835454028783459,13,8034,1235,6799,0.8462783171521036,35134,26,0.07372179999947548
25,0,positive,98,48,100,772,3,0.7689433410408721,0.7805440283536041,0.7849581739233149,6,3058,512,2546,0.8325703073904512,5963,15,0.016841399992699735
25,1,positive,35,25,100,772,3,0.7689433410408721,0.7805440283536041,0.7849581739233149,4,3935,640,3295,0.8373570520965693,8382,20,0.021815799991600215
25,2,positive,59,43,100,772,3,0.7689433410408721,0.7805440283536041,0.7849581739233149,6,2428,412,2016,0.8303130148270181,4049,10,0.011629699991317466
25,3,positive,39,46,100,772,3,0.7689433410408721,0.7805440283536041,0.7849581739233149,3,2720,431,2289,0.8415441176470588,4559,12,0.012986399990040809
25,4,positive,61,6,100,772,3,0.7689433410408721,0.7805440283536041,0.7849581739233149,4,2227,357,1870,0.8396946564885496,3318,10,0.009973699998226948
25,5,positive,24,39,100,772,3,0.7689433410408721,0.7805440283536041,0.7849581739233149,3,3505,566,2939,0.8385164051355207,6834,15,0.018331300001591444
25,6,positive,23,36,100,772,3,0.7689433410408721,0.7805440283536041,0.7849581739233149,1,2605,444,2161,0.8295585412667946,4639,13,0.012905199997476302
25,7,positive,46,20,100,772,3,0.7689433410408721,0.7805440283536041,0.7849581739233149,1,3305,565,2740,0.8290468986384266,7049,11,0.01836590000311844
25,8,positive,15,30,100,772,3,0.7689433410408721,0.7805440283536041,0.7849581739233149,2,2893,483,2410,0.8330452817144832,5310,10,0.01457959999970626
25,9,positive,3,53,100,772,3,0.7689433410408721,0.7805440283536041,0.7849581739233149,1,2919,485,2434,0.8338472079479273,5755,11,0.015363699989393353
25,0,independent,98,48,100,772,3,-0.03445201276724757,0.003294525998700556,0.002976768820099455,17,9266,1443,7823,0.8442693718972588,45227,31,0.09250210000027437
25,1,independent,35,25,100,772,3,-0.03445201276724757,0.003294525998700556,0.002976768820099455,10,9361,1392,7969,0.85129793825446,44911,28,0.09157669999694917
25,2,independent,59,43,100,772,3,-0.03445201276724757,0.003294525998700556,0.002976768820099455,21,8286,1207,7079,0.8543326092203717,32594,35,0.06861729999945965
25,3,independent,39,46,100,772,3,-0.03445201276724757,0.003294525998700556,0.002976768820099455,8,7684,1171,6513,0.8476054138469548,32919,25,0.06716430000960827
25,4,independent,61,6,100,772,3,-0.03445201276724757,0.003294525998700556,0.002976768820099455,12,6696,970,5726,0.8551373954599761,22100,28,0.04872570000588894
25,5,independent,24,39,100,772,3,-0.03445201276724757,0.003294525998700556,0.002976768820099455,6,8722,1293,7429,0.8517541848199954,36864,27,0.07728889999270905
25,6,independent,23,36,100,772,3,-0.03445201276724757,0.003294525998700556,0.002976768820099455,6,7312,1122,6190,0.8465536105032823,28074,26,0.060525199995026924
25,7,independent,46,20,100,772,3,-0.03445201276724757,0.003294525998700556,0.002976768820099455,3,9100,1405,7695,0.8456043956043956,45912,30,0.09225359999982174
25,8,independent,15,30,100,772,3,-0.03445201276724757,0.003294525998700556,0.002976768820099455,4,8894,1346,7548,0.8486620193388802,41466,33,0.08641489999718033
25,9,independent,3,53,100,772,3,-0.03445201276724757,0.003294525998700556,0.002976768820099455,4,6903,1080,5823,0.8435462842242504,27402,24,0.06276629999047145
25,0,tradeoff,98,48,100,772,3,-0.4098174118701639,-0.3445846442696463,-0.3972927603622283,26,11028,1668,9360,0.8487486398258978,60416,33,0.11941810000280384
25,1,tradeoff,35,25,100,772,3,-0.4098174118701639,-0.3445846442696463,-0.3972927603622283,14,10659,1526,9133,0.8568345998686556,54218,35,0.11048570000275504
25,2,tradeoff,59,43,100,772,3,-0.4098174118701639,-0.3445846442696463,-0.3972927603622283,16,8704,1249,7455,0.8565027573529411,35759,30,0.07717819999379572
25,3,tradeoff,39,46,100,772,3,-0.4098174118701639,-0.3445846442696463,-0.3972927603622283,15,8272,1240,7032,0.8500967117988395,37290,25,0.07778019999386743
25,4,tradeoff,61,6,100,772,3,-0.4098174118701639,-0.3445846442696463,-0.3972927603622283,13,8358,1209,7149,0.8553481694185212,35129,29,0.07389970000076573
25,5,tradeoff,24,39,100,772,3,-0.4098174118701639,-0.3445846442696463,-0.3972927603622283,9,9217,1362,7855,0.8522295757838776,43112,30,0.08645450000767596
25,6,tradeoff,23,36,100,772,3,-0.4098174118701639,-0.3445846442696463,-0.3972927603622283,4,10364,1544,8820,0.8510227711308375,54877,32,0.10687909999978729
25,7,tradeoff,46,20,100,772,3,-0.4098174118701639,-0.3445846442696463,-0.3972927603622283,5,10420,1578,8842,0.8485604606525912,58524,33,0.11513639999611769
25,8,tradeoff,15,30,100,772,3,-0.4098174118701639,-0.3445846442696463,-0.3972927603622283,8,10375,1533,8842,0.8522409638554217,54023,40,0.10650249999889638
25,9,tradeoff,3,53,100,772,3,-0.4098174118701639,-0.3445846442696463,-0.3972927603622283,3,9396,1394,8002,0.8516389953171563,44622,34,0.103753899995354
25,0,mixed,98,48,100,772,3,0.54974393054483,-0.36913358380914696,-0.1582855970475183,14,9054,1400,7654,0.8453722111773802,43758,26,0.08913989999564365
25,1,mixed,35,25,100,772,3,0.54974393054483,-0.36913358380914696,-0.1582855970475183,10,7771,1173,6598,0.8490541757817527,31417,22,0.06579710000369232
25,2,mixed,59,43,100,772,3,0.54974393054483,-0.36913358380914696,-0.1582855970475183,15,5926,872,5054,0.8528518393520081,18726,25,0.04180369999085087
25,3,mixed,39,46,100,772,3,0.54974393054483,-0.36913358380914696,-0.1582855970475183,11,7317,1099,6218,0.8498018313516469,29755,22,0.06275349999486934
25,4,mixed,61,6,100,772,3,0.54974393054483,-0.36913358380914696,-0.1582855970475183,14,6079,882,5197,0.8549103470965619,19210,24,0.042688200002885424
25,5,mixed,24,39,100,772,3,0.54974393054483,-0.36913358380914696,-0.1582855970475183,7,7678,1141,6537,0.8513935920812712,30677,26,0.06399039999814704
25,6,mixed,23,36,100,772,3,0.54974393054483,-0.36913358380914696,-0.1582855970475183,3,6893,1073,5820,0.8443348324387059,26820,20,0.056219500009319745
25,7,mixed,46,20,100,772,3,0.54974393054483,-0.36913358380914696,-0.1582855970475183,2,7737,1232,6505,0.8407651544526302,35819,27,0.07199929999478627
25,8,mixed,15,30,100,772,3,0.54974393054483,-0.36913358380914696,-0.1582855970475183,4,7982,1214,6768,0.8479077925331997,34720,27,0.07053339999401942
25,9,mixed,3,53,100,772,3,0.54974393054483,-0.36913358380914696,-0.1582855970475183,5,6304,1000,5304,0.8413705583756346,24634,21,0.052066000003833324
26,0,positive,58,69,100,755,3,0.8005892966516212,0.7800027830451542,0.7878269729595493,3,2410,418,1992,0.8265560165975103,4078,16,0.011726400000043213
26,1,positive,14,35,100,755,3,0.8005892966516212,0.7800027830451542,0.7878269729595493,2,2428,395,2033,0.8373146622734761,4046,11,0.011387400008970872
26,2,positive,53,8,100,755,3,0.8005892966516212,0.7800027830451542,0.7878269729595493,4,3450,501,2949,0.8547826086956521,6778,15,0.01771020000160206
26,3,positive,23,52,100,755,3,0.8005892966516212,0.7800027830451542,0.7878269729595493,7,2942,503,2439,0.8290278721957852,5451,11,0.0148339000006672
26,4,positive,78,16,100,755,3,0.8005892966516212,0.7800027830451542,0.7878269729595493,6,2356,405,1951,0.8280984719864176,3801,9,0.010948499999358319
26,5,positive,59,17,100,755,3,0.8005892966516212,0.7800027830451542,0.7878269729595493,2,3037,483,2554,0.8409614751399407,5484,14,0.014874400003463961
26,6,positive,75,76,100,755,3,0.8005892966516212,0.7800027830451542,0.7878269729595493,4,2704,425,2279,0.8428254437869822,4629,14,0.012880700000096112
26,7,positive,80,99,100,755,3,0.8005892966516212,0.7800027830451542,0.7878269729595493,1,2507,403,2104,0.8392500997207818,3789,8,0.011506000009831041
26,8,positive,95,36,100,755,3,0.8005892966516212,0.7800027830451542,0.7878269729595493,2,2163,401,1762,0.8146093388811836,3594,10,0.010232500004349276
26,9,positive,8,42,100,755,3,0.8005892966516212,0.7800027830451542,0.7878269729595493,3,2382,397,1985,0.8333333333333334,3700,8,0.010687100002542138
26,0,independent,58,69,100,755,3,0.03268154043934035,-0.02533745312845749,0.0010138993542452102,5,7183,1051,6132,0.8536823054434081,26194,29,0.0557900999992853
26,1,independent,14,35,100,755,3,0.03268154043934035,-0.02533745312845749,0.0010138993542452102,10,6308,981,5327,0.8444831959416614,20835,23,0.04554140000254847
26,2,independent,53,8,100,755,3,0.03268154043934035,-0.02533745312845749,0.0010138993542452102,6,6346,941,5405,0.8517176173967854,21885,24,0.046948200004408136
26,3,independent,23,52,100,755,3,0.03268154043934035,-0.02533745312845749,0.0010138993542452102,7,5748,911,4837,0.8415100904662491,19289,21,0.04224189999513328
26,4,independent,78,16,100,755,3,0.03268154043934035,-0.02533745312845749,0.0010138993542452102,8,6351,988,5363,0.8444339474098567,22508,25,0.048661799999536015
26,5,independent,59,17,100,755,3,0.03268154043934035,-0.02533745312845749,0.0010138993542452102,5,8379,1265,7114,0.8490273302303377,35156,29,0.07304180000210181
26,6,independent,75,76,100,755,3,0.03268154043934035,-0.02533745312845749,0.0010138993542452102,5,6118,921,5197,0.8494606080418438,19386,22,0.043131599988555536
26,7,independent,80,99,100,755,3,0.03268154043934035,-0.02533745312845749,0.0010138993542452102,3,7002,1027,5975,0.8533276206798057,23878,27,0.05170920000819024
26,8,independent,95,36,100,755,3,0.03268154043934035,-0.02533745312845749,0.0010138993542452102,14,5469,885,4584,0.8381788261108064,18278,26,0.03976959999999963
26,9,independent,8,42,100,755,3,0.03268154043934035,-0.02533745312845749,0.0010138993542452102,6,6688,1012,5676,0.8486842105263158,22757,20,0.04984010000771377
26,0,tradeoff,58,69,100,755,3,-0.36837213525492746,-0.4039114874585065,-0.3698699389445193,10,8154,1194,6960,0.8535688005886681,34991,26,0.07180309999966994
26,1,tradeoff,14,35,100,755,3,-0.36837213525492746,-0.4039114874585065,-0.3698699389445193,18,8764,1347,7417,0.8463030579643999,40187,31,0.08126020000781864
26,2,tradeoff,53,8,100,755,3,-0.36837213525492746,-0.4039114874585065,-0.3698699389445193,7,7890,1113,6777,0.8589353612167301,30288,31,0.06405339999764692
26,3,tradeoff,23,52,100,755,3,-0.36837213525492746,-0.4039114874585065,-0.3698699389445193,5,6896,1057,5839,0.8467227378190255,25917,23,0.05540800000017043
26,4,tradeoff,78,16,100,755,3,-0.36837213525492746,-0.4039114874585065,-0.3698699389445193,9,7736,1196,6540,0.8453981385729059,32715,26,0.06811269999889191
26,5,tradeoff,59,17,100,755,3,-0.36837213525492746,-0.4039114874585065,-0.3698699389445193,5,10075,1475,8600,0.8535980148883374,51234,32,0.10206259999540634
26,6,tradeoff,75,76,100,755,3,-0.36837213525492746,-0.4039114874585065,-0.3698699389445193,9,8084,1161,6923,0.8563829787234043,32987,29,0.07015659999160562
26,7,tradeoff,80,99,100,755,3,-0.36837213525492746,-0.4039114874585065,-0.3698699389445193,2,8671,1258,7413,0.8549186944989043,37786,30,0.07973199999833014
26,8,tradeoff,95,36,100,755,3,-0.36837213525492746,-0.4039114874585065,-0.3698699389445193,12,6413,1026,5387,0.8400124746608452,23436,25,0.05238939999253489
26,9,tradeoff,8,42,100,755,3,-0.36837213525492746,-0.4039114874585065,-0.3698699389445193,9,7761,1148,6613,0.8520809174075505,30911,23,0.06849929998861626
26,0,mixed,58,69,100,755,3,0.609735376109445,-0.3900091246235206,-0.1985459100342191,5,7039,1036,6003,0.8528200028413127,26039,22,0.05794899999455083
26,1,mixed,14,35,100,755,3,0.609735376109445,-0.3900091246235206,-0.1985459100342191,9,6957,1061,5896,0.8474917349432226,25183,25,0.05657030000293162
26,2,mixed,53,8,100,755,3,0.609735376109445,-0.3900091246235206,-0.1985459100342191,6,6263,876,5387,0.8601309276704455,19838,24,0.045309900000575
26,3,mixed,23,52,100,755,3,0.609735376109445,-0.3900091246235206,-0.1985459100342191,7,5082,824,4258,0.8378591105863833,15504,17,0.03674919999320991
26,4,mixed,78,16,100,755,3,0.609735376109445,-0.3900091246235206,-0.1985459100342191,9,5566,864,4702,0.8447718289615522,17588,23,0.04049210000084713
26,5,mixed,59,17,100,755,3,0.609735376109445,-0.3900091246235206,-0.1985459100342191,4,7461,1118,6343,0.8501541348344726,28328,26,0.061492499997257255
26,6,mixed,75,76,100,755,3,0.609735376109445,-0.3900091246235206,-0.1985459100342191,5,5552,839,4713,0.8488832853025937,17315,23,0.040058099999441765
26,7,mixed,80,99,100,755,3,0.609735376109445,-0.3900091246235206,-0.1985459100342191,2,6464,947,5517,0.8534962871287128,22003,23,0.04948729999887291
26,8,mixed,95,36,100,755,3,0.609735376109445,-0.3900091246235206,-0.1985459100342191,19,5277,866,4411,0.8358916050786431,17350,22,0.038977000003797
26,9,mixed,8,42,100,755,3,0.609735376109445,-0.3900091246235206,-0.1985459100342191,6,6155,943,5212,0.8467912266450041,20248,18,0.04585160000715405
27,0,positive,80,68,100,816,3,0.7827249490615636,0.7884405121404631,0.7622297469141247,1,2792,438,2354,0.8431232091690545,4724,13,0.013831099990056828
27,1,positive,42,80,100,816,3,0.7827249490615636,0.7884405121404631,0.7622297469141247,3,2167,359,1808,0.8343331795108445,3087,8,0.009819700004300103
27,2,positive,52,44,100,816,3,0.7827249490615636,0.7884405121404631,0.7622297469141247,2,2960,456,2504,0.845945945945946,5154,16,0.014990700001362711
27,3,positive,31,90,100,816,3,0.7827249490615636,0.7884405121404631,0.7622297469141247,2,3099,486,2613,0.8431752178121975,5370,14,0.015328199995565228
27,4,positive,4,68,100,816,3,0.7827249490615636,0.7884405121404631,0.7622297469141247,2,3125,485,2640,0.8448,5848,12,0.015903900013654493
27,5,positive,98,13,100,816,3,0.7827249490615636,0.7884405121404631,0.7622297469141247,1,2767,430,2337,0.8445970365016263,4615,11,0.014196199990692548
27,6,positive,81,17,100,816,3,0.7827249490615636,0.7884405121404631,0.7622297469141247,7,2690,417,2273,0.8449814126394052,4580,13,0.013680000003660098
27,7,positive,45,13,100,816,3,0.7827249490615636,0.7884405121404631,0.7622297469141247,4,3222,479,2743,0.8513345747982619,5749,11,0.01754270000674296
27,8,positive,48,98,100,816,3,0.7827249490615636,0.7884405121404631,0.7622297469141247,5,3935,621,3314,0.8421855146124524,9097,18,0.023771299995132722
27,9,positive,77,81,100,816,3,0.7827249490615636,0.7884405121404631,0.7622297469141247,3,4114,630,3484,0.8468643655809431,9152,19,0.024575699993874878
27,0,independent,80,68,100,816,3,-0.03589739339414289,0.005131015837372502,-0.052713740661346334,1,9083,1247,7836,0.8627105581856215,37934,26,0.08563669999421109
27,1,independent,42,80,100,816,3,-0.03589739339414289,0.005131015837372502,-0.052713740661346334,9,8080,1137,6943,0.8592821782178218,29730,27,0.06654859999252949
27,2,independent,52,44,100,816,3,-0.03589739339414289,0.005131015837372502,-0.052713740661346334,3,7642,1067,6575,0.860376864695106,26263,30,0.058967700009816326
27,3,independent,31,90,100,816,3,-0.03589739339414289,0.005131015837372502,-0.052713740661346334,4,8524,1213,7311,0.8576959174096668,33123,28,0.06960119999712333
27,4,independent,4,68,100,816,3,-0.03589739339414289,0.005131015837372502,-0.052713740661346334,6,6883,1004,5879,0.8541333720761296,23900,24,0.05340920000162441
27,5,independent,98,13,100,816,3,-0.03589739339414289,0.005131015837372502,-0.052713740661346334,6,7026,987,6039,0.8595217762596071,22638,24,0.050543300007120706
27,6,independent,81,17,100,816,3,-0.03589739339414289,0.005131015837372502,-0.052713740661346334,9,7119,994,6125,0.8603736479842674,24307,29,0.06002750000334345
27,7,independent,45,13,100,816,3,-0.03589739339414289,0.005131015837372502,-0.052713740661346334,30,7848,1131,6717,0.8558868501529052,29650,30,0.06422590000147466
27,8,independent,48,98,100,816,3,-0.03589739339414289,0.005131015837372502,-0.052713740661346334,5,8409,1233,7176,0.853371387798787,36566,38,0.07681460000458173
27,9,independent,77,81,100,816,3,-0.03589739339414289,0.005131015837372502,-0.052713740661346334,10,8181,1193,6988,0.8541743063195208,35162,26,0.07853279999108054
27,0,tradeoff,80,68,100,816,3,-0.41494889620603437,-0.35294944850506843,-0.4090573659955137,1,9838,1351,8487,0.8626753405163651,45663,30,0.09474930001306348
27,1,tradeoff,42,80,100,816,3,-0.41494889620603437,-0.35294944850506843,-0.4090573659955137,10,8852,1215,7637,0.8627428829643019,36890,31,0.07860990001063328
27,2,tradeoff,52,44,100,816,3,-0.41494889620603437,-0.35294944850506843,-0.4090573659955137,11,9708,1345,8363,0.861454470539761,42250,33,0.09324310001102276
27,3,tradeoff,31,90,100,816,3,-0.41494889620603437,-0.35294944850506843,-0.4090573659955137,9,10215,1427,8788,0.8603034752814489,50044,38,0.10181599999486934
27,4,tradeoff,4,68,100,816,3,-0.41494889620603437,-0.35294944850506843,-0.4090573659955137,11,9965,1416,8549,0.8579026593075765,49112,31,0.10026140000263695
27,5,tradeoff,98,13,100,816,3,-0.41494889620603437,-0.35294944850506843,-0.4090573659955137,8,9429,1307,8122,0.8613850885565808,41195,28,0.08604320000449661
27,6,tradeoff,81,17,100,816,3,-0.41494889620603437,-0.35294944850506843,-0.4090573659955137,11,8655,1182,7473,0.8634315424610052,34910,26,0.07395819999510422
27,7,tradeoff,45,13,100,816,3,-0.41494889620603437,-0.35294944850506843,-0.4090573659955137,23,8673,1215,7458,0.8599100657212038,34849,27,0.0754952000133926
27,8,tradeoff,48,98,100,816,3,-0.41494889620603437,-0.35294944850506843,-0.4090573659955137,7,9677,1416,8261,0.8536736591918983,49042,32,0.12115639999683481
27,9,tradeoff,77,81,100,816,3,-0.41494889620603437,-0.35294944850506843,-0.4090573659955137,16,10151,1407,8744,0.8613929662102255,48471,29,0.11540190000960138
27,0,mixed,80,68,100,816,3,0.5659306408656322,-0.37746448360658014,-0.2233690071840866,1,8629,1208,7421,0.8600069532970217,35294,28,0.07478389999596402
27,1,mixed,42,80,100,816,3,0.5659306408656322,-0.37746448360658014,-0.2233690071840866,5,6727,934,5793,0.8611565333729746,21224,18,0.04750580000109039
27,2,mixed,52,44,100,816,3,0.5659306408656322,-0.37746448360658014,-0.2233690071840866,7,7316,1041,6275,0.8577091306724987,25516,21,0.05524380000133533
27,3,mixed,31,90,100,816,3,0.5659306408656322,-0.37746448360658014,-0.2233690071840866,3,7430,1069,6361,0.8561238223418574,26295,25,0.05681639999966137
27,4,mixed,4,68,100,816,3,0.5659306408656322,-0.37746448360658014,-0.2233690071840866,9,6913,999,5914,0.8554896571676551,25003,24,0.053905199994915165
27,5,mixed,98,13,100,816,3,0.5659306408656322,-0.37746448360658014,-0.2233690071840866,8,6747,959,5788,0.857862753816511,21218,18,0.04807740000251215
27,6,mixed,81,17,100,816,3,0.5659306408656322,-0.37746448360658014,-0.2233690071840866,6,6257,893,5364,0.8572798465718395,20557,19,0.04690050000499468
27,7,mixed,45,13,100,816,3,0.5659306408656322,-0.37746448360658014,-0.2233690071840866,13,6592,946,5646,0.8564927184466019,21164,26,0.04839199999696575
27,8,mixed,48,98,100,816,3,0.5659306408656322,-0.37746448360658014,-0.2233690071840866,5,8393,1236,7157,0.852734421541761,36522,35,0.07586389999778476
27,9,mixed,77,81,100,816,3,0.5659306408656322,-0.37746448360658014,-0.2233690071840866,5,7217,1051,6166,0.8543716225578495,27191,27,0.05797950000851415
28,0,positive,74,1,100,761,3,0.7445441551945191,0.7827857760176095,0.7835059279285347,5,2725,433,2292,0.8411009174311926,4573,15,0.01356260001193732
28,1,positive,26,92,100,761,3,0.7445441551945191,0.7827857760176095,0.7835059279285347,9,3492,556,2936,0.8407789232531501,7026,16,0.018177199992351234
28,2,positive,17,34,100,761,3,0.7445441551945191,0.7827857760176095,0.7835059279285347,1,3907,602,3305,0.8459175838239058,8442,23,0.021229699996183626
28,3,positive,63,13,100,761,3,0.7445441551945191,0.7827857760176095,0.7835059279285347,5,2491,429,2062,0.8277800080289041,4436,10,0.012231799992150627
28,4,positive,38,34,100,761,3,0.7445441551945191,0.7827857760176095,0.7835059279285347,2,3226,514,2712,0.8406695598264105,5973,12,0.01601329998811707
28,5,positive,36,2,100,761,3,0.7445441551945191,0.7827857760176095,0.7835059279285347,14,3210,493,2717,0.846417445482866,6475,18,0.01663610000105109
28,6,positive,77,25,100,761,3,0.7445441551945191,0.7827857760176095,0.7835059279285347,4,2850,435,2415,0.8473684210526315,4854,13,0.013463900002534501
28,7,positive,72,99,100,761,3,0.7445441551945191,0.7827857760176095,0.7835059279285347,5,3209,532,2677,0.8342162667497662,6277,15,0.016388000003644265
28,8,positive,92,56,100,761,3,0.7445441551945191,0.7827857760176095,0.7835059279285347,3,2494,402,2092,0.838813151563753,4153,16,0.011649499996565282
28,9,positive,33,36,100,761,3,0.7445441551945191,0.7827857760176095,0.7835059279285347,5,2345,414,1931,0.823454157782516,4133,11,0.011376800001016818
28,0,independent,74,1,100,761,3,-0.09418018523746652,-0.018030975407686632,0.033299426998338426,19,8440,1261,7179,0.8505924170616114,38091,29,0.07740140000532847
28,1,independent,26,92,100,761,3,-0.09418018523746652,-0.018030975407686632,0.033299426998338426,15,8389,1252,7137,0.8507569436166409,36059,30,0.07346829999005422
28,2,independent,17,34,100,761,3,-0.09418018523746652,-0.018030975407686632,0.033299426998338426,1,7896,1182,6714,0.8503039513677811,32425,30,0.06744969999999739
28,3,independent,63,13,100,761,3,-0.09418018523746652,-0.018030975407686632,0.033299426998338426,9,8928,1366,7562,0.8469982078853047,42719,35,0.08653460000641644
28,4,independent,38,34,100,761,3,-0.09418018523746652,-0.018030975407686632,0.033299426998338426,2,8082,1216,6866,0.8495421925266023,36164,32,0.07451720000244677
28,5,independent,36,2,100,761,3,-0.09418018523746652,-0.018030975407686632,0.033299426998338426,14,8846,1358,7488,0.8464842866832467,41774,38,0.0851256000023568
28,6,independent,77,25,100,761,3,-0.09418018523746652,-0.018030975407686632,0.033299426998338426,6,8684,1232,7452,0.8581298940580377,36951,34,0.07812950000516139
28,7,independent,72,99,100,761,3,-0.09418018523746652,-0.018030975407686632,0.033299426998338426,4,7487,1137,6350,0.8481367704020302,28827,26,0.06243989999347832
28,8,independent,92,56,100,761,3,-0.09418018523746652,-0.018030975407686632,0.033299426998338426,10,6623,988,5635,0.8508228899290352,21558,25,0.049330899986671284
28,9,independent,33,36,100,761,3,-0.09418018523746652,-0.018030975407686632,0.033299426998338426,14,6710,1006,5704,0.8500745156482862,23044,24,0.051976200003991835
28,0,tradeoff,74,1,100,761,3,-0.4486266832656321,-0.33607136217600614,-0.3801391465317053,21,9545,1426,8119,0.8506024096385543,50818,33,0.10221810000075493
28,1,tradeoff,26,92,100,761,3,-0.4486266832656321,-0.33607136217600614,-0.3801391465317053,11,10660,1544,9116,0.8551594746716698,54167,36,0.1100497000006726
28,2,tradeoff,17,34,100,761,3,-0.4486266832656321,-0.33607136217600614,-0.3801391465317053,1,10445,1515,8930,0.8549545236955481,55428,40,0.10859429999254644
28,3,tradeoff,63,13,100,761,3,-0.4486266832656321,-0.33607136217600614,-0.3801391465317053,17,10799,1583,9216,0.8534123529956478,58643,31,0.11745480001263786
28,4,tradeoff,38,34,100,761,3,-0.4486266832656321,-0.33607136217600614,-0.3801391465317053,8,9988,1494,8494,0.8504205046055267,56931,32,0.11137579999922309
28,5,tradeoff,36,2,100,761,3,-0.4486266832656321,-0.33607136217600614,-0.3801391465317053,17,9195,1380,7815,0.8499184339314845,43497,27,0.09041970000544097
28,6,tradeoff,77,25,100,761,3,-0.4486266832656321,-0.33607136217600614,-0.3801391465317053,6,8437,1225,7212,0.8548062107384141,39529,28,0.08310370000253897
28,7,tradeoff,72,99,100,761,3,-0.4486266832656321,-0.33607136217600614,-0.3801391465317053,5,9509,1406,8103,0.8521400778210116,44882,40,0.09537559999444056
28,8,tradeoff,92,56,100,761,3,-0.4486266832656321,-0.33607136217600614,-0.3801391465317053,9,8099,1190,6909,0.8530682800345721,32072,27,0.0697671999951126
28,9,tradeoff,33,36,100,761,3,-0.4486266832656321,-0.33607136217600614,-0.3801391465317053,15,9077,1325,7752,0.8540266607910102,40211,35,0.08425440000428353
28,0,mixed,74,1,100,761,3,0.5143652325261538,-0.39830601848128977,-0.15057678415324227,15,7582,1157,6425,0.8474017409654445,31946,25,0.07125570000789594
28,1,mixed,26,92,100,761,3,0.5143652325261538,-0.39830601848128977,-0.15057678415324227,20,7371,1109,6262,0.8495455162121829,27378,27,0.06081199999607634
28,2,mixed,17,34,100,761,3,0.5143652325261538,-0.39830601848128977,-0.15057678415324227,1,6312,962,5350,0.8475918884664132,22944,24,0.052095199993345886
28,3,mixed,63,13,100,761,3,0.5143652325261538,-0.39830601848128977,-0.15057678415324227,10,8089,1243,6846,0.8463345283718631,35203,32,0.07320210000034422
28,4,mixed,38,34,100,761,3,0.5143652325261538,-0.39830601848128977,-0.15057678415324227,2,7352,1107,6245,0.8494287268770403,30345,27,0.06429880000359844
28,5,mixed,36,2,100,761,3,0.5143652325261538,-0.39830601848128977,-0.15057678415324227,15,7325,1132,6193,0.8454607508532423,28904,24,0.06140920000325423
28,6,mixed,77,25,100,761,3,0.5143652325261538,-0.39830601848128977,-0.15057678415324227,8,7532,1086,6446,0.8558151885289432,30039,31,0.06419699999969453
28,7,mixed,72,99,100,761,3,0.5143652325261538,-0.39830601848128977,-0.15057678415324227,6,6955,1079,5876,0.8448598130841122,25783,22,0.055143699995824136
28,8,mixed,92,56,100,761,3,0.5143652325261538,-0.39830601848128977,-0.15057678415324227,9,5510,839,4671,0.8477313974591651,16238,19,0.037081800008309074
28,9,mixed,33,36,100,761,3,0.5143652325261538,-0.39830601848128977,-0.15057678415324227,19,6449,977,5472,0.8485036439758102,21450,23,0.047361900011310354
29,0,positive,14,27,100,739,3,0.7839511062336945,0.7824540239040114,0.7889749223624677,13,3492,595,2897,0.829610538373425,6876,16,0.018349999998463318
29,1,positive,19,47,100,739,3,0.7839511062336945,0.7824540239040114,0.7889749223624677,1,2298,392,1906,0.8294168842471714,3771,9,0.01097950000257697
29,2,positive,63,10,100,739,3,0.7839511062336945,0.7824540239040114,0.7889749223624677,10,3312,547,2765,0.8348429951690821,6557,15,0.017402299999957904
29,3,positive,3,79,100,739,3,0.7839511062336945,0.7824540239040114,0.7889749223624677,4,2867,506,2361,0.8235088943146146,5303,14,0.014573000007658266
29,4,positive,60,35,100,739,3,0.7839511062336945,0.7824540239040114,0.7889749223624677,5,2673,415,2258,0.8447437336326226,4282,10,0.012736199991195463
29,5,positive,19,89,100,739,3,0.7839511062336945,0.7824540239040114,0.7889749223624677,6,2298,392,1906,0.8294168842471714,3771,9,0.010927499999525025
29,6,positive,18,15,100,739,3,0.7839511062336945,0.7824540239040114,0.7889749223624677,11,2736,452,2284,0.8347953216374269,4801,12,0.01342639999347739
29,7,positive,36,51,100,739,3,0.7839511062336945,0.7824540239040114,0.7889749223624677,4,2788,446,2342,0.8400286944045912,4830,14,0.013547600014135242
29,8,positive,12,71,100,739,3,0.7839511062336945,0.7824540239040114,0.7889749223624677,7,2805,465,2340,0.8342245989304813,4948,11,0.01386560000537429
29,9,positive,99,7,100,739,3,0.7839511062336945,0.7824540239040114,0.7889749223624677,5,2541,424,2117,0.8331365604092876,4442,13,0.01319589999911841
29,0,independent,14,27,100,739,3,-0.03417901397141686,0.026497005506060402,-0.007087800770917349,6,7885,1152,6733,0.8538998097653773,31839,27,0.06793730000208598
29,1,independent,19,47,100,739,3,-0.03417901397141686,0.026497005506060402,-0.007087800770917349,10,7554,1233,6321,0.8367752184273233,33443,30,0.0709931999881519
29,2,independent,63,10,100,739,3,-0.03417901397141686,0.026497005506060402,-0.007087800770917349,24,8440,1295,7145,0.8465639810426541,38566,36,0.08360469999024644
29,3,independent,3,79,100,739,3,-0.03417901397141686,0.026497005506060402,-0.007087800770917349,4,8146,1269,6877,0.8442180211146575,37028,39,0.08062059999792837
29,4,independent,60,35,100,739,3,-0.03417901397141686,0.026497005506060402,-0.007087800770917349,10,6747,1053,5694,0.8439306358381503,26305,29,0.059401999998954125
29,5,independent,19,89,100,739,3,-0.03417901397141686,0.026497005506060402,-0.007087800770917349,22,7554,1233,6321,0.8367752184273233,33443,30,0.06942729999718722
29,6,independent,18,15,100,739,3,-0.03417901397141686,0.026497005506060402,-0.007087800770917349,6,6161,947,5214,0.8462911864956988,20677,26,0.04620569999678992
29,7,independent,36,51,100,739,3,-0.03417901397141686,0.026497005506060402,-0.007087800770917349,5,6321,967,5354,0.8470178769182092,21417,24,0.04723599999852013
29,8,independent,12,71,100,739,3,-0.03417901397141686,0.026497005506060402,-0.007087800770917349,11,6160,940,5220,0.8474025974025974,19490,25,0.044002299997373484
29,9,independent,99,7,100,739,3,-0.03417901397141686,0.026497005506060402,-0.007087800770917349,6,7316,1199,6117,0.8361126298523783,30940,24,0.06668360000185203
29,0,tradeoff,14,27,100,739,3,-0.4262442561136342,-0.35707290505669786,-0.3846451178331635,10,9055,1320,7735,0.8542241855328547,41681,27,0.08632060000672936
29,1,tradeoff,19,47,100,739,3,-0.4262442561136342,-0.35707290505669786,-0.3846451178331635,20,8989,1448,7541,0.8389142285015019,47536,28,0.09382419999747071
29,2,tradeoff,63,10,100,739,3,-0.4262442561136342,-0.35707290505669786,-0.3846451178331635,24,9698,1439,8259,0.8516188904928851,48548,35,0.09670789999654517
29,3,tradeoff,3,79,100,739,3,-0.4262442561136342,-0.35707290505669786,-0.3846451178331635,9,10132,1554,8578,0.8466245558626135,56344,33,0.10986139999295119
29,4,tradeoff,60,35,100,739,3,-0.4262442561136342,-0.35707290505669786,-0.3846451178331635,14,9180,1394,7786,0.8481481481481481,48446,37,0.0954965999990236
29,5,tradeoff,19,89,100,739,3,-0.4262442561136342,-0.35707290505669786,-0.3846451178331635,19,8989,1448,7541,0.8389142285015019,47536,28,0.09368980000726879
29,6,tradeoff,18,15,100,739,3,-0.4262442561136342,-0.35707290505669786,-0.3846451178331635,5,7121,1120,6001,0.8427187192809998,29438,26,0.06190640000568237
29,7,tradeoff,36,51,100,739,3,-0.4262442561136342,-0.35707290505669786,-0.3846451178331635,6,7176,1076,6100,0.8500557413600892,27203,32,0.05821040000591893
29,8,tradeoff,12,71,100,739,3,-0.4262442561136342,-0.35707290505669786,-0.3846451178331635,9,7900,1193,6707,0.8489873417721518,30346,25,0.06590580000192858
29,9,tradeoff,99,7,100,739,3,-0.4262442561136342,-0.35707290505669786,-0.3846451178331635,11,10269,1604,8665,0.8438017333722855,57433,41,0.11496600000828039
29,0,mixed,14,27,100,739,3,0.581005542735154,-0.3643669760236898,-0.17627801331582937,12,7488,1086,6402,0.8549679487179487,28419,24,0.06114100001286715
29,1,mixed,19,47,100,739,3,0.581005542735154,-0.3643669760236898,-0.17627801331582937,7,7465,1212,6253,0.837642330877428,33116,28,0.0685038999945391
29,2,mixed,63,10,100,739,3,0.581005542735154,-0.3643669760236898,-0.17627801331582937,17,7688,1202,6486,0.8436524453694069,31448,31,0.06661809999786783
29,3,mixed,3,79,100,739,3,0.581005542735154,-0.3643669760236898,-0.17627801331582937,5,7423,1179,6244,0.8411693385423683,31147,29,0.06549219999578781
29,4,mixed,60,35,100,739,3,0.581005542735154,-0.3643669760236898,-0.17627801331582937,10,6618,1012,5606,0.847083711090964,25111,28,0.05382419998932164
29,5,mixed,19,89,100,739,3,0.581005542735154,-0.3643669760236898,-0.17627801331582937,19,7465,1212,6253,0.837642330877428,33116,28,0.06746020000719
29,6,mixed,18,15,100,739,3,0.581005542735154,-0.3643669760236898,-0.17627801331582937,9,5675,885,4790,0.8440528634361234,18590,23,0.04257499999948777
29,7,mixed,36,51,100,739,3,0.581005542735154,-0.3643669760236898,-0.17627801331582937,4,5758,880,4878,0.8471691559569295,18030,26,0.04057130000728648
29,8,mixed,12,71,100,739,3,0.581005542735154,-0.3643669760236898,-0.17627801331582937,11,6238,940,5298,0.8493106764988778,19579,21,0.04413660000136588
29,9,mixed,99,7,100,739,3,0.581005542735154,-0.3643669760236898,-0.17627801331582937,6,7289,1170,6119,0.8394841542049664,30128,26,0.06287059999885969
30,0,positive,79,60,100,809,3,0.7954889320749549,0.7871433394169294,0.7922107642900125,2,2202,369,1833,0.832425068119891,3364,10,0.01014220000070054
30,1,positive,70,46,100,809,3,0.7954889320749549,0.7871433394169294,0.7922107642900125,11,2933,451,2482,0.8462325264234573,5134,15,0.014397799997823313
30,2,positive,68,1,100,809,3,0.7954889320749549,0.7871433394169294,0.7922107642900125,1,2001,308,1693,0.8460769615192404,2640,8,0.008492799999658018
30,3,positive,58,0,100,809,3,0.7954889320749549,0.7871433394169294,0.7922107642900125,7,3601,541,3060,0.8497639544570953,6687,16,0.018322699994314462
30,4,positive,33,19,100,809,3,0.7954889320749549,0.7871433394169294,0.7922107642900125,1,3216,487,2729,0.8485696517412935,6064,17,0.016582399999606423
30,5,positive,71,61,100,809,3,0.7954889320749549,0.7871433394169294,0.7922107642900125,13,3665,552,3113,0.8493860845839017,7033,15,0.021225899996352382
30,6,positive,39,8,100,809,3,0.7954889320749549,0.7871433394169294,0.7922107642900125,5,3869,600,3269,0.8449211682605324,7912,16,0.029495499999029562
30,7,positive,72,24,100,809,3,0.7954889320749549,0.7871433394169294,0.7922107642900125,1,4002,595,3407,0.8513243378310844,7792,14,0.031071000004885718
30,8,positive,58,71,100,809,3,0.7954889320749549,0.7871433394169294,0.7922107642900125,4,3601,541,3060,0.8497639544570953,6687,16,0.023489800005336292
30,9,positive,68,64,100,809,3,0.7954889320749549,0.7871433394169294,0.7922107642900125,4,2001,308,1693,0.8460769615192404,2640,8,0.00846889999229461
30,0,independent,79,60,100,809,3,0.031903051577495345,-0.016918072340422936,0.02391778497957017,24,7709,1109,6600,0.8561421714878713,28743,27,0.06685110001126304
30,1,independent,70,46,100,809,3,0.031903051577495345,-0.016918072340422936,0.02391778497957017,11,7991,1111,6880,0.8609685896633713,29109,26,0.0659962999925483
30,2,independent,68,1,100,809,3,0.031903051577495345,-0.016918072340422936,0.02391778497957017,17,8129,1120,7009,0.8622216754828392,28271,26,0.0630100999987917
30,3,independent,58,0,100,809,3,0.031903051577495345,-0.016918072340422936,0.02391778497957017,6,6646,948,5698,0.8573578092085465,22115,26,0.05034520001208875
30,4,independent,33,19,100,809,3,0.031903051577495345,-0.016918072340422936,0.02391778497957017,3,8721,1184,7537,0.8642357527806445,35107,38,0.07477690000087023
30,5,independent,71,61,100,809,3,0.031903051577495345,-0.016918072340422936,0.02391778497957017,15,8233,1126,7107,0.8632333292845864,30362,29,0.0664591999957338
30,6,independent,39,8,100,809,3,0.031903051577495345,-0.016918072340422936,0.02391778497957017,11,9180,1339,7841,0.8541394335511983,40089,33,0.08461750000424217
30,7,independent,72,24,100,809,3,0.031903051577495345,-0.016918072340422936,0.02391778497957017,8,10577,1508,9069,0.8574264914436986,52354,31,0.10562269999354612
30,8,independent,58,71,100,809,3,0.031903051577495345,-0.016918072340422936,0.02391778497957017,8,6646,948,5698,0.8573578092085465,22115,26,0.048751499998616055
30,9,independent,68,64,100,809,3,0.031903051577495345,-0.016918072340422936,0.02391778497957017,11,8129,1120,7009,0.8622216754828392,28271,26,0.06390870000177529
30,0,tradeoff,79,60,100,809,3,-0.34683804420986103,-0.42957154636841444,-0.3863011327798006,38,9072,1247,7825,0.8625440917107584,38783,38,0.08278699999209493
30,1,tradeoff,70,46,100,809,3,-0.34683804420986103,-0.42957154636841444,-0.3863011327798006,21,10657,1453,9204,0.8636576897813644,49984,35,0.10616880000452511
30,2,tradeoff,68,1,100,809,3,-0.34683804420986103,-0.42957154636841444,-0.3863011327798006,24,10467,1441,9026,0.8623292251839113,48368,32,0.1024563999962993
30,3,tradeoff,58,0,100,809,3,-0.34683804420986103,-0.42957154636841444,-0.3863011327798006,10,10085,1357,8728,0.8654437283093703,45418,31,0.09753520000958815
30,4,tradeoff,33,19,100,809,3,-0.34683804420986103,-0.42957154636841444,-0.3863011327798006,5,11064,1490,9574,0.8653289949385394,57819,37,0.11631309999211226
30,5,tradeoff,71,61,100,809,3,-0.34683804420986103,-0.42957154636841444,-0.3863011327798006,11,8056,1110,6946,0.862214498510427,29847,31,0.06574549998913426
30,6,tradeoff,39,8,100,809,3,-0.34683804420986103,-0.42957154636841444,-0.3863011327798006,15,12152,1713,10439,0.8590355497037525,67147,38,0.1308495999983279
30,7,tradeoff,72,24,100,809,3,-0.34683804420986103,-0.42957154636841444,-0.3863011327798006,8,10622,1500,9122,0.8587836565618527,55797,31,0.11464120000891853
30,8,tradeoff,58,71,100,809,3,-0.34683804420986103,-0.42957154636841444,-0.3863011327798006,7,10085,1357,8728,0.8654437283093703,45418,31,0.09866010000405367
30,9,tradeoff,68,64,100,809,3,-0.34683804420986103,-0.42957154636841444,-0.3863011327798006,16,10467,1441,9026,0.8623292251839113,48368,32,0.10212750000937376
30,0,mixed,79,60,100,809,3,0.5989265393673532,-0.41340429055608285,-0.20032587633973095,14,6106,876,5230,0.8565345561742548,19279,21,0.04384910000953823
30,1,mixed,70,46,100,809,3,0.5989265393673532,-0.41340429055608285,-0.20032587633973095,16,7221,1012,6209,0.8598532059271569,25085,22,0.05684760000440292
30,2,mixed,68,1,100,809,3,0.5989265393673532,-0.41340429055608285,-0.20032587633973095,13,6207,860,5347,0.8614467536652167,17697,18,0.041145099996356294
30,3,mixed,58,0,100,809,3,0.5989265393673532,-0.41340429055608285,-0.20032587633973095,8,6292,920,5372,0.8537825810553084,20214,26,0.04486890000407584
30,4,mixed,33,19,100,809,3,0.5989265393673532,-0.41340429055608285,-0.20032587633973095,3,7988,1101,6887,0.8621682523785679,31159,36,0.065990300005069
30,5,mixed,71,61,100,809,3,0.5989265393673532,-0.41340429055608285,-0.20032587633973095,17,7660,1055,6605,0.8622715404699739,26560,30,0.05810169999313075
30,6,mixed,39,8,100,809,3,0.5989265393673532,-0.41340429055608285,-0.20032587633973095,6,7957,1182,6775,0.8514515520924971,31667,27,0.06686079999781214
30,7,mixed,72,24,100,809,3,0.5989265393673532,-0.41340429055608285,-0.20032587633973095,6,8219,1154,7065,0.8595936245285315,31413,28,0.06833200000983197
30,8,mixed,58,71,100,809,3,0.5989265393673532,-0.41340429055608285,-0.20032587633973095,5,6292,920,5372,0.8537825810553084,20214,26,0.047618900003726594
30,9,mixed,68,64,100,809,3,0.5989265393673532,-0.41340429055608285,-0.20032587633973095,9,6207,860,5347,0.8614467536652167,17697,18,0.042123400009586476
31,0,positive,39,76,100,807,3,0.799905474474096,0.8030003710367853,0.8016207171922812,3,3570,539,3031,0.8490196078431372,6331,15,0.018987900009960867
31,1,positive,81,28,100,807,3,0.799905474474096,0.8030003710367853,0.8016207171922812,9,2880,450,2430,0.84375,4846,13,0.01414919999660924
31,2,positive,61,88,100,807,3,0.799905474474096,0.8030003710367853,0.8016207171922812,1,2475,397,2078,0.8395959595959596,3809,11,0.011808900002506562
31,3,positive,9,82,100,807,3,0.799905474474096,0.8030003710367853,0.8016207171922812,3,3180,479,2701,0.8493710691823899,5562,12,0.015706899997894652
31,4,positive,1,40,100,807,3,0.799905474474096,0.8030003710367853,0.8016207171922812,2,2570,408,2162,0.8412451361867704,4241,10,0.01226100001076702
31,5,positive,5,17,100,807,3,0.799905474474096,0.8030003710367853,0.8016207171922812,4,2677,424,2253,0.8416137467314158,4256,12,0.012506700004450977
31,6,positive,78,47,100,807,3,0.799905474474096,0.8030003710367853,0.8016207171922812,8,2973,452,2521,0.8479650184998319,4804,11,0.013845199995557778
31,7,positive,5,72,100,807,3,0.799905474474096,0.8030003710367853,0.8016207171922812,3,2677,424,2253,0.8416137467314158,4256,12,0.012757499993313104
31,8,positive,84,8,100,807,3,0.799905474474096,0.8030003710367853,0.8016207171922812,2,2183,359,1824,0.8355474118185983,3119,8,0.009985800003050826
31,9,positive,95,75,100,807,3,0.799905474474096,0.8030003710367853,0.8016207171922812,2,3896,570,3326,0.8536960985626283,7459,17,0.02028969999810215
31,0,independent,39,76,100,807,3,0.03399663971572725,0.023257962623823708,0.02670321834277784,4,6954,1017,5937,0.8537532355478861,23408,31,0.05474199999298435
31,1,independent,81,28,100,807,3,0.03399663971572725,0.023257962623823708,0.02670321834277784,23,9188,1345,7843,0.8536134087940792,40580,36,0.08512160000100266
31,2,independent,61,88,100,807,3,0.03399663971572725,0.023257962623823708,0.02670321834277784,3,8219,1194,7025,0.8547268524151357,31914,28,0.06864779999887105
31,3,independent,9,82,100,807,3,0.03399663971572725,0.023257962623823708,0.02670321834277784,6,8812,1252,7560,0.8579210167952792,34267,29,0.07614099999773316
31,4,independent,1,40,100,807,3,0.03399663971572725,0.023257962623823708,0.02670321834277784,10,9926,1485,8441,0.8503929075156156,49828,32,0.10235800000373274
31,5,independent,5,17,100,807,3,0.03399663971572725,0.023257962623823708,0.02670321834277784,14,9408,1346,8062,0.8569302721088435,41152,27,0.08760660000552889
31,6,independent,78,47,100,807,3,0.03399663971572725,0.023257962623823708,0.02670321834277784,19,7848,1118,6730,0.8575433231396534,27384,26,0.06378959999710787
31,7,independent,5,72,100,807,3,0.03399663971572725,0.023257962623823708,0.02670321834277784,7,9408,1346,8062,0.8569302721088435,41152,27,0.0896540000103414
31,8,independent,84,8,100,807,3,0.03399663971572725,0.023257962623823708,0.02670321834277784,14,8676,1257,7419,0.8551175656984785,36024,30,0.07752130000153556
31,9,independent,95,75,100,807,3,0.03399663971572725,0.023257962623823708,0.02670321834277784,14,8145,1126,7019,0.861755678330264,28604,25,0.0659453999978723
31,0,tradeoff,39,76,100,807,3,-0.3664935181700802,-0.4074289660212058,-0.37712112139491416,4,9473,1316,8157,0.8610788556951335,42402,31,0.09326170000713319
31,1,tradeoff,81,28,100,807,3,-0.3664935181700802,-0.4074289660212058,-0.37712112139491416,19,10182,1519,8663,0.8508151640149283,54907,32,0.11857950000558048
31,2,tradeoff,61,88,100,807,3,-0.3664935181700802,-0.4074289660212058,-0.37712112139491416,7,9669,1386,8283,0.856655290102389,44784,31,0.09643069999583531
31,3,tradeoff,9,82,100,807,3,-0.3664935181700802,-0.4074289660212058,-0.37712112139491416,5,9001,1282,7719,0.8575713809576714,36637,30,0.07689300000492949
31,4,tradeoff,1,40,100,807,3,-0.3664935181700802,-0.4074289660212058,-0.37712112139491416,18,10394,1526,8868,0.8531845295362709,57817,30,0.11336899999878369
31,5,tradeoff,5,17,100,807,3,-0.3664935181700802,-0.4074289660212058,-0.37712112139491416,18,12280,1744,10536,0.8579804560260587,72573,34,0.1412579000025289
31,6,tradeoff,78,47,100,807,3,-0.3664935181700802,-0.4074289660212058,-0.37712112139491416,17,7983,1143,6840,0.8568207440811725,30702,29,0.06560870000976138
31,7,tradeoff,5,72,100,807,3,-0.3664935181700802,-0.4074289660212058,-0.37712112139491416,8,12280,1744,10536,0.8579804560260587,72573,34,0.14077040000120178
31,8,tradeoff,84,8,100,807,3,-0.3664935181700802,-0.4074289660212058,-0.37712112139491416,23,10501,1525,8976,0.8547757356442244,55436,32,0.11054379999404773
31,9,tradeoff,95,75,100,807,3,-0.3664935181700802,-0.4074289660212058,-0.37712112139491416,10,9070,1298,7772,0.8568908489525909,39742,32,0.08623670000815764
31,0,mixed,39,76,100,807,3,0.6130567071251364,-0.37011583440924156,-0.1886200939209988,5,6838,1001,5837,0.8536121673003803,23263,24,0.05264530000567902
31,1,mixed,81,28,100,807,3,0.6130567071251364,-0.37011583440924156,-0.1886200939209988,10,7317,1061,6256,0.8549952166188328,27327,32,0.0631744999991497
31,2,mixed,61,88,100,807,3,0.6130567071251364,-0.37011583440924156,-0.1886200939209988,3,7037,1032,6005,0.8533465965610345,25394,25,0.056128199998056516
31,3,mixed,9,82,100,807,3,0.6130567071251364,-0.37011583440924156,-0.1886200939209988,9,7335,1058,6277,0.8557600545330607,25342,26,0.05731000000378117
31,4,mixed,1,40,100,807,3,0.6130567071251364,-0.37011583440924156,-0.1886200939209988,14,8845,1320,7525,0.8507631430186546,40563,28,0.0851595999993151
31,5,mixed,5,17,100,807,3,0.6130567071251364,-0.37011583440924156,-0.1886200939209988,11,7395,1084,6311,0.8534144692359702,26914,25,0.059312400000635535
31,6,mixed,78,47,100,807,3,0.6130567071251364,-0.37011583440924156,-0.1886200939209988,12,6171,889,5282,0.8559390698428132,18609,22,0.043208000002778135
31,7,mixed,5,72,100,807,3,0.6130567071251364,-0.37011583440924156,-0.1886200939209988,5,7395,1084,6311,0.8534144692359702,26914,25,0.06111840000085067
31,8,mixed,84,8,100,807,3,0.6130567071251364,-0.37011583440924156,-0.1886200939209988,10,7220,1046,6174,0.8551246537396122,26605,24,0.06036570000287611
31,9,mixed,95,75,100,807,3,0.6130567071251364,-0.37011583440924156,-0.1886200939209988,9,7291,1038,6253,0.8576326978466603,24431,25,0.05399579998629633
32,0,positive,80,38,100,811,3,0.7875535981944818,0.7677026041008456,0.8160651459080039,3,3547,528,3019,0.851141809980265,6638,15,0.01820620000944473
32,1,positive,58,71,100,811,3,0.7875535981944818,0.7677026041008456,0.8160651459080039,5,3658,540,3118,0.8523783488244943,6779,17,0.01873409999825526
32,2,positive,81,36,100,811,3,0.7875535981944818,0.7677026041008456,0.8160651459080039,1,2787,422,2365,0.8485827054180122,4258,10,0.013025399995967746
32,3,positive,6,9,100,811,3,0.7875535981944818,0.7677026041008456,0.8160651459080039,2,4297,667,3630,0.8447754247149174,10571,19,0.02657849999377504
32,4,positive,48,92,100,811,3,0.7875535981944818,0.7677026041008456,0.8160651459080039,6,2244,358,1886,0.8404634581105169,3331,9,0.010399899998446926
32,5,positive,44,0,100,811,3,0.7875535981944818,0.7677026041008456,0.8160651459080039,2,2306,341,1965,0.8521248915871639,3310,9,0.010527699996600859
32,6,positive,31,27,100,811,3,0.7875535981944818,0.7677026041008456,0.8160651459080039,1,4357,672,3685,0.8457654349322928,9363,17,0.02471440000226721
32,7,positive,38,45,100,811,3,0.7875535981944818,0.7677026041008456,0.8160651459080039,4,3676,569,3107,0.8452121871599565,6836,12,0.01915410000947304
32,8,positive,56,16,100,811,3,0.7875535981944818,0.7677026041008456,0.8160651459080039,12,3074,452,2622,0.8529603122966819,5024,12,0.014695699996082112
32,9,positive,58,6,100,811,3,0.7875535981944818,0.7677026041008456,0.8160651459080039,4,3658,540,3118,0.8523783488244943,6779,17,0.019241599991801195
32,0,independent,80,38,100,811,3,0.004639766611304163,-0.015971453729015966,0.10567130355587576,5,7989,1128,6861,0.8588058580548253,28184,31,0.06283340000663884
32,1,independent,58,71,100,811,3,0.004639766611304163,-0.015971453729015966,0.10567130355587576,6,8912,1299,7613,0.8542414721723519,40063,38,0.08158270000421908
32,2,independent,81,36,100,811,3,0.004639766611304163,-0.015971453729015966,0.10567130355587576,2,7504,1090,6414,0.8547441364605544,26981,24,0.05958539999846835
32,3,independent,6,9,100,811,3,0.004639766611304163,-0.015971453729015966,0.10567130355587576,2,7802,1144,6658,0.8533709305306332,32377,25,0.06789729998854455
32,4,independent,48,92,100,811,3,0.004639766611304163,-0.015971453729015966,0.10567130355587576,13,11799,1622,10177,0.8625307229426222,62876,38,0.12775039998814464
32,5,independent,44,0,100,811,3,0.004639766611304163,-0.015971453729015966,0.10567130355587576,6,6692,921,5771,0.8623729826658697,20395,25,0.04671559999405872
32,6,independent,31,27,100,811,3,0.004639766611304163,-0.015971453729015966,0.10567130355587576,7,10055,1389,8666,0.8618597712580806,44064,34,0.09270150000520516
32,7,independent,38,45,100,811,3,0.004639766611304163,-0.015971453729015966,0.10567130355587576,11,9951,1410,8541,0.858305697919807,44315,27,0.09455130000424106
32,8,independent,56,16,100,811,3,0.004639766611304163,-0.015971453729015966,0.10567130355587576,9,8594,1203,7391,0.8600186176402141,34069,32,0.07266020000679418
32,9,independent,58,6,100,811,3,0.004639766611304163,-0.015971453729015966,0.10567130355587576,11,8912,1299,7613,0.8542414721723519,40063,38,0.0815835999965202
32,0,tradeoff,80,38,100,811,3,-0.3712675211894094,-0.43648708831755695,-0.3437237588998013,7,8653,1223,7430,0.8586617358141685,34370,28,0.07313410000642762
32,1,tradeoff,58,71,100,811,3,-0.3712675211894094,-0.43648708831755695,-0.3437237588998013,16,9644,1397,8247,0.8551430941518042,48230,31,0.10023580001143273
32,2,tradeoff,81,36,100,811,3,-0.3712675211894094,-0.43648708831755695,-0.3437237588998013,8,10021,1447,8574,0.8556032332102584,49879,34,0.10276999999769032
32,3,tradeoff,6,9,100,811,3,-0.3712675211894094,-0.43648708831755695,-0.3437237588998013,2,9670,1327,8343,0.8627714581178904,45142,33,0.09618740000587422
32,4,tradeoff,48,92,100,811,3,-0.3712675211894094,-0.43648708831755695,-0.3437237588998013,9,15470,2121,13349,0.86289592760181,110173,43,0.2131192000088049
32,5,tradeoff,44,0,100,811,3,-0.3712675211894094,-0.43648708831755695,-0.3437237588998013,12,10132,1369,8763,0.8648835373075404,44201,35,0.09498700000403915
32,6,tradeoff,31,27,100,811,3,-0.3712675211894094,-0.43648708831755695,-0.3437237588998013,16,12221,1686,10535,0.8620407495294984,68150,34,0.134558299992932
32,7,tradeoff,38,45,100,811,3,-0.3712675211894094,-0.43648708831755695,-0.3437237588998013,12,10853,1545,9308,0.8576430480051599,55844,34,0.11346059999777935
32,8,tradeoff,56,16,100,811,3,-0.3712675211894094,-0.43648708831755695,-0.3437237588998013,18,10119,1405,8714,0.8611522877754719,50989,37,0.10294759999669623
32,9,tradeoff,58,6,100,811,3,-0.3712675211894094,-0.43648708831755695,-0.3437237588998013,11,9644,1397,8247,0.8551430941518042,48230,31,0.10137780000513885
32,0,mixed,80,38,100,811,3,0.5792803986474585,-0.4159406790431704,-0.12340609380827249,4,7322,1035,6287,0.8586451789128653,24832,23,0.05617009999696165
32,1,mixed,58,71,100,811,3,0.5792803986474585,-0.4159406790431704,-0.12340609380827249,7,7567,1118,6449,0.8522532047046386,30028,23,0.0648794999870006
32,2,mixed,81,36,100,811,3,0.5792803986474585,-0.4159406790431704,-0.12340609380827249,4,7282,1047,6235,0.856220818456468,25579,21,0.056403400012641214
32,3,mixed,6,9,100,811,3,0.5792803986474585,-0.4159406790431704,-0.12340609380827249,2,6975,1017,5958,0.8541935483870968,26408,23,0.05710989999352023
32,4,mixed,48,92,100,811,3,0.5792803986474585,-0.4159406790431704,-0.12340609380827249,12,10024,1413,8611,0.8590383080606544,50931,32,0.10749569999461528
32,5,mixed,44,0,100,811,3,0.5792803986474585,-0.4159406790431704,-0.12340609380827249,7,5522,777,4745,0.8592901122781601,15957,21,0.037071900005685166
32,6,mixed,31,27,100,811,3,0.5792803986474585,-0.4159406790431704,-0.12340609380827249,5,9761,1358,8403,0.8608749103575454,44737,28,0.09547349999775179
32,7,mixed,38,45,100,811,3,0.5792803986474585,-0.4159406790431704,-0.12340609380827249,10,8581,1239,7342,0.8556112341218972,34681,23,0.07853759999852628
32,8,mixed,56,16,100,811,3,0.5792803986474585,-0.4159406790431704,-0.12340609380827249,10,7572,1029,6543,0.8641045958795562,26778,23,0.06133290000434499
32,9,mixed,58,6,100,811,3,0.5792803986474585,-0.4159406790431704,-0.12340609380827249,11,7567,1118,6449,0.8522532047046386,30028,23,0.0669186000013724
33,0,positive,1,3,100,818,3,0.783470434945338,0.7961525122621681,0.783952244378614,3,2544,406,2138,0.8404088050314465,3959,11,0.011910500004887581
33,1,positive,80,41,100,818,3,0.783470434945338,0.7961525122621681,0.783952244378614,6,2788,445,2343,0.8403873744619799,4609,11,0.013196100000641309
33,2,positive,4,8,100,818,3,0.783470434945338,0.7961525122621681,0.783952244378614,5,2675,411,2264,0.8463551401869159,4093,13,0.012265899989870377
33,3,positive,76,1,100,818,3,0.783470434945338,0.7961525122621681,0.783952244378614,2,2422,403,2019,0.8336085879438481,3748,11,0.011441200011176988
33,4,positive,34,59,100,818,3,0.783470434945338,0.7961525122621681,0.783952244378614,2,2723,424,2299,0.8442893867058392,4410,11,0.01269069999398198
33,5,positive,89,87,100,818,3,0.783470434945338,0.7961525122621681,0.783952244378614,1,3304,517,2787,0.8435230024213075,6133,16,0.016552899993257597
33,6,positive,67,24,100,818,3,0.783470434945338,0.7961525122621681,0.783952244378614,1,3167,516,2651,0.837069782128197,5697,12,0.01585309999063611
33,7,positive,18,22,100,818,3,0.783470434945338,0.7961525122621681,0.783952244378614,1,3281,535,2746,0.8369399573300823,6107,11,0.016546499988180585
33,8,positive,95,14,100,818,3,0.783470434945338,0.7961525122621681,0.783952244378614,5,3855,572,3283,0.851621271076524,6977,14,0.019469299993943423
33,9,positive,32,72,100,818,3,0.783470434945338,0.7961525122621681,0.783952244378614,5,2976,492,2484,0.8346774193548387,5330,13,0.014709499999298714
33,0,independent,1,3,100,818,3,-0.007780247842178838,0.01608581195324639,-0.046475485407919494,2,8860,1223,7637,0.8619638826185102,36213,30,0.07638549999683164
33,1,independent,80,41,100,818,3,-0.007780247842178838,0.01608581195324639,-0.046475485407919494,19,8133,1170,6963,0.8561416451493914,32024,28,0.06867219999548979
33,2,independent,4,8,100,818,3,-0.007780247842178838,0.01608581195324639,-0.046475485407919494,27,7726,1100,6626,0.8576236085943567,27701,31,0.06652640001266263
33,3,independent,76,1,100,818,3,-0.007780247842178838,0.01608581195324639,-0.046475485407919494,16,8125,1152,6973,0.8582153846153846,29616,27,0.08257830000366084
33,4,independent,34,59,100,818,3,-0.007780247842178838,0.01608581195324639,-0.046475485407919494,17,7915,1088,6827,0.8625394819962098,27258,29,0.06307649999507703
33,5,independent,89,87,100,818,3,-0.007780247842178838,0.01608581195324639,-0.046475485407919494,2,7873,1155,6718,0.8532960751937,31384,26,0.06727559999853838
33,6,independent,67,24,100,818,3,-0.007780247842178838,0.01608581195324639,-0.046475485407919494,14,7968,1170,6798,0.8531626506024096,29599,32,0.06595639999432024
33,7,independent,18,22,100,818,3,-0.007780247842178838,0.01608581195324639,-0.046475485407919494,7,7512,1107,6405,0.8526357827476039,28572,23,0.062367500009713694
33,8,independent,95,14,100,818,3,-0.007780247842178838,0.01608581195324639,-0.046475485407919494,12,8843,1317,7526,0.851068641863621,38086,26,0.07942019999609329
33,9,independent,32,72,100,818,3,-0.007780247842178838,0.01608581195324639,-0.046475485407919494,10,8024,1171,6853,0.8540628115653041,30791,25,0.06686200000694953
33,0,tradeoff,1,3,100,818,3,-0.40458303553027564,-0.37952164344189165,-0.4112067280298248,3,10323,1467,8856,0.8578901482127289,52783,33,0.10949909999908414
33,1,tradeoff,80,41,100,818,3,-0.40458303553027564,-0.37952164344189165,-0.4112067280298248,19,9920,1413,8507,0.8575604838709677,45708,34,0.09355269999650773
33,2,tradeoff,4,8,100,818,3,-0.40458303553027564,-0.37952164344189165,-0.4112067280298248,21,9084,1257,7827,0.8616248348745046,36659,32,0.07786600000690669
33,3,tradeoff,76,1,100,818,3,-0.40458303553027564,-0.37952164344189165,-0.4112067280298248,21,10222,1408,8814,0.8622578751711993,44256,36,0.09197870000207331
33,4,tradeoff,34,59,100,818,3,-0.40458303553027564,-0.37952164344189165,-0.4112067280298248,19,10134,1385,8749,0.8633313597789619,43174,27,0.09112349999486469
33,5,tradeoff,89,87,100,818,3,-0.40458303553027564,-0.37952164344189165,-0.4112067280298248,5,10394,1458,8936,0.8597267654416009,49983,33,0.10345500000403263
33,6,tradeoff,67,24,100,818,3,-0.40458303553027564,-0.37952164344189165,-0.4112067280298248,18,9265,1286,7979,0.8611980572045332,40794,38,0.0849203999969177
33,7,tradeoff,18,22,100,818,3,-0.40458303553027564,-0.37952164344189165,-0.4112067280298248,13,9903,1418,8485,0.8568110673533272,46638,29,0.09753559999808203
33,8,tradeoff,95,14,100,818,3,-0.40458303553027564,-0.37952164344189165,-0.4112067280298248,9,10431,1507,8924,0.8555267951299013,53343,38,0.10998349999135826
33,9,tradeoff,32,72,100,818,3,-0.40458303553027564,-0.37952164344189165,-0.4112067280298248,10,10367,1468,8899,0.8583968361145944,49657,32,0.10217800000100397
33,0,mixed,1,3,100,818,3,0.5758711987651659,-0.39627348158017084,-0.22987922611985853,3,7051,1031,6020,0.8537796057296837,25586,22,0.05693410000822041
33,1,mixed,80,41,100,818,3,0.5758711987651659,-0.39627348158017084,-0.22987922611985853,17,7814,1122,6692,0.856411568978756,29146,27,0.06339840000146069
33,2,mixed,4,8,100,818,3,0.5758711987651659,-0.39627348158017084,-0.22987922611985853,25,7374,1018,6356,0.8619473826959587,24864,29,0.05472860000736546
33,3,mixed,76,1,100,818,3,0.5758711987651659,-0.39627348158017084,-0.22987922611985853,10,7130,996,6134,0.8603085553997195,22812,26,0.05131799999799114
33,4,mixed,34,59,100,818,3,0.5758711987651659,-0.39627348158017084,-0.22987922611985853,7,6711,939,5772,0.8600804649083594,19865,24,0.04565359999833163
33,5,mixed,89,87,100,818,3,0.5758711987651659,-0.39627348158017084,-0.22987922611985853,3,7610,1109,6501,0.8542706964520368,29453,25,0.06371170000056736
33,6,mixed,67,24,100,818,3,0.5758711987651659,-0.39627348158017084,-0.22987922611985853,12,7324,1043,6281,0.857591480065538,25242,25,0.05531330000667367
33,7,mixed,18,22,100,818,3,0.5758711987651659,-0.39627348158017084,-0.22987922611985853,5,7678,1131,6547,0.8526960145871321,29608,23,0.06396359999780543
33,8,mixed,95,14,100,818,3,0.5758711987651659,-0.39627348158017084,-0.22987922611985853,14,8141,1213,6928,0.851001105515293,30770,28,0.06704589999571908
33,9,mixed,32,72,100,818,3,0.5758711987651659,-0.39627348158017084,-0.22987922611985853,10,7865,1171,6694,0.8511125238397965,29862,22,0.06827210000483319
34,0,positive,71,43,100,758,3,0.8131978436064178,0.8117593481598735,0.8072567997254209,6,2739,456,2283,0.8335158817086528,4587,9,0.013235999998869374
34,1,positive,28,55,100,758,3,0.8131978436064178,0.8117593481598735,0.8072567997254209,5,2753,454,2299,0.8350889938249183,4914,15,0.01381010000477545
34,2,positive,29,19,100,758,3,0.8131978436064178,0.8117593481598735,0.8072567997254209,1,2904,472,2432,0.837465564738292,4942,12,0.0143034000066109
34,3,positive,44,7,100,758,3,0.8131978436064178,0.8117593481598735,0.8072567997254209,2,2387,411,1976,0.8278173439463762,3734,8,0.011127099991426803
34,4,positive,89,92,100,758,3,0.8131978436064178,0.8117593481598735,0.8072567997254209,5,1999,348,1651,0.8259129564782391,2990,11,0.009143899995251559
34,5,positive,11,42,100,758,3,0.8131978436064178,0.8117593481598735,0.8072567997254209,1,2742,458,2284,0.8329686360320934,4808,15,0.013850200004526414
34,6,positive,16,76,100,758,3,0.8131978436064178,0.8117593481598735,0.8072567997254209,2,3060,486,2574,0.8411764705882353,5492,13,0.018504099993151613
34,7,positive,40,81,100,758,3,0.8131978436064178,0.8117593481598735,0.8072567997254209,4,2225,387,1838,0.826067415730337,3473,9,0.010317999986000359
34,8,positive,71,24,100,758,3,0.8131978436064178,0.8117593481598735,0.8072567997254209,5,2739,456,2283,0.8335158817086528,4587,9,0.013523999994504265
34,9,positive,0,76,100,758,3,0.8131978436064178,0.8117593481598735,0.8072567997254209,3,2449,395,2054,0.8387096774193549,3680,9,0.0124404000089271
34,0,independent,71,43,100,758,3,0.07926803250366765,0.052981811711762125,-0.007162013708395936,10,8168,1228,6940,0.8496571988246817,36629,27,0.08058519999030977
34,1,independent,28,55,100,758,3,0.07926803250366765,0.052981811711762125,-0.007162013708395936,5,6343,995,5348,0.843134163644963,24449,25,0.05480709999392275
34,2,independent,29,19,100,758,3,0.07926803250366765,0.052981811711762125,-0.007162013708395936,3,7528,1187,6341,0.8423219978746015,29566,25,0.06368590000784025
34,3,independent,44,7,100,758,3,0.07926803250366765,0.052981811711762125,-0.007162013708395936,3,7940,1179,6761,0.8515113350125945,31896,29,0.06780400000570808
34,4,independent,89,92,100,758,3,0.07926803250366765,0.052981811711762125,-0.007162013708395936,8,6520,1018,5502,0.8438650306748466,23179,24,0.052225699997507036
34,5,independent,11,42,100,758,3,0.07926803250366765,0.052981811711762125,-0.007162013708395936,1,8140,1269,6871,0.8441031941031941,35348,24,0.07497210000292398
34,6,independent,16,76,100,758,3,0.07926803250366765,0.052981811711762125,-0.007162013708395936,10,7633,1179,6454,0.8455391065112013,31769,26,0.06626400000823196
34,7,independent,40,81,100,758,3,0.07926803250366765,0.052981811711762125,-0.007162013708395936,12,7061,1039,6022,0.8528537034414388,23689,24,0.05234110000310466
34,8,independent,71,24,100,758,3,0.07926803250366765,0.052981811711762125,-0.007162013708395936,13,8168,1228,6940,0.8496571988246817,36629,27,0.07470610000018496
34,9,independent,0,76,100,758,3,0.07926803250366765,0.052981811711762125,-0.007162013708395936,14,8631,1290,7341,0.8505387556482447,38548,32,0.07990419999987353
34,0,tradeoff,71,43,100,758,3,-0.32390033052392,-0.4015015662688559,-0.412120689282723,14,9208,1352,7856,0.8531711555169418,45768,36,0.09222230000887066
34,1,tradeoff,28,55,100,758,3,-0.32390033052392,-0.4015015662688559,-0.412120689282723,6,8564,1262,7302,0.8526389537599253,39443,28,0.08165399999415968
34,2,tradeoff,29,19,100,758,3,-0.32390033052392,-0.4015015662688559,-0.412120689282723,3,8845,1307,7538,0.8522328999434708,40840,41,0.08368280000286177
34,3,tradeoff,44,7,100,758,3,-0.32390033052392,-0.4015015662688559,-0.412120689282723,3,9501,1440,8061,0.848437006630881,48590,34,0.0976583000010578
34,4,tradeoff,89,92,100,758,3,-0.32390033052392,-0.4015015662688559,-0.412120689282723,7,8037,1219,6818,0.8483264899838248,36989,28,0.07639310001104604
34,5,tradeoff,11,42,100,758,3,-0.32390033052392,-0.4015015662688559,-0.412120689282723,4,9902,1483,8419,0.8502322763078166,50286,31,0.10165100000449456
34,6,tradeoff,16,76,100,758,3,-0.32390033052392,-0.4015015662688559,-0.412120689282723,9,8403,1291,7112,0.8463643936689278,39790,27,0.08079300000099465
34,7,tradeoff,40,81,100,758,3,-0.32390033052392,-0.4015015662688559,-0.412120689282723,8,7525,1086,6439,0.8556810631229236,27431,31,0.05958300000929739
34,8,tradeoff,71,24,100,758,3,-0.32390033052392,-0.4015015662688559,-0.412120689282723,15,9208,1352,7856,0.8531711555169418,45768,36,0.09285739999904763
34,9,tradeoff,0,76,100,758,3,-0.32390033052392,-0.4015015662688559,-0.412120689282723,22,10988,1629,9359,0.8517473607571897,66695,44,0.1294151000038255
34,0,mixed,71,43,100,758,3,0.6345252508326518,-0.34612945458416317,-0.19222308223294976,11,6580,1020,5560,0.8449848024316109,24354,24,0.053709799991338514
34,1,mixed,28,55,100,758,3,0.6345252508326518,-0.34612945458416317,-0.19222308223294976,4,6708,1042,5666,0.8446630888491353,25670,24,0.05524129999685101
34,2,mixed,29,19,100,758,3,0.6345252508326518,-0.34612945458416317,-0.19222308223294976,1,6063,962,5101,0.8413326735939304,19630,24,0.04380729999684263
34,3,mixed,44,7,100,758,3,0.6345252508326518,-0.34612945458416317,-0.19222308223294976,3,6811,1045,5766,0.8465717222140655,25227,23,0.05445280000276398
34,4,mixed,89,92,100,758,3,0.6345252508326518,-0.34612945458416317,-0.19222308223294976,5,5523,875,4648,0.8415716096324461,18405,23,0.04103710000345018
34,5,mixed,11,42,100,758,3,0.6345252508326518,-0.34612945458416317,-0.19222308223294976,1,8004,1224,6780,0.8470764617691154,33139,20,0.07014640000124928
34,6,mixed,16,76,100,758,3,0.6345252508326518,-0.34612945458416317,-0.19222308223294976,4,7092,1094,5998,0.8457416807670615,27462,22,0.05926310000359081
34,7,mixed,40,81,100,758,3,0.6345252508326518,-0.34612945458416317,-0.19222308223294976,14,5922,871,5051,0.8529213103681189,17685,22,0.04116769999382086
34,8,mixed,71,24,100,758,3,0.6345252508326518,-0.34612945458416317,-0.19222308223294976,10,6580,1020,5560,0.8449848024316109,24354,24,0.05367919999116566
34,9,mixed,0,76,100,758,3,0.6345252508326518,-0.34612945458416317,-0.19222308223294976,8,6271,940,5331,0.8501036517301865,22192,25,0.04973709999467246
35,0,positive,49,8,100,785,3,0.7677419905471061,0.7651729737364512,0.7815764598985794,3,3168,473,2695,0.8506944444444444,5576,11,0.015759300003992394
35,1,positive,51,90,100,785,3,0.7677419905471061,0.7651729737364512,0.7815764598985794,3,2855,424,2431,0.8514886164623467,4829,14,0.014633300001150928
35,2,positive,96,29,100,785,3,0.7677419905471061,0.7651729737364512,0.7815764598985794,7,3124,467,2657,0.8505121638924455,5533,14,0.015929499990306795
35,3,positive,60,16,100,785,3,0.7677419905471061,0.7651729737364512,0.7815764598985794,1,3819,622,3197,0.8371301387797853,7957,15,0.02082449999579694
35,4,positive,38,82,100,785,3,0.7677419905471061,0.7651729737364512,0.7815764598985794,3,3391,497,2894,0.8534355647301681,6324,21,0.01705759999458678
35,5,positive,42,13,100,785,3,0.7677419905471061,0.7651729737364512,0.7815764598985794,5,3885,594,3291,0.8471042471042471,7872,15,0.020659399990108795
35,6,positive,84,36,100,785,3,0.7677419905471061,0.7651729737364512,0.7815764598985794,3,2707,419,2288,0.8452161063908386,4438,14,0.012795899994671345
35,7,positive,63,68,100,785,3,0.7677419905471061,0.7651729737364512,0.7815764598985794,10,3696,543,3153,0.8530844155844156,7199,17,0.01953039999352768
35,8,positive,38,25,100,785,3,0.7677419905471061,0.7651729737364512,0.7815764598985794,4,3391,497,2894,0.8534355647301681,6324,21,0.017697100003715605
35,9,positive,55,4,100,785,3,0.7677419905471061,0.7651729737364512,0.7815764598985794,2,2633,446,2187,0.8306114698063046,4552,10,0.012658700012252666
35,0,independent,49,8,100,785,3,-0.013699892882155852,-0.042448038954340565,0.03727858886514941,9,5615,798,4817,0.8578806767586821,16008,22,0.03720059999614023
35,1,independent,51,90,100,785,3,-0.013699892882155852,-0.042448038954340565,0.03727858886514941,11,7227,1028,6199,0.8577556385775564,24884,27,0.05454319999262225
35,2,independent,96,29,100,785,3,-0.013699892882155852,-0.042448038954340565,0.03727858886514941,5,8440,1200,7240,0.8578199052132701,33680,30,0.07117830000061076
35,3,independent,60,16,100,785,3,-0.013699892882155852,-0.042448038954340565,0.03727858886514941,1,7879,1161,6718,0.8526462749079833,31217,25,0.06666519999271259
35,4,independent,38,82,100,785,3,-0.013699892882155852,-0.042448038954340565,0.03727858886514941,13,8058,1090,6968,0.8647307024075453,28391,26,0.06222100000013597
35,5,independent,42,13,100,785,3,-0.013699892882155852,-0.042448038954340565,0.03727858886514941,16,9468,1390,8078,0.8531896915927334,44794,27,0.0910096000006888
35,6,independent,84,36,100,785,3,-0.013699892882155852,-0.042448038954340565,0.03727858886514941,15,7593,1104,6489,0.8546029237455551,29053,29,0.061259900001459755
35,7,independent,63,68,100,785,3,-0.013699892882155852,-0.042448038954340565,0.03727858886514941,10,6833,970,5863,0.858041855700278,22453,19,0.04948770000191871
35,8,independent,38,25,100,785,3,-0.013699892882155852,-0.042448038954340565,0.03727858886514941,9,8058,1090,6968,0.8647307024075453,28391,26,0.06206539999402594
35,9,independent,55,4,100,785,3,-0.013699892882155852,-0.042448038954340565,0.03727858886514941,3,7596,1165,6431,0.8466298051606108,30553,26,0.06379800000286195
35,0,tradeoff,49,8,100,785,3,-0.3931842080883942,-0.4054829557720015,-0.35259969826167853,10,7111,988,6123,0.8610603290676416,23775,29,0.05487379999249242
35,1,tradeoff,51,90,100,785,3,-0.3931842080883942,-0.4054829557720015,-0.35259969826167853,17,9443,1336,8107,0.8585195382823255,42305,32,0.08518870000261813
35,2,tradeoff,96,29,100,785,3,-0.3931842080883942,-0.4054829557720015,-0.35259969826167853,6,9971,1388,8583,0.8607963092969612,46438,29,0.09389029999147169
35,3,tradeoff,60,16,100,785,3,-0.3931842080883942,-0.4054829557720015,-0.35259969826167853,1,8766,1250,7516,0.8574036048368697,35868,31,0.07939020000048913
35,4,tradeoff,38,82,100,785,3,-0.3931842080883942,-0.4054829557720015,-0.35259969826167853,6,9887,1389,8498,0.859512491149995,48966,36,0.09961179998936132
35,5,tradeoff,42,13,100,785,3,-0.3931842080883942,-0.4054829557720015,-0.35259969826167853,19,9654,1381,8273,0.8569504868448311,46397,29,0.09553639999649022
35,6,tradeoff,84,36,100,785,3,-0.3931842080883942,-0.4054829557720015,-0.35259969826167853,13,7831,1101,6730,0.8594049291278253,29410,25,0.06372259999625385
35,7,tradeoff,63,68,100,785,3,-0.3931842080883942,-0.4054829557720015,-0.35259969826167853,7,7627,1050,6577,0.8623311918185393,28596,20,0.061915400001453236
35,8,tradeoff,38,25,100,785,3,-0.3931842080883942,-0.4054829557720015,-0.35259969826167853,20,9887,1389,8498,0.859512491149995,48966,36,0.1013678000017535
35,9,tradeoff,55,4,100,785,3,-0.3931842080883942,-0.4054829557720015,-0.35259969826167853,7,10594,1547,9047,0.8539739475174627,52602,34,0.11046809999970719
35,0,mixed,49,8,100,785,3,0.5573434131537265,-0.4158974552848014,-0.181189646103168,10,5532,791,4741,0.8570137382501808,15350,22,0.037928500009002164
35,1,mixed,51,90,100,785,3,0.5573434131537265,-0.4158974552848014,-0.181189646103168,7,7234,1038,6196,0.8565109206524745,25882,25,0.05935089998820331
35,2,mixed,96,29,100,785,3,0.5573434131537265,-0.4158974552848014,-0.181189646103168,7,7723,1110,6613,0.8562734688592516,29404,26,0.06657380000979174
35,3,mixed,60,16,100,785,3,0.5573434131537265,-0.4158974552848014,-0.181189646103168,1,7643,1142,6501,0.850582232107811,30478,27,0.0679890999890631
35,4,mixed,38,82,100,785,3,0.5573434131537265,-0.4158974552848014,-0.181189646103168,15,8763,1184,7579,0.86488645441059,35019,26,0.07760169998800848
35,5,mixed,42,13,100,785,3,0.5573434131537265,-0.4158974552848014,-0.181189646103168,12,8587,1282,7305,0.8507045533946663,37763,24,0.08194380000350066
35,6,mixed,84,36,100,785,3,0.5573434131537265,-0.4158974552848014,-0.181189646103168,15,6721,991,5730,0.8525517036155335,23693,23,0.05536779999965802
35,7,mixed,63,68,100,785,3,0.5573434131537265,-0.4158974552848014,-0.181189646103168,10,6077,858,5219,0.8588119137732434,19098,22,0.0454940999916289
35,8,mixed,38,25,100,785,3,0.5573434131537265,-0.4158974552848014,-0.181189646103168,7,8763,1184,7579,0.86488645441059,35019,26,0.07765799999469891
35,9,mixed,55,4,100,785,3,0.5573434131537265,-0.4158974552848014,-0.181189646103168,4,8996,1370,7626,0.8477100933748333,41150,27,0.0896356999874115
36,0,positive,81,64,100,782,3,0.8014947096452644,0.791394268917173,0.7985874705083693,2,2817,450,2367,0.8402555910543131,4613,11,0.013447200006339699
36,1,positive,97,45,100,782,3,0.8014947096452644,0.791394268917173,0.7985874705083693,2,2815,473,2342,0.8319715808170515,5142,12,0.01543159999710042
36,2,positive,53,65,100,782,3,0.8014947096452644,0.791394268917173,0.7985874705083693,6,3559,554,3005,0.8443382972745153,6884,14,0.02153559999715071
36,3,positive,42,91,100,782,3,0.8014947096452644,0.791394268917173,0.7985874705083693,2,3506,543,2963,0.8451226468910439,6591,12,0.018463300002622418
36,4,positive,77,65,100,782,3,0.8014947096452644,0.791394268917173,0.7985874705083693,8,4219,658,3561,0.8440388717705617,9319,16,0.023523299998487346
36,5,positive,43,22,100,782,3,0.8014947096452644,0.791394268917173,0.7985874705083693,1,3293,524,2769,0.8408745824476161,6489,18,0.017868499999167398
36,6,positive,53,37,100,782,3,0.8014947096452644,0.791394268917173,0.7985874705083693,5,3559,554,3005,0.8443382972745153,6884,14,0.022443200010457076
36,7,positive,28,79,100,782,3,0.8014947096452644,0.791394268917173,0.7985874705083693,3,2797,468,2329,0.832677869145513,4851,11,0.01384630000393372
36,8,positive,71,33,100,782,3,0.8014947096452644,0.791394268917173,0.7985874705083693,3,2181,351,1830,0.8390646492434664,3079,9,0.00947180000366643
36,9,positive,72,86,100,782,3,0.8014947096452644,0.791394268917173,0.7985874705083693,1,2969,452,2517,0.8477601886156956,5157,13,0.014390199998160824
36,0,independent,81,64,100,782,3,0.02261160544277432,0.02019301629703577,0.03166441407702456,5,6783,976,5807,0.8561108653987911,21868,29,0.05032470000151079
36,1,independent,97,45,100,782,3,0.02261160544277432,0.02019301629703577,0.03166441407702456,10,8698,1241,7457,0.8573235226488848,36148,30,0.07630900001095142
36,2,independent,53,65,100,782,3,0.02261160544277432,0.02019301629703577,0.03166441407702456,5,7254,1057,6197,0.8542872897711608,26146,27,0.05742360001022462
36,3,independent,42,91,100,782,3,0.02261160544277432,0.02019301629703577,0.03166441407702456,7,8786,1298,7488,0.8522649669929433,35659,28,0.08273679998819716
36,4,independent,77,65,100,782,3,0.02261160544277432,0.02019301629703577,0.03166441407702456,11,7728,1213,6515,0.8430383022774327,34932,44,0.07252259999222588
36,5,independent,43,22,100,782,3,0.02261160544277432,0.02019301629703577,0.03166441407702456,5,7991,1180,6811,0.8523338756100614,30973,24,0.06668249999347609
36,6,independent,53,37,100,782,3,0.02261160544277432,0.02019301629703577,0.03166441407702456,10,7254,1057,6197,0.8542872897711608,26146,27,0.05690649998723529
36,7,independent,28,79,100,782,3,0.02261160544277432,0.02019301629703577,0.03166441407702456,7,7458,1103,6355,0.8521051220166265,27076,24,0.060036299997591414
36,8,independent,71,33,100,782,3,0.02261160544277432,0.02019301629703577,0.03166441407702456,7,5903,836,5067,0.8583770963916653,16365,19,0.038945499996771105
36,9,independent,72,86,100,782,3,0.02261160544277432,0.02019301629703577,0.03166441407702456,8,8973,1370,7603,0.847319736988744,41485,27,0.08941300000878982
36,0,tradeoff,81,64,100,782,3,-0.37742386560872465,-0.38019934144391593,-0.37371177987198334,4,8606,1229,7377,0.8571926562863119,35275,31,0.09370009999838658
36,1,tradeoff,97,45,100,782,3,-0.37742386560872465,-0.38019934144391593,-0.37371177987198334,14,8792,1265,7527,0.8561191992720655,39457,26,0.09754859999520704
36,2,tradeoff,53,65,100,782,3,-0.37742386560872465,-0.38019934144391593,-0.37371177987198334,7,7605,1077,6528,0.8583826429980276,28390,26,0.06412930000806227
36,3,tradeoff,42,91,100,782,3,-0.37742386560872465,-0.38019934144391593,-0.37371177987198334,13,8436,1230,7206,0.8541963015647226,35310,28,0.07748119998723269
36,4,tradeoff,77,65,100,782,3,-0.37742386560872465,-0.38019934144391593,-0.37371177987198334,7,7631,1172,6459,0.8464159350019657,34290,30,0.07417469999927562
36,5,tradeoff,43,22,100,782,3,-0.37742386560872465,-0.38019934144391593,-0.37371177987198334,11,8488,1241,7247,0.8537935909519322,35956,29,0.07573690000572242
36,6,tradeoff,53,37,100,782,3,-0.37742386560872465,-0.38019934144391593,-0.37371177987198334,8,7605,1077,6528,0.8583826429980276,28390,26,0.06132639999850653
36,7,tradeoff,28,79,100,782,3,-0.37742386560872465,-0.38019934144391593,-0.37371177987198334,7,7571,1106,6465,0.8539162594109101,28228,25,0.06072110000241082
36,8,tradeoff,71,33,100,782,3,-0.37742386560872465,-0.38019934144391593,-0.37371177987198334,8,6381,899,5482,0.8591129916940918,19322,24,0.044382199994288385
36,9,tradeoff,72,86,100,782,3,-0.37742386560872465,-0.38019934144391593,-0.37371177987198334,10,9914,1454,8460,0.8533387129312084,48850,31,0.09900310001103207
36,0,mixed,81,64,100,782,3,0.6018214271322911,-0.3557417449538235,-0.15579315985106348,4,7062,1022,6040,0.8552817898612292,23229,27,0.05195819999789819
36,1,mixed,97,45,100,782,3,0.6018214271322911,-0.3557417449538235,-0.15579315985106348,9,6898,1019,5879,0.8522760220353726,25388,24,0.05583199999819044
36,2,mixed,53,65,100,782,3,0.6018214271322911,-0.3557417449538235,-0.15579315985106348,5,7236,1065,6171,0.8528192371475953,25392,22,0.055820800000219606
36,3,mixed,42,91,100,782,3,0.6018214271322911,-0.3557417449538235,-0.15579315985106348,5,7293,1075,6218,0.8525983820101467,25212,22,0.05703919999359641
36,4,mixed,77,65,100,782,3,0.6018214271322911,-0.3557417449538235,-0.15579315985106348,17,7897,1206,6691,0.8472837786501203,34377,37,0.07159380000666715
36,5,mixed,43,22,100,782,3,0.6018214271322911,-0.3557417449538235,-0.15579315985106348,6,7117,1043,6074,0.8534494871434594,25276,21,0.055658800003584474
36,6,mixed,53,37,100,782,3,0.6018214271322911,-0.3557417449538235,-0.15579315985106348,9,7236,1065,6171,0.8528192371475953,25392,22,0.055864800000563264
36,7,mixed,28,79,100,782,3,0.6018214271322911,-0.3557417449538235,-0.15579315985106348,7,6624,973,5651,0.8531099033816425,21426,22,0.04782359999080654
36,8,mixed,71,33,100,782,3,0.6018214271322911,-0.3557417449538235,-0.15579315985106348,8,5111,726,4385,0.8579534337702993,12779,17,0.03168600000208244
36,9,mixed,72,86,100,782,3,0.6018214271322911,-0.3557417449538235,-0.15579315985106348,8,7837,1181,6656,0.849304580834503,33018,24,0.07153529999777675
37,0,positive,65,5,100,740,3,0.803920613468587,0.7908936127352927,0.8183596737732823,4,2463,452,2011,0.8164839626471783,4386,12,0.012495599992689677
37,1,positive,37,82,100,740,3,0.803920613468587,0.7908936127352927,0.8183596737732823,10,2463,424,2039,0.8278522127486805,3964,10,0.011649300009594299
37,2,positive,32,87,100,740,3,0.803920613468587,0.7908936127352927,0.8183596737732823,3,3116,524,2592,0.8318356867779204,5885,14,0.01631039999483619
37,3,positive,3,73,100,740,3,0.803920613468587,0.7908936127352927,0.8183596737732823,1,3920,671,3249,0.8288265306122449,9303,18,0.022731799996108748
37,4,positive,18,43,100,740,3,0.803920613468587,0.7908936127352927,0.8183596737732823,5,2974,486,2488,0.8365837256220578,5233,10,0.01586410000163596
37,5,positive,87,12,100,740,3,0.803920613468587,0.7908936127352927,0.8183596737732823,3,2216,401,1815,0.819043321299639,3541,8,0.011492999998154119
37,6,positive,34,32,100,740,3,0.803920613468587,0.7908936127352927,0.8183596737732823,4,2811,475,2336,0.8310209889718961,5096,13,0.014024999996763654
37,7,positive,81,7,100,740,3,0.803920613468587,0.7908936127352927,0.8183596737732823,4,4225,740,3485,0.8248520710059172,10896,15,0.026155799991101958
37,8,positive,18,84,100,740,3,0.803920613468587,0.7908936127352927,0.8183596737732823,10,2974,486,2488,0.8365837256220578,5233,10,0.014644699986092746
37,9,positive,19,39,100,740,3,0.803920613468587,0.7908936127352927,0.8183596737732823,2,2313,375,1938,0.8378728923476005,3452,9,0.010373900004196912
37,0,independent,65,5,100,740,3,0.031726136786347114,-0.0006340658262731027,0.07002739686442382,17,6488,1010,5478,0.844327990135635,22304,23,0.049288599999272265
37,1,independent,37,82,100,740,3,0.031726136786347114,-0.0006340658262731027,0.07002739686442382,18,7532,1158,6374,0.8462559745087627,31021,38,0.06460509999305941
37,2,independent,32,87,100,740,3,0.031726136786347114,-0.0006340658262731027,0.07002739686442382,7,7538,1216,6322,0.8386840010612895,32965,25,0.06977600000391249
37,3,independent,3,73,100,740,3,0.031726136786347114,-0.0006340658262731027,0.07002739686442382,1,6824,1055,5769,0.845398593200469,25619,30,0.055002400011289865
37,4,independent,18,43,100,740,3,0.031726136786347114,-0.0006340658262731027,0.07002739686442382,14,7005,1059,5946,0.8488222698072805,24048,22,0.053200100010144524
37,5,independent,87,12,100,740,3,0.031726136786347114,-0.0006340658262731027,0.07002739686442382,22,6195,1007,5188,0.8374495560936239,22343,22,0.048548599996138364
37,6,independent,34,32,100,740,3,0.031726136786347114,-0.0006340658262731027,0.07002739686442382,7,8114,1319,6795,0.8374414592063101,40848,32,0.08416579999902751
37,7,independent,81,7,100,740,3,0.031726136786347114,-0.0006340658262731027,0.07002739686442382,7,6883,1107,5776,0.8391689670201947,26716,26,0.059544999996433035
37,8,independent,18,84,100,740,3,0.031726136786347114,-0.0006340658262731027,0.07002739686442382,18,7005,1059,5946,0.8488222698072805,24048,22,0.05338070000289008
37,9,independent,19,39,100,740,3,0.031726136786347114,-0.0006340658262731027,0.07002739686442382,8,8419,1351,7068,0.8395296353486162,37017,30,0.07815390000178013
37,0,tradeoff,65,5,100,740,3,-0.3688524622793439,-0.4216445604955867,-0.35295737040098385,18,7102,1081,6021,0.8477893551112363,26991,26,0.060887100000400096
37,1,tradeoff,37,82,100,740,3,-0.3688524622793439,-0.4216445604955867,-0.35295737040098385,13,9746,1444,8302,0.8518366509337164,49611,35,0.10116209999250714
37,2,tradeoff,32,87,100,740,3,-0.3688524622793439,-0.4216445604955867,-0.35295737040098385,4,8759,1330,7429,0.8481561822125814,39453,29,0.08248540000931825
37,3,tradeoff,3,73,100,740,3,-0.3688524622793439,-0.4216445604955867,-0.35295737040098385,1,8338,1281,7057,0.8463660350203885,38375,35,0.07952579999982845
37,4,tradeoff,18,43,100,740,3,-0.3688524622793439,-0.4216445604955867,-0.35295737040098385,15,8422,1268,7154,0.8494419377819995,37165,28,0.07741909999458585
37,5,tradeoff,87,12,100,740,3,-0.3688524622793439,-0.4216445604955867,-0.35295737040098385,31,8950,1364,7586,0.8475977653631285,45249,38,0.09058579998963978
37,6,tradeoff,34,32,100,740,3,-0.3688524622793439,-0.4216445604955867,-0.35295737040098385,8,8831,1429,7402,0.8381836711584192,47511,33,0.09533130000636447
37,7,tradeoff,81,7,100,740,3,-0.3688524622793439,-0.4216445604955867,-0.35295737040098385,11,7685,1184,6501,0.8459336369551074,32496,35,0.06752900000719819
37,8,tradeoff,18,84,100,740,3,-0.3688524622793439,-0.4216445604955867,-0.35295737040098385,23,8422,1268,7154,0.8494419377819995,37165,28,0.07771890000731219
37,9,tradeoff,19,39,100,740,3,-0.3688524622793439,-0.4216445604955867,-0.35295737040098385,15,9880,1521,8359,0.8460526315789474,51441,31,0.10384419999900274
37,0,mixed,65,5,100,740,3,0.6130595780968163,-0.3915647993225973,-0.1520184694862137,13,5602,875,4727,0.8438057836486968,17756,22,0.04517230000055861
37,1,mixed,37,82,100,740,3,0.6130595780968163,-0.3915647993225973,-0.1520184694862137,14,7734,1206,6528,0.8440651667959659,33731,33,0.07286429998930544
37,2,mixed,32,87,100,740,3,0.6130595780968163,-0.3915647993225973,-0.1520184694862137,5,6407,1027,5380,0.8397065709380365,22745,27,0.051800600005663
37,3,mixed,3,73,100,740,3,0.6130595780968163,-0.3915647993225973,-0.1520184694862137,1,7498,1161,6337,0.8451587089890638,30312,25,0.06442740000784397
37,4,mixed,18,43,100,740,3,0.6130595780968163,-0.3915647993225973,-0.1520184694862137,10,6913,1043,5870,0.8491248372631275,24349,21,0.05467139999382198
37,5,mixed,87,12,100,740,3,0.6130595780968163,-0.3915647993225973,-0.1520184694862137,16,6131,980,5151,0.8401565813081063,22064,21,0.04893409999203868
37,6,mixed,34,32,100,740,3,0.6130595780968163,-0.3915647993225973,-0.1520184694862137,9,8085,1310,6775,0.8379715522572665,39205,32,0.0795942999975523
37,7,mixed,81,7,100,740,3,0.6130595780968163,-0.3915647993225973,-0.1520184694862137,6,6944,1099,5845,0.8417338709677419,26217,26,0.05607739998959005
37,8,mixed,18,84,100,740,3,0.6130595780968163,-0.3915647993225973,-0.1520184694862137,19,6913,1043,5870,0.8491248372631275,24349,21,0.05385799999930896
37,9,mixed,19,39,100,740,3,0.6130595780968163,-0.3915647993225973,-0.1520184694862137,11,7117,1123,5994,0.8422087958409442,27519,21,0.058482599997660145
38,0,positive,28,71,100,777,3,0.7702927265294521,0.7971651175793311,0.7718334546771342,7,2684,465,2219,0.8267511177347243,4764,11,0.013376999995671213
38,1,positive,31,56,100,777,3,0.7702927265294521,0.7971651175793311,0.7718334546771342,6,4179,649,3530,0.8446996889207945,8873,13,0.023375500008114614
38,2,positive,26,38,100,777,3,0.7702927265294521,0.7971651175793311,0.7718334546771342,6,2825,438,2387,0.8449557522123894,4739,13,0.013378200004808605
38,3,positive,96,18,100,777,3,0.7702927265294521,0.7971651175793311,0.7718334546771342,1,2606,426,2180,0.8365310821181888,4205,13,0.011995899985777214
38,4,positive,61,24,100,777,3,0.7702927265294521,0.7971651175793311,0.7718334546771342,1,3092,481,2611,0.8444372574385511,5686,13,0.01532559999031946
38,5,positive,32,85,100,777,3,0.7702927265294521,0.7971651175793311,0.7718334546771342,2,2832,460,2372,0.8375706214689266,4717,11,0.013500399989425205
38,6,positive,35,99,100,777,3,0.7702927265294521,0.7971651175793311,0.7718334546771342,6,2970,485,2485,0.8367003367003367,5474,11,0.014807699990342371
38,7,positive,66,62,100,777,3,0.7702927265294521,0.7971651175793311,0.7718334546771342,5,3090,493,2597,0.8404530744336569,5425,12,0.014958999992813915
38,8,positive,76,86,100,777,3,0.7702927265294521,0.7971651175793311,0.7718334546771342,2,4097,653,3444,0.840615084207957,9163,18,0.023932800002512522
38,9,positive,87,47,100,777,3,0.7702927265294521,0.7971651175793311,0.7718334546771342,1,2066,342,1724,0.8344627299128751,2938,9,0.009013099988806061
38,0,independent,28,71,100,777,3,0.0028945230786117477,0.005724038771956411,-0.047056266837048485,5,8596,1264,7332,0.8529548627268497,34193,28,0.07263330000569113
38,1,independent,31,56,100,777,3,0.0028945230786117477,0.005724038771956411,-0.047056266837048485,18,9883,1455,8428,0.8527774967115248,48908,43,0.12244609999470413
38,2,independent,26,38,100,777,3,0.0028945230786117477,0.005724038771956411,-0.047056266837048485,10,8023,1182,6841,0.8526735635049233,31780,24,0.06881830000202172
38,3,independent,96,18,100,777,3,0.0028945230786117477,0.005724038771956411,-0.047056266837048485,8,8621,1246,7375,0.8554692031086881,35640,33,0.07540940000035334
38,4,independent,61,24,100,777,3,0.0028945230786117477,0.005724038771956411,-0.047056266837048485,8,8213,1194,7019,0.8546207232436381,32403,31,0.06964180000068154
38,5,independent,32,85,100,777,3,0.0028945230786117477,0.005724038771956411,-0.047056266837048485,4,8345,1220,7125,0.8538046734571599,33325,29,0.07038699999975506
38,6,independent,35,99,100,777,3,0.0028945230786117477,0.005724038771956411,-0.047056266837048485,7,8221,1172,7049,0.8574382678506265,31778,26,0.06837789999553934
38,7,independent,66,62,100,777,3,0.0028945230786117477,0.005724038771956411,-0.047056266837048485,10,8159,1189,6970,0.8542713567839196,32143,29,0.06814719999965746
38,8,independent,76,86,100,777,3,0.0028945230786117477,0.005724038771956411,-0.047056266837048485,2,8961,1356,7605,0.8486776029460997,39138,26,0.08098719999543391
38,9,independent,87,47,100,777,3,0.0028945230786117477,0.005724038771956411,-0.047056266837048485,7,7939,1152,6787,0.8548935634210858,28850,24,0.06341049999173265
38,0,tradeoff,28,71,100,777,3,-0.3817181248666016,-0.37352587055914016,-0.42527064790323893,13,10670,1567,9103,0.8531396438612934,56288,39,0.11291239999991376
38,1,tradeoff,31,56,100,777,3,-0.3817181248666016,-0.37352587055914016,-0.42527064790323893,34,12081,1738,10343,0.8561377369423061,73670,40,0.1463519999961136
38,2,tradeoff,26,38,100,777,3,-0.3817181248666016,-0.37352587055914016,-0.42527064790323893,15,9801,1421,8380,0.8550147944087338,48220,34,0.10077240000828169
38,3,tradeoff,96,18,100,777,3,-0.3817181248666016,-0.37352587055914016,-0.42527064790323893,3,8986,1267,7719,0.8590028933897174,37838,26,0.08205389999784529
38,4,tradeoff,61,24,100,777,3,-0.3817181248666016,-0.37352587055914016,-0.42527064790323893,13,9593,1393,8200,0.8547899510059418,45374,32,0.09629249999125022
38,5,tradeoff,32,85,100,777,3,-0.3817181248666016,-0.37352587055914016,-0.42527064790323893,7,9532,1392,8140,0.8539655895929501,47703,30,0.1005903000041144
38,6,tradeoff,35,99,100,777,3,-0.3817181248666016,-0.37352587055914016,-0.42527064790323893,12,10391,1446,8945,0.860841112501203,48482,32,0.10335269999632146
38,7,tradeoff,66,62,100,777,3,-0.3817181248666016,-0.37352587055914016,-0.42527064790323893,15,9683,1409,8274,0.8544872456883197,47063,34,0.09942810000211466
38,8,tradeoff,76,86,100,777,3,-0.3817181248666016,-0.37352587055914016,-0.42527064790323893,13,10231,1487,8744,0.8546574137425471,49652,32,0.10462509999342728
38,9,tradeoff,87,47,100,777,3,-0.3817181248666016,-0.37352587055914016,-0.42527064790323893,8,9410,1370,8040,0.8544102019128587,44147,31,0.0932844000053592
38,0,mixed,28,71,100,777,3,0.5658056867371761,-0.3861595279981478,-0.22846357304886278,7,7401,1095,6306,0.8520470206728821,25739,19,0.05725460000394378
38,1,mixed,31,56,100,777,3,0.5658056867371761,-0.3861595279981478,-0.22846357304886278,14,9317,1346,7971,0.855532896855211,39836,30,0.08339669999259058
38,2,mixed,26,38,100,777,3,0.5658056867371761,-0.3861595279981478,-0.22846357304886278,17,7620,1114,6506,0.8538057742782152,29783,23,0.06408460000238847
38,3,mixed,96,18,100,777,3,0.5658056867371761,-0.3861595279981478,-0.22846357304886278,6,7310,1065,6245,0.8543091655266758,25954,29,0.05691139999544248
38,4,mixed,61,24,100,777,3,0.5658056867371761,-0.3861595279981478,-0.22846357304886278,6,7763,1120,6643,0.8557258791704238,29688,29,0.0632878000033088
38,5,mixed,32,85,100,777,3,0.5658056867371761,-0.3861595279981478,-0.22846357304886278,6,6889,1038,5851,0.8493250108869211,25115,24,0.05495170000358485
38,6,mixed,35,99,100,777,3,0.5658056867371761,-0.3861595279981478,-0.22846357304886278,8,5990,880,5110,0.8530884808013356,19077,23,0.04287360000307672
38,7,mixed,66,62,100,777,3,0.5658056867371761,-0.3861595279981478,-0.22846357304886278,8,6846,1008,5838,0.852760736196319,24428,30,0.05360979998658877
38,8,mixed,76,86,100,777,3,0.5658056867371761,-0.3861595279981478,-0.22846357304886278,2,7851,1212,6639,0.8456247611769201,31744,29,0.0672197999956552
38,9,mixed,87,47,100,777,3,0.5658056867371761,-0.3861595279981478,-0.22846357304886278,5,6758,999,5759,0.8521751997632435,23473,33,0.051986399994348176
39,0,positive,67,8,100,825,3,0.7853788625101642,0.7808663586909427,0.7910531880206932,2,3944,584,3360,0.8519269776876268,7369,16,0.02040300000226125
39,1,positive,5,59,100,825,3,0.7853788625101642,0.7808663586909427,0.7910531880206932,1,3285,505,2780,0.8462709284627092,6144,13,0.017228500000783242
39,2,positive,7,4,100,825,3,0.7853788625101642,0.7808663586909427,0.7910531880206932,1,2062,357,1705,0.8268671193016489,3045,8,0.009761799999978393
39,3,positive,21,15,100,825,3,0.7853788625101642,0.7808663586909427,0.7910531880206932,1,2970,502,2468,0.8309764309764309,5455,10,0.015539499989245087
39,4,positive,72,67,100,825,3,0.7853788625101642,0.7808663586909427,0.7910531880206932,2,2794,435,2359,0.8443092340730136,4496,13,0.013885300009860657
39,5,positive,64,81,100,825,3,0.7853788625101642,0.7808663586909427,0.7910531880206932,6,2594,424,2170,0.8365458750963762,4192,11,0.012128499991376884
39,6,positive,40,74,100,825,3,0.7853788625101642,0.7808663586909427,0.7910531880206932,1,3173,477,2696,0.8496690828868578,5637,14,0.015423399992869236
39,7,positive,24,53,100,825,3,0.7853788625101642,0.7808663586909427,0.7910531880206932,3,3567,535,3032,0.8500140173815531,7067,15,0.018466900000930764
39,8,positive,16,64,100,825,3,0.7853788625101642,0.7808663586909427,0.7910531880206932,2,3010,473,2537,0.8428571428571429,5069,11,0.014405900001293048
39,9,positive,68,31,100,825,3,0.7853788625101642,0.7808663586909427,0.7910531880206932,18,4096,588,3508,0.8564453125,8412,18,0.021967300010146573
39,0,independent,67,8,100,825,3,-0.026044244881294247,0.0028152957374805794,0.023245055479227037,7,11888,1624,10264,0.8633916554508748,57079,47,0.11700630000268575
39,1,independent,5,59,100,825,3,-0.026044244881294247,0.0028152957374805794,0.023245055479227037,7,8285,1091,7194,0.8683162341581171,29608,24,0.06581780000124127
39,2,independent,7,4,100,825,3,-0.026044244881294247,0.0028152957374805794,0.023245055479227037,1,8392,1175,7217,0.8599857006673022,31925,30,0.07122279999020975
39,3,independent,21,15,100,825,3,-0.026044244881294247,0.0028152957374805794,0.023245055479227037,5,8813,1268,7545,0.8561216384885963,34861,29,0.07539539999561384
39,4,independent,72,67,100,825,3,-0.026044244881294247,0.0028152957374805794,0.023245055479227037,10,8262,1145,7117,0.8614137012829823,30599,30,0.07550239999545738
39,5,independent,64,81,100,825,3,-0.026044244881294247,0.0028152957374805794,0.023245055479227037,12,8439,1188,7251,0.8592250266619268,32482,37,0.08458389999577776
39,6,independent,40,74,100,825,3,-0.026044244881294247,0.0028152957374805794,0.023245055479227037,4,7350,1017,6333,0.8616326530612245,24164,24,0.057678700002725236
39,7,independent,24,53,100,825,3,-0.026044244881294247,0.0028152957374805794,0.023245055479227037,3,9591,1310,8281,0.8634136169325409,41880,30,0.09100760000001173
39,8,independent,16,64,100,825,3,-0.026044244881294247,0.0028152957374805794,0.023245055479227037,12,7942,1163,6779,0.8535633341727524,33538,25,0.07218309999734629
39,9,independent,68,31,100,825,3,-0.026044244881294247,0.0028152957374805794,0.023245055479227037,17,9795,1403,8392,0.8567636549259826,49208,37,0.09998929999710526
39,0,tradeoff,67,8,100,825,3,-0.40849273832264815,-0.37884900463287496,-0.36695057963540706,10,11487,1618,9869,0.8591451205710804,59834,39,0.12276739999651909
39,1,tradeoff,5,59,100,825,3,-0.40849273832264815,-0.37884900463287496,-0.36695057963540706,14,8278,1120,7158,0.8647016187484899,31681,26,0.06930860001011752
39,2,tradeoff,7,4,100,825,3,-0.40849273832264815,-0.37884900463287496,-0.36695057963540706,2,10676,1451,9225,0.8640876732858749,50862,32,0.10467859999334905
39,3,tradeoff,21,15,100,825,3,-0.40849273832264815,-0.37884900463287496,-0.36695057963540706,6,9670,1351,8319,0.8602895553257497,42294,27,0.08902449999004602
39,4,tradeoff,72,67,100,825,3,-0.40849273832264815,-0.37884900463287496,-0.36695057963540706,14,10191,1401,8790,0.8625257580217839,47692,33,0.10188660000858363
39,5,tradeoff,64,81,100,825,3,-0.40849273832264815,-0.37884900463287496,-0.36695057963540706,11,9538,1336,8202,0.8599287062277207,42975,29,0.08872090000659227
39,6,tradeoff,40,74,100,825,3,-0.40849273832264815,-0.37884900463287496,-0.36695057963540706,6,8163,1099,7064,0.8653681244640451,30552,40,0.06634789999225177
39,7,tradeoff,24,53,100,825,3,-0.40849273832264815,-0.37884900463287496,-0.36695057963540706,7,9745,1289,8456,0.8677270395074397,42075,28,0.08870720000413712
39,8,tradeoff,16,64,100,825,3,-0.40849273832264815,-0.37884900463287496,-0.36695057963540706,15,9106,1335,7771,0.8533933670107622,42497,25,0.08916190000309143
39,9,tradeoff,68,31,100,825,3,-0.40849273832264815,-0.37884900463287496,-0.36695057963540706,25,10334,1463,8871,0.858428488484614,52933,34,0.1084852000058163
39,0,mixed,67,8,100,825,3,0.5801491039442367,-0.38825845172415374,-0.17275777362257932,4,8033,1119,6914,0.860699614091871,26880,25,0.06042969999543857
39,1,mixed,5,59,100,825,3,0.5801491039442367,-0.38825845172415374,-0.17275777362257932,7,6728,928,5800,0.8620689655172413,22053,17,0.04934129999310244
39,2,mixed,7,4,100,825,3,0.5801491039442367,-0.38825845172415374,-0.17275777362257932,3,8296,1140,7156,0.8625843780135005,31899,22,0.06878040000447072
39,3,mixed,21,15,100,825,3,0.5801491039442367,-0.38825845172415374,-0.17275777362257932,6,7535,1082,6453,0.8564034505640346,26993,23,0.05890170000202488
39,4,mixed,72,67,100,825,3,0.5801491039442367,-0.38825845172415374,-0.17275777362257932,13,7939,1090,6849,0.862703111223076,27328,24,0.06102989999635611
39,5,mixed,64,81,100,825,3,0.5801491039442367,-0.38825845172415374,-0.17275777362257932,14,7347,1038,6309,0.8587178440179665,25803,25,0.05749459999788087
39,6,mixed,40,74,100,825,3,0.5801491039442367,-0.38825845172415374,-0.17275777362257932,5,6050,869,5181,0.8563636363636363,17308,18,0.04050769998866599
39,7,mixed,24,53,100,825,3,0.5801491039442367,-0.38825845172415374,-0.17275777362257932,3,8847,1205,7642,0.8637956369390754,34717,24,0.07378429999516811
39,8,mixed,16,64,100,825,3,0.5801491039442367,-0.38825845172415374,-0.17275777362257932,11,7156,1065,6091,0.8511738401341532,28207,25,0.06098309998924378
39,9,mixed,68,31,100,825,3,0.5801491039442367,-0.38825845172415374,-0.17275777362257932,22,8907,1296,7611,0.854496463455709,41507,36,0.08577109999896493
40,0,positive,93,18,100,796,3,0.785141314597872,0.7761810585139731,0.7976026673294543,4,2931,463,2468,0.8420334356874787,4974,13,0.014192100003128871
40,1,positive,88,71,100,796,3,0.785141314597872,0.7761810585139731,0.7976026673294543,1,3690,589,3101,0.840379403794038,7769,14,0.020015499991131946
40,2,positive,50,9,100,796,3,0.785141314597872,0.7761810585139731,0.7976026673294543,7,3844,593,3251,0.8457336108220603,7716,14,0.02019549999386072
40,3,positive,82,60,100,796,3,0.785141314597872,0.7761810585139731,0.7976026673294543,1,2679,413,2266,0.8458379992534528,4501,13,0.01291210000636056
40,4,positive,41,46,100,796,3,0.785141314597872,0.7761810585139731,0.7976026673294543,1,3079,477,2602,0.8450795712893797,5108,13,0.014784800005145371
40,5,positive,54,62,100,796,3,0.785141314597872,0.7761810585139731,0.7976026673294543,5,3341,540,2801,0.838371744986531,6203,11,0.016932099999394268
40,6,positive,19,7,100,796,3,0.785141314597872,0.7761810585139731,0.7976026673294543,2,2727,467,2260,0.8287495416208287,4824,12,0.013802300003590062
40,7,positive,22,1,100,796,3,0.785141314597872,0.7761810585139731,0.7976026673294543,1,4302,634,3668,0.8526266852626685,9160,18,0.023360400009551086
40,8,positive,55,82,100,796,3,0.785141314597872,0.7761810585139731,0.7976026673294543,3,2628,449,2179,0.8291476407914764,4585,10,0.0129395999974804
40,9,positive,16,24,100,796,3,0.785141314597872,0.7761810585139731,0.7976026673294543,3,2894,455,2439,0.8427781617138909,4988,13,0.014241700002457947
40,0,independent,93,18,100,796,3,0.02617975393863886,0.0005364805755066533,0.05025521598783084,9,8110,1181,6929,0.8543773119605426,30410,31,0.06541399999696296
40,1,independent,88,71,100,796,3,0.02617975393863886,0.0005364805755066533,0.05025521598783084,2,6963,1055,5908,0.8484848484848485,26384,23,0.05729310000606347
40,2,independent,50,9,100,796,3,0.02617975393863886,0.0005364805755066533,0.05025521598783084,33,9725,1389,8336,0.857172236503856,44144,36,0.09328929999901447
40,3,independent,82,60,100,796,3,0.02617975393863886,0.0005364805755066533,0.05025521598783084,3,8724,1312,7412,0.849610270518111,40889,29,0.08523040000000037
40,4,independent,41,46,100,796,3,0.02617975393863886,0.0005364805755066533,0.05025521598783084,1,8422,1335,7087,0.8414865827594395,41022,28,0.08633649999683257
40,5,independent,54,62,100,796,3,0.02617975393863886,0.0005364805755066533,0.05025521598783084,8,6649,1002,5647,0.8493006467137916,22407,25,0.05044979999365751
40,6,independent,19,7,100,796,3,0.02617975393863886,0.0005364805755066533,0.05025521598783084,2,5715,856,4859,0.8502187226596676,16307,24,0.039720100001432
40,7,independent,22,1,100,796,3,0.02617975393863886,0.0005364805755066533,0.05025521598783084,2,7439,1029,6410,0.8616749563113322,23661,26,0.05377529999532271
40,8,independent,55,82,100,796,3,0.02617975393863886,0.0005364805755066533,0.05025521598783084,11,8306,1206,7100,0.854803756320732,31616,24,0.06774189999850933
40,9,independent,16,24,100,796,3,0.02617975393863886,0.0005364805755066533,0.05025521598783084,13,7417,1095,6322,0.8523661857894027,26639,25,0.059472199995070696
40,0,tradeoff,93,18,100,796,3,-0.36325283466262864,-0.407400231277176,-0.37180399291690347,24,10347,1471,8876,0.857833188363777,48473,34,0.09998780000023544
40,1,tradeoff,88,71,100,796,3,-0.36325283466262864,-0.407400231277176,-0.37180399291690347,4,9510,1402,8108,0.8525762355415353,45645,32,0.09434910000709351
40,2,tradeoff,50,9,100,796,3,-0.36325283466262864,-0.407400231277176,-0.37180399291690347,23,10003,1404,8599,0.8596421073677897,48378,35,0.09983399999327958
40,3,tradeoff,82,60,100,796,3,-0.36325283466262864,-0.407400231277176,-0.37180399291690347,3,10914,1571,9343,0.856056441268096,59897,38,0.11895980000554118
40,4,tradeoff,41,46,100,796,3,-0.36325283466262864,-0.407400231277176,-0.37180399291690347,1,10931,1598,9333,0.8538102643856921,62183,31,0.12296049999713432
40,5,tradeoff,54,62,100,796,3,-0.36325283466262864,-0.407400231277176,-0.37180399291690347,10,8879,1302,7577,0.8533618650748959,37960,27,0.08117619999393355
40,6,tradeoff,19,7,100,796,3,-0.36325283466262864,-0.407400231277176,-0.37180399291690347,5,8829,1247,7582,0.8587609015743572,34375,27,0.07455119999940507
40,7,tradeoff,22,1,100,796,3,-0.36325283466262864,-0.407400231277176,-0.37180399291690347,4,8879,1202,7677,0.864624394639036,33350,33,0.07240449999517296
40,8,tradeoff,55,82,100,796,3,-0.36325283466262864,-0.407400231277176,-0.37180399291690347,9,10290,1500,8790,0.8542274052478134,55195,37,0.11258630000520498
40,9,tradeoff,16,24,100,796,3,-0.36325283466262864,-0.407400231277176,-0.37180399291690347,16,8312,1229,7083,0.8521414821944177,33438,28,0.07118980000086594
40,0,mixed,93,18,100,796,3,0.5912760761967497,-0.3873918613940824,-0.16058871317565002,6,7040,1006,6034,0.8571022727272727,22760,28,0.05063709999376442
40,1,mixed,88,71,100,796,3,0.5912760761967497,-0.3873918613940824,-0.16058871317565002,2,6820,1030,5790,0.8489736070381232,25340,24,0.05497169999580365
40,2,mixed,50,9,100,796,3,0.5912760761967497,-0.3873918613940824,-0.16058871317565002,30,7616,1103,6513,0.8551733193277311,29040,32,0.06272139999782667
40,3,mixed,82,60,100,796,3,0.5912760761967497,-0.3873918613940824,-0.16058871317565002,2,7624,1164,6460,0.8473242392444911,32190,32,0.0675552000029711
40,4,mixed,41,46,100,796,3,0.5912760761967497,-0.3873918613940824,-0.16058871317565002,1,7773,1211,6562,0.8442042969252541,34366,25,0.07217559999844525
40,5,mixed,54,62,100,796,3,0.5912760761967497,-0.3873918613940824,-0.16058871317565002,8,6408,972,5436,0.848314606741573,20995,20,0.04869769999640994
40,6,mixed,19,7,100,796,3,0.5912760761967497,-0.3873918613940824,-0.16058871317565002,3,5700,850,4850,0.8508771929824561,17002,23,0.03928230000019539
40,7,mixed,22,1,100,796,3,0.5912760761967497,-0.3873918613940824,-0.16058871317565002,2,5840,828,5012,0.8582191780821918,16078,22,0.037410300006740727
40,8,mixed,55,82,100,796,3,0.5912760761967497,-0.3873918613940824,-0.16058871317565002,6,7386,1080,6306,0.8537774167343624,27773,22,0.06012409999675583
40,9,mixed,16,24,100,796,3,0.5912760761967497,-0.3873918613940824,-0.16058871317565002,7,6027,909,5118,0.8491786958685913,18001,23,0.04233490000478923
41,0,positive,39,46,100,773,3,0.8006318729231685,0.7926847749846287,0.8050232487219107,5,3661,586,3075,0.8399344441409451,7582,13,0.02010069999960251
41,1,positive,13,51,100,773,3,0.8006318729231685,0.7926847749846287,0.8050232487219107,5,2535,395,2140,0.8441814595660749,4183,10,0.01206540000566747
41,2,positive,79,96,100,773,3,0.8006318729231685,0.7926847749846287,0.8050232487219107,3,3347,560,2787,0.8326859874514491,6807,23,0.017784600000595674
41,3,positive,82,85,100,773,3,0.8006318729231685,0.7926847749846287,0.8050232487219107,2,2954,522,2432,0.8232904536222072,5711,12,0.01531250000698492
41,4,positive,57,32,100,773,3,0.8006318729231685,0.7926847749846287,0.8050232487219107,6,2306,369,1937,0.8399826539462273,3591,11,0.010615899998811074
41,5,positive,58,84,100,773,3,0.8006318729231685,0.7926847749846287,0.8050232487219107,4,3287,516,2771,0.8430179494980226,6388,16,0.016967000003205612
41,6,positive,71,16,100,773,3,0.8006318729231685,0.7926847749846287,0.8050232487219107,6,3491,564,2927,0.8384417072472071,6761,16,0.018149499999708496
41,7,positive,57,76,100,773,3,0.8006318729231685,0.7926847749846287,0.8050232487219107,7,2306,369,1937,0.8399826539462273,3591,11,0.011242900000070222
41,8,positive,44,32,100,773,3,0.8006318729231685,0.7926847749846287,0.8050232487219107,1,3205,478,2727,0.8508580343213729,6387,25,0.017463199998019263
41,9,positive,47,99,100,773,3,0.8006318729231685,0.7926847749846287,0.8050232487219107,5,2522,410,2112,0.8374306106264869,4189,12,0.012405999994371086
41,0,independent,39,46,100,773,3,0.04295421708281931,0.03098090465612555,0.03395727696731042,16,7968,1231,6737,0.8455070281124498,35440,29,0.07412699999986216
41,1,independent,13,51,100,773,3,0.04295421708281931,0.03098090465612555,0.03395727696731042,4,6686,961,5725,0.8562668262040084,21913,27,0.05004300001019146
41,2,independent,79,96,100,773,3,0.04295421708281931,0.03098090465612555,0.03395727696731042,9,7182,1079,6103,0.8497632971317182,27133,27,0.05968560000474099
41,3,independent,82,85,100,773,3,0.04295421708281931,0.03098090465612555,0.03395727696731042,12,6573,974,5599,0.8518180435113343,23191,26,0.05312299999059178
41,4,independent,57,32,100,773,3,0.04295421708281931,0.03098090465612555,0.03395727696731042,12,7242,1038,6204,0.8566694283347142,24570,24,0.056182299987995066
41,5,independent,58,84,100,773,3,0.04295421708281931,0.03098090465612555,0.03395727696731042,8,6867,1071,5796,0.8440366972477065,26441,33,0.058985700001358055
41,6,independent,71,16,100,773,3,0.04295421708281931,0.03098090465612555,0.03395727696731042,4,6672,1019,5653,0.8472721822541966,25031,26,0.05633359999046661
41,7,independent,57,76,100,773,3,0.04295421708281931,0.03098090465612555,0.03395727696731042,11,7242,1038,6204,0.8566694283347142,24570,24,0.05651419999776408
41,8,independent,44,32,100,773,3,0.04295421708281931,0.03098090465612555,0.03395727696731042,6,8227,1188,7039,0.8555974231189984,36824,30,0.07751859999552835
41,9,independent,47,99,100,773,3,0.04295421708281931,0.03098090465612555,0.03395727696731042,5,6798,1034,5764,0.8478964401294499,24268,25,0.05215060000773519
41,0,tradeoff,39,46,100,773,3,-0.36719489803268096,-0.39954307515068865,-0.3661502751221976,23,9278,1401,7877,0.8489976287993102,46444,37,0.09424740000395104
41,1,tradeoff,13,51,100,773,3,-0.36719489803268096,-0.39954307515068865,-0.3661502751221976,3,9160,1301,7859,0.8579694323144105,38240,28,0.08105100000102539
41,2,tradeoff,79,96,100,773,3,-0.36719489803268096,-0.39954307515068865,-0.3661502751221976,15,8612,1204,7408,0.8601950766372504,34245,28,0.07334760000230744
41,3,tradeoff,82,85,100,773,3,-0.36719489803268096,-0.39954307515068865,-0.3661502751221976,22,8543,1198,7345,0.85976823130048,35241,38,0.07504080000217073
41,4,tradeoff,57,32,100,773,3,-0.36719489803268096,-0.39954307515068865,-0.3661502751221976,11,9052,1284,7768,0.8581528943879806,38105,28,0.081735400002799
41,5,tradeoff,58,84,100,773,3,-0.36719489803268096,-0.39954307515068865,-0.3661502751221976,7,8250,1269,6981,0.8461818181818181,36088,28,0.07667420001234859
41,6,tradeoff,71,16,100,773,3,-0.36719489803268096,-0.39954307515068865,-0.3661502751221976,6,8238,1165,7073,0.8585821801408109,34291,27,0.07383939999272116
41,7,tradeoff,57,76,100,773,3,-0.36719489803268096,-0.39954307515068865,-0.3661502751221976,9,9052,1284,7768,0.8581528943879806,38105,28,0.0826292999990983
41,8,tradeoff,44,32,100,773,3,-0.36719489803268096,-0.39954307515068865,-0.3661502751221976,9,10279,1431,8848,0.8607841229691604,56996,39,0.12039139999251347
41,9,tradeoff,47,99,100,773,3,-0.36719489803268096,-0.39954307515068865,-0.3661502751221976,11,8877,1336,7541,0.8494987045172919,41462,27,0.09466250000696164
41,0,mixed,39,46,100,773,3,0.6095463415873337,-0.364579376772059,-0.1677558796238411,17,7793,1189,6604,0.8474271782368793,32550,26,0.08648520000861026
41,1,mixed,13,51,100,773,3,0.6095463415873337,-0.364579376772059,-0.1677558796238411,9,6516,912,5604,0.860036832412523,19083,21,0.04767469999205787
41,2,mixed,79,96,100,773,3,0.6095463415873337,-0.364579376772059,-0.1677558796238411,7,6678,994,5684,0.8511530398322851,22639,20,0.05322590000287164
41,3,mixed,82,85,100,773,3,0.6095463415873337,-0.364579376772059,-0.1677558796238411,13,5843,908,4935,0.8446003765189115,19461,24,0.04410999998799525
41,4,mixed,57,32,100,773,3,0.6095463415873337,-0.364579376772059,-0.1677558796238411,12,6318,914,5404,0.8553339664450775,19608,22,0.044758500007446855
41,5,mixed,58,84,100,773,3,0.6095463415873337,-0.364579376772059,-0.1677558796238411,6,6461,1044,5417,0.8384151060207399,23849,33,0.052477699995506555
41,6,mixed,71,16,100,773,3,0.6095463415873337,-0.364579376772059,-0.1677558796238411,6,6748,1031,5717,0.8472139893301719,24214,25,0.05364259998896159
41,7,mixed,57,76,100,773,3,0.6095463415873337,-0.364579376772059,-0.1677558796238411,11,6318,914,5404,0.8553339664450775,19608,22,0.04546040001150686
41,8,mixed,44,32,100,773,3,0.6095463415873337,-0.364579376772059,-0.1677558796238411,5,7269,1063,6206,0.8537625533085706,29110,30,0.06290210000588559
41,9,mixed,47,99,100,773,3,0.6095463415873337,-0.364579376772059,-0.1677558796238411,8,7372,1084,6288,0.8529571351058057,26083,25,0.058526099994196557
42,0,positive,17,27,100,819,3,0.7781735919235039,0.7565967797549422,0.7492561535417669,1,2328,328,2000,0.8591065292096219,3290,13,0.010414000003947876
42,1,positive,17,46,100,819,3,0.7781735919235039,0.7565967797549422,0.7492561535417669,1,2328,328,2000,0.8591065292096219,3290,13,0.010402499989140779
42,2,positive,81,13,100,819,3,0.7781735919235039,0.7565967797549422,0.7492561535417669,2,2677,421,2256,0.8427344041837879,4377,12,0.012781600002199411
42,3,positive,91,6,100,819,3,0.7781735919235039,0.7565967797549422,0.7492561535417669,3,1897,292,1605,0.8460727464417501,2600,8,0.008392400006414391
42,4,positive,10,54,100,819,3,0.7781735919235039,0.7565967797549422,0.7492561535417669,3,3331,465,2866,0.860402281597118,5735,13,0.016680999993695877
42,5,positive,69,16,100,819,3,0.7781735919235039,0.7565967797549422,0.7492561535417669,16,5097,769,4328,0.8491269374141652,13546,20,0.03369130000646692
42,6,positive,37,84,100,819,3,0.7781735919235039,0.7565967797549422,0.7492561535417669,5,3221,494,2727,0.8466314809065507,5672,16,0.016380800007027574
42,7,positive,73,62,100,819,3,0.7781735919235039,0.7565967797549422,0.7492561535417669,1,3781,520,3261,0.8624702459666754,6838,13,0.019499899994116277
42,8,positive,25,94,100,819,3,0.7781735919235039,0.7565967797549422,0.7492561535417669,3,2880,452,2428,0.8430555555555556,4865,12,0.01364330000069458
42,9,positive,7,34,100,819,3,0.7781735919235039,0.7565967797549422,0.7492561535417669,4,2695,419,2276,0.8445269016697589,4404,13,0.012630400000489317
42,0,independent,17,27,100,819,3,-0.028009639101680167,-0.07209707213917582,-0.0381417448242204,7,7946,1060,6886,0.8665995469418576,28402,30,0.062162000001990236
42,1,independent,17,46,100,819,3,-0.028009639101680167,-0.07209707213917582,-0.0381417448242204,11,7946,1060,6886,0.8665995469418576,28402,30,0.06224379999912344
42,2,independent,81,13,100,819,3,-0.028009639101680167,-0.07209707213917582,-0.0381417448242204,15,8543,1280,7263,0.8501697296031839,39151,27,0.08143700000073295
42,3,independent,91,6,100,819,3,-0.028009639101680167,-0.07209707213917582,-0.0381417448242204,9,8579,1173,7406,0.8632707774798928,34043,26,0.07410529999469873
42,4,independent,10,54,100,819,3,-0.028009639101680167,-0.07209707213917582,-0.0381417448242204,5,8505,1132,7373,0.866901822457378,30139,30,0.06575389999488834
42,5,independent,69,16,100,819,3,-0.028009639101680167,-0.07209707213917582,-0.0381417448242204,19,9898,1397,8501,0.8588603758335017,44316,27,0.09242469999298919
42,6,independent,37,84,100,819,3,-0.028009639101680167,-0.07209707213917582,-0.0381417448242204,6,7694,1063,6631,0.8618403951130751,26599,27,0.059580700006335974
42,7,independent,73,62,100,819,3,-0.028009639101680167,-0.07209707213917582,-0.0381417448242204,15,8194,1113,7081,0.8641689040761533,30166,31,0.0650560000067344
42,8,independent,25,94,100,819,3,-0.028009639101680167,-0.07209707213917582,-0.0381417448242204,7,8107,1136,6971,0.8598741828049834,29724,26,0.06727269999100827
42,9,independent,7,34,100,819,3,-0.028009639101680167,-0.07209707213917582,-0.0381417448242204,9,8355,1242,7113,0.851346499102334,34394,27,0.07413170000654645
42,0,tradeoff,17,27,100,819,3,-0.3972649987882456,-0.385139898374362,-0.37118234541271056,6,10316,1382,8934,0.8660333462582396,47804,36,0.0977098000003025
42,1,tradeoff,17,46,100,819,3,-0.3972649987882456,-0.385139898374362,-0.37118234541271056,19,10316,1382,8934,0.8660333462582396,47804,36,0.09924579999642447
42,2,tradeoff,81,13,100,819,3,-0.3972649987882456,-0.385139898374362,-0.37118234541271056,11,8787,1308,7479,0.8511437350631615,42216,26,0.08739779998722952
42,3,tradeoff,91,6,100,819,3,-0.3972649987882456,-0.385139898374362,-0.37118234541271056,10,10636,1509,9127,0.8581233546446032,57745,28,0.1157929999899352
42,4,tradeoff,10,54,100,819,3,-0.3972649987882456,-0.385139898374362,-0.37118234541271056,19,12472,1611,10861,0.870830660679923,64052,37,0.12977010000031441
42,5,tradeoff,69,16,100,819,3,-0.3972649987882456,-0.385139898374362,-0.37118234541271056,19,10548,1436,9112,0.8638604474781949,49042,40,0.10170629998901859
42,6,tradeoff,37,84,100,819,3,-0.3972649987882456,-0.385139898374362,-0.37118234541271056,15,9634,1317,8317,0.8632966576707495,40467,28,0.08634170000732411
42,7,tradeoff,73,62,100,819,3,-0.3972649987882456,-0.385139898374362,-0.37118234541271056,8,9721,1316,8405,0.8646229811747762,41849,34,0.08776930000749417
42,8,tradeoff,25,94,100,819,3,-0.3972649987882456,-0.385139898374362,-0.37118234541271056,14,10241,1372,8869,0.8660287081339713,45077,36,0.09284370001114439
42,9,tradeoff,7,34,100,819,3,-0.3972649987882456,-0.385139898374362,-0.37118234541271056,20,9763,1353,8410,0.8614155484994367,44617,34,0.09236070000042673
42,0,mixed,17,27,100,819,3,0.5665161267658148,-0.40859616507529994,-0.22930177435889307,3,7051,920,6131,0.8695220536094171,22346,27,0.05083120000199415
42,1,mixed,17,46,100,819,3,0.5665161267658148,-0.40859616507529994,-0.22930177435889307,10,7051,920,6131,0.8695220536094171,22346,27,0.051176099994336255
42,2,mixed,81,13,100,819,3,0.5665161267658148,-0.40859616507529994,-0.22930177435889307,11,7801,1183,6618,0.8483527752852198,33747,27,0.07072009998955764
42,3,mixed,91,6,100,819,3,0.5665161267658148,-0.40859616507529994,-0.22930177435889307,7,7971,1114,6857,0.860243382260695,31699,22,0.06771429999207612
42,4,mixed,10,54,100,819,3,0.5665161267658148,-0.40859616507529994,-0.22930177435889307,6,8418,1107,7311,0.868496079828938,30410,27,0.0666579999960959
42,5,mixed,69,16,100,819,3,0.5665161267658148,-0.40859616507529994,-0.22930177435889307,24,10195,1444,8751,0.8583619421284944,48999,32,0.10028860000602435
42,6,mixed,37,84,100,819,3,0.5665161267658148,-0.40859616507529994,-0.22930177435889307,6,7645,1051,6594,0.8625245258338784,25787,26,0.05802230001427233
42,7,mixed,73,62,100,819,3,0.5665161267658148,-0.40859616507529994,-0.22930177435889307,8,7621,1042,6579,0.8632725364125443,26389,26,0.057669200003147125
42,8,mixed,25,94,100,819,3,0.5665161267658148,-0.40859616507529994,-0.22930177435889307,7,7341,1027,6314,0.8601008037052172,24460,22,0.054823800004669465
42,9,mixed,7,34,100,819,3,0.5665161267658148,-0.40859616507529994,-0.22930177435889307,9,8136,1158,6978,0.8576696165191741,31869,27,0.06827139999950305
43,0,positive,36,8,100,776,3,0.7898467909545595,0.7840740845534467,0.7937998698828094,3,3266,500,2766,0.8469075321494183,6126,13,0.017070200003217906
43,1,positive,71,31,100,776,3,0.7898467909545595,0.7840740845534467,0.7937998698828094,1,2333,414,1919,0.8225460780111444,4008,11,0.011706600009347312
43,2,positive,54,21,100,776,3,0.7898467909545595,0.7840740845534467,0.7937998698828094,1,2780,454,2326,0.8366906474820144,4986,15,0.01438350000535138
43,3,positive,83,41,100,776,3,0.7898467909545595,0.7840740845534467,0.7937998698828094,4,3424,551,2873,0.8390771028037384,6746,14,0.018730399999185465
43,4,positive,66,71,100,776,3,0.7898467909545595,0.7840740845534467,0.7937998698828094,13,3532,582,2950,0.8352208380520951,7466,15,0.019784600008279085
43,5,positive,76,41,100,776,3,0.7898467909545595,0.7840740845534467,0.7937998698828094,2,3806,612,3194,0.8392012611665791,7846,16,0.021456900009070523
43,6,positive,4,65,100,776,3,0.7898467909545595,0.7840740845534467,0.7937998698828094,8,2569,419,2150,0.8369015181004282,4470,11,0.012759899997035973
43,7,positive,62,87,100,776,3,0.7898467909545595,0.7840740845534467,0.7937998698828094,4,3022,496,2526,0.8358702845797485,5078,8,0.014475799995125271
43,8,positive,4,59,100,776,3,0.7898467909545595,0.7840740845534467,0.7937998698828094,4,2569,419,2150,0.8369015181004282,4470,11,0.012694699995336123
43,9,positive,86,17,100,776,3,0.7898467909545595,0.7840740845534467,0.7937998698828094,5,2777,449,2328,0.8383147281238746,4968,15,0.014108099989243783
43,0,independent,36,8,100,776,3,0.07586475880040795,-0.02182720353804733,0.015814943326562025,13,7483,1050,6433,0.8596819457436857,25065,24,0.05499990000680555
43,1,independent,71,31,100,776,3,0.07586475880040795,-0.02182720353804733,0.015814943326562025,7,8742,1273,7469,0.854381148478609,37836,31,0.0779158999939682
43,2,independent,54,21,100,776,3,0.07586475880040795,-0.02182720353804733,0.015814943326562025,1,7325,1051,6274,0.856518771331058,24885,24,0.055050900002243
43,3,independent,83,41,100,776,3,0.07586475880040795,-0.02182720353804733,0.015814943326562025,21,7257,1093,6164,0.8493867989527353,27934,29,0.059822900002473034
43,4,independent,66,71,100,776,3,0.07586475880040795,-0.02182720353804733,0.015814943326562025,17,7833,1185,6648,0.8487169666794332,34240,33,0.07130650000181049
43,5,independent,76,41,100,776,3,0.07586475880040795,-0.02182720353804733,0.015814943326562025,11,7211,1084,6127,0.8496741090001386,25775,26,0.05690080000204034
43,6,independent,4,65,100,776,3,0.07586475880040795,-0.02182720353804733,0.015814943326562025,10,6730,1013,5717,0.8494799405646359,24885,29,0.05362760000571143
43,7,independent,62,87,100,776,3,0.07586475880040795,-0.02182720353804733,0.015814943326562025,19,8215,1221,6994,0.8513694461351187,33362,28,0.07014910000725649
43,8,independent,4,59,100,776,3,0.07586475880040795,-0.02182720353804733,0.015814943326562025,9,6730,1013,5717,0.8494799405646359,24885,29,0.05394720000913367
43,9,independent,86,17,100,776,3,0.07586475880040795,-0.02182720353804733,0.015814943326562025,9,7322,1045,6277,0.8572794318492215,24864,24,0.05654389999108389
43,0,tradeoff,36,8,100,776,3,-0.3228144662146262,-0.4218432280684435,-0.3948306974248242,14,9964,1349,8615,0.8646126053793657,43218,30,0.09025779999501538
43,1,tradeoff,71,31,100,776,3,-0.3228144662146262,-0.4218432280684435,-0.3948306974248242,7,11299,1628,9671,0.8559164527834322,62643,43,0.12294380000093952
43,2,tradeoff,54,21,100,776,3,-0.3228144662146262,-0.4218432280684435,-0.3948306974248242,3,8433,1206,7227,0.8569903948772679,33160,27,0.06989360001171008
43,3,tradeoff,83,41,100,776,3,-0.3228144662146262,-0.4218432280684435,-0.3948306974248242,27,9155,1299,7856,0.8581103222282905,41051,34,0.08550050000485498
43,4,tradeoff,66,71,100,776,3,-0.3228144662146262,-0.4218432280684435,-0.3948306974248242,21,9627,1407,8220,0.8538485509504519,50641,35,0.10186830000020564
43,5,tradeoff,76,41,100,776,3,-0.3228144662146262,-0.4218432280684435,-0.3948306974248242,14,7365,1108,6257,0.8495587236931432,27604,22,0.060797500002081506
43,6,tradeoff,4,65,100,776,3,-0.3228144662146262,-0.4218432280684435,-0.3948306974248242,9,9020,1292,7728,0.8567627494456763,42229,31,0.08716089998779353
43,7,tradeoff,62,87,100,776,3,-0.3228144662146262,-0.4218432280684435,-0.3948306974248242,8,9328,1290,8038,0.8617066895368782,39578,30,0.08531320000474807
43,8,tradeoff,4,59,100,776,3,-0.3228144662146262,-0.4218432280684435,-0.3948306974248242,31,9020,1292,7728,0.8567627494456763,42229,31,0.08712440000090282
43,9,tradeoff,86,17,100,776,3,-0.3228144662146262,-0.4218432280684435,-0.3948306974248242,8,8418,1188,7230,0.8588738417676408,32795,27,0.07130350000807084
43,0,mixed,36,8,100,776,3,0.6097293428328906,-0.37644889825713007,-0.19129480791429715,12,7335,1014,6321,0.8617586912065439,24439,21,0.05492690000392031
43,1,mixed,71,31,100,776,3,0.6097293428328906,-0.37644889825713007,-0.19129480791429715,3,7237,1095,6142,0.8486942103081387,28536,23,0.061666800000239164
43,2,mixed,54,21,100,776,3,0.6097293428328906,-0.37644889825713007,-0.19129480791429715,1,6789,981,5808,0.8555015466195316,23156,25,0.051681299999472685
43,3,mixed,83,41,100,776,3,0.6097293428328906,-0.37644889825713007,-0.19129480791429715,26,7589,1152,6437,0.8482013440505995,30200,33,0.06419640000967775
43,4,mixed,66,71,100,776,3,0.6097293428328906,-0.37644889825713007,-0.19129480791429715,23,7264,1129,6135,0.8445759911894273,31805,29,0.07513250000192784
43,5,mixed,76,41,100,776,3,0.6097293428328906,-0.37644889825713007,-0.19129480791429715,9,6399,983,5416,0.8463822472261291,21514,24,0.06188640001346357
43,6,mixed,4,65,100,776,3,0.6097293428328906,-0.37644889825713007,-0.19129480791429715,17,5938,891,5047,0.8499494779386999,21479,29,0.05164540000259876
43,7,mixed,62,87,100,776,3,0.6097293428328906,-0.37644889825713007,-0.19129480791429715,14,7187,1059,6128,0.8526506191735077,25838,24,0.06031709999660961
43,8,mixed,4,59,100,776,3,0.6097293428328906,-0.37644889825713007,-0.19129480791429715,9,5938,891,5047,0.8499494779386999,21479,29,0.04915769999206532
43,9,mixed,86,17,100,776,3,0.6097293428328906,-0.37644889825713007,-0.19129480791429715,12,6785,974,5811,0.8564480471628593,23124,25,0.05284630000824109
44,0,positive,86,95,100,781,3,0.7827288835093459,0.7890048189814824,0.7732965442183842,5,2553,414,2139,0.8378378378378378,3964,10,0.012057800006004982
44,1,positive,24,61,100,781,3,0.7827288835093459,0.7890048189814824,0.7732965442183842,4,3861,594,3267,0.8461538461538461,7807,19,0.02057999999669846
44,2,positive,15,96,100,781,3,0.7827288835093459,0.7890048189814824,0.7732965442183842,4,4000,629,3371,0.84275,8914,18,0.022802699997555465
44,3,positive,26,79,100,781,3,0.7827288835093459,0.7890048189814824,0.7732965442183842,3,2767,494,2273,0.8214672930972172,4894,12,0.013739400004851632
44,4,positive,52,19,100,781,3,0.7827288835093459,0.7890048189814824,0.7732965442183842,1,2347,372,1975,0.8414997869620793,3452,12,0.010412600007839501
44,5,positive,25,62,100,781,3,0.7827288835093459,0.7890048189814824,0.7732965442183842,3,2453,379,2074,0.8454953118630248,3707,11,0.011371000000508502
44,6,positive,58,42,100,781,3,0.7827288835093459,0.7890048189814824,0.7732965442183842,7,4442,686,3756,0.8455650607834309,9141,12,0.024800800005323254
44,7,positive,37,71,100,781,3,0.7827288835093459,0.7890048189814824,0.7732965442183842,7,4167,653,3514,0.8432925365970723,8948,15,0.023314500009291805
44,8,positive,97,72,100,781,3,0.7827288835093459,0.7890048189814824,0.7732965442183842,5,3251,545,2706,0.832359274069517,5953,13,0.016231200002948754
44,9,positive,23,57,100,781,3,0.7827288835093459,0.7890048189814824,0.7732965442183842,6,3555,574,2981,0.8385372714486639,7992,16,0.020265000013750978
44,0,independent,86,95,100,781,3,-0.007146210178405942,-0.0009641390795387076,-0.05671398815593745,13,7525,1051,6474,0.8603322259136212,24466,21,0.05562110000755638
44,1,independent,24,61,100,781,3,-0.007146210178405942,-0.0009641390795387076,-0.05671398815593745,3,9045,1300,7745,0.8562741846323936,38416,28,0.08077129999583121
44,2,independent,15,96,100,781,3,-0.007146210178405942,-0.0009641390795387076,-0.05671398815593745,8,9395,1407,7988,0.8502394890899415,42837,36,0.09183609999308828
44,3,independent,26,79,100,781,3,-0.007146210178405942,-0.0009641390795387076,-0.05671398815593745,5,8554,1339,7215,0.8434650455927052,39095,27,0.08324730000458658
44,4,independent,52,19,100,781,3,-0.007146210178405942,-0.0009641390795387076,-0.05671398815593745,6,7819,1132,6687,0.8552244532548919,29884,27,0.06521069999143947
44,5,independent,25,62,100,781,3,-0.007146210178405942,-0.0009641390795387076,-0.05671398815593745,27,7809,1175,6634,0.849532590600589,32660,27,0.07320899999467656
44,6,independent,58,42,100,781,3,-0.007146210178405942,-0.0009641390795387076,-0.05671398815593745,9,7983,1160,6823,0.8546912188400351,30271,28,0.07201910000003409
44,7,independent,37,71,100,781,3,-0.007146210178405942,-0.0009641390795387076,-0.05671398815593745,11,7295,1138,6157,0.8440027416038383,27904,21,0.06086660000437405
44,8,independent,97,72,100,781,3,-0.007146210178405942,-0.0009641390795387076,-0.05671398815593745,12,8458,1269,7189,0.8499645306218965,37730,27,0.07954449999670032
44,9,independent,23,57,100,781,3,-0.007146210178405942,-0.0009641390795387076,-0.05671398815593745,7,7144,1074,6070,0.8496640537513998,26524,26,0.06097560000489466
44,0,tradeoff,86,95,100,781,3,-0.37888030429163644,-0.3497771896039981,-0.413848822932914,15,8548,1219,7329,0.8573935423490875,33416,32,0.07224040001165122
44,1,tradeoff,24,61,100,781,3,-0.37888030429163644,-0.3497771896039981,-0.413848822932914,8,12298,1717,10581,0.8603838022442674,68521,36,0.1385310999903595
44,2,tradeoff,15,96,100,781,3,-0.37888030429163644,-0.3497771896039981,-0.413848822932914,9,11807,1759,10048,0.8510205810112645,69951,32,0.14109520000056364
44,3,tradeoff,26,79,100,781,3,-0.37888030429163644,-0.3497771896039981,-0.413848822932914,8,10783,1610,9173,0.8506909023462859,62678,41,0.12681280000833794
44,4,tradeoff,52,19,100,781,3,-0.37888030429163644,-0.3497771896039981,-0.413848822932914,15,9368,1390,7978,0.8516225448334757,46779,27,0.09561410000605974
44,5,tradeoff,25,62,100,781,3,-0.37888030429163644,-0.3497771896039981,-0.413848822932914,29,9629,1444,8185,0.8500363485304808,49947,34,0.1052722000022186
44,6,tradeoff,58,42,100,781,3,-0.37888030429163644,-0.3497771896039981,-0.413848822932914,8,10167,1409,8758,0.8614143798563981,46973,33,0.10412259999429807
44,7,tradeoff,37,71,100,781,3,-0.37888030429163644,-0.3497771896039981,-0.413848822932914,14,9618,1437,8181,0.8505926388022458,46031,32,0.09485039999708533
44,8,tradeoff,97,72,100,781,3,-0.37888030429163644,-0.3497771896039981,-0.413848822932914,20,10769,1575,9194,0.8537468660042715,56632,36,0.11436219999450259
44,9,tradeoff,23,57,100,781,3,-0.37888030429163644,-0.3497771896039981,-0.413848822932914,10,8401,1238,7163,0.8526365908820378,35474,33,0.07647179999912623
44,0,mixed,86,95,100,781,3,0.5718284091220907,-0.36850528873072963,-0.2158163862718325,13,6927,974,5953,0.859390789663635,21896,24,0.05000740000104997
44,1,mixed,24,61,100,781,3,0.5718284091220907,-0.36850528873072963,-0.2158163862718325,4,8489,1229,7260,0.8552244080574861,34198,30,0.07282859999395441
44,2,mixed,15,96,100,781,3,0.5718284091220907,-0.36850528873072963,-0.2158163862718325,7,8856,1328,7528,0.8500451671183379,38999,30,0.08161160000599921
44,3,mixed,26,79,100,781,3,0.5718284091220907,-0.36850528873072963,-0.2158163862718325,5,8133,1271,6862,0.8437231034058773,36454,27,0.07606920000398532
44,4,mixed,52,19,100,781,3,0.5718284091220907,-0.36850528873072963,-0.2158163862718325,13,6927,994,5933,0.8565035368846543,24447,35,0.054877100003068335
44,5,mixed,25,62,100,781,3,0.5718284091220907,-0.36850528873072963,-0.2158163862718325,20,6668,1016,5652,0.847630473905219,23830,24,0.05376070000056643
44,6,mixed,58,42,100,781,3,0.5718284091220907,-0.36850528873072963,-0.2158163862718325,5,6916,1010,5906,0.8539618276460381,23348,25,0.05482839999604039
44,7,mixed,37,71,100,781,3,0.5718284091220907,-0.36850528873072963,-0.2158163862718325,17,6572,1026,5546,0.8438831405964698,23712,20,0.05447889999777544
44,8,mixed,97,72,100,781,3,0.5718284091220907,-0.36850528873072963,-0.2158163862718325,14,7596,1132,6464,0.8509741969457609,30307,25,0.06794969999464229
44,9,mixed,23,57,100,781,3,0.5718284091220907,-0.36850528873072963,-0.2158163862718325,4,6479,966,5513,0.850902917116839,22318,23,0.05155610000656452
45,0,positive,43,34,100,852,3,0.7906684898111601,0.7942093580973498,0.796152761361384,5,3903,564,3339,0.8554957724827056,7603,17,0.02095499999995809
45,1,positive,27,43,100,852,3,0.7906684898111601,0.7942093580973498,0.796152761361384,4,3770,565,3205,0.850132625994695,7219,15,0.019187400001101196
45,2,positive,32,96,100,852,3,0.7906684898111601,0.7942093580973498,0.796152761361384,2,3294,527,2767,0.8400121432908318,6256,15,0.018655399995623156
45,3,positive,80,59,100,852,3,0.7906684898111601,0.7942093580973498,0.796152761361384,5,3233,477,2756,0.8524590163934426,5436,10,0.016182799998205155
45,4,positive,59,52,100,852,3,0.7906684898111601,0.7942093580973498,0.796152761361384,10,3149,505,2644,0.8396316290885996,5466,11,0.015188400007900782
45,5,positive,66,73,100,852,3,0.7906684898111601,0.7942093580973498,0.796152761361384,3,3709,545,3164,0.8530601240226476,6823,11,0.01829990000987891
45,6,positive,96,28,100,852,3,0.7906684898111601,0.7942093580973498,0.796152761361384,2,4026,660,3366,0.8360655737704918,8839,16,0.022701599998981692
45,7,positive,34,66,100,852,3,0.7906684898111601,0.7942093580973498,0.796152761361384,2,4360,598,3762,0.8628440366972477,8565,20,0.02249459999438841
45,8,positive,12,59,100,852,3,0.7906684898111601,0.7942093580973498,0.796152761361384,2,3096,461,2635,0.8510981912144703,5406,14,0.015723999997135252
45,9,positive,53,23,100,852,3,0.7906684898111601,0.7942093580973498,0.796152761361384,5,4239,622,3617,0.8532672800188724,8588,17,0.022224200001801364
45,0,independent,43,34,100,852,3,-0.011550909209973113,0.0054911463333319884,0.006845309306874622,11,10180,1338,8842,0.868565815324165,41774,33,0.0870095999998739
45,1,independent,27,43,100,852,3,-0.011550909209973113,0.0054911463333319884,0.006845309306874622,14,10928,1501,9427,0.8626464128843339,51587,35,0.10730780000449158
45,2,independent,32,96,100,852,3,-0.011550909209973113,0.0054911463333319884,0.006845309306874622,9,11228,1575,9653,0.8597256857855362,58052,40,0.11604860000079498
45,3,independent,80,59,100,852,3,-0.011550909209973113,0.0054911463333319884,0.006845309306874622,11,8372,1123,7249,0.8658623984710941,28554,21,0.06376550000277348
45,4,independent,59,52,100,852,3,-0.011550909209973113,0.0054911463333319884,0.006845309306874622,26,11381,1517,9864,0.8667076706792022,54355,40,0.1119983999960823
45,5,independent,66,73,100,852,3,-0.011550909209973113,0.0054911463333319884,0.006845309306874622,11,10238,1350,8888,0.8681383082633327,44422,45,0.09267250000266358
45,6,independent,96,28,100,852,3,-0.011550909209973113,0.0054911463333319884,0.006845309306874622,7,9015,1336,7679,0.8518025513033832,38533,28,0.08465989999240264
45,7,independent,34,66,100,852,3,-0.011550909209973113,0.0054911463333319884,0.006845309306874622,5,10202,1366,8836,0.8661046853558125,45030,35,0.09519989999535028
45,8,independent,12,59,100,852,3,-0.011550909209973113,0.0054911463333319884,0.006845309306874622,6,8619,1185,7434,0.8625130525583015,31854,25,0.06915539999317843
45,9,independent,53,23,100,852,3,-0.011550909209973113,0.0054911463333319884,0.006845309306874622,16,10029,1480,8549,0.8524279589191345,51784,29,0.10629850000259466
45,0,tradeoff,43,34,100,852,3,-0.3970610799490472,-0.37256137609776074,-0.3701610337168544,10,11121,1450,9671,0.8696160417228667,47900,30,0.10014399999636225
45,1,tradeoff,27,43,100,852,3,-0.3970610799490472,-0.37256137609776074,-0.3701610337168544,26,13186,1747,11439,0.8675109965114516,70739,34,0.14060909999534488
45,2,tradeoff,32,96,100,852,3,-0.3970610799490472,-0.37256137609776074,-0.3701610337168544,10,13874,1865,12009,0.865575897361972,84615,40,0.16894410000531934
45,3,tradeoff,80,59,100,852,3,-0.3970610799490472,-0.37256137609776074,-0.3701610337168544,11,11505,1498,10007,0.8697957409821817,53264,37,0.11232249999011401
45,4,tradeoff,59,52,100,852,3,-0.3970610799490472,-0.37256137609776074,-0.3701610337168544,27,11219,1476,9743,0.8684374721454675,57333,35,0.11974540000665002
45,5,tradeoff,66,73,100,852,3,-0.3970610799490472,-0.37256137609776074,-0.3701610337168544,15,11909,1546,10363,0.8701822151314133,58347,30,0.1372242999932496
45,6,tradeoff,96,28,100,852,3,-0.3970610799490472,-0.37256137609776074,-0.3701610337168544,7,9638,1358,8280,0.8590993982153974,43364,35,0.09387470000365283
45,7,tradeoff,34,66,100,852,3,-0.3970610799490472,-0.37256137609776074,-0.3701610337168544,9,11451,1502,9949,0.8688324163828487,56815,32,0.11478799999167677
45,8,tradeoff,12,59,100,852,3,-0.3970610799490472,-0.37256137609776074,-0.3701610337168544,12,9944,1310,8634,0.8682622687047465,42639,28,0.08838689999538474
45,9,tradeoff,53,23,100,852,3,-0.3970610799490472,-0.37256137609776074,-0.3701610337168544,27,11542,1653,9889,0.8567839195979899,66966,37,0.13231050000467803
45,0,mixed,43,34,100,852,3,0.5851797959725964,-0.37882157067495265,-0.1793525640813742,10,8333,1118,7215,0.8658346333853354,30854,27,0.06975540000712499
45,1,mixed,27,43,100,852,3,0.5851797959725964,-0.37882157067495265,-0.1793525640813742,14,9113,1245,7868,0.8633819817842643,36978,37,0.08138379998854361
45,2,mixed,32,96,100,852,3,0.5851797959725964,-0.37882157067495265,-0.1793525640813742,7,10394,1444,8950,0.8610736963632865,49548,33,0.10074209999584127
45,3,mixed,80,59,100,852,3,0.5851797959725964,-0.37882157067495265,-0.1793525640813742,7,8093,1084,7009,0.8660570863709378,27896,25,0.06347150000510737
45,4,mixed,59,52,100,852,3,0.5851797959725964,-0.37882157067495265,-0.1793525640813742,19,7884,1093,6791,0.8613647894469812,29965,28,0.06800400000065565
45,5,mixed,66,73,100,852,3,0.5851797959725964,-0.37882157067495265,-0.1793525640813742,8,9180,1245,7935,0.8643790849673203,35177,29,0.07558230000722688
45,6,mixed,96,28,100,852,3,0.5851797959725964,-0.37882157067495265,-0.1793525640813742,6,7149,1073,6076,0.8499090781927542,26789,25,0.057585699993069284
45,7,mixed,34,66,100,852,3,0.5851797959725964,-0.37882157067495265,-0.1793525640813742,6,9374,1253,8121,0.866332408790271,41803,36,0.0890378000040073
45,8,mixed,12,59,100,852,3,0.5851797959725964,-0.37882157067495265,-0.1793525640813742,4,7437,1016,6421,0.863385773833535,24911,22,0.05782570000155829
45,9,mixed,53,23,100,852,3,0.5851797959725964,-0.37882157067495265,-0.1793525640813742,18,9041,1338,7703,0.8520075212918925,43110,28,0.08781850000377744
46,0,positive,48,99,100,820,3,0.7904998716070175,0.8032384627520618,0.7905255047903159,2,3362,498,2864,0.8518738845925045,5722,12,0.01617149999947287
46,1,positive,97,18,100,820,3,0.7904998716070175,0.8032384627520618,0.7905255047903159,7,3903,636,3267,0.8370484242890085,8242,16,0.02103999999235384
46,2,positive,45,7,100,820,3,0.7904998716070175,0.8032384627520618,0.7905255047903159,1,2788,456,2332,0.836441893830703,4725,12,0.013415699999313802
46,3,positive,52,33,100,820,3,0.7904998716070175,0.8032384627520618,0.7905255047903159,3,3447,497,2950,0.8558166521612997,5877,10,0.01679770000919234
46,4,positive,25,21,100,820,3,0.7904998716070175,0.8032384627520618,0.7905255047903159,2,4228,619,3609,0.8535950804162725,8599,19,0.022001300007104874
46,5,positive,99,93,100,820,3,0.7904998716070175,0.8032384627520618,0.7905255047903159,2,2654,431,2223,0.8376036171816127,4519,10,0.01284930000838358
46,6,positive,18,23,100,820,3,0.7904998716070175,0.8032384627520618,0.7905255047903159,2,2901,487,2414,0.832126852809376,5168,12,0.014164599997457117
46,7,positive,46,66,100,820,3,0.7904998716070175,0.8032384627520618,0.7905255047903159,4,2492,413,2079,0.8342696629213483,4248,12,0.012658399995416403
46,8,positive,60,89,100,820,3,0.7904998716070175,0.8032384627520618,0.7905255047903159,1,2179,338,1841,0.8448829738412116,3135,10,0.010110200004419312
46,9,positive,70,3,100,820,3,0.7904998716070175,0.8032384627520618,0.7905255047903159,1,2668,431,2237,0.8384557721139431,4598,11,0.013097100003506057
46,0,independent,48,99,100,820,3,-0.021367651804247847,-0.0048284120772905115,-0.030221793826166403,4,8590,1215,7375,0.8585564610011641,34143,31,0.07191100000636652
46,1,independent,97,18,100,820,3,-0.021367651804247847,-0.0048284120772905115,-0.030221793826166403,11,8806,1238,7568,0.8594140358846242,32853,27,0.07093760000134353
46,2,independent,45,7,100,820,3,-0.021367651804247847,-0.0048284120772905115,-0.030221793826166403,12,10165,1447,8718,0.8576487948844073,49787,31,0.1052849999978207
46,3,independent,52,33,100,820,3,-0.021367651804247847,-0.0048284120772905115,-0.030221793826166403,8,8709,1197,7512,0.862555976575956,35626,28,0.07714660000056028
46,4,independent,25,21,100,820,3,-0.021367651804247847,-0.0048284120772905115,-0.030221793826166403,6,9063,1233,7830,0.8639523336643495,33949,33,0.0732626000099117
46,5,independent,99,93,100,820,3,-0.021367651804247847,-0.0048284120772905115,-0.030221793826166403,8,8537,1199,7338,0.8595525360196791,33187,27,0.07377200000337325
46,6,independent,18,23,100,820,3,-0.021367651804247847,-0.0048284120772905115,-0.030221793826166403,14,8914,1275,7639,0.8569665694413282,37239,31,0.08097999999881722
46,7,independent,46,66,100,820,3,-0.021367651804247847,-0.0048284120772905115,-0.030221793826166403,4,8127,1209,6918,0.8512366186784791,33492,28,0.07246799999848008
46,8,independent,60,89,100,820,3,-0.021367651804247847,-0.0048284120772905115,-0.030221793826166403,5,7603,1125,6478,0.8520320925950283,28387,24,0.06142149999504909
46,9,independent,70,3,100,820,3,-0.021367651804247847,-0.0048284120772905115,-0.030221793826166403,12,8888,1280,7608,0.855985598559856,36715,35,0.07848830000148155
46,0,tradeoff,48,99,100,820,3,-0.40586937139005974,-0.3669276321178729,-0.39549895784077466,6,9892,1387,8505,0.8597856854023453,44912,36,0.0973882000107551
46,1,tradeoff,97,18,100,820,3,-0.40586937139005974,-0.3669276321178729,-0.39549895784077466,26,10525,1435,9090,0.8636579572446555,45014,33,0.09634500001266133
46,2,tradeoff,45,7,100,820,3,-0.40586937139005974,-0.3669276321178729,-0.39549895784077466,7,11199,1571,9628,0.8597196178230199,60528,27,0.1221462999965297
46,3,tradeoff,52,33,100,820,3,-0.40586937139005974,-0.3669276321178729,-0.39549895784077466,18,10631,1517,9114,0.8573041106198852,55110,30,0.11385940000764094
46,4,tradeoff,25,21,100,820,3,-0.40586937139005974,-0.3669276321178729,-0.39549895784077466,15,11106,1477,9629,0.8670088240590672,50459,32,0.10808389999147039
46,5,tradeoff,99,93,100,820,3,-0.40586937139005974,-0.3669276321178729,-0.39549895784077466,7,10938,1493,9445,0.863503382702505,54995,30,0.11261900000681635
46,6,tradeoff,18,23,100,820,3,-0.40586937139005974,-0.3669276321178729,-0.39549895784077466,13,10428,1483,8945,0.8577867280398926,53297,35,0.10741589999815915
46,7,tradeoff,46,66,100,820,3,-0.40586937139005974,-0.3669276321178729,-0.39549895784077466,3,11025,1658,9367,0.8496145124716553,64602,34,0.1305445000034524
46,8,tradeoff,60,89,100,820,3,-0.40586937139005974,-0.3669276321178729,-0.39549895784077466,10,9503,1420,8083,0.8505735031042828,49700,32,0.09896800000569783
46,9,tradeoff,70,3,100,820,3,-0.40586937139005974,-0.3669276321178729,-0.39549895784077466,12,11211,1541,9670,0.8625457140308626,57865,34,0.11861550000321586
46,0,mixed,48,99,100,820,3,0.5801591560155028,-0.39182236757840744,-0.21372143986365968,4,6868,991,5877,0.855707629586488,23658,27,0.052937100001145154
46,1,mixed,97,18,100,820,3,0.5801591560155028,-0.39182236757840744,-0.21372143986365968,7,7738,1089,6649,0.8592659601964332,26511,21,0.058867799991276115
46,2,mixed,45,7,100,820,3,0.5801591560155028,-0.39182236757840744,-0.21372143986365968,7,8193,1170,7023,0.857195166605639,33205,21,0.07073579999268986
46,3,mixed,52,33,100,820,3,0.5801591560155028,-0.39182236757840744,-0.21372143986365968,6,8396,1164,7232,0.8613625535969509,32856,24,0.06995459999598097
46,4,mixed,25,21,100,820,3,0.5801591560155028,-0.39182236757840744,-0.21372143986365968,7,8365,1102,7263,0.8682606096832038,29195,38,0.06366459999117069
46,5,mixed,99,93,100,820,3,0.5801591560155028,-0.39182236757840744,-0.21372143986365968,6,7283,1053,6230,0.855416723877523,26074,22,0.058037199996761046
46,6,mixed,18,23,100,820,3,0.5801591560155028,-0.39182236757840744,-0.21372143986365968,7,7453,1086,6367,0.8542868643499262,27751,26,0.06003219999547582
46,7,mixed,46,66,100,820,3,0.5801591560155028,-0.39182236757840744,-0.21372143986365968,3,8485,1236,7249,0.8543311726576311,34808,29,0.0739599999942584
46,8,mixed,60,89,100,820,3,0.5801591560155028,-0.39182236757840744,-0.21372143986365968,7,6432,969,5463,0.8493470149253731,22324,23,0.04934529999445658
46,9,mixed,70,3,100,820,3,0.5801591560155028,-0.39182236757840744,-0.21372143986365968,9,7812,1150,6662,0.8527905785970302,31305,28,0.0677774999930989
47,0,positive,81,72,100,754,3,0.7792344771747072,0.782599637064648,0.7921018753409286,5,4823,729,4094,0.8488492639436036,10590,18,0.027321500005200505
47,1,positive,73,33,100,754,3,0.7792344771747072,0.782599637064648,0.7921018753409286,3,2993,502,2491,0.8322753090544605,5566,16,0.015613299998221919
47,2,positive,56,27,100,754,3,0.7792344771747072,0.782599637064648,0.7921018753409286,2,3651,622,3029,0.8296357162421254,8085,15,0.020562599995173514
47,3,positive,44,98,100,754,3,0.7792344771747072,0.782599637064648,0.7921018753409286,4,2888,450,2438,0.8441828254847645,5118,12,0.01475959998788312
47,4,positive,31,48,100,754,3,0.7792344771747072,0.782599637064648,0.7921018753409286,1,2140,396,1744,0.8149532710280374,3755,12,0.010510799998883158
47,5,positive,24,36,100,754,3,0.7792344771747072,0.782599637064648,0.7921018753409286,2,2492,405,2087,0.8374799357945425,4144,12,0.011750799996661954
47,6,positive,71,16,100,754,3,0.7792344771747072,0.782599637064648,0.7921018753409286,1,2761,465,2296,0.8315827598696125,4621,10,0.013319199992110953
47,7,positive,98,60,100,754,3,0.7792344771747072,0.782599637064648,0.7921018753409286,3,2741,462,2279,0.8314483765049252,5225,20,0.014181799997459166
47,8,positive,54,19,100,754,3,0.7792344771747072,0.782599637064648,0.7921018753409286,4,2769,452,2317,0.8367641747923438,4935,15,0.013620899990200996
47,9,positive,12,54,100,754,3,0.7792344771747072,0.782599637064648,0.7921018753409286,3,2963,540,2423,0.8177522780965238,6070,12,0.01606889998947736
47,0,independent,81,72,100,754,3,0.017262410816769318,0.040778268166487275,0.012741501394809512,8,9315,1360,7955,0.8539989264626946,38212,32,0.08056250000663567
47,1,independent,73,33,100,754,3,0.017262410816769318,0.040778268166487275,0.012741501394809512,4,7116,1091,6025,0.8466835300730747,25322,25,0.055448099999921396
47,2,independent,56,27,100,754,3,0.017262410816769318,0.040778268166487275,0.012741501394809512,15,8303,1289,7014,0.8447549078646273,34171,28,0.07313609999255277
47,3,independent,44,98,100,754,3,0.017262410816769318,0.040778268166487275,0.012741501394809512,7,6868,1015,5853,0.8522131624927198,23437,20,0.05516490001173224
47,4,independent,31,48,100,754,3,0.017262410816769318,0.040778268166487275,0.012741501394809512,9,10781,1678,9103,0.8443558111492441,62478,45,0.1276880999939749
47,5,independent,24,36,100,754,3,0.017262410816769318,0.040778268166487275,0.012741501394809512,7,7440,1174,6266,0.8422043010752688,32216,35,0.07257450000906829
47,6,independent,71,16,100,754,3,0.017262410816769318,0.040778268166487275,0.012741501394809512,10,8063,1221,6842,0.8485675306957708,32375,26,0.07011210000200663
47,7,independent,98,60,100,754,3,0.017262410816769318,0.040778268166487275,0.012741501394809512,13,6184,924,5260,0.8505821474773609,21139,29,0.047599600002286024
47,8,independent,54,19,100,754,3,0.017262410816769318,0.040778268166487275,0.012741501394809512,2,9640,1522,8118,0.8421161825726141,50082,36,0.11499790000380017
47,9,independent,12,54,100,754,3,0.017262410816769318,0.040778268166487275,0.012741501394809512,17,6976,1136,5840,0.8371559633027523,27164,27,0.06922280001163017
47,0,tradeoff,81,72,100,754,3,-0.3485970830880487,-0.365274578207408,-0.4356435210798831,11,9596,1366,8230,0.8576490204251772,42422,30,0.09227729999111034
47,1,tradeoff,73,33,100,754,3,-0.3485970830880487,-0.365274578207408,-0.4356435210798831,6,9594,1430,8164,0.8509485094850948,44200,32,0.09269350000249688
47,2,tradeoff,56,27,100,754,3,-0.3485970830880487,-0.365274578207408,-0.4356435210798831,19,10062,1565,8497,0.8444643212085072,51591,34,0.10454939999908675
47,3,tradeoff,44,98,100,754,3,-0.3485970830880487,-0.365274578207408,-0.4356435210798831,9,8845,1267,7578,0.8567552289429056,40126,34,0.08301000000210479
47,4,tradeoff,31,48,100,754,3,-0.3485970830880487,-0.365274578207408,-0.4356435210798831,7,11050,1703,9347,0.8458823529411764,66023,39,0.12810190000163857
47,5,tradeoff,24,36,100,754,3,-0.3485970830880487,-0.365274578207408,-0.4356435210798831,12,7722,1170,6552,0.8484848484848485,32772,25,0.06829819999984466
47,6,tradeoff,71,16,100,754,3,-0.3485970830880487,-0.365274578207408,-0.4356435210798831,12,9553,1397,8156,0.8537632157437455,45898,28,0.09392660000594333
47,7,tradeoff,98,60,100,754,3,-0.3485970830880487,-0.365274578207408,-0.4356435210798831,13,7621,1087,6534,0.8573677995013778,31262,37,0.06847850000485778
47,8,tradeoff,54,19,100,754,3,-0.3485970830880487,-0.365274578207408,-0.4356435210798831,2,11809,1875,9934,0.8412227961724109,78560,40,0.15245799999684095
47,9,tradeoff,12,54,100,754,3,-0.3485970830880487,-0.365274578207408,-0.4356435210798831,9,9038,1398,7640,0.8453197610090728,41583,31,0.087752499995986
47,0,mixed,81,72,100,754,3,0.5754645820372719,-0.35434438400858875,-0.1474308269344156,12,8468,1213,7255,0.8567548417572036,32070,33,0.07062720000976697
47,1,mixed,73,33,100,754,3,0.5754645820372719,-0.35434438400858875,-0.1474308269344156,4,6252,957,5295,0.8469289827255279,20416,26,0.047343199999886565
47,2,mixed,56,27,100,754,3,0.5754645820372719,-0.35434438400858875,-0.1474308269344156,16,7164,1164,6000,0.8375209380234506,28450,28,0.06206419999944046
47,3,mixed,44,98,100,754,3,0.5754645820372719,-0.35434438400858875,-0.1474308269344156,4,5289,791,4498,0.8504443183966723,16378,19,0.03869829999166541
47,4,mixed,31,48,100,754,3,0.5754645820372719,-0.35434438400858875,-0.1474308269344156,5,8611,1342,7269,0.8441528277784229,41605,40,0.08530740000423975
47,5,mixed,24,36,100,754,3,0.5754645820372719,-0.35434438400858875,-0.1474308269344156,6,6551,1005,5546,0.8465883071286826,24461,25,0.0543753999954788
47,6,mixed,71,16,100,754,3,0.5754645820372719,-0.35434438400858875,-0.1474308269344156,8,7170,1112,6058,0.8449093444909345,26711,24,0.058213800002704374
47,7,mixed,98,60,100,754,3,0.5754645820372719,-0.35434438400858875,-0.1474308269344156,7,5456,812,4644,0.8511730205278593,17696,26,0.04024380000191741
47,8,mixed,54,19,100,754,3,0.5754645820372719,-0.35434438400858875,-0.1474308269344156,2,7790,1213,6577,0.8442875481386393,33704,25,0.07113359999493696
47,9,mixed,12,54,100,754,3,0.5754645820372719,-0.35434438400858875,-0.1474308269344156,11,6158,1016,5142,0.8350113673270543,22910,24,0.049689300009049475
48,0,positive,56,76,100,824,3,0.7862297964296312,0.7983658751097842,0.7730945489155728,2,2983,459,2524,0.8461280590010057,5128,16,0.014707099995575845
48,1,positive,14,98,100,824,3,0.7862297964296312,0.7983658751097842,0.7730945489155728,6,3201,507,2694,0.8416119962511716,5667,13,0.015925700005027466
48,2,positive,88,47,100,824,3,0.7862297964296312,0.7983658751097842,0.7730945489155728,2,2512,391,2121,0.8443471337579618,3732,12,0.011251799995079637
48,3,positive,87,16,100,824,3,0.7862297964296312,0.7983658751097842,0.7730945489155728,2,2741,433,2308,0.8420284567676031,4736,14,0.013663100005942397
48,4,positive,88,32,100,824,3,0.7862297964296312,0.7983658751097842,0.7730945489155728,1,2512,391,2121,0.8443471337579618,3732,12,0.011652800007141195
48,5,positive,42,38,100,824,3,0.7862297964296312,0.7983658751097842,0.7730945489155728,1,3268,495,2773,0.848531211750306,5685,12,0.016369099990697578
48,6,positive,46,60,100,824,3,0.7862297964296312,0.7983658751097842,0.7730945489155728,2,2715,417,2298,0.8464088397790055,4477,14,0.013433499989332631
48,7,positive,35,95,100,824,3,0.7862297964296312,0.7983658751097842,0.7730945489155728,2,3698,543,3155,0.8531638723634397,7096,19,0.019850399999995716
48,8,positive,79,0,100,824,3,0.7862297964296312,0.7983658751097842,0.7730945489155728,1,3459,508,2951,0.8531367447239087,6283,15,0.01702490000752732
48,9,positive,51,34,100,824,3,0.7862297964296312,0.7983658751097842,0.7730945489155728,3,3303,501,2802,0.8483197093551317,5987,17,0.01646949999849312
48,0,independent,56,76,100,824,3,0.03237350555252255,-0.0018681885206646837,-0.08903397357924357,6,8901,1193,7708,0.8659701157173352,34751,30,0.0750936999975238
48,1,independent,14,98,100,824,3,0.03237350555252255,-0.0018681885206646837,-0.08903397357924357,18,8755,1242,7513,0.8581382067390063,34898,32,0.07642710000800434
48,2,independent,88,47,100,824,3,0.03237350555252255,-0.0018681885206646837,-0.08903397357924357,9,9625,1421,8204,0.8523636363636363,45212,40,0.09682399999292102
48,3,independent,87,16,100,824,3,0.03237350555252255,-0.0018681885206646837,-0.08903397357924357,6,6534,897,5637,0.8627180899908172,20749,28,0.04877050001232419
48,4,independent,88,32,100,824,3,0.03237350555252255,-0.0018681885206646837,-0.08903397357924357,3,9625,1421,8204,0.8523636363636363,45212,40,0.0932217999943532
48,5,independent,42,38,100,824,3,0.03237350555252255,-0.0018681885206646837,-0.08903397357924357,23,10982,1512,9470,0.8623201602622473,53201,36,0.10906630000681616
48,6,independent,46,60,100,824,3,0.03237350555252255,-0.0018681885206646837,-0.08903397357924357,4,8024,1119,6905,0.860543369890329,29498,29,0.0642809999990277
48,7,independent,35,95,100,824,3,0.03237350555252255,-0.0018681885206646837,-0.08903397357924357,4,8038,1164,6874,0.8551878576760388,29473,27,0.06421110000519548
48,8,independent,79,0,100,824,3,0.03237350555252255,-0.0018681885206646837,-0.08903397357924357,4,10421,1466,8955,0.8593225218309183,48204,32,0.10122270000283606
48,9,independent,51,34,100,824,3,0.03237350555252255,-0.0018681885206646837,-0.08903397357924357,5,8822,1228,7594,0.8608025391067785,35295,25,0.07750070000474807
48,0,tradeoff,56,76,100,824,3,-0.34923638034433807,-0.39786150128812175,-0.44917524439647777,14,11309,1530,9779,0.8647095233884516,57279,37,0.11787709999771323
48,1,tradeoff,14,98,100,824,3,-0.34923638034433807,-0.39786150128812175,-0.44917524439647777,33,10754,1499,9255,0.8606100055793193,55518,33,0.11441389999527019
48,2,tradeoff,88,47,100,824,3,-0.34923638034433807,-0.39786150128812175,-0.44917524439647777,12,12912,1882,11030,0.8542441140024783,80858,39,0.15821480000158772
48,3,tradeoff,87,16,100,824,3,-0.34923638034433807,-0.39786150128812175,-0.44917524439647777,10,10751,1413,9338,0.868570365547391,52080,36,0.10707900000852533
48,4,tradeoff,88,32,100,824,3,-0.34923638034433807,-0.39786150128812175,-0.44917524439647777,15,12912,1882,11030,0.8542441140024783,80858,39,0.156774500006577
48,5,tradeoff,42,38,100,824,3,-0.34923638034433807,-0.39786150128812175,-0.44917524439647777,22,12084,1646,10438,0.8637868255544522,66498,44,0.13696689999778755
48,6,tradeoff,46,60,100,824,3,-0.34923638034433807,-0.39786150128812175,-0.44917524439647777,9,10104,1397,8707,0.8617379255740301,44669,30,0.09255499999562744
48,7,tradeoff,35,95,100,824,3,-0.34923638034433807,-0.39786150128812175,-0.44917524439647777,6,9899,1381,8518,0.8604909586826952,43302,29,0.09265439999580849
48,8,tradeoff,79,0,100,824,3,-0.34923638034433807,-0.39786150128812175,-0.44917524439647777,10,11561,1589,9972,0.8625551422887293,60891,34,0.12757380001130514
48,9,tradeoff,51,34,100,824,3,-0.34923638034433807,-0.39786150128812175,-0.44917524439647777,14,10671,1446,9225,0.8644925499016025,49384,36,0.10083770001074299
48,0,mixed,56,76,100,824,3,0.5859436914413101,-0.42060930193748686,-0.26458740832262595,9,8169,1105,7064,0.8647325254009058,32273,28,0.0696746999892639
48,1,mixed,14,98,100,824,3,0.5859436914413101,-0.42060930193748686,-0.26458740832262595,23,7927,1134,6793,0.8569446196543459,30701,28,0.06566239999665413
48,2,mixed,88,47,100,824,3,0.5859436914413101,-0.42060930193748686,-0.26458740832262595,8,9071,1355,7716,0.8506228640723184,40655,32,0.08513329998822883
48,3,mixed,87,16,100,824,3,0.5859436914413101,-0.42060930193748686,-0.26458740832262595,7,6409,898,5511,0.8598845373693244,20772,28,0.04672640000353567
48,4,mixed,88,32,100,824,3,0.5859436914413101,-0.42060930193748686,-0.26458740832262595,5,9071,1355,7716,0.8506228640723184,40655,32,0.08495960000436753
48,5,mixed,42,38,100,824,3,0.5859436914413101,-0.42060930193748686,-0.26458740832262595,21,9174,1258,7916,0.8628733376934816,38024,26,0.07990159999462776
48,6,mixed,46,60,100,824,3,0.5859436914413101,-0.42060930193748686,-0.26458740832262595,3,7367,1031,6336,0.8600515813764084,25121,24,0.05576810000638943
48,7,mixed,35,95,100,824,3,0.5859436914413101,-0.42060930193748686,-0.26458740832262595,5,7348,1034,6314,0.8592814371257484,24441,23,0.06013510000775568
48,8,mixed,79,0,100,824,3,0.5859436914413101,-0.42060930193748686,-0.26458740832262595,7,9532,1358,8174,0.8575325220310533,41420,28,0.105131700009224
48,9,mixed,51,34,100,824,3,0.5859436914413101,-0.42060930193748686,-0.26458740832262595,6,8058,1116,6942,0.8615040953090097,29962,24,0.06918419999419712
49,0,positive,38,68,100,752,3,0.7962129815583107,0.8009760709248018,0.779643183396226,2,2514,426,2088,0.8305489260143198,4087,12,0.014992299998993985
49,1,positive,48,33,100,752,3,0.7962129815583107,0.8009760709248018,0.779643183396226,7,2249,373,1876,0.8341485104490884,3495,14,0.010268700003507547
49,2,positive,75,94,100,752,3,0.7962129815583107,0.8009760709248018,0.779643183396226,1,2183,402,1781,0.8158497480531379,3694,14,0.010569000005489215
49,3,positive,18,23,100,752,3,0.7962129815583107,0.8009760709248018,0.779643183396226,7,2952,485,2467,0.8357046070460704,5398,12,0.014788300002692267
49,4,positive,8,57,100,752,3,0.7962129815583107,0.8009760709248018,0.779643183396226,6,3012,513,2499,0.8296812749003984,5831,12,0.015621200000168756
49,5,positive,96,75,100,752,3,0.7962129815583107,0.8009760709248018,0.779643183396226,5,2784,466,2318,0.8326149425287356,5437,14,0.014498800010187551
49,6,positive,69,38,100,752,3,0.7962129815583107,0.8009760709248018,0.779643183396226,5,2437,439,1998,0.8198604842018876,4246,10,0.011933400004636496
49,7,positive,25,84,100,752,3,0.7962129815583107,0.8009760709248018,0.779643183396226,6,2534,405,2129,0.84017363851618,4329,12,0.012158999990788288
49,8,positive,12,64,100,752,3,0.7962129815583107,0.8009760709248018,0.779643183396226,2,2264,401,1863,0.8228798586572438,3662,9,0.010784999991301447
49,9,positive,32,76,100,752,3,0.7962129815583107,0.8009760709248018,0.779643183396226,2,3666,574,3092,0.8434260774686306,7437,17,0.01954470000055153
49,0,independent,38,68,100,752,3,0.0031380025345827726,-0.0016395518349624557,-0.04771148269555723,6,7987,1201,6786,0.8496306498059346,31371,36,0.07077770000614692
49,1,independent,48,33,100,752,3,0.0031380025345827726,-0.0016395518349624557,-0.04771148269555723,9,9106,1379,7727,0.848561388095761,44461,31,0.09134939999785274
49,2,independent,75,94,100,752,3,0.0031380025345827726,-0.0016395518349624557,-0.04771148269555723,6,7892,1185,6707,0.8498479472883933,32813,33,0.07212250000156928
49,3,independent,18,23,100,752,3,0.0031380025345827726,-0.0016395518349624557,-0.04771148269555723,20,8265,1332,6933,0.8388384754990925,41452,42,0.08446139999432489
49,4,independent,8,57,100,752,3,0.0031380025345827726,-0.0016395518349624557,-0.04771148269555723,18,8915,1376,7539,0.8456533931575996,42028,30,0.08816680000745691
49,5,independent,96,75,100,752,3,0.0031380025345827726,-0.0016395518349624557,-0.04771148269555723,7,7954,1176,6778,0.8521498617048027,30224,26,0.06756589999713469
49,6,independent,69,38,100,752,3,0.0031380025345827726,-0.0016395518349624557,-0.04771148269555723,13,7400,1163,6237,0.8428378378378378,29031,24,0.06497770000714809
49,7,independent,25,84,100,752,3,0.0031380025345827726,-0.0016395518349624557,-0.04771148269555723,15,6919,1006,5913,0.8546032663679722,24868,28,0.05703559999528807
49,8,independent,12,64,100,752,3,0.0031380025345827726,-0.0016395518349624557,-0.04771148269555723,5,6457,981,5476,0.8480718599969026,21796,20,0.04950379999354482
49,9,independent,32,76,100,752,3,0.0031380025345827726,-0.0016395518349624557,-0.04771148269555723,6,7652,1153,6499,0.8493204391008886,30322,23,0.07025580000481568
49,0,tradeoff,38,68,100,752,3,-0.37357843995373835,-0.38235030626721145,-0.4142374332212797,11,8188,1235,6953,0.8491695163654128,34378,28,0.07730479999736417
49,1,tradeoff,48,33,100,752,3,-0.37357843995373835,-0.38235030626721145,-0.4142374332212797,17,10767,1627,9140,0.8488901272406427,66900,39,0.13322580000385642
49,2,tradeoff,75,94,100,752,3,-0.37357843995373835,-0.38235030626721145,-0.4142374332212797,9,8742,1287,7455,0.8527796842827728,38721,27,0.08451120000972878
49,3,tradeoff,18,23,100,752,3,-0.37357843995373835,-0.38235030626721145,-0.4142374332212797,25,11081,1753,9328,0.8418012814727913,72096,40,0.14247350000368897
49,4,tradeoff,8,57,100,752,3,-0.37357843995373835,-0.38235030626721145,-0.4142374332212797,12,10883,1666,9217,0.8469172103280346,64718,40,0.1281170000002021
49,5,tradeoff,96,75,100,752,3,-0.37357843995373835,-0.38235030626721145,-0.4142374332212797,9,9532,1392,8140,0.8539655895929501,44336,35,0.09058839999488555
49,6,tradeoff,69,38,100,752,3,-0.37357843995373835,-0.38235030626721145,-0.4142374332212797,12,8720,1336,7384,0.846788990825688,41109,27,0.08368919999338686
49,7,tradeoff,25,84,100,752,3,-0.37357843995373835,-0.38235030626721145,-0.4142374332212797,24,7597,1127,6470,0.8516519678820587,32047,35,0.06690710000111721
49,8,tradeoff,12,64,100,752,3,-0.37357843995373835,-0.38235030626721145,-0.4142374332212797,13,9243,1384,7859,0.8502650654549389,45445,29,0.09179829999629874
49,9,tradeoff,32,76,100,752,3,-0.37357843995373835,-0.38235030626721145,-0.4142374332212797,6,8857,1309,7548,0.8522072936660269,39752,30,0.08230570000887383
49,0,mixed,38,68,100,752,3,0.586804579038358,-0.39506779065008063,-0.23493226879541385,6,7004,1050,5954,0.8500856653340948,24648,28,0.05454729999473784
49,1,mixed,48,33,100,752,3,0.586804579038358,-0.39506779065008063,-0.23493226879541385,9,7474,1149,6325,0.8462670591383463,31024,22,0.06553290000010747
49,2,mixed,75,94,100,752,3,0.586804579038358,-0.39506779065008063,-0.23493226879541385,2,6944,1050,5894,0.8487903225806451,26067,25,0.05669680000573862
49,3,mixed,18,23,100,752,3,0.586804579038358,-0.39506779065008063,-0.23493226879541385,16,7463,1197,6266,0.8396087364330698,32628,25,0.06776869999885093
49,4,mixed,8,57,100,752,3,0.586804579038358,-0.39506779065008063,-0.23493226879541385,11,7320,1156,6164,0.8420765027322404,30073,26,0.06329859999823384
49,5,mixed,96,75,100,752,3,0.586804579038358,-0.39506779065008063,-0.23493226879541385,9,6338,949,5389,0.8502682234143263,20426,21,0.046849599995766766
49,6,mixed,69,38,100,752,3,0.586804579038358,-0.39506779065008063,-0.23493226879541385,9,6193,986,5207,0.840787986436299,21643,22,0.04722079999919515
49,7,mixed,25,84,100,752,3,0.586804579038358,-0.39506779065008063,-0.23493226879541385,16,6464,942,5522,0.854269801980198,21982,29,0.04870489999302663
49,8,mixed,12,64,100,752,3,0.586804579038358,-0.39506779065008063,-0.23493226879541385,8,6375,976,5399,0.8469019607843137,22482,22,0.04991370000061579
49,9,mixed,32,76,100,752,3,0.586804579038358,-0.39506779065008063,-0.23493226879541385,4,7652,1156,6496,0.8489283847360167,29211,27,0.06276769998657983
