network_id,query_id,objectives,source,target,num_nodes,num_edges,runtime_seconds,target_pareto_labels,generated_labels,kept_labels,pruned_labels,dominance_checks,max_labels_per_node
0,0,2,60,41,100,753,0.036690499997348525,2,5043,838,4205,17456,15
0,1,2,97,29,100,753,0.022419200002332218,3,3790,624,3166,9895,12
0,2,2,98,93,100,753,0.02282869999180548,6,3765,667,3098,9996,11
0,3,2,30,13,100,753,0.02080549999664072,2,3692,605,3087,8782,12
0,4,2,22,93,100,753,0.03280139999696985,9,4587,809,3778,15669,14
0,5,2,49,96,100,753,0.02204699999128934,5,3721,635,3086,9515,11
0,6,2,53,8,100,753,0.018784200001391582,4,3304,590,2714,8059,8
0,7,2,7,78,100,753,0.024006200008443557,3,4140,667,3473,10393,12
0,8,2,32,14,100,753,0.02632160000212025,9,4075,722,3353,11946,12
0,9,2,4,95,100,753,0.01650889999291394,4,3063,516,2547,6747,12
0,0,3,60,41,100,753,0.10839259999920614,2,9557,1512,8045,57624,33
0,1,3,97,29,100,753,0.11407560000952799,18,10104,1588,8516,60677,36
0,2,3,98,93,100,753,0.07428990000335034,14,8124,1285,6839,37439,29
0,3,3,30,13,100,753,0.06966839999950025,4,8025,1224,6801,34070,29
0,4,3,22,93,100,753,0.10416390000318643,15,9615,1560,8055,54612,31
0,5,3,49,96,100,753,0.06806119999964722,7,7889,1217,6672,33502,29
0,6,3,53,8,100,753,0.055256999999983236,15,6554,1093,5461,26188,19
0,7,3,7,78,100,753,0.1099367999995593,8,9791,1521,8270,47457,28
0,8,3,32,14,100,753,0.09191390000341926,20,8838,1443,7395,47251,29
0,9,3,4,95,100,753,0.06456070000422187,9,7764,1167,6597,31256,29
0,0,4,60,41,100,753,0.28944879998744,3,16480,2506,13974,148740,59
0,1,4,97,29,100,753,0.3710295000055339,39,19707,2948,16759,199606,61
0,2,4,98,93,100,753,0.22333379999327008,22,15603,2321,13282,113587,61
0,3,4,30,13,100,753,0.19531940000888426,5,15030,2188,12842,101528,65
0,4,4,22,93,100,753,0.2594958000117913,27,16498,2507,13991,132382,51
0,5,4,49,96,100,753,0.16451379998761695,20,13307,1956,11351,83211,54
0,6,4,53,8,100,753,0.13379039999563247,31,11169,1725,9444,65144,44
0,7,4,7,78,100,753,0.2518867000035243,12,17860,2573,15287,130524,57
0,8,4,32,14,100,753,0.16764229998807423,23,12845,2006,10839,89463,43
0,9,4,4,95,100,753,0.14745820000825915,19,12932,1861,11071,76107,60
0,0,5,60,41,100,753,0.4580196999886539,3,22364,3265,19099,252518,74
0,1,5,97,29,100,753,0.6480570000130683,55,26430,3870,22560,336514,92
0,2,5,98,93,100,753,0.3582592000020668,37,20849,3031,17818,192409,84
0,3,5,30,13,100,753,0.29426220001187176,5,19409,2761,16648,160885,87
0,4,5,22,93,100,753,0.39951529999962077,30,22457,3280,19177,227293,91
0,5,5,49,96,100,753,0.2785337000095751,29,18212,2652,15560,153281,87
0,6,5,53,8,100,753,0.22118039999622852,36,15811,2335,13476,117978,73
0,7,5,7,78,100,753,0.473254900003667,12,26003,3704,22299,260481,98
0,8,5,32,14,100,753,0.2833511000062572,28,17629,2677,14952,153302,62
0,9,5,4,95,100,753,0.3164713000005577,21,19512,2733,16779,166073,92
1,0,2,61,1,100,825,0.018483100007870235,4,3507,559,2948,7336,9
1,1,2,27,25,100,825,0.016212699993047863,4,3104,528,2576,6515,11
1,2,2,46,5,100,825,0.02018530000350438,2,3661,592,3069,8500,11
1,3,2,83,66,100,825,0.020390199992107227,2,3836,588,3248,8558,11
1,4,2,98,33,100,825,0.019071699993219227,3,3760,575,3185,7792,10
1,5,2,20,36,100,825,0.01682829999481328,3,3431,511,2920,6691,10
1,6,2,27,89,100,825,0.016102900000987574,6,3104,528,2576,6515,11
1,7,2,95,88,100,825,0.02182409999659285,5,3948,629,3319,9267,11
1,8,2,14,79,100,825,0.020685900002717972,9,3794,580,3214,8244,10
1,9,2,68,28,100,825,0.023151799992774613,1,3840,656,3184,9648,9
1,0,3,61,1,100,825,0.06017400001292117,6,7565,1100,6465,27551,23
1,1,3,27,25,100,825,0.10058920001029037,36,10110,1456,8654,48892,37
1,2,3,46,5,100,825,0.08585540000058245,9,9951,1408,8543,41654,30
1,3,3,83,66,100,825,0.06931070001155604,2,8512,1193,7319,33460,29
1,4,3,98,33,100,825,0.06493290000071283,5,8374,1184,7190,30914,26
1,5,3,20,36,100,825,0.06770599998708349,5,8392,1192,7200,32557,27
1,6,3,27,89,100,825,0.09658510000735987,11,10110,1456,8654,48892,37
1,7,3,95,88,100,825,0.06715370000165422,6,8170,1190,6980,32551,25
1,8,3,14,79,100,825,0.0758304000046337,29,9258,1283,7975,36270,29
1,9,3,68,28,100,825,0.0845841999980621,1,9017,1346,7671,39983,26
1,0,4,61,1,100,825,0.12551579999853857,6,12176,1726,10450,64594,41
1,1,4,27,25,100,825,0.23987360000319313,68,17949,2385,15564,128499,70
1,2,4,46,5,100,825,0.2264158000034513,24,17781,2407,15374,121463,55
1,3,4,83,66,100,825,0.15359459999308456,9,14258,1905,12353,80291,59
1,4,4,98,33,100,825,0.1594799000013154,6,14498,1980,12518,83444,44
1,5,4,20,36,100,825,0.18539889999374282,6,16007,2136,13871,98759,52
1,6,4,27,89,100,825,0.23527470001135953,20,17949,2385,15564,128499,70
1,7,4,95,88,100,825,0.1932611999945948,10,16186,2193,13993,103522,57
1,8,4,14,79,100,825,0.18749820000084583,49,16010,2176,13834,99597,49
1,9,4,68,28,100,825,0.18218540000088979,1,14649,2108,12541,95859,52
1,0,5,61,1,100,825,0.2510111000010511,9,18755,2547,16208,134885,62
1,1,5,27,25,100,825,0.4096990999969421,95,25285,3255,22030,228264,95
1,2,5,46,5,100,825,0.4190634999977192,38,25327,3357,21970,232342,74
1,3,5,83,66,100,825,0.5053513000020757,25,29878,3771,26107,282401,98
1,4,5,98,33,100,825,0.2898494000110077,6,21199,2794,18405,154166,61
1,5,5,20,36,100,825,0.359592300010263,6,23606,3055,20551,196660,79
1,6,5,27,89,100,825,0.41559099999722093,22,25285,3255,22030,228264,95
1,7,5,95,88,100,825,0.3705558000074234,11,23609,3098,20511,200550,82
1,8,5,14,79,100,825,0.3318214999890188,64,23083,2980,20103,179729,64
1,9,5,68,28,100,825,0.3476984999870183,1,21398,3012,18386,189725,80
2,0,2,53,79,100,829,0.02199589999509044,6,3851,599,3252,9093,11
2,1,2,37,48,100,829,0.018240800010971725,2,3589,508,3081,7269,11
2,2,2,54,0,100,829,0.0184125999949174,7,3524,544,2980,7478,11
2,3,2,38,75,100,829,0.021326100002625026,3,3944,596,3348,8890,15
2,4,2,7,27,100,829,0.021934299991698936,2,4009,626,3383,9299,11
2,5,2,61,51,100,829,0.017870700001367368,3,3537,542,2995,7211,12
2,6,2,33,56,100,829,0.019855599995935336,5,3753,566,3187,8012,12
2,7,2,35,58,100,829,0.018159699990064837,8,3639,561,3078,7267,9
2,8,2,55,94,100,829,0.018334499996853992,2,3637,546,3091,7361,11
2,9,2,74,15,100,829,0.020516399992629886,3,3868,586,3282,8400,11
2,0,3,53,79,100,829,0.08300959999905899,19,9564,1324,8240,41191,35
2,1,3,37,48,100,829,0.058118700006161816,7,7997,1071,6926,27595,32
2,2,3,54,0,100,829,0.0651021999947261,18,8432,1144,7288,31490,26
2,3,3,38,75,100,829,0.09291330000269227,18,10594,1467,9127,46926,32
2,4,3,7,27,100,829,0.09623749999445863,5,11126,1529,9597,48492,33
2,5,3,61,51,100,829,0.08097409999754746,3,9095,1295,7800,40923,27
2,6,3,33,56,100,829,0.05513259999861475,12,7770,1052,6718,25736,32
2,7,3,35,58,100,829,0.07445330001064576,14,9164,1268,7896,37014,31
2,8,3,55,94,100,829,0.06374399999913294,9,8219,1161,7058,30462,28
2,9,3,74,15,100,829,0.08837680000578985,14,9803,1399,8404,44922,33
2,0,4,53,79,100,829,0.2271132000023499,49,17741,2352,15389,123515,64
2,1,4,37,48,100,829,0.17277480001212098,11,15745,1995,13750,89707,53
2,2,4,54,0,100,829,0.18295229999057483,32,16071,2067,14004,95600,53
2,3,4,38,75,100,829,0.222496799993678,30,18081,2374,15707,119438,61
2,4,4,7,27,100,829,0.25533420000283513,9,19783,2577,17206,137284,66
2,5,4,61,51,100,829,0.24061860000074375,11,17777,2402,15375,128531,54
2,6,4,33,56,100,829,0.19492710000486113,20,16352,2110,14242,93822,55
2,7,4,35,58,100,829,0.20211299999209587,20,17028,2281,14747,107802,65
2,8,4,55,94,100,829,0.15619389999483246,12,14821,1936,12885,81216,49
2,9,4,74,15,100,829,0.2092257000040263,22,17107,2281,14826,110798,53
2,0,5,53,79,100,829,0.46139330000733025,60,26189,3424,22765,253781,101
2,1,5,37,48,100,829,0.3943832999939332,31,25316,3213,22103,215171,86
2,2,5,54,0,100,829,0.32534889999078587,36,22710,2878,19832,173316,88
2,3,5,38,75,100,829,0.4075412999955006,41,25822,3357,22465,222373,93
2,4,5,7,27,100,829,0.5327121000009356,12,30385,3905,26480,299963,98
2,5,5,61,51,100,829,0.4109055000008084,17,24813,3289,21524,225286,84
2,6,5,33,56,100,829,0.4069912999984808,30,27042,3348,23694,224279,96
2,7,5,35,58,100,829,0.37040140001045074,24,24810,3167,21643,202656,90
2,8,5,55,94,100,829,0.26370919999317266,15,20232,2580,17652,137788,61
2,9,5,74,15,100,829,0.37296140000398736,32,23855,3106,20749,200694,82
3,0,2,67,94,100,814,0.01508950001152698,9,2949,464,2485,5572,9
3,1,2,21,97,100,814,0.019608999995398335,6,3559,591,2968,8043,10
3,2,2,29,6,100,814,0.025745399994775653,3,4319,688,3631,11012,17
3,3,2,12,51,100,814,0.015416099995491095,4,3140,499,2641,6009,9
3,4,2,35,93,100,814,0.02057349999086,9,3818,598,3220,8430,9
3,5,2,29,2,100,814,0.025672199990367517,4,4319,688,3631,11012,17
3,6,2,84,31,100,814,0.020942800008924678,9,3768,599,3169,8608,10
3,7,2,80,17,100,814,0.02246549999108538,5,3899,641,3258,9616,12
3,8,2,77,63,100,814,0.01894969999557361,11,3548,569,2979,7709,11
3,9,2,58,90,100,814,0.024368200000026263,4,4323,677,3646,10378,12
3,0,3,67,94,100,814,0.07373649999499321,25,8672,1216,7456,35336,34
3,1,3,21,97,100,814,0.0614279000001261,9,7916,1173,6743,29411,25
3,2,3,29,6,100,814,0.08454199999687262,8,9323,1369,7954,42668,25
3,3,3,12,51,100,814,0.06476209999527782,8,8283,1207,7076,31030,30
3,4,3,35,93,100,814,0.07146779999311548,17,8871,1235,7636,34157,29
3,5,3,29,2,100,814,0.08544949999486562,18,9323,1369,7954,42668,25
3,6,3,84,31,100,814,0.06833589999587275,12,8740,1217,7523,32622,26
3,7,3,80,17,100,814,0.058489300005021505,13,7541,1058,6483,27587,26
3,8,3,77,63,100,814,0.05536800000118092,23,7440,1071,6369,26061,27
3,9,3,58,90,100,814,0.11054650000005495,10,11866,1628,10238,56338,40
3,0,4,67,94,100,814,0.21613369999977294,37,17185,2340,14845,113891,61
3,1,4,21,97,100,814,0.16623950000212062,10,14296,2009,12287,86648,51
3,2,4,29,6,100,814,0.1940218000090681,13,15570,2149,13421,102599,58
3,3,4,12,51,100,814,0.13677159999497235,12,13077,1821,11256,70064,49
3,4,4,35,93,100,814,0.21878680000372697,35,17563,2315,15248,116082,61
3,5,4,29,2,100,814,0.19501160000800155,39,15570,2149,13421,102599,58
3,6,4,84,31,100,814,0.1504031000076793,21,14307,1924,12383,76983,44
3,7,4,80,17,100,814,0.160524599996279,16,14132,1923,12209,84072,43
3,8,4,77,63,100,814,0.16590290000021923,25,15208,2030,13178,86320,56
3,9,4,58,90,100,814,0.23191609999048524,12,18335,2439,15896,126228,69
3,0,5,67,94,100,814,0.3826071000075899,46,24486,3269,21217,209495,94
3,1,5,21,97,100,814,0.2885748999979114,12,20057,2719,17338,155085,79
3,2,5,29,6,100,814,0.37361959999543615,34,22710,3061,19649,202704,86
3,3,5,12,51,100,814,0.29144580000138376,23,19829,2735,17094,154598,78
3,4,5,35,93,100,814,0.40731070000038017,70,25236,3227,22009,220094,83
3,5,5,29,2,100,814,0.3699159999960102,71,22710,3061,19649,202704,86
3,6,5,84,31,100,814,0.260370599993621,44,19704,2576,17128,137890,87
3,7,5,80,17,100,814,0.33634840000013355,18,22045,2909,19136,182458,65
3,8,5,77,63,100,814,0.2991321000008611,37,21392,2840,18552,159831,67
3,9,5,58,90,100,814,0.46301859999948647,18,27706,3588,24118,254397,96
4,0,2,71,35,100,772,0.014548199993441813,3,2832,467,2365,5264,10
4,1,2,59,65,100,772,0.018454000004567206,3,3402,564,2838,7621,9
4,2,2,98,87,100,772,0.01783870000508614,3,3286,582,2704,7437,10
4,3,2,58,11,100,772,0.021842799993464723,9,3785,653,3132,9373,12
4,4,2,69,9,100,772,0.01337680000870023,4,2778,463,2315,5252,9
4,5,2,78,25,100,772,0.02087589999428019,5,3724,654,3070,8971,11
4,6,2,68,29,100,772,0.011657399998512119,6,2562,432,2130,4421,7
4,7,2,39,63,100,772,0.015657299998565577,2,3079,490,2589,6324,12
4,8,2,85,56,100,772,0.018915099994046614,3,3539,591,2948,7913,11
4,9,2,95,5,100,772,0.016136699996422976,5,3257,527,2730,6463,11
4,0,3,71,35,100,772,0.05773840000620112,6,7303,1103,6200,27354,29
4,1,3,59,65,100,772,0.06210599999758415,7,7891,1159,6732,29976,30
4,2,3,98,87,100,772,0.062363699995330535,19,7568,1187,6381,30649,25
4,3,3,58,11,100,772,0.0760359999985667,19,8930,1328,7602,38135,30
4,4,3,69,9,100,772,0.05844430001161527,11,7529,1117,6412,28063,28
4,5,3,78,25,100,772,0.08607360000314657,11,9474,1452,8022,43217,35
4,6,3,68,29,100,772,0.050943599999300204,9,6451,950,5501,20852,25
4,7,3,39,63,100,772,0.06494769999699201,5,8058,1164,6894,31934,28
4,8,3,85,56,100,772,0.09219330000632908,8,9577,1479,8098,47873,31
4,9,3,95,5,100,772,0.07426370000757743,14,8826,1306,7520,36762,34
4,0,4,71,35,100,772,0.13044359999184962,13,12534,1828,10706,66744,44
4,1,4,59,65,100,772,0.1398841999907745,13,12950,1809,11141,72368,68
4,2,4,98,87,100,772,0.11580810000305064,24,11230,1661,9569,59174,44
4,3,4,58,11,100,772,0.20796420000260696,31,16722,2330,14392,111373,54
4,4,4,69,9,100,772,0.13928479999594856,21,13415,1869,11546,71392,47
4,5,4,78,25,100,772,0.17736269999295473,12,14878,2167,12711,94862,61
4,6,4,68,29,100,772,0.14890359999844804,11,13666,1906,11760,77916,48
4,7,4,39,63,100,772,0.13355279999086633,22,12528,1787,10741,68761,41
4,8,4,85,56,100,772,0.20697080000536516,22,15985,2382,13603,112699,65
4,9,4,95,5,100,772,0.16366210000705905,30,14650,2072,12578,85916,57
4,0,5,71,35,100,772,0.2853998000064166,17,20353,2841,17512,152582,64
4,1,5,59,65,100,772,0.2837531000113813,18,19750,2705,17045,152914,81
4,2,5,98,87,100,772,0.25738099998852704,43,18766,2658,16108,137850,68
4,3,5,58,11,100,772,0.38977240001258906,45,24083,3240,20843,215594,82
4,4,5,69,9,100,772,0.3080267999903299,38,21331,2885,18446,166197,66
4,5,5,78,25,100,772,0.32943559999694116,21,21192,2989,18203,181390,80
4,6,5,68,29,100,772,0.296360199994524,17,20188,2758,17430,159943,78
4,7,5,39,63,100,772,0.2361797000048682,26,17346,2425,14921,127009,73
4,8,5,85,56,100,772,0.40965899999719113,26,23438,3379,20059,224622,98
4,9,5,95,5,100,772,0.35087739999289624,47,22453,3106,19347,191795,86
5,0,2,13,32,100,758,0.02073630000813864,5,3751,589,3162,8395,12
5,1,2,89,43,100,758,0.019046099987463094,6,3650,549,3101,7612,12
5,2,2,69,68,100,758,0.012986799993086606,1,2704,422,2282,4932,11
5,3,2,52,10,100,758,0.02319899998838082,4,3899,650,3249,10031,16
5,4,2,27,50,100,758,0.021568299998762086,4,3815,627,3188,8916,11
5,5,2,34,24,100,758,0.011655500013148412,2,2437,389,2048,4214,9
5,6,2,19,31,100,758,0.021094099996844307,4,3548,593,2955,8830,14
5,7,2,47,72,100,758,0.012494199996581301,4,2431,415,2016,4608,8
5,8,2,96,4,100,758,0.01516649998666253,10,2963,475,2488,5750,10
5,9,2,51,31,100,758,0.017149200008134358,6,3197,537,2660,6689,10
5,0,3,13,32,100,758,0.08407589999842457,12,9071,1344,7727,40212,26
5,1,3,89,43,100,758,0.0804785000073025,20,9282,1307,7975,38961,26
5,2,3,69,68,100,758,0.05309859999397304,8,7120,1024,6096,24169,25
5,3,3,52,10,100,758,0.061022699999739416,8,7572,1143,6429,28838,30
5,4,3,27,50,100,758,0.06502870000258554,4,8105,1212,6893,30770,26
5,5,3,34,24,100,758,0.06756049999967217,14,7899,1132,6767,32921,39
5,6,3,19,31,100,758,0.0719097000110196,15,8143,1220,6923,35740,34
5,7,3,47,72,100,758,0.06569230000604875,14,7901,1173,6728,31676,39
5,8,3,96,4,100,758,0.056643999996595085,30,7420,1070,6350,26843,30
5,9,3,51,31,100,758,0.07286829999065958,29,8537,1268,7269,35853,29
5,0,4,13,32,100,758,0.18151039999793284,24,15198,2108,13090,95212,53
5,1,4,89,43,100,758,0.18367629998829216,34,15433,2131,13302,98619,55
5,2,4,69,68,100,758,0.1224384000088321,32,12263,1701,10562,62667,46
5,3,4,52,10,100,758,0.11663499999849591,15,11689,1673,10016,58912,44
5,4,4,27,50,100,758,0.20180700000491925,5,15847,2256,13591,107336,49
5,5,4,34,24,100,758,0.14046719999169,25,12681,1741,10940,72284,58
5,6,4,19,31,100,758,0.2188443999912124,23,15672,2183,13489,118334,88
5,7,4,47,72,100,758,0.1474612000019988,19,13179,1883,11296,76357,50
5,8,4,96,4,100,758,0.15568589999747928,72,13804,1918,11886,80790,72
5,9,4,51,31,100,758,0.15692710000439547,35,13546,1959,11587,82020,51
5,0,5,13,32,100,758,0.3608594999968773,30,22928,3092,19836,197803,85
5,1,5,89,43,100,758,0.35650259999965783,52,22708,3094,19614,193658,79
5,2,5,69,68,100,758,0.2739813999942271,45,19190,2640,16550,143939,59
5,3,5,52,10,100,758,0.30223249999107793,15,20281,2841,17440,161155,70
5,4,5,27,50,100,758,0.48926429999119136,8,26292,3625,22667,267625,96
5,5,5,34,24,100,758,0.3096129000041401,29,20578,2776,17802,164301,81
5,6,5,19,31,100,758,0.42061549999925774,28,22764,3050,19714,238196,125
5,7,5,47,72,100,758,0.33245040000474546,42,21328,3025,18303,180162,70
5,8,5,96,4,100,758,0.4227246000082232,112,23807,3249,20558,231909,112
5,9,5,51,31,100,758,0.39639850000094157,54,21950,3092,18858,195237,79
6,0,2,85,19,100,795,0.019021300002350472,6,3456,554,2902,7488,10
6,1,2,14,51,100,795,0.025420799996936694,7,4284,660,3624,10817,11
6,2,2,74,52,100,795,0.02079879998927936,4,3702,583,3119,8206,11
6,3,2,87,66,100,795,0.01768959999026265,4,3363,533,2830,6997,14
6,4,2,77,21,100,795,0.024926099998992868,7,4044,690,3354,11038,12
6,5,2,88,64,100,795,0.02807839999150019,5,4453,729,3724,12352,14
6,6,2,55,72,100,795,0.01927550000254996,2,3592,584,3008,7870,13
6,7,2,62,74,100,795,0.018490400005248375,4,3503,566,2937,7663,11
6,8,2,58,74,100,795,0.01572670000314247,5,3111,508,2603,6223,9
6,9,2,29,37,100,795,0.030165800009854138,6,4411,782,3629,13447,14
6,0,3,85,19,100,795,0.08000850000826176,14,9016,1322,7694,40181,30
6,1,3,14,51,100,795,0.11340570000174921,12,11317,1598,9719,57768,34
6,2,3,74,52,100,795,0.05299430000013672,4,7320,1027,6293,24395,23
6,3,3,87,66,100,795,0.08141489999252371,9,9546,1346,8200,39616,34
6,4,3,77,21,100,795,0.06900899999891408,8,8209,1218,6991,33763,25
6,5,3,88,64,100,795,0.08333229999698233,5,9210,1358,7852,42644,28
6,6,3,55,72,100,795,0.06337499999790452,5,8067,1197,6870,30397,24
6,7,3,62,74,100,795,0.07916850000037812,11,9362,1334,8028,38801,30
6,8,3,58,74,100,795,0.07761820001178421,27,9129,1330,7799,37379,31
6,9,3,29,37,100,795,0.09985859999142122,13,9536,1498,8038,51359,35
6,0,4,85,19,100,795,0.16924859999562614,17,14725,2025,12700,88153,45
6,1,4,14,51,100,795,0.3061581999936607,16,20618,2833,17785,166961,57
6,2,4,74,52,100,795,0.13816839999344666,4,13459,1834,11625,71221,43
6,3,4,87,66,100,795,0.17011699998693075,18,15166,2083,13083,89819,55
6,4,4,77,21,100,795,0.1909993999870494,9,15298,2156,13142,98908,40
6,5,4,88,64,100,795,0.18173989999922924,5,14340,2041,12299,94617,48
6,6,4,55,72,100,795,0.12271789999795146,10,12168,1713,10455,60294,36
6,7,4,62,74,100,795,0.14376130000164267,15,13433,1832,11601,73509,58
6,8,4,58,74,100,795,0.17907610000111163,52,15574,2153,13421,93134,52
6,9,4,29,37,100,795,0.22220070000912528,27,15802,2338,13464,121040,52
6,0,5,85,19,100,795,0.36845559999346733,29,23319,3105,20214,197711,75
6,1,5,14,51,100,795,0.5715569000021787,22,29095,3952,25143,315219,93
6,2,5,74,52,100,795,0.28005499999562744,7,19760,2670,17090,139571,69
6,3,5,87,66,100,795,0.3896043999993708,29,23922,3244,20678,207592,89
6,4,5,77,21,100,795,0.44102090000524186,13,25162,3451,21711,239032,68
6,5,5,88,64,100,795,0.3494510000018636,5,22044,2968,19076,187569,93
6,6,5,55,72,100,795,0.267230000012205,30,19409,2684,16725,139349,65
6,7,5,62,74,100,795,0.2848470999888377,23,19788,2669,17119,152540,89
6,8,5,58,74,100,795,0.36901930000749417,86,22254,2987,19267,181239,86
6,9,5,29,37,100,795,0.41587490000529215,67,22920,3246,19674,225302,79
7,0,2,12,25,100,767,0.02529540000250563,3,4248,676,3572,10362,12
7,1,2,25,21,100,767,0.021344399996451102,3,3675,607,3068,8695,14
7,2,2,0,46,100,767,0.018449100010911934,1,3346,559,2787,7468,12
7,3,2,62,98,100,767,0.01880580000579357,3,3572,572,3000,7580,10
7,4,2,94,26,100,767,0.013242500004707836,2,2760,450,2310,5063,8
7,5,2,59,13,100,767,0.01726530000451021,9,3439,520,2919,6862,11
7,6,2,89,73,100,767,0.019003000008524396,7,3515,571,2944,7747,10
7,7,2,35,5,100,767,0.01657419999537524,4,3139,498,2641,6527,10
7,8,2,22,95,100,767,0.016472100003738888,3,3147,492,2655,6374,12
7,9,2,4,62,100,767,0.0172926999948686,2,3172,553,2619,7144,11
7,0,3,12,25,100,767,0.0711719999962952,4,8355,1240,7115,33722,28
7,1,3,25,21,100,767,0.05435859999852255,3,6987,1044,5943,25353,28
7,2,3,0,46,100,767,0.057023300003493205,1,7127,1085,6042,27226,28
7,3,3,62,98,100,767,0.053271099997800775,3,7048,1056,5992,24642,24
7,4,3,94,26,100,767,0.0423774999944726,4,5960,928,5032,19088,21
7,5,3,59,13,100,767,0.06384190000244416,19,8059,1145,6914,29754,27
7,6,3,89,73,100,767,0.044014099999913014,10,6380,942,5438,19953,23
7,7,3,35,5,100,767,0.056632199994055554,9,7316,1073,6243,26761,24
7,8,3,22,95,100,767,0.05405980000796262,10,6993,1012,5981,25539,25
7,9,3,4,62,100,767,0.07381580000219401,5,8554,1302,7252,35588,29
7,0,4,12,25,100,767,0.15544270000827964,6,13075,1881,11194,75859,44
7,1,4,25,21,100,767,0.14282879998791032,13,12935,1826,11109,72442,52
7,2,4,0,46,100,767,0.147947400007979,2,12768,1825,10943,70530,45
7,3,4,62,98,100,767,0.1383674999960931,7,12293,1721,10572,62898,42
7,4,4,94,26,100,767,0.12725819999468513,13,11627,1710,9917,62756,39
7,5,4,59,13,100,767,0.1895185000030324,36,15481,2138,13343,96395,49
7,6,4,89,73,100,767,0.10008279999601655,16,10630,1477,9153,47347,43
7,7,4,35,5,100,767,0.20546770001237746,15,15789,2268,13521,105893,47
7,8,4,22,95,100,767,0.16323399999237154,15,14383,1991,12392,85142,48
7,9,4,4,62,100,767,0.19833590000052936,8,15417,2249,13168,105027,72
7,0,5,12,25,100,767,0.2661645000043791,15,18601,2602,15999,136227,52
7,1,5,25,21,100,767,0.2840142999921227,21,19311,2668,16643,147714,71
7,2,5,0,46,100,767,0.2941196000028867,2,18966,2665,16301,139470,66
7,3,5,62,98,100,767,0.2330530000035651,9,17853,2441,15412,117312,70
7,4,5,94,26,100,767,0.20973770000273362,16,16010,2301,13709,107168,68
7,5,5,59,13,100,767,0.3826724000100512,59,22664,3102,19562,200972,86
7,6,5,89,73,100,767,0.19578890000411775,24,15846,2169,13677,99448,71
7,7,5,35,5,100,767,0.35676679998869076,24,21833,3095,18738,192020,69
7,8,5,22,95,100,767,0.3470288999960758,21,22322,3015,19307,179593,81
7,9,5,4,62,100,767,0.4083089000050677,12,23314,3306,20008,215495,94
8,0,2,16,65,100,795,0.017963699996471405,4,3344,522,2822,7062,10
8,1,2,46,82,100,795,0.016102399997180328,4,3056,498,2558,6449,11
8,2,2,90,87,100,795,0.02468360000057146,4,3985,651,3334,10572,13
8,3,2,48,18,100,795,0.017363300008582883,7,3254,546,2708,6887,10
8,4,2,43,41,100,795,0.026045199992950074,4,4285,689,3596,11356,12
8,5,2,82,66,100,795,0.017422499993699603,7,3168,540,2628,7229,10
8,6,2,9,89,100,795,0.01544580000336282,5,3080,480,2600,6049,11
8,7,2,96,31,100,795,0.01937589999579359,6,3338,525,2813,6612,10
8,8,2,95,53,100,795,0.013753999999607913,3,2748,441,2307,4886,8
8,9,2,48,52,100,795,0.017065599997295067,2,3254,546,2708,6887,10
8,0,3,16,65,100,795,0.0664703000074951,5,8165,1159,7006,31324,30
8,1,3,46,82,100,795,0.060422800001106225,7,7704,1096,6608,27878,27
8,2,3,90,87,100,795,0.07277879999310244,7,8186,1239,6947,35297,32
8,3,3,48,18,100,795,0.05801439999777358,16,7495,1096,6399,26326,24
8,4,3,43,41,100,795,0.08841670000401791,7,9374,1385,7989,40984,30
8,5,3,82,66,100,795,0.06682349999027792,16,7530,1146,6384,31308,24
8,6,3,9,89,100,795,0.060332400011247955,11,7749,1074,6675,27520,27
8,7,3,96,31,100,795,0.06301830000302289,15,7853,1110,6743,28430,28
8,8,3,95,53,100,795,0.03372069999750238,4,5390,791,4599,14675,23
8,9,3,48,52,100,795,0.05604740000853781,2,7495,1096,6399,26326,24
8,0,4,16,65,100,795,0.14740709999750834,11,13437,1835,11602,75730,41
8,1,4,46,82,100,795,0.15775420000136364,28,13846,1866,11980,77476,67
8,2,4,90,87,100,795,0.13949180000054184,9,12305,1819,10486,70345,46
8,3,4,48,18,100,795,0.1589564000023529,26,13325,1855,11470,72018,44
8,4,4,43,41,100,795,0.19735839999339078,23,15864,2187,13677,102425,55
8,5,4,82,66,100,795,0.1418934000103036,20,12338,1737,10601,73838,69
8,6,4,9,89,100,795,0.1469278000004124,11,13937,1863,12074,75374,45
8,7,4,96,31,100,795,0.21972429999732412,30,16261,2193,14068,101339,51
8,8,4,95,53,100,795,0.08278680000512395,5,9172,1300,7872,36707,37
8,9,4,48,52,100,795,0.14136159999179654,11,13325,1855,11470,72018,44
8,0,5,16,65,100,795,0.26694129999668803,11,18879,2547,16332,138676,63
8,1,5,46,82,100,795,0.3098671000043396,40,21150,2798,18352,163051,107
8,2,5,90,87,100,795,0.25406579999253154,15,17571,2559,15012,134517,78
8,3,5,48,18,100,795,0.23059179999108892,32,17708,2426,15282,118871,58
8,4,5,43,41,100,795,0.38287519999721553,33,22820,3141,19679,199635,76
8,5,5,82,66,100,795,0.30488619999960065,35,19377,2650,16727,159284,102
8,6,5,9,89,100,795,0.3490252000046894,17,22892,3040,19852,185976,82
8,7,5,96,31,100,795,0.3756969999958528,58,23118,3083,20035,197515,81
8,8,5,95,53,100,795,0.1628528000001097,13,14132,1942,12190,81314,57
8,9,5,48,52,100,795,0.23155640000186395,13,17708,2426,15282,118871,58
9,0,2,31,34,100,777,0.013743800009251572,5,2650,444,2206,5173,10
9,1,2,53,16,100,777,0.02385389999835752,4,4028,644,3384,10563,11
9,2,2,73,94,100,777,0.022565599996596575,6,3826,643,3183,9842,12
9,3,2,87,57,100,777,0.028046400009770878,6,4421,723,3698,12511,18
9,4,2,76,14,100,777,0.023281300003873184,3,3843,659,3184,9968,13
9,5,2,42,15,100,777,0.016216200005146675,4,3221,500,2721,6331,10
9,6,2,90,92,100,777,0.030890299996826798,5,4704,798,3906,14242,17
9,7,2,33,24,100,777,0.021341899991966784,1,3821,613,3208,8943,12
9,8,2,3,77,100,777,0.022444100002758205,2,3826,641,3185,9622,11
9,9,2,94,9,100,777,0.016244700003881007,3,3124,518,2606,6524,9
9,0,3,31,34,100,777,0.06495400000130758,8,6512,980,5532,22571,26
9,1,3,53,16,100,777,0.076553300008527,8,8266,1218,7048,35660,34
9,2,3,73,94,100,777,0.07141760000376962,13,7985,1193,6792,33878,31
9,3,3,87,57,100,777,0.0789706999930786,15,8113,1237,6876,36727,35
9,4,3,76,14,100,777,0.09728200000245124,4,9251,1439,7812,46718,36
9,5,3,42,15,100,777,0.06367590000445489,12,7764,1103,6661,28327,32
9,6,3,90,92,100,777,0.0842073999956483,6,8704,1340,7364,42310,40
9,7,3,33,24,100,777,0.06670199999643955,3,7970,1173,6797,31768,27
9,8,3,3,77,100,777,0.08088069999939762,2,8415,1318,7097,39175,29
9,9,3,94,9,100,777,0.055487399993580766,3,6953,1022,5931,23999,26
9,0,4,31,34,100,777,0.10445279999112245,12,10440,1492,8948,48862,33
9,1,4,53,16,100,777,0.18511219999345485,17,14926,2107,12819,96152,53
9,2,4,73,94,100,777,0.13811960000020918,16,12345,1773,10572,71168,39
9,3,4,87,57,100,777,0.16502330001094379,31,13702,1978,11724,86274,41
9,4,4,76,14,100,777,0.1956308000080753,4,14462,2174,12288,104073,74
9,5,4,42,15,100,777,0.16486069999518804,29,14087,1936,12151,83467,57
9,6,4,90,92,100,777,0.24185889998625498,16,15902,2276,13626,117580,70
9,7,4,33,24,100,777,0.13438079999468755,8,12372,1754,10618,65681,42
9,8,4,3,77,100,777,0.18163389999244828,2,14269,2088,12181,94438,56
9,9,4,94,9,100,777,0.14352230000076815,4,12778,1804,10974,72627,46
9,0,5,31,34,100,777,0.26495250000152737,22,18359,2573,15786,139662,68
9,1,5,53,16,100,777,0.34967979999782983,22,21919,3011,18908,188470,75
9,2,5,73,94,100,777,0.23881239999900572,17,17270,2382,14888,126157,55
9,3,5,87,57,100,777,0.3607705000031274,50,20620,2915,17705,192100,73
9,4,5,76,14,100,777,0.4521209000085946,5,23052,3333,19719,229445,105
9,5,5,42,15,100,777,0.2887579999951413,42,19661,2678,16983,150401,81
9,6,5,90,92,100,777,0.4090720000094734,23,22927,3189,19738,222079,97
9,7,5,33,24,100,777,0.26861929999722634,12,19057,2550,16507,139325,74
9,8,5,3,77,100,777,0.33149570001114625,7,20179,2902,17277,176235,74
9,9,5,94,9,100,777,0.2750374000024749,4,19001,2564,16437,142585,70
10,0,2,85,26,100,821,0.025025599999935366,6,4174,630,3544,10268,11
10,1,2,43,70,100,821,0.027360499996575527,1,4615,708,3907,12082,15
10,2,2,95,10,100,821,0.02405160000489559,3,4256,646,3610,10334,14
10,3,2,84,78,100,821,0.027137800003401935,1,3912,561,3351,8406,10
10,4,2,23,16,100,821,0.04167299999971874,6,4883,821,4062,14727,12
10,5,2,23,50,100,821,0.03326159999414813,4,4883,821,4062,14727,12
10,6,2,86,71,100,821,0.029636700011906214,10,4942,731,4211,12853,13
10,7,2,66,3,100,821,0.0194478000048548,2,3620,569,3051,7897,10
10,8,2,66,33,100,821,0.01938220000010915,5,3620,569,3051,7897,10
10,9,2,68,35,100,821,0.015599400008795783,3,3086,511,2575,6085,11
10,0,3,85,26,100,821,0.09310399999958463,10,9987,1385,8602,45108,30
10,1,3,43,70,100,821,0.08241249999264255,3,9500,1325,8175,40169,28
10,2,3,95,10,100,821,0.0770327000063844,5,9011,1266,7745,37491,34
10,3,3,84,78,100,821,0.07075129999429919,1,9147,1189,7958,33040,29
10,4,3,23,16,100,821,0.10113249999994878,13,10572,1519,9053,51035,32
10,5,3,23,50,100,821,0.10007830000540707,8,10572,1519,9053,51035,32
10,6,3,86,71,100,821,0.07958679999865126,25,9770,1320,8450,38253,28
10,7,3,66,3,100,821,0.10867349999898579,6,10875,1522,9353,55693,35
10,8,3,66,33,100,821,0.11015849999967031,12,10875,1522,9353,55693,35
10,9,3,68,35,100,821,0.06897110000136308,8,8568,1188,7380,31598,33
10,0,4,85,26,100,821,0.22438539999711793,15,17466,2285,15181,113312,51
10,1,4,43,70,100,821,0.1861258999997517,3,15630,2132,13498,97382,47
10,2,4,95,10,100,821,0.20023080000828486,5,15809,2233,13576,105849,49
10,3,4,84,78,100,821,0.1919901000073878,2,16650,2144,14506,99776,53
10,4,4,23,16,100,821,0.22964769999089185,23,17408,2435,14973,123134,51
10,5,4,23,50,100,821,0.23031880000780802,25,17408,2435,14973,123134,51
10,6,4,86,71,100,821,0.18871829999261536,33,16780,2206,14574,97968,48
10,7,4,66,3,100,821,0.21772430000419263,17,16804,2281,14523,115772,46
10,8,4,66,33,100,821,0.2169677999918349,14,16804,2281,14523,115772,46
10,9,4,68,35,100,821,0.17308009999396745,8,14565,1967,12598,79662,50
10,0,5,85,26,100,821,0.4615073000022676,30,26648,3367,23281,240948,100
10,1,5,43,70,100,821,0.3491081999964081,4,22522,3002,19520,187064,75
10,2,5,95,10,100,821,0.39798519999021664,18,23965,3214,20751,209550,83
10,3,5,84,78,100,821,0.42213300000003073,2,25827,3290,22537,221164,83
10,4,5,23,16,100,821,0.39185250000446104,27,23121,3153,19968,201653,76
10,5,5,23,50,100,821,0.38138579999213107,36,23121,3153,19968,201653,76
10,6,5,86,71,100,821,0.3893333000014536,60,25778,3339,22439,208025,69
10,7,5,66,3,100,821,0.3763749999925494,20,22707,3049,19658,202609,71
10,8,5,66,33,100,821,0.38462570001138374,20,22707,3049,19658,202609,71
10,9,5,68,35,100,821,0.35633619999862276,15,23436,3040,20396,182584,97
11,0,2,32,58,100,773,0.013772399994195439,1,2699,440,2259,4739,9
11,1,2,88,45,100,773,0.04124710000178311,9,5468,927,4541,19456,13
11,2,2,11,49,100,773,0.018294800000148825,3,3326,557,2769,7567,10
11,3,2,13,64,100,773,0.022949799997149967,2,3894,683,3211,9622,11
11,4,2,22,57,100,773,0.026371100000687875,11,4392,704,3688,11467,13
11,5,2,87,70,100,773,0.01790610000898596,4,3235,556,2679,7364,11
11,6,2,80,40,100,773,0.015462299998034723,2,3069,492,2577,6070,10
11,7,2,63,27,100,773,0.028214300007675774,2,4137,680,3457,10207,13
11,8,2,16,79,100,773,0.02337029999762308,7,3534,608,2926,8166,14
11,9,2,39,67,100,773,0.015592200012179092,4,3012,465,2547,5323,11
11,0,3,32,58,100,773,0.05878099999972619,5,7256,1118,6138,26197,25
11,1,3,88,45,100,773,0.13039579999167472,31,11237,1735,9502,68292,32
11,2,3,11,49,100,773,0.05254609999246895,6,6682,1023,5659,23648,26
11,3,3,13,64,100,773,0.0737556000094628,3,8390,1283,7107,34119,34
11,4,3,22,57,100,773,0.08518919999187347,17,9051,1386,7665,42302,33
11,5,3,87,70,100,773,0.06327080000482965,14,7462,1209,6253,30631,24
11,6,3,80,40,100,773,0.05016759999853093,3,6833,1008,5825,22871,25
11,7,3,63,27,100,773,0.0801837000035448,3,9064,1314,7750,39050,31
11,8,3,16,79,100,773,0.04950229999667499,9,6547,1019,5528,23202,27
11,9,3,39,67,100,773,0.040196100002503954,7,6241,885,5356,17638,25
11,0,4,32,58,100,773,0.1768356000102358,13,14666,2139,12527,87956,48
11,1,4,88,45,100,773,0.35307019999891054,58,19890,2988,16902,193018,68
11,2,4,11,49,100,773,0.16224499999952968,7,14081,2001,12080,81643,52
11,3,4,13,64,100,773,0.14307870001357514,3,12847,1889,10958,72391,54
11,4,4,22,57,100,773,0.18689519999315962,26,14821,2143,12678,100028,54
11,5,4,87,70,100,773,0.1962162999989232,26,13940,2165,11775,99354,50
11,6,4,80,40,100,773,0.14908679999643937,3,13366,1882,11484,75887,43
11,7,4,63,27,100,773,0.1964703000121517,6,15559,2168,13391,103782,55
11,8,4,16,79,100,773,0.1346068999991985,17,12145,1814,10331,67085,44
11,9,4,39,67,100,773,0.10293219999584835,13,11152,1567,9585,50540,41
11,0,5,32,58,100,773,0.32268880000628997,34,20598,2964,17634,163455,94
11,1,5,88,45,100,773,0.6147077000059653,72,26879,3962,22917,333803,98
11,2,5,11,49,100,773,0.2860194000095362,9,20021,2774,17247,149889,75
11,3,5,13,64,100,773,0.29159039999649394,3,18687,2740,15947,150737,70
11,4,5,22,57,100,773,0.3508852999948431,35,20534,2946,17588,192494,92
11,5,5,87,70,100,773,0.3140004000015324,32,18771,2857,15914,165699,68
11,6,5,80,40,100,773,0.26001060000271536,3,17974,2483,15491,128741,57
11,7,5,63,27,100,773,0.3663220000016736,7,22244,3004,19240,198720,78
11,8,5,16,79,100,773,0.24810889999207575,22,17542,2553,14989,131412,63
11,9,5,39,67,100,773,0.21570929999870714,30,17048,2337,14711,108644,64
12,0,2,11,17,100,768,0.01557310001226142,1,3134,490,2644,5934,11
12,1,2,23,73,100,768,0.01667759999691043,4,3239,521,2718,6662,13
12,2,2,21,95,100,768,0.014554699999280274,1,3000,471,2529,5523,12
12,3,2,71,73,100,768,0.016981799999484792,5,3409,524,2885,6722,10
12,4,2,93,96,100,768,0.016044999996665865,1,3147,509,2638,6479,13
12,5,2,23,95,100,768,0.016561200012802146,1,3239,521,2718,6662,13
12,6,2,82,36,100,768,0.017624200001591817,4,3273,543,2730,7124,11
12,7,2,98,6,100,768,0.0193342999991728,7,3393,589,2804,7901,10
12,8,2,62,8,100,768,0.021591900003841147,6,3895,645,3250,9185,12
12,9,2,1,89,100,768,0.02047339999990072,6,3871,592,3279,8522,12
12,0,3,11,17,100,768,0.06110820001049433,1,7647,1130,6517,29689,29
12,1,3,23,73,100,768,0.05225360000622459,9,6883,1012,5871,24475,29
12,2,3,21,95,100,768,0.054882099997485057,2,7284,1078,6206,26015,33
12,3,3,71,73,100,768,0.06289939999987837,10,7892,1136,6756,30434,29
12,4,3,93,96,100,768,0.07122140000865329,1,8409,1246,7163,35170,33
12,5,3,23,95,100,768,0.05232830000750255,2,6883,1012,5871,24475,29
12,6,3,82,36,100,768,0.053721599993878044,8,6862,1038,5824,25788,39
12,7,3,98,6,100,768,0.056317199996556155,14,6543,1063,5480,25392,28
12,8,3,62,8,100,768,0.06350609999208245,13,7674,1160,6514,30316,25
12,9,3,1,89,100,768,0.07038530000136234,18,8693,1234,7459,33072,27
12,0,4,11,17,100,768,0.12714779999805614,11,12170,1683,10487,62650,42
12,1,4,23,73,100,768,0.11225239999475889,17,11146,1595,9551,54966,46
12,2,4,21,95,100,768,0.13761970000632573,2,12680,1814,10866,67379,58
12,3,4,71,73,100,768,0.2160070999962045,25,15427,2135,13292,103545,59
12,4,4,93,96,100,768,0.17286229999444913,1,14498,2062,12436,90308,60
12,5,4,23,95,100,768,0.10940840000694152,2,11146,1595,9551,54966,46
12,6,4,82,36,100,768,0.14037639999878593,13,12936,1846,11090,71991,62
12,7,4,98,6,100,768,0.1232395999977598,29,11291,1741,9550,63467,49
12,8,4,62,8,100,768,0.15134639998723287,16,13181,1926,11255,77838,49
12,9,4,1,89,100,768,0.1633395999961067,22,14722,2006,12716,83190,47
12,0,5,11,17,100,768,0.2867777999927057,14,19934,2657,17277,150663,67
12,1,5,23,73,100,768,0.22269369999412447,21,16887,2341,14546,113759,62
12,2,5,21,95,100,768,0.23972529999446124,3,18131,2517,15614,124436,80
12,3,5,71,73,100,768,0.3868794000009075,54,22878,3107,19771,212699,112
12,4,5,93,96,100,768,0.3866078999999445,1,22655,3122,19533,203500,90
12,5,5,23,95,100,768,0.22483490000013262,2,16887,2341,14546,113759,62
12,6,5,82,36,100,768,0.27581970000755973,28,19149,2621,16528,141038,89
12,7,5,98,6,100,768,0.27064079999399837,45,18010,2652,15358,145927,84
12,8,5,62,8,100,768,0.31311440000717994,27,20860,2950,17910,169513,79
12,9,5,1,89,100,768,0.3763128999999026,36,24065,3242,20823,204175,77
13,0,2,90,5,100,781,0.02756980000413023,5,4432,723,3709,11624,15
13,1,2,14,54,100,781,0.012702000007266179,1,2657,440,2217,4869,10
13,2,2,62,15,100,781,0.02231660000688862,2,3851,638,3213,9817,12
13,3,2,3,6,100,781,0.017214300009072758,4,3256,556,2700,7019,11
13,4,2,94,61,100,781,0.016112500001327135,5,3191,506,2685,6471,11
13,5,2,6,84,100,781,0.015962000004947186,2,3125,507,2618,6432,9
13,6,2,76,46,100,781,0.018911999999545515,6,3506,572,2934,7915,12
13,7,2,39,25,100,781,0.021911600008024834,7,3904,602,3302,9405,13
13,8,2,66,90,100,781,0.01678879999963101,5,3306,538,2768,6742,10
13,9,2,20,68,100,781,0.014411900003324263,4,2970,490,2480,5673,9
13,0,3,90,5,100,781,0.0683123000053456,7,8397,1230,7167,33535,32
13,1,3,14,54,100,781,0.042048900009831414,2,6198,888,5310,19026,25
13,2,3,62,15,100,781,0.08231690000684466,2,9148,1319,7829,41576,33
13,3,3,3,6,100,781,0.05259490000025835,4,6957,1069,5888,24940,22
13,4,3,94,61,100,781,0.0453129999950761,8,6465,934,5531,20873,23
13,5,3,6,84,100,781,0.05915570000070147,4,7559,1107,6452,28368,30
13,6,3,76,46,100,781,0.05023730000539217,14,6751,1009,5742,23324,21
13,7,3,39,25,100,781,0.0592356999986805,16,7821,1057,6764,28374,36
13,8,3,66,90,100,781,0.05193190000136383,15,6973,1032,5941,24114,27
13,9,3,20,68,100,781,0.054811900001368485,6,7479,1072,6407,25897,23
13,0,4,90,5,100,781,0.14630860000033863,11,13511,1881,11630,76811,48
13,1,4,14,54,100,781,0.12856369999644812,5,12195,1686,10509,63613,63
13,2,4,62,15,100,781,0.18809870000404771,13,15215,2122,13093,100266,58
13,3,4,3,6,100,781,0.11709119999432005,5,11429,1671,9758,59310,35
13,4,4,94,61,100,781,0.15230529999826103,13,13780,1916,11864,79304,45
13,5,4,6,84,100,781,0.1283358000073349,4,11586,1700,9886,65217,50
13,6,4,76,46,100,781,0.10070309998991434,18,10519,1511,9008,49694,38
13,7,4,39,25,100,781,0.14072809999925084,30,13374,1742,11632,71058,55
13,8,4,66,90,100,781,0.13138610000896733,23,12265,1692,10573,65730,44
13,9,4,20,68,100,781,0.13730600000417326,19,13052,1771,11281,66348,49
13,0,5,90,5,100,781,0.2820385999948485,16,19759,2685,17074,147717,71
13,1,5,14,54,100,781,0.326708199994755,5,20097,2793,17304,172792,100
13,2,5,62,15,100,781,0.40586440000333823,17,22874,3157,19717,221395,84
13,3,5,3,6,100,781,0.2149661000003107,6,16775,2304,14471,110016,65
13,4,5,94,61,100,781,0.35918759999913163,23,22385,3088,19297,191699,77
13,5,5,6,84,100,781,0.2946578999981284,5,18959,2654,16305,158891,89
13,6,5,76,46,100,781,0.20930469999439083,26,16331,2293,14038,107363,55
13,7,5,39,25,100,781,0.2707985000015469,36,19610,2552,17058,144981,75
13,8,5,66,90,100,781,0.26617889999761246,46,18759,2564,16195,143277,63
13,9,5,20,68,100,781,0.2565887999953702,33,19202,2619,16583,136753,77
14,0,2,95,36,100,775,0.016869400002178736,5,3071,524,2547,6605,11
14,1,2,61,56,100,775,0.014384399997652508,3,2913,482,2431,5363,10
14,2,2,82,93,100,775,0.019634800002677366,5,3552,592,2960,8078,10
14,3,2,51,95,100,775,0.023624900000868365,4,3938,645,3293,9957,11
14,4,2,40,42,100,775,0.018909299993538298,3,3401,602,2799,7747,11
14,5,2,30,95,100,775,0.02302860000054352,8,4118,666,3452,9477,13
14,6,2,40,21,100,775,0.01899569999659434,4,3401,602,2799,7747,11
14,7,2,59,38,100,775,0.022897599992575124,6,3890,662,3228,9750,11
14,8,2,55,5,100,775,0.021916400000918657,3,3693,640,3053,9295,10
14,9,2,44,28,100,775,0.018242000005557202,3,3421,567,2854,7270,11
14,0,3,95,36,100,775,0.05204290000256151,17,7129,1026,6103,23698,24
14,1,3,61,56,100,775,0.049649399996269494,4,6777,1014,5763,22347,25
14,2,3,82,93,100,775,0.0543928999977652,9,6847,1058,5789,25724,25
14,3,3,51,95,100,775,0.06631359999300912,10,7645,1204,6441,32117,24
14,4,3,40,42,100,775,0.055024600005708635,10,7298,1103,6195,25271,23
14,5,3,30,95,100,775,0.0593211999948835,16,7697,1153,6544,27733,27
14,6,3,40,21,100,775,0.05571129999589175,5,7298,1103,6195,25271,23
14,7,3,59,38,100,775,0.05852660001255572,10,7107,1126,5981,27928,28
14,8,3,55,5,100,775,0.06793930000276305,4,7670,1203,6467,33335,25
14,9,3,44,28,100,775,0.08591090000118129,6,9567,1401,8166,42497,29
14,0,4,95,36,100,775,0.16447960000368766,33,14708,2030,12678,83750,52
14,1,4,61,56,100,775,0.18871210000361316,12,15065,2157,12908,100214,59
14,2,4,82,93,100,775,0.10241049999604002,17,10395,1520,8875,52009,44
14,3,4,51,95,100,775,0.14486659999238327,17,12634,1873,10761,75820,41
14,4,4,40,42,100,775,0.16486159998748917,21,14777,2055,12722,85734,42
14,5,4,30,95,100,775,0.12730290000035893,19,12697,1834,10863,64946,38
14,6,4,40,21,100,775,0.16515010000148322,17,14777,2055,12722,85734,42
14,7,4,59,38,100,775,0.14201280000270344,14,12303,1850,10453,74351,49
14,8,4,55,5,100,775,0.16541919999872334,13,13362,2022,11340,87837,43
14,9,4,44,28,100,775,0.15864580000925343,7,13808,1974,11834,83644,50
14,0,5,95,36,100,775,0.27924869999696966,41,20318,2741,17577,147452,76
14,1,5,61,56,100,775,0.3661380999983521,15,22029,3091,18938,200154,83
14,2,5,82,93,100,775,0.21551490000274498,23,16304,2310,13994,114699,71
14,3,5,51,95,100,775,0.3580546000011964,23,21158,3045,18113,197959,82
14,4,5,40,42,100,775,0.2953377000085311,28,20523,2863,17660,159340,66
14,5,5,30,95,100,775,0.2754906000045594,26,20219,2835,17384,146951,63
14,6,5,40,21,100,775,0.29628860000229906,32,20523,2863,17660,159340,66
14,7,5,59,38,100,775,0.32621179999841843,20,20500,2952,17548,177295,77
14,8,5,55,5,100,775,0.27823939999507274,20,18487,2684,15803,152864,65
14,9,5,44,28,100,775,0.31856250000419095,11,20966,2924,18042,175992,95
15,0,2,75,2,100,811,0.02223299999604933,6,3923,628,3295,9181,14
15,1,2,51,9,100,811,0.02093270000477787,4,3717,626,3091,8946,14
15,2,2,58,88,100,811,0.014965299997129478,2,3137,475,2662,5843,12
15,3,2,6,37,100,811,0.018292399996425956,10,3684,542,3142,7431,11
15,4,2,6,12,100,811,0.018292199994903058,6,3684,542,3142,7431,11
15,5,2,67,66,100,811,0.019978299998911098,6,3656,599,3057,8599,14
15,6,2,15,47,100,811,0.016308799997204915,4,3155,520,2635,6690,11
15,7,2,93,74,100,811,0.021398500000941567,2,3908,625,3283,9047,13
15,8,2,36,84,100,811,0.020564899998134933,3,3883,612,3271,8564,10
15,9,2,21,12,100,811,0.0166006999934325,7,3334,495,2839,6652,10
15,0,3,75,2,100,811,0.06330090000119526,8,7986,1185,6801,30971,33
15,1,3,51,9,100,811,0.09023619999061339,13,10172,1442,8730,45488,47
15,2,3,58,88,100,811,0.06828289999975823,9,8853,1221,7632,32812,30
15,3,3,6,37,100,811,0.050055999992764555,18,7175,1003,6172,23303,22
15,4,3,6,12,100,811,0.050696599995717406,15,7175,1003,6172,23303,22
15,5,3,67,66,100,811,0.07173710000643041,20,8771,1283,7488,34994,32
15,6,3,15,47,100,811,0.05300800000259187,13,6922,1076,5846,25444,30
15,7,3,93,74,100,811,0.07746190000034403,14,8975,1281,7694,38591,27
15,8,3,36,84,100,811,0.09829370000807103,7,10300,1519,8781,50506,33
15,9,3,21,12,100,811,0.06013600000005681,12,8204,1117,7087,28326,24
15,0,4,75,2,100,811,0.13494709999940824,17,12927,1793,11134,70070,54
15,1,4,51,9,100,811,0.18523400000412948,22,15836,2149,13687,98842,72
15,2,4,58,88,100,811,0.1288053000025684,12,13140,1775,11365,64808,41
15,3,4,6,37,100,811,0.10366799999610521,31,11155,1519,9636,50825,41
15,4,4,6,12,100,811,0.10367789999872912,18,11155,1519,9636,50825,41
15,5,4,67,66,100,811,0.16732279999996535,27,14494,2035,12459,85865,48
15,6,4,15,47,100,811,0.14061400000355206,26,12579,1817,10762,69948,41
15,7,4,93,74,100,811,0.18318280001403764,19,14833,2012,12821,93655,46
15,8,4,36,84,100,811,0.21875010000076145,8,15687,2238,13449,104176,57
15,9,4,21,12,100,811,0.14064649998908862,16,13627,1807,11820,69521,49
15,0,5,75,2,100,811,0.23160199999983888,24,17500,2399,15101,120272,77
15,1,5,51,9,100,811,0.30875089998880867,32,20927,2788,18139,164565,105
15,2,5,58,88,100,811,0.2963544000085676,22,21701,2851,18850,155076,63
15,3,5,6,37,100,811,0.19124640000518411,38,16225,2137,14088,97523,60
15,4,5,6,12,100,811,0.19023510000261012,27,16225,2137,14088,97523,60
15,5,5,67,66,100,811,0.3237262000038754,36,21753,2960,18793,174444,67
15,6,5,15,47,100,811,0.33341849999851547,46,21360,2942,18418,180069,87
15,7,5,93,74,100,811,0.33169469999847934,22,21519,2867,18652,179147,77
15,8,5,36,84,100,811,0.38068299999576993,16,23614,3229,20385,209858,75
15,9,5,21,12,100,811,0.3058926999947289,25,22147,2853,19294,158914,70
16,0,2,16,90,100,810,0.018689599994104356,8,3478,545,2933,7510,10
16,1,2,98,33,100,810,0.021879300009459257,9,3784,633,3151,9274,12
16,2,2,21,94,100,810,0.02240679999522399,6,3927,628,3299,9347,12
16,3,2,28,61,100,810,0.020748800001456402,7,3884,601,3283,8483,10
16,4,2,45,57,100,810,0.019737399998120964,9,3604,579,3025,8024,11
16,5,2,4,74,100,810,0.022900099997059442,11,4051,618,3433,9611,11
16,6,2,7,13,100,810,0.014380199994775467,1,3068,452,2616,5354,9
16,7,2,78,86,100,810,0.013982200005557388,4,2866,442,2424,5265,10
16,8,2,12,33,100,810,0.025919600011548027,6,4405,672,3733,10938,12
16,9,2,52,74,100,810,0.019630199996754527,2,3611,573,3038,7742,11
16,0,3,16,90,100,810,0.06441219999396708,15,7408,1065,6343,27052,26
16,1,3,98,33,100,810,0.07107210000685882,26,7829,1187,6642,32398,28
16,2,3,21,94,100,810,0.07425169998896308,14,8776,1248,7528,35998,29
16,3,3,28,61,100,810,0.08606860000872985,18,9360,1328,8032,40188,28
16,4,3,45,57,100,810,0.06009119999362156,27,7669,1114,6555,28006,31
16,5,3,4,74,100,810,0.08471180000924505,15,9376,1312,8064,41831,28
16,6,3,7,13,100,810,0.05753479999839328,1,7652,1056,6596,27106,26
16,7,3,78,86,100,810,0.05352530001255218,11,6958,987,5971,24646,22
16,8,3,12,33,100,810,0.07154990000708494,11,8513,1190,7323,33539,28
16,9,3,52,74,100,810,0.06985319999512285,4,8439,1245,7194,33927,31
16,0,4,16,90,100,810,0.13852120000228751,30,13024,1768,11256,69301,50
16,1,4,98,33,100,810,0.19111489999340847,64,14951,2127,12824,99267,64
16,2,4,21,94,100,810,0.17112740001175553,28,14277,2002,12275,87303,47
16,3,4,28,61,100,810,0.18976339999062475,21,15852,2120,13732,97762,48
16,4,4,45,57,100,810,0.1500779999914812,37,13408,1889,11519,76596,49
16,5,4,4,74,100,810,0.18301370000699535,38,14935,2045,12890,95739,47
16,6,4,7,13,100,810,0.1902229000115767,2,15613,2087,13526,98511,67
16,7,4,78,86,100,810,0.11742429999867454,12,11663,1590,10073,58552,46
16,8,4,12,33,100,810,0.18612129999382887,19,14883,2069,12814,99473,67
16,9,4,52,74,100,810,0.1618980999919586,5,13732,1974,11758,85023,57
16,0,5,16,90,100,810,0.2204496000049403,36,17392,2300,15092,115608,70
16,1,5,98,33,100,810,0.3175783000042429,82,20784,2858,17926,173656,82
16,2,5,21,94,100,810,0.3106748999998672,39,20326,2798,17528,164076,67
16,3,5,28,61,100,810,0.355615200009197,25,23178,3004,20174,188349,80
16,4,5,45,57,100,810,0.2528399000002537,51,18857,2563,16294,134931,65
16,5,5,4,74,100,810,0.40432119999604765,68,23455,3181,20274,220391,74
16,6,5,7,13,100,810,0.30380110000260174,3,20836,2768,18068,163200,92
16,7,5,78,86,100,810,0.2815758999931859,17,19326,2598,16728,148347,85
16,8,5,12,33,100,810,0.4483771999948658,28,24062,3265,20797,244205,106
16,9,5,52,74,100,810,0.353462800005218,17,21344,2949,18395,190656,86
17,0,2,43,32,100,799,0.025923000008333474,3,4367,633,3734,10935,14
17,1,2,78,72,100,799,0.016544499987503514,9,3218,487,2731,6534,10
17,2,2,93,53,100,799,0.025868099997751415,7,4329,674,3655,11171,12
17,3,2,98,26,100,799,0.02604520000750199,8,4221,679,3542,11221,16
17,4,2,56,52,100,799,0.01812209999479819,2,3509,524,2985,7284,12
17,5,2,89,77,100,799,0.012291999999433756,2,2655,420,2235,4525,9
17,6,2,44,71,100,799,0.019367299988516606,4,3484,604,2880,8071,10
17,7,2,81,88,100,799,0.020393699989654124,9,3582,593,2989,8236,9
17,8,2,21,65,100,799,0.023927400005050004,1,4124,636,3488,10309,12
17,9,2,26,66,100,799,0.025709200010169297,7,4247,702,3545,11219,11
17,0,3,43,32,100,799,0.12958250001247507,19,12720,1735,10985,66238,42
17,1,3,78,72,100,799,0.13222519999544602,24,11887,1728,10159,68604,32
17,2,3,93,53,100,799,0.14316839999810327,21,13156,1830,11326,75168,47
17,3,3,98,26,100,799,0.0725218000006862,18,8540,1246,7294,35349,27
17,4,3,56,52,100,799,0.11233889999857638,2,9522,1346,8176,43077,31
17,5,3,89,77,100,799,0.08268799999495968,15,9544,1371,8173,40063,28
17,6,3,44,71,100,799,0.087072000009357,19,9641,1443,8198,42454,29
17,7,3,81,88,100,799,0.07449610000185203,21,8407,1225,7182,32724,31
17,8,3,21,65,100,799,0.1100975000008475,2,11028,1522,9506,55097,40
17,9,3,26,66,100,799,0.09001210000133142,14,9610,1466,8144,46249,28
17,0,4,43,32,100,799,0.3247123999899486,24,22609,2986,19623,178528,63
17,1,4,78,72,100,799,0.3289147000032244,33,20744,2915,17829,183041,62
17,2,4,93,53,100,799,0.3246880999940913,32,21657,2884,18773,175853,88
17,3,4,98,26,100,799,0.16490499999781605,29,14058,1933,12125,82637,52
17,4,4,56,52,100,799,0.2665791000035824,3,18041,2493,15548,141500,64
17,5,4,89,77,100,799,0.1828838000074029,23,15332,2170,13162,93762,47
17,6,4,44,71,100,799,0.18964199999754783,26,15691,2236,13455,98245,61
17,7,4,81,88,100,799,0.1792756999930134,36,15122,2098,13024,93253,70
17,8,4,21,65,100,799,0.2751877999980934,2,19477,2592,16885,148884,77
17,9,4,26,66,100,799,0.22310810000635684,25,15484,2272,13212,108239,49
17,0,5,43,32,100,799,0.7118387000082294,33,34383,4526,29857,387269,117
17,1,5,78,72,100,799,0.6357953000115231,51,30571,4142,26429,346213,95
17,2,5,93,53,100,799,0.7191745000018273,69,34005,4417,29588,400465,137
17,3,5,98,26,100,799,0.3459052999969572,37,22514,3020,19494,186266,85
17,4,5,56,52,100,799,0.5327038999967044,3,26949,3625,23324,280065,95
17,5,5,89,77,100,799,0.3259886000014376,33,21420,2940,18480,170886,78
17,6,5,44,71,100,799,0.4269923999963794,29,25123,3506,21617,225737,86
17,7,5,81,88,100,799,0.40272269998968113,66,24141,3297,20844,213176,97
17,8,5,21,65,100,799,0.4876940999965882,4,26424,3528,22896,268462,95
17,9,5,26,66,100,799,0.43876340000133496,30,25349,3502,21847,231689,81
18,0,2,68,72,100,783,0.026606599989463575,4,4061,690,3371,10856,11
18,1,2,45,79,100,783,0.02232920000096783,3,3762,602,3160,9176,11
18,2,2,87,41,100,783,0.031367100003990345,6,4016,645,3371,10196,11
18,3,2,8,14,100,783,0.030052099988097325,4,3860,610,3250,8918,13
18,4,2,74,54,100,783,0.034517899999627843,3,4881,785,4096,14794,18
18,5,2,19,30,100,783,0.018953699996927753,2,3516,569,2947,7669,11
18,6,2,53,76,100,783,0.020351599989226088,2,3325,532,2793,7125,12
18,7,2,47,72,100,783,0.024021700010052882,5,3743,592,3151,8645,12
18,8,2,52,72,100,783,0.026145100011490285,5,4263,700,3563,11464,14
18,9,2,43,24,100,783,0.01899039999989327,3,3706,568,3138,7687,11
18,0,3,68,72,100,783,0.0789636999979848,16,8820,1357,7463,38928,28
18,1,3,45,79,100,783,0.08147080001072027,5,9031,1306,7725,40836,38
18,2,3,87,41,100,783,0.06116360001033172,8,7308,1119,6189,29525,27
18,3,3,8,14,100,783,0.058816699995077215,4,7434,1109,6325,28074,23
18,4,3,74,54,100,783,0.11099390000163112,7,11276,1632,9644,56982,29
18,5,3,19,30,100,783,0.06662230000074487,5,8389,1203,7186,31814,25
18,6,3,53,76,100,783,0.05876400000124704,7,7086,1048,6038,26141,29
18,7,3,47,72,100,783,0.07923620000656229,13,8871,1301,7570,38347,28
18,8,3,52,72,100,783,0.08697899999970105,18,9463,1386,8077,43724,28
18,9,3,43,24,100,783,0.0551809000025969,4,7523,1045,6478,24271,26
18,0,4,68,72,100,783,0.17075790000671986,30,14607,2116,12491,89574,41
18,1,4,45,79,100,783,0.1857393999962369,19,14857,2101,12756,97688,57
18,2,4,87,41,100,783,0.1340862999932142,24,12178,1762,10416,69172,42
18,3,4,8,14,100,783,0.17167830000107642,5,14518,2067,12451,88539,52
18,4,4,74,54,100,783,0.22166780001134612,7,17067,2372,14695,116735,51
18,5,4,19,30,100,783,0.2161840999906417,9,16176,2200,13976,100499,48
18,6,4,53,76,100,783,0.12134690000675619,10,11549,1636,9913,59122,47
18,7,4,47,72,100,783,0.162219499994535,22,14094,2003,12091,82572,48
18,8,4,52,72,100,783,0.21495750000758562,28,16202,2311,13891,114160,53
18,9,4,43,24,100,783,0.11392770000384189,6,12412,1639,10773,54418,35
18,0,5,68,72,100,783,0.3378565999882994,50,22080,3090,18990,182583,58
18,1,5,45,79,100,783,0.3313252999942051,34,20703,2881,17822,181126,94
18,2,5,87,41,100,783,0.3634797999984585,31,22194,3044,19150,188428,81
18,3,5,8,14,100,783,0.3258254999964265,12,21148,2945,18203,173359,83
18,4,5,74,54,100,783,0.5044273999956204,15,27955,3770,24185,270488,75
18,5,5,19,30,100,783,0.3929424999951152,12,23305,3129,20176,193382,72
18,6,5,53,76,100,783,0.282676699993317,16,19103,2642,16461,138787,63
18,7,5,47,72,100,783,0.38432140000804793,59,22669,3151,19518,203460,60
18,8,5,52,72,100,783,0.4630938999907812,39,25193,3467,21726,248982,97
18,9,5,43,24,100,783,0.1905925000028219,8,17257,2252,15005,95401,49
19,0,2,53,49,100,825,0.029398299986496568,8,4793,748,4045,12603,15
19,1,2,21,25,100,825,0.03368360000604298,8,5101,803,4298,15180,12
19,2,2,93,74,100,825,0.027990100003080443,3,4594,739,3855,11765,12
19,3,2,49,27,100,825,0.027679200007696636,3,4357,694,3663,11531,13
19,4,2,23,22,100,825,0.02367019999655895,1,4154,613,3541,9051,14
19,5,2,24,93,100,825,0.030650399989099242,5,4757,715,4042,12525,12
19,6,2,79,35,100,825,0.028006100008497015,7,4372,679,3693,11360,12
19,7,2,89,98,100,825,0.03585669999301899,7,5070,829,4241,15281,14
19,8,2,60,24,100,825,0.025602299996535294,11,4195,657,3538,10486,11
19,9,2,56,70,100,825,0.027657400001771748,13,4522,704,3818,11698,13
19,0,3,53,49,100,825,0.08408090000739321,18,9355,1353,8002,40112,31
19,1,3,21,25,100,825,0.09621829999377951,11,9904,1440,8464,46921,26
19,2,3,93,74,100,825,0.11067460000049323,5,11686,1621,10065,54875,38
19,3,3,49,27,100,825,0.1170908999920357,12,10852,1563,9289,57645,38
19,4,3,23,22,100,825,0.06657460000133142,4,8549,1151,7398,31009,33
19,5,3,24,93,100,825,0.08366279999609105,6,9379,1286,8093,39675,29
19,6,3,79,35,100,825,0.09359260000928771,11,9772,1414,8358,45608,26
19,7,3,89,98,100,825,0.13847139998688363,17,11212,1630,9582,58495,36
19,8,3,60,24,100,825,0.12833789999422152,23,11850,1687,10163,65662,53
19,9,3,56,70,100,825,0.09163110000372399,23,10081,1416,8665,45365,37
19,0,4,53,49,100,825,0.2370029000012437,23,18068,2461,15607,126367,58
19,1,4,21,25,100,825,0.2494686999998521,30,18431,2488,15943,134847,53
19,2,4,93,74,100,825,0.2765397000039229,10,20530,2680,17850,149944,71
19,3,4,49,27,100,825,0.24862169999687467,12,17317,2457,14860,136626,71
19,4,4,23,22,100,825,0.1447353999974439,12,14109,1823,12286,75098,65
19,5,4,24,93,100,825,0.16258799999195617,7,14195,1917,12278,86003,45
19,6,4,79,35,100,825,0.2237775999965379,23,17052,2310,14742,117406,55
19,7,4,89,98,100,825,0.318235700004152,43,20897,2821,18076,176439,76
19,8,4,60,24,100,825,0.37442860000010114,27,22025,2963,19062,199272,72
19,9,4,56,70,100,825,0.2594261999911396,39,18532,2459,16073,133016,66
19,0,5,53,49,100,825,0.5335564999986673,29,28216,3782,24434,293512,88
19,1,5,21,25,100,825,0.5793724999966798,34,30620,3918,26702,325254,100
19,2,5,93,74,100,825,0.5032438000052935,27,28853,3663,25190,278926,120
19,3,5,49,27,100,825,0.41006140000536107,16,23468,3193,20275,227559,82
19,4,5,23,22,100,825,0.3808279000077164,25,23780,3043,20737,202436,103
19,5,5,24,93,100,825,0.32701649999944493,13,21588,2802,18786,176234,74
19,6,5,79,35,100,825,0.3994836999918334,32,24809,3274,21535,216956,76
19,7,5,89,98,100,825,0.6084026000025915,55,29733,3987,25746,346662,112
19,8,5,60,24,100,825,0.7481740999937756,46,33026,4312,28714,421516,111
19,9,5,56,70,100,825,0.4936796999973012,56,27556,3609,23947,275734,105
20,0,2,10,57,100,768,0.024926500002038665,5,4100,657,3443,10654,14
20,1,2,30,46,100,768,0.020765399996889755,8,3692,601,3091,8761,12
20,2,2,92,2,100,768,0.017730500010657124,3,3314,539,2775,7229,11
20,3,2,82,17,100,768,0.01816510000207927,6,3408,538,2870,7336,14
20,4,2,18,51,100,768,0.01726540000527166,2,3302,513,2789,7129,14
20,5,2,56,73,100,768,0.016665299990563653,2,3155,535,2620,6852,9
20,6,2,48,89,100,768,0.01889880000089761,5,3590,556,3034,7797,11
20,7,2,12,54,100,768,0.024495700010447763,7,4120,661,3459,10762,14
20,8,2,1,15,100,768,0.016271900007268414,6,3254,521,2733,6452,11
20,9,2,54,35,100,768,0.021670400004950352,4,3834,629,3205,9259,10
20,0,3,10,57,100,768,0.06451099998957943,13,7594,1160,6434,31296,29
20,1,3,30,46,100,768,0.054932600003667176,16,7148,1059,6089,26248,29
20,2,3,92,2,100,768,0.060759100000723265,7,7658,1111,6547,29682,27
20,3,3,82,17,100,768,0.07893610000610352,13,9014,1285,7729,37943,27
20,4,3,18,51,100,768,0.05576259999361355,4,7231,1050,6181,26926,31
20,5,3,56,73,100,768,0.05565470000146888,7,6938,1078,5860,26458,25
20,6,3,48,89,100,768,0.07980870000028517,5,9256,1319,7937,39497,30
20,7,3,12,54,100,768,0.08492630001273938,12,9312,1397,7915,41820,29
20,8,3,1,15,100,768,0.047409099992364645,14,6708,969,5739,21188,24
20,9,3,54,35,100,768,0.0601543000084348,4,7486,1120,6366,28322,23
20,0,4,10,57,100,768,0.13235840000561439,14,11884,1751,10133,67223,48
20,1,4,30,46,100,768,0.16600250000192318,26,14032,1995,12037,83872,61
20,2,4,92,2,100,768,0.15397200000006706,8,13199,1871,11328,79216,46
20,3,4,82,17,100,768,0.1591135999915423,19,13973,1970,12003,80826,45
20,4,4,18,51,100,768,0.15386459999717772,4,13409,1894,11515,78696,56
20,5,4,56,73,100,768,0.11566969999694265,16,11029,1637,9392,58061,44
20,6,4,48,89,100,768,0.191815600002883,5,15083,2181,12902,102070,49
20,7,4,12,54,100,768,0.2428524999995716,13,17940,2573,15367,131050,60
20,8,4,1,15,100,768,0.08907850000832696,21,9969,1429,8540,43454,40
20,9,4,54,35,100,768,0.15367939999850933,11,13408,1931,11477,79628,50
20,0,5,10,57,100,768,0.23499009999795817,19,16945,2421,14524,125142,67
20,1,5,30,46,100,768,0.32406929999706335,36,20902,2881,18021,173756,84
20,2,5,92,2,100,768,0.37203410000074655,18,22259,3038,19221,201340,72
20,3,5,82,17,100,768,0.3507670999970287,25,22290,3145,19145,190261,70
20,4,5,18,51,100,768,0.30239130000700243,11,20195,2800,17395,156456,70
20,5,5,56,73,100,768,0.2076950000046054,28,15887,2246,13641,107241,55
20,6,5,48,89,100,768,0.3854443000018364,7,22732,3176,19556,208185,85
20,7,5,12,54,100,768,0.48711220000404865,19,27097,3781,23316,270126,90
20,8,5,1,15,100,768,0.1824517999921227,25,15093,2155,12938,93911,54
20,9,5,54,35,100,768,0.42667709999659564,12,24497,3464,21033,235060,89
21,0,2,85,89,100,792,0.028791000004275702,5,4559,721,3838,12495,14
21,1,2,99,45,100,792,0.01744009999674745,5,3415,522,2893,6949,9
21,2,2,21,17,100,792,0.020692799997050315,4,3718,605,3113,8333,11
21,3,2,93,38,100,792,0.022023300000000745,7,3890,627,3263,9185,12
21,4,2,66,17,100,792,0.028496499988250434,7,4466,754,3712,12612,14
21,5,2,38,59,100,792,0.02346120000584051,3,3984,676,3308,10070,14
21,6,2,82,7,100,792,0.019008899995242245,3,3446,562,2884,7881,14
21,7,2,19,65,100,792,0.022243200000957586,9,3833,657,3176,9506,14
21,8,2,94,35,100,792,0.018222099999547936,1,3458,543,2915,6985,12
21,9,2,8,19,100,792,0.022874900008901022,2,3866,624,3242,9430,11
21,0,3,85,89,100,792,0.06642430000647437,5,7840,1195,6645,33152,28
21,1,3,99,45,100,792,0.058341700001619756,10,7583,1083,6500,27984,25
21,2,3,21,17,100,792,0.07241420001082588,7,8471,1248,7223,35975,34
21,3,3,93,38,100,792,0.07227990000683349,14,8357,1264,7093,36201,30
21,4,3,66,17,100,792,0.09671549999620765,13,9960,1514,8446,50061,36
21,5,3,38,59,100,792,0.07749300000432413,6,8492,1341,7151,39492,37
21,6,3,82,7,100,792,0.06286399999225978,3,7741,1144,6597,31025,29
21,7,3,19,65,100,792,0.06719400000292808,19,8115,1229,6886,33142,28
21,8,3,94,35,100,792,0.06377860000065994,2,7840,1155,6685,30774,24
21,9,3,8,19,100,792,0.09958939999341965,6,10128,1495,8633,49878,31
21,0,4,85,89,100,792,0.16209169999638107,8,13885,1963,11922,84721,47
21,1,4,99,45,100,792,0.16480920001049526,35,14243,1956,12287,86386,54
21,2,4,21,17,100,792,0.2142015999997966,14,16619,2292,14327,113591,63
21,3,4,93,38,100,792,0.16599599999608472,29,13634,1947,11687,87365,46
21,4,4,66,17,100,792,0.22293810000701342,19,16466,2382,14084,120018,48
21,5,4,38,59,100,792,0.18550439999671653,8,14860,2118,12742,97969,69
21,6,4,82,7,100,792,0.13977380000869744,7,12515,1790,10725,71834,48
21,7,4,19,65,100,792,0.16822700000193436,25,13994,2006,11988,87475,58
21,8,4,94,35,100,792,0.20556889999716077,2,17076,2295,14781,105966,52
21,9,4,8,19,100,792,0.1965613999927882,8,15434,2206,13228,103210,44
21,0,5,85,89,100,792,0.34249239999917336,9,22376,3009,19367,183447,70
21,1,5,99,45,100,792,0.41035540000302717,62,23677,3163,20514,219171,85
21,2,5,21,17,100,792,0.3626021999953082,28,22999,3089,19910,195710,75
21,3,5,93,38,100,792,0.40449480000825133,38,22242,3170,19072,221038,84
21,4,5,66,17,100,792,0.3871484999981476,25,22669,3120,19549,208249,72
21,5,5,38,59,100,792,0.35254679998615757,11,21659,2997,18662,192746,99
21,6,5,82,7,100,792,0.2466770000028191,7,17855,2541,15314,131688,63
21,7,5,19,65,100,792,0.2960339999990538,29,19717,2736,16981,163045,80
21,8,5,94,35,100,792,0.4239666000066791,2,26511,3519,22992,234049,73
21,9,5,8,19,100,792,0.3891935999999987,16,23067,3222,19845,215760,72
22,0,2,38,87,100,772,0.024559899989981204,7,4065,651,3414,10542,13
22,1,2,94,3,100,772,0.027234699999098666,4,4186,728,3458,12339,13
22,2,2,98,64,100,772,0.015335300005972385,2,3041,483,2558,6093,10
22,3,2,37,90,100,772,0.015208100012387149,1,3030,498,2532,5895,10
22,4,2,74,53,100,772,0.018044099997496232,4,3378,578,2800,7451,11
22,5,2,22,75,100,772,0.01637319999281317,2,3247,518,2729,6539,10
22,6,2,0,19,100,772,0.018662599992239848,3,3407,558,2849,7825,11
22,7,2,31,51,100,772,0.01836380000167992,5,3347,571,2776,7747,9
22,8,2,42,12,100,772,0.019419300006120466,5,3480,588,2892,8172,13
22,9,2,92,69,100,772,0.02726079999411013,2,4531,722,3809,12125,13
22,0,3,38,87,100,772,0.05735139999887906,10,7217,1069,6148,28168,24
22,1,3,94,3,100,772,0.09364330000244081,12,9301,1421,7880,48890,36
22,2,3,98,64,100,772,0.06089100000099279,7,7552,1148,6404,29499,25
22,3,3,37,90,100,772,0.07234529999550432,1,8896,1281,7615,35526,28
22,4,3,74,53,100,772,0.052005999998073094,6,7076,1060,6016,24732,23
22,5,3,22,75,100,772,0.051198099987232126,4,6936,1049,5887,24305,25
22,6,3,0,19,100,772,0.0644246000010753,3,7755,1169,6586,31294,28
22,7,3,31,51,100,772,0.08519019999948796,13,9532,1382,8150,43595,32
22,8,3,42,12,100,772,0.09390530000382569,14,9605,1453,8152,47841,27
22,9,3,92,69,100,772,0.09447039999940898,3,9404,1410,7994,48032,28
22,0,4,38,87,100,772,0.13279200000397395,21,11999,1719,10280,67417,50
22,1,4,94,3,100,772,0.2291352000029292,16,15781,2358,13423,127197,62
22,2,4,98,64,100,772,0.1731190999998944,7,14640,2117,12523,90487,42
22,3,4,37,90,100,772,0.1517679000098724,1,14088,1949,12139,78288,44
22,4,4,74,53,100,772,0.12809870000637602,7,12204,1761,10443,66127,52
22,5,4,22,75,100,772,0.14050490000227,10,12352,1825,10527,72576,47
22,6,4,0,19,100,772,0.16032329999143258,5,13607,1934,11673,83622,48
22,7,4,31,51,100,772,0.18850660001044162,26,15264,2185,13079,102043,54
22,8,4,42,12,100,772,0.2306455000070855,28,17126,2476,14650,124771,52
22,9,4,92,69,100,772,0.23422929999651387,7,16531,2424,14107,127056,49
22,0,5,38,87,100,772,0.30711400001018774,47,19843,2774,17069,165564,76
22,1,5,94,3,100,772,0.439653499997803,25,23069,3354,19715,247319,99
22,2,5,98,64,100,772,0.3641252999950666,31,23130,3227,19903,197552,76
22,3,5,37,90,100,772,0.4526810000097612,1,25656,3542,22114,252475,96
22,4,5,74,53,100,772,0.29913780000060797,26,19659,2775,16884,163752,91
22,5,5,22,75,100,772,0.29493899999943096,12,19424,2804,16620,161021,65
22,6,5,0,19,100,772,0.338043399999151,5,21037,2921,18116,182692,77
22,7,5,31,51,100,772,0.3992944999918109,40,23830,3315,20515,218116,81
22,8,5,42,12,100,772,0.4411378000077093,49,24828,3506,21322,242339,70
22,9,5,92,69,100,772,0.4651587999978801,11,24074,3511,20563,257425,70
23,0,2,92,72,100,783,0.017733599990606308,1,3329,540,2789,7018,9
23,1,2,1,68,100,783,0.0133705999905942,2,2745,453,2292,5215,10
23,2,2,43,76,100,783,0.018099399996572174,2,3399,547,2852,7495,10
23,3,2,40,4,100,783,0.023225700002512895,4,3979,663,3316,10237,13
23,4,2,66,21,100,783,0.024010399996768683,10,4235,678,3557,10422,12
23,5,2,36,61,100,783,0.016884600001503713,6,3374,537,2837,6809,11
23,6,2,10,89,100,783,0.01802319999842439,3,3361,544,2817,7245,10
23,7,2,67,82,100,783,0.018606900004670024,9,3595,560,3035,7647,11
23,8,2,6,55,100,783,0.02453290000266861,4,4259,687,3572,10722,13
23,9,2,76,59,100,783,0.022286699997493997,6,4074,623,3451,9525,11
23,0,3,92,72,100,783,0.07040589999814983,3,8499,1209,7290,34511,35
23,1,3,1,68,100,783,0.0729146999947261,18,8293,1237,7056,36527,31
23,2,3,43,76,100,783,0.09216460000607185,6,9448,1424,8024,46903,35
23,3,3,40,4,100,783,0.06486969999969006,4,7927,1180,6747,31714,23
23,4,3,66,21,100,783,0.06716069999674801,18,8146,1226,6920,32936,26
23,5,3,36,61,100,783,0.048738900004536845,10,6845,1000,5845,22278,24
23,6,3,10,89,100,783,0.0636196999985259,12,7998,1169,6829,30694,28
23,7,3,67,82,100,783,0.06245650000346359,29,7665,1135,6530,29750,29
23,8,3,6,55,100,783,0.0666536999924574,12,8213,1206,7007,32482,28
23,9,3,76,59,100,783,0.0878826999978628,10,9699,1380,8319,43691,31
23,0,4,92,72,100,783,0.1598121999995783,5,14076,1888,12188,81428,47
23,1,4,1,68,100,783,0.17808650000370108,38,14183,2033,12150,94559,62
23,2,4,43,76,100,783,0.20944789999339264,7,15604,2217,13387,110529,61
23,3,4,40,4,100,783,0.11805340000137221,5,11622,1648,9974,58894,42
23,4,4,66,21,100,783,0.15813909999269526,21,14072,1984,12088,82578,49
23,5,4,36,61,100,783,0.08983130000706296,13,10029,1478,8551,44406,37
23,6,4,10,89,100,783,0.1466292999975849,27,12953,1830,11123,77275,42
23,7,4,67,82,100,783,0.16012010000122245,51,13637,1994,11643,85240,51
23,8,4,6,55,100,783,0.16072789998725057,14,13906,2012,11894,84044,48
23,9,4,76,59,100,783,0.2143340999900829,11,16542,2259,14283,113415,57
23,0,5,92,72,100,783,0.3853720000042813,6,23602,3094,20508,207772,81
23,1,5,1,68,100,783,0.31660930000361986,55,20081,2830,17251,175689,84
23,2,5,43,76,100,783,0.3977501999906963,7,23023,3125,19898,219013,87
23,3,5,40,4,100,783,0.20704870000190567,5,16836,2290,14546,109109,56
23,4,5,66,21,100,783,0.2894644000043627,27,20583,2764,17819,156448,82
23,5,5,36,61,100,783,0.1661307000031229,14,15025,2084,12941,85346,46
23,6,5,10,89,100,783,0.33238360000541434,40,20595,2852,17743,182622,87
23,7,5,67,82,100,783,0.34073179999541026,68,20738,2991,17747,186567,79
23,8,5,6,55,100,783,0.3582007000077283,21,21735,3105,18630,191341,92
23,9,5,76,59,100,783,0.413711000001058,13,24956,3307,21649,225438,77
24,0,2,3,35,100,788,0.022955499996896833,5,3928,644,3284,9824,11
24,1,2,87,7,100,788,0.023515599998063408,5,3932,671,3261,10354,13
24,2,2,80,51,100,788,0.029405699999188073,11,4801,751,4050,13117,12
24,3,2,15,85,100,788,0.016717400008928962,1,3261,516,2745,6818,12
24,4,2,13,20,100,788,0.017968100000871345,2,3323,558,2765,7126,9
24,5,2,72,95,100,788,0.02026330000080634,2,3728,603,3125,8583,12
24,6,2,77,87,100,788,0.023530300008133054,4,4030,660,3370,10314,13
24,7,2,34,61,100,788,0.019929400004912168,5,3774,606,3168,8420,11
24,8,2,51,28,100,788,0.02114159999473486,2,3792,600,3192,9089,11
24,9,2,3,26,100,788,0.02264760000980459,8,3928,644,3284,9824,11
24,0,3,3,35,100,788,0.066113699998823,12,8056,1223,6833,33028,22
24,1,3,87,7,100,788,0.062012599999434315,8,7447,1186,6261,30486,26
24,2,3,80,51,100,788,0.09225070000684354,28,10176,1464,8712,46437,30
24,3,3,15,85,100,788,0.05351699999300763,5,7407,1046,6361,25078,34
24,4,3,13,20,100,788,0.05862880000495352,5,7445,1134,6311,28228,24
24,5,3,72,95,100,788,0.060999099994660355,3,7722,1138,6584,29470,27
24,6,3,77,87,100,788,0.06831810000585392,16,8218,1251,6967,33759,29
24,7,3,34,61,100,788,0.06809810000413563,8,8332,1231,7101,33110,35
24,8,3,51,28,100,788,0.0714690999884624,2,8362,1206,7156,36004,32
24,9,3,3,26,100,788,0.0672638999967603,8,8056,1223,6833,33028,22
24,0,4,3,35,100,788,0.20028950000414625,23,15974,2237,13737,106563,52
24,1,4,87,7,100,788,0.16072529999655671,12,13432,2013,11419,85418,45
24,2,4,80,51,100,788,0.30914040000061505,53,20187,2847,17340,174195,66
24,3,4,15,85,100,788,0.15614229999482632,10,14516,1964,12552,81034,64
24,4,4,13,20,100,788,0.15018359999521635,10,13605,1935,11670,78734,45
24,5,4,72,95,100,788,0.13344059999508318,6,12715,1779,10936,69326,44
24,6,4,77,87,100,788,0.19045190000906587,23,15573,2236,13337,102612,44
24,7,4,34,61,100,788,0.1437659000075655,15,13350,1917,11433,74920,56
24,8,4,51,28,100,788,0.2280622999969637,2,17402,2343,15059,123268,54
24,9,4,3,26,100,788,0.19939390000945423,20,15974,2237,13737,106563,52
24,0,5,3,35,100,788,0.3880127000011271,46,24046,3259,20787,213617,83
24,1,5,87,7,100,788,0.3040284999879077,50,19676,2863,16813,167147,75
24,2,5,80,51,100,788,0.6822342000086792,78,31667,4373,27294,392618,134
24,3,5,15,85,100,788,0.33802929999365006,16,22696,3005,19691,178821,83
24,4,5,13,20,100,788,0.3205599000066286,20,21024,2894,18130,169530,64
24,5,5,72,95,100,788,0.2372711999923922,9,17682,2417,15265,123697,63
24,6,5,77,87,100,788,0.3402889999997569,38,21101,2991,18110,181450,69
24,7,5,34,61,100,788,0.3337489999976242,26,21610,3025,18585,179042,100
24,8,5,51,28,100,788,0.41230589999759104,2,24512,3245,21267,223617,81
24,9,5,3,26,100,788,0.3939678000024287,29,24046,3259,20787,213617,83
25,0,2,98,48,100,772,0.029116999998223037,13,4637,750,3887,12769,13
25,1,2,35,25,100,772,0.03107530000852421,12,4860,760,4100,14061,12
25,2,2,59,43,100,772,0.019038300000829622,5,3562,553,3009,7822,12
25,3,2,39,46,100,772,0.02583490000688471,7,4261,652,3609,11002,17
25,4,2,61,6,100,772,0.018060500005958602,5,3409,551,2858,7449,10
25,5,2,24,39,100,772,0.039312300010351464,2,5504,906,4598,19011,16
25,6,2,23,36,100,772,0.016015999994124286,3,3096,494,2602,6541,14
25,7,2,46,20,100,772,0.019018100007087924,1,3493,592,2901,7893,11
25,8,2,15,30,100,772,0.023511299994424917,2,4087,673,3414,10253,12
25,9,2,3,53,100,772,0.02850169999874197,7,4521,751,3770,12901,13
25,0,3,98,48,100,772,0.09287270001368597,14,10497,1493,9004,47233,34
25,1,3,35,25,100,772,0.08441379999567289,22,9330,1345,7985,42423,24
25,2,3,59,43,100,772,0.08337009999377187,17,9037,1347,7690,40711,27
25,3,3,39,46,100,772,0.07693140000628773,11,8752,1252,7500,38922,34
25,4,3,61,6,100,772,0.049058000004151836,7,6619,994,5625,23202,22
25,5,3,24,39,100,772,0.10427730000810698,3,10619,1552,9067,54422,31
25,6,3,23,36,100,772,0.047309999994467944,4,6621,943,5678,21919,28
25,7,3,46,20,100,772,0.07913759999792092,1,8899,1344,7555,39426,28
25,8,3,15,30,100,772,0.07567050000943709,7,8787,1309,7478,37945,35
25,9,3,3,53,100,772,0.10281519999261945,14,10204,1538,8666,53604,31
25,0,4,98,48,100,772,0.2361148000054527,15,18184,2520,15664,127939,61
25,1,4,35,25,100,772,0.22382179999840446,28,16646,2343,14303,122027,61
25,2,4,59,43,100,772,0.21462450000399258,36,16511,2329,14182,114336,56
25,3,4,39,46,100,772,0.18028250000497792,23,14819,2083,12736,97061,72
25,4,4,61,6,100,772,0.10613299999386072,10,10806,1572,9234,53553,39
25,5,4,24,39,100,772,0.28065039998909924,11,19475,2707,16768,155885,61
25,6,4,23,36,100,772,0.11113099999784026,6,11601,1622,9979,56499,41
25,7,4,46,20,100,772,0.17689319999772124,2,14356,2056,12300,92898,53
25,8,4,15,30,100,772,0.2232322999916505,7,16345,2414,13931,121482,73
25,9,4,3,53,100,772,0.22551999999268446,23,15952,2379,13573,121912,47
25,0,5,98,48,100,772,0.49776690000726376,36,27328,3759,23569,272457,104
25,1,5,35,25,100,772,0.42809570000099484,53,24127,3288,20839,235913,105
25,2,5,59,43,100,772,0.37595329999749083,46,23120,3219,19901,204267,82
25,3,5,39,46,100,772,0.3983550999982981,46,23567,3270,20297,220912,108
25,4,5,61,6,100,772,0.2139683999994304,14,16612,2340,14272,113998,64
25,5,5,24,39,100,772,0.5210880999948131,18,27411,3777,23634,289210,81
25,6,5,23,36,100,772,0.2059473999979673,7,16729,2274,14455,107115,56
25,7,5,46,20,100,772,0.38023169999360107,8,23210,3153,20057,208283,85
25,8,5,15,30,100,772,0.5019600999949034,8,25936,3765,22171,281940,101
25,9,5,3,53,100,772,0.4462356000003638,31,23517,3459,20058,253783,78
26,0,2,58,69,100,755,0.022291000001132488,6,3641,644,2997,9615,15
26,1,2,14,35,100,755,0.02329299999109935,2,3897,667,3230,10388,12
26,2,2,53,8,100,755,0.01719969999976456,3,3300,555,2745,7080,11
26,3,2,23,52,100,755,0.023063999993610196,2,4030,645,3385,10002,13
26,4,2,78,16,100,755,0.01228919999266509,3,2613,427,2186,4721,10
26,5,2,59,17,100,755,0.011010400005034171,1,2376,396,1980,4221,12
26,6,2,75,76,100,755,0.01511319998826366,4,2964,506,2458,6132,8
26,7,2,80,99,100,755,0.03324819999397732,3,4749,836,3913,15537,15
26,8,2,95,36,100,755,0.02874069999961648,7,4467,745,3722,13282,12
26,9,2,8,42,100,755,0.02150249999249354,3,3855,629,3226,9216,12
26,0,3,58,69,100,755,0.07808700000168756,13,8649,1332,7317,39379,34
26,1,3,14,35,100,755,0.08173040000838228,8,8627,1394,7233,41995,34
26,2,3,53,8,100,755,0.06879229999321979,3,8374,1242,7132,34268,32
26,3,3,23,52,100,755,0.0575177000137046,2,7129,1063,6066,28090,27
26,4,3,78,16,100,755,0.031967899994924664,4,5074,778,4296,14180,20
26,5,3,59,17,100,755,0.040002399997320026,4,5969,879,5090,17882,24
26,6,3,75,76,100,755,0.05606119999720249,8,7163,1103,6060,27064,29
26,7,3,80,99,100,755,0.09275160000834148,3,8788,1472,7316,48451,29
26,8,3,95,36,100,755,0.08310950000304729,12,8495,1309,7186,42146,36
26,9,3,8,42,100,755,0.05231600000115577,9,6764,1061,5703,24612,24
26,0,4,58,69,100,755,0.13981419999618083,15,12356,1821,10535,72146,54
26,1,4,14,35,100,755,0.17632749999756925,19,13951,2128,11823,94008,54
26,2,4,53,8,100,755,0.19884169999568257,3,14550,2064,12486,94342,54
26,3,4,23,52,100,755,0.15309390000766143,3,12948,1886,11062,79251,48
26,4,4,78,16,100,755,0.06992789999640081,15,8537,1258,7279,32683,37
26,5,4,59,17,100,755,0.1334779000026174,5,12910,1744,11166,66521,54
26,6,4,75,76,100,755,0.12503650000144262,19,11700,1727,9973,62725,56
26,7,4,80,99,100,755,0.1926248000090709,3,14068,2185,11883,105053,49
26,8,4,95,36,100,755,0.16766059999645222,16,13020,1939,11081,91087,78
26,9,4,8,42,100,755,0.11978049999743234,11,10991,1667,9324,61362,39
26,0,5,58,69,100,755,0.3067983999935677,24,19552,2752,16800,165295,86
26,1,5,14,35,100,755,0.29216989999986254,23,18691,2778,15913,158711,71
26,2,5,53,8,100,755,0.32417269999859855,12,20908,2864,18044,176454,78
26,3,5,23,52,100,755,0.2687478000007104,6,18041,2567,15474,142977,71
26,4,5,78,16,100,755,0.17258159999619238,21,14499,2113,12386,89687,76
26,5,5,59,17,100,755,0.30601430000388063,6,21084,2831,18253,164710,91
26,6,5,75,76,100,755,0.24366780000855215,22,18322,2536,15786,127610,77
26,7,5,80,99,100,755,0.41090129999793135,7,22411,3355,19056,233324,79
26,8,5,95,36,100,755,0.3502009000076214,18,20160,2931,17229,196287,108
26,9,5,8,42,100,755,0.22090219998790417,15,16083,2377,13706,117194,57
27,0,2,80,68,100,816,0.02692419999220874,1,4396,676,3720,11386,14
27,1,2,42,80,100,816,0.02233459999843035,5,4037,612,3425,9142,11
27,2,2,52,44,100,816,0.017798400003812276,3,3410,530,2880,7099,10
27,3,2,31,90,100,816,0.015099699987331405,2,3149,471,2678,5848,9
27,4,2,4,68,100,816,0.01675339999201242,7,3373,529,2844,6798,9
27,5,2,98,13,100,816,0.024574199997005053,6,4143,690,3453,10957,11
27,6,2,81,17,100,816,0.018350199999986216,3,3615,554,3061,7516,12
27,7,2,45,13,100,816,0.01781469999696128,5,3485,540,2945,7250,9
27,8,2,48,98,100,816,0.02094079999369569,4,3893,593,3300,8863,12
27,9,2,77,81,100,816,0.017260099994018674,4,3354,538,2816,7061,10
27,0,3,80,68,100,816,0.11866649999865331,1,11976,1645,10331,61745,34
27,1,3,42,80,100,816,0.07351940000080504,7,8750,1240,7510,34697,33
27,2,3,52,44,100,816,0.06047539999417495,9,7591,1108,6483,29515,28
27,3,3,31,90,100,816,0.05620029999408871,5,7789,1067,6722,26186,23
27,4,3,4,68,100,816,0.053425699996296316,11,7313,1069,6244,25101,26
27,5,3,98,13,100,816,0.0919173000002047,14,9966,1425,8541,46518,33
27,6,3,81,17,100,816,0.06166019999363925,8,8273,1130,7143,29493,25
27,7,3,45,13,100,816,0.07100029999855906,7,8410,1256,7154,35357,29
27,8,3,48,98,100,816,0.07317369998781942,8,8791,1238,7553,36165,41
27,9,3,77,81,100,816,0.051758899993728846,8,6899,1030,5869,24417,25
27,0,4,80,68,100,816,0.32738160000008065,1,22312,2912,19400,179636,70
27,1,4,42,80,100,816,0.14802639999834355,12,13679,1866,11813,76442,58
27,2,4,52,44,100,816,0.14705949999915902,25,12894,1785,11109,76829,58
27,3,4,31,90,100,816,0.17339529999298975,18,15412,2043,13369,88548,47
27,4,4,4,68,100,816,0.13139260000025388,12,12700,1790,10910,66465,43
27,5,4,98,13,100,816,0.23365259999991395,18,17428,2399,15029,125257,58
27,6,4,81,17,100,816,0.14108280000800733,25,13650,1816,11834,71274,41
27,7,4,45,13,100,816,0.17667220000294037,8,15058,2107,12951,92865,50
27,8,4,48,98,100,816,0.2171269999962533,20,16936,2318,14618,115517,61
27,9,4,77,81,100,816,0.136600300000282,21,12284,1750,10534,70372,48
27,0,5,80,68,100,816,0.568001199993887,1,30579,3910,26669,317738,103
27,1,5,42,80,100,816,0.24298379999527242,13,18185,2431,15754,127080,71
27,2,5,52,44,100,816,0.28060879999247845,31,19043,2569,16474,150056,80
27,3,5,31,90,100,816,0.3452441999979783,19,22525,2946,19579,185758,78
27,4,5,4,68,100,816,0.2761132000014186,20,19528,2723,16805,144984,74
27,5,5,98,13,100,816,0.42507450000266545,59,24842,3362,21480,232223,79
27,6,5,81,17,100,816,0.31141990001196973,43,21986,2843,19143,165426,81
27,7,5,45,13,100,816,0.3211445999913849,10,21811,2943,18868,172072,68
27,8,5,48,98,100,816,0.3983933999988949,22,24071,3259,20812,218553,91
27,9,5,77,81,100,816,0.31384229999093805,34,20554,2842,17712,167874,68
28,0,2,74,1,100,761,0.0275264999945648,6,4127,725,3402,12351,13
28,1,2,26,92,100,761,0.02261079999152571,6,3962,628,3334,9775,11
28,2,2,17,34,100,761,0.018401699999230914,3,3458,571,2887,7664,10
28,3,2,63,13,100,761,0.016910799997276627,4,3208,556,2652,7007,9
28,4,2,38,34,100,761,0.021388799999840558,6,3789,627,3162,9293,14
28,5,2,36,2,100,761,0.02014999999664724,7,3593,585,3008,8658,18
28,6,2,77,25,100,761,0.01626490001217462,2,3162,510,2652,6644,11
28,7,2,72,99,100,761,0.019488399993861094,3,3452,599,2853,8385,11
28,8,2,92,56,100,761,0.019691600013175048,4,3480,592,2888,8395,10
28,9,2,33,36,100,761,0.014960500004235655,10,3030,480,2550,5542,10
28,0,3,74,1,100,761,0.0907353999937186,18,9046,1405,7641,47178,31
28,1,3,26,92,100,761,0.06659520001267083,10,7830,1167,6663,33006,33
28,2,3,17,34,100,761,0.05999799999699462,3,7706,1140,6566,29095,23
28,3,3,63,13,100,761,0.06257119998917915,11,7554,1185,6369,30648,23
28,4,3,38,34,100,761,0.06535860001167748,10,7789,1159,6630,32465,36
28,5,3,36,2,100,761,0.051032200004556216,18,6714,1009,5705,24639,25
28,6,3,77,25,100,761,0.06671519999508746,2,8032,1184,6848,32910,33
28,7,3,72,99,100,761,0.05119189999822993,3,6637,1031,5606,24693,33
28,8,3,92,56,100,761,0.06535799999255687,7,7639,1199,6440,32305,25
28,9,3,33,36,100,761,0.06048870000813622,17,7782,1152,6630,28958,26
28,0,4,74,1,100,761,0.17020819999743253,22,13389,1978,11411,91880,54
28,1,4,26,92,100,761,0.18482629999925848,17,14788,2118,12670,99523,53
28,2,4,17,34,100,761,0.11839930000132881,4,11987,1726,10261,60337,36
28,3,4,63,13,100,761,0.12260380000225268,22,11637,1702,9935,63850,51
28,4,4,38,34,100,761,0.15553030000592116,14,13091,1858,11233,82064,57
28,5,4,36,2,100,761,0.09023960000195075,18,9747,1384,8363,44878,42
28,6,4,77,25,100,761,0.17854090000037104,2,14512,2048,12464,94860,57
28,7,4,72,99,100,761,0.1143207999994047,7,10911,1648,9263,59198,56
28,8,4,92,56,100,761,0.12228839998715557,15,11331,1682,9649,63765,42
28,9,4,33,36,100,761,0.11563689999456983,30,11935,1690,10245,58929,36
28,0,5,74,1,100,761,0.34308839999721386,35,20848,2955,17893,190293,86
28,1,5,26,92,100,761,0.4619038999953773,37,24659,3436,21223,259403,97
28,2,5,17,34,100,761,0.23611040000105277,11,18182,2550,15632,123927,49
28,3,5,63,13,100,761,0.2751921000017319,31,18477,2638,15839,149593,71
28,4,5,38,34,100,761,0.28742370000691153,20,19255,2666,16589,157008,87
28,5,5,36,2,100,761,0.3130973999941489,37,20863,2916,17947,169181,63
28,6,5,77,25,100,761,0.35728219999873545,4,22259,3072,19187,197141,76
28,7,5,72,99,100,761,0.21550739998929203,20,16116,2327,13789,115752,86
28,8,5,92,56,100,761,0.31311730000015814,23,19499,2808,16691,171092,73
28,9,5,33,36,100,761,0.2691633000067668,40,20155,2755,17400,142593,65
29,0,2,14,27,100,739,0.015544699999736622,4,2937,483,2454,5908,10
29,1,2,19,47,100,739,0.020033500011777505,5,3068,525,2543,6486,10
29,2,2,63,10,100,739,0.023944300002767704,9,3942,694,3248,10765,12
29,3,2,3,79,100,739,0.01785189998918213,3,3340,554,2786,7353,10
29,4,2,60,35,100,739,0.015968399995472282,5,3051,524,2527,6604,14
29,5,2,19,89,100,739,0.015819000007468276,4,3068,525,2543,6486,10
29,6,2,18,15,100,739,0.02127230000041891,2,3657,657,3000,9363,13
29,7,2,36,51,100,739,0.016091400000732392,5,3046,509,2537,6655,12
29,8,2,12,71,100,739,0.014508799999020994,4,2959,483,2476,5759,9
29,9,2,99,7,100,739,0.017184299998916686,4,3179,547,2632,7199,13
29,0,3,14,27,100,739,0.04169759999786038,4,6165,907,5258,18979,19
29,1,3,19,47,100,739,0.05722129999776371,8,7089,1122,5967,26495,26
29,2,3,63,10,100,739,0.07525609999720473,19,8236,1293,6943,37775,37
29,3,3,3,79,100,739,0.05782839999301359,11,7207,1115,6092,27909,28
29,4,3,60,35,100,739,0.04724739999801386,13,6232,989,5243,22401,24
29,5,3,19,89,100,739,0.055547800002386793,12,7089,1122,5967,26495,26
29,6,3,18,15,100,739,0.08679010000196286,7,8654,1427,7227,44615,37
29,7,3,36,51,100,739,0.039946799995959736,5,5613,882,4731,18300,19
29,8,3,12,71,100,739,0.043214900011662394,5,5784,915,4869,20209,24
29,9,3,99,7,100,739,0.046329599994351156,4,6264,966,5298,21659,24
29,0,4,14,27,100,739,0.0858730000036303,5,9793,1376,8417,41303,36
29,1,4,19,47,100,739,0.12650230000144802,18,11614,1764,9850,64869,45
29,2,4,63,10,100,739,0.14237030000367668,23,12367,1846,10521,73607,48
29,3,4,3,79,100,739,0.14900780000607483,11,12892,1896,10996,75824,52
29,4,4,60,35,100,739,0.12166489999799524,14,11249,1676,9573,61700,49
29,5,4,19,89,100,739,0.12710110000625718,18,11614,1764,9850,64869,45
29,6,4,18,15,100,739,0.1556510999944294,14,12241,1954,10287,83625,57
29,7,4,36,51,100,739,0.08223840000573546,6,9069,1346,7723,39905,34
29,8,4,12,71,100,739,0.10549770000216085,14,10424,1555,8869,52479,39
29,9,4,99,7,100,739,0.10580340000160504,8,10666,1563,9103,53634,41
29,0,5,14,27,100,739,0.1605495000112569,5,14249,1970,12279,80174,57
29,1,5,19,47,100,739,0.23009599999932107,19,16307,2385,13922,124074,104
29,2,5,63,10,100,739,0.30030999999144115,38,18918,2767,16151,163552,82
29,3,5,3,79,100,739,0.2445027000067057,11,17049,2462,14587,130086,76
29,4,5,60,35,100,739,0.2392569000076037,17,17043,2478,14565,125132,68
29,5,5,19,89,100,739,0.23724699999729637,24,16307,2385,13922,124074,104
29,6,5,18,15,100,739,0.32832410000264645,22,18588,2896,15692,179519,76
29,7,5,36,51,100,739,0.13713329999882262,7,12509,1836,10673,69831,46
29,8,5,12,71,100,739,0.19100869999965653,19,14756,2152,12604,96711,60
29,9,5,99,7,100,739,0.19342939999478403,11,14609,2102,12507,96637,59
30,0,2,79,60,100,809,0.021612699987599626,3,3270,518,2752,6776,11
30,1,2,70,46,100,809,0.02518890000646934,6,4034,612,3422,9549,11
30,2,2,68,1,100,809,0.025439599994570017,4,4252,675,3577,10762,11
30,3,2,58,0,100,809,0.026971100000082515,4,4393,679,3714,11875,14
30,4,2,33,19,100,809,0.021372999995946884,1,3860,600,3260,8831,12
30,5,2,71,61,100,809,0.022708000004058704,4,3863,626,3237,9711,12
30,6,2,39,8,100,809,0.021262099995510653,8,3816,618,3198,8870,11
30,7,2,72,24,100,809,0.01716659999510739,2,3291,520,2771,6844,10
30,8,2,58,71,100,809,0.02712759999849368,5,4393,679,3714,11875,14
30,9,2,68,64,100,809,0.02520590000494849,6,4252,675,3577,10762,11
30,0,3,79,60,100,809,0.06821409999975003,15,8500,1207,7293,32398,25
30,1,3,70,46,100,809,0.06030969999847002,10,7563,1094,6469,28310,24
30,2,3,68,1,100,809,0.08999979999498464,15,10157,1404,8753,44787,37
30,3,3,58,0,100,809,0.11361549999855924,8,9466,1385,8081,47059,38
30,4,3,33,19,100,809,0.08426859999599401,1,9777,1352,8425,41871,28
30,5,3,71,61,100,809,0.0610929000104079,13,7952,1132,6820,29401,27
30,6,3,39,8,100,809,0.07083830000192393,15,8548,1258,7290,34543,23
30,7,3,72,24,100,809,0.058932999992975965,3,7871,1114,6757,27804,27
30,8,3,58,71,100,809,0.09149320000142325,15,9466,1385,8081,47059,38
30,9,3,68,64,100,809,0.0890854000026593,13,10157,1404,8753,44787,37
30,0,4,79,60,100,809,0.1627485000062734,25,14860,2015,12845,84567,52
30,1,4,70,46,100,809,0.1882575000054203,24,15616,2119,13497,100417,52
30,2,4,68,1,100,809,0.23346099999616854,30,18125,2427,15698,126286,67
30,3,4,58,0,100,809,0.24746359999699052,18,17432,2385,15047,136798,71
30,4,4,33,19,100,809,0.18454229999042582,5,15980,2115,13865,98443,49
30,5,4,71,61,100,809,0.13469060001079924,25,13193,1772,11421,67136,43
30,6,4,39,8,100,809,0.15949900000123307,31,13940,1924,12016,83295,57
30,7,4,72,24,100,809,0.14785649999976158,6,13940,1883,12057,75543,53
30,8,4,58,71,100,809,0.2515417999966303,31,17432,2385,15047,136798,71
30,9,4,68,64,100,809,0.23557930000242777,22,18125,2427,15698,126286,67
30,0,5,79,60,100,809,0.3620777000032831,32,23833,3181,20652,199059,95
30,1,5,70,46,100,809,0.40014979999978095,36,24269,3236,21033,220929,83
30,2,5,68,1,100,809,0.41707120000501163,36,25177,3324,21853,230318,114
30,3,5,58,0,100,809,0.5866780999931507,26,29410,3861,25549,328676,98
30,4,5,33,19,100,809,0.38358249999873806,14,24315,3163,21152,213405,130
30,5,5,71,61,100,809,0.31362620000436436,38,21596,2876,18720,170437,69
30,6,5,39,8,100,809,0.3330567999946652,55,22020,2926,19094,181777,73
30,7,5,72,24,100,809,0.33314899999822956,21,22321,2986,19335,181030,73
30,8,5,58,71,100,809,0.5765170999948168,52,29410,3861,25549,328676,98
30,9,5,68,64,100,809,0.4162527000007685,28,25177,3324,21853,230318,114
31,0,2,39,76,100,807,0.02927510000881739,4,4522,737,3785,13044,14
31,1,2,81,28,100,807,0.024773700002697296,6,4200,684,3516,10544,12
31,2,2,61,88,100,807,0.02242639999894891,3,3833,618,3215,9376,12
31,3,2,9,82,100,807,0.021275000006426126,1,3955,624,3331,8992,11
31,4,2,1,40,100,807,0.021968900007777847,8,3936,629,3307,9384,11
31,5,2,5,17,100,807,0.027616700012004003,8,4548,735,3813,12387,12
31,6,2,78,47,100,807,0.017278500003158115,3,3366,519,2847,6975,10
31,7,2,5,72,100,807,0.027532599997357465,5,4548,735,3813,12387,12
31,8,2,84,8,100,807,0.022205000001122244,7,4061,629,3432,9510,13
31,9,2,95,75,100,807,0.021742900004028343,8,3988,615,3373,9301,12
31,0,3,39,76,100,807,0.14362370000162628,13,12166,1851,10315,77902,34
31,1,3,81,28,100,807,0.07682040000509005,19,8863,1311,7552,38485,31
31,2,3,61,88,100,807,0.07928710000123829,5,9233,1331,7902,39950,28
31,3,3,9,82,100,807,0.06915669998852536,7,8893,1264,7629,33382,27
31,4,3,1,40,100,807,0.07777069999428932,18,9156,1314,7842,38353,28
31,5,3,5,17,100,807,0.09375590000126977,14,10038,1435,8603,48043,32
31,6,3,78,47,100,807,0.0723744999995688,14,8534,1272,7262,35988,28
31,7,3,5,72,100,807,0.09312620000855532,8,10038,1435,8603,48043,32
31,8,3,84,8,100,807,0.07163479999871925,18,8715,1252,7463,35575,28
31,9,3,95,75,100,807,0.08079940000607166,11,9469,1355,8114,40279,30
31,0,4,39,76,100,807,0.3590377000073204,18,21535,3073,18462,204429,76
31,1,4,81,28,100,807,0.16502960000070743,29,14118,1993,12125,87696,62
31,2,4,61,88,100,807,0.19640679999429267,9,16350,2254,14096,104445,47
31,3,4,9,82,100,807,0.1698474000004353,8,15752,2108,13644,88897,45
31,4,4,1,40,100,807,0.16914910000923555,19,15229,2081,13148,89529,46
31,5,4,5,17,100,807,0.21195469998929184,25,16357,2273,14084,114779,57
31,6,4,78,47,100,807,0.16480830000364222,22,14577,2039,12538,87226,49
31,7,4,5,72,100,807,0.21304539999982808,10,16357,2273,14084,114779,57
31,8,4,84,8,100,807,0.18994549999479204,24,15647,2108,13539,98603,54
31,9,4,95,75,100,807,0.18550910000340082,45,15700,2162,13538,96448,49
31,0,5,39,76,100,807,0.6488768999988679,20,30127,4160,25967,369087,121
31,1,5,81,28,100,807,0.31055259999993723,34,20684,2822,17862,169617,84
31,2,5,61,88,100,807,0.3556144000031054,13,23362,3172,20190,195390,73
31,3,5,9,82,100,807,0.344384900003206,8,23808,3146,20662,187869,84
31,4,5,1,40,100,807,0.3197524999995949,27,21936,2933,19003,174485,80
31,5,5,5,17,100,807,0.36288539999804925,49,22330,3009,19321,197036,74
31,6,5,78,47,100,807,0.27408820000709966,29,19697,2697,17000,147980,71
31,7,5,5,72,100,807,0.356328099995153,11,22330,3009,19321,197036,74
31,8,5,84,8,100,807,0.36535199999343604,37,23305,3106,20199,201685,82
31,9,5,95,75,100,807,0.4222735999937868,57,25125,3320,21805,232907,86
32,0,2,80,38,100,811,0.019257899999502115,7,3559,576,2983,7555,10
32,1,2,58,71,100,811,0.023743699988699518,3,4208,690,3518,10161,12
32,2,2,81,36,100,811,0.016933499995502643,8,3313,525,2788,6739,13
32,3,2,6,9,100,811,0.018940900001325645,2,3624,574,3050,7682,12
32,4,2,48,92,100,811,0.016269800005829893,8,3128,530,2598,6519,11
32,5,2,44,0,100,811,0.014334999999846332,1,3040,460,2580,5434,9
32,6,2,31,27,100,811,0.017977900002733804,5,3455,552,2903,7277,13
32,7,2,38,45,100,811,0.018330899998545647,4,3530,550,2980,7393,13
32,8,2,56,16,100,811,0.014890400008880533,4,3003,488,2515,5666,11
32,9,2,58,6,100,811,0.024765099995420314,7,4208,690,3518,10161,12
32,0,3,80,38,100,811,0.08396800000627991,11,9674,1388,8286,41128,29
32,1,3,58,71,100,811,0.11327489999530371,13,10947,1597,9350,57186,35
32,2,3,81,36,100,811,0.06687769999552984,12,8324,1170,7154,31641,30
32,3,3,6,9,100,811,0.0975553000025684,2,10431,1469,8962,47929,31
32,4,3,48,92,100,811,0.08750660000077914,10,9475,1394,8081,43356,29
32,5,3,44,0,100,811,0.04386170000361744,6,6260,904,5356,19758,29
32,6,3,31,27,100,811,0.07587699999567121,8,8750,1270,7480,37054,38
32,7,3,38,45,100,811,0.06764179999299813,11,8403,1197,7206,31843,32
32,8,3,56,16,100,811,0.06855830000131391,9,8542,1228,7314,33204,32
32,9,3,58,6,100,811,0.11075180000625551,14,10947,1597,9350,57186,35
32,0,4,80,38,100,811,0.1834004999982426,15,15775,2163,13612,93778,56
32,1,4,58,71,100,811,0.2382184000016423,16,17795,2471,15324,129542,64
32,2,4,81,36,100,811,0.1575140999921132,20,14550,1928,12622,80740,48
32,3,4,6,9,100,811,0.20652170000539627,2,16556,2270,14286,107237,47
32,4,4,48,92,100,811,0.18945869999879505,12,15319,2134,13185,99267,46
32,5,4,44,0,100,811,0.12299479999637697,9,11674,1628,10046,62968,46
32,6,4,31,27,100,811,0.15188190000480972,8,13825,1880,11945,79416,75
32,7,4,38,45,100,811,0.12495130000752397,13,12816,1708,11108,63154,45
32,8,4,56,16,100,811,0.17976100000669248,25,15581,2106,13475,93483,65
32,9,4,58,6,100,811,0.2397251999936998,16,17795,2471,15324,129542,64
32,0,5,80,38,100,811,0.36003769999661017,31,23646,3207,20439,194766,78
32,1,5,58,71,100,811,0.4562817999976687,21,26050,3566,22484,254325,88
32,2,5,81,36,100,811,0.28605209999659564,36,20822,2715,18107,152375,73
32,3,5,6,9,100,811,0.442665800001123,2,25958,3457,22501,242747,94
32,4,5,48,92,100,811,0.38923619998968206,18,23759,3190,20569,212252,76
32,5,5,44,0,100,811,0.2981032000097912,41,19804,2713,17091,158018,70
32,6,5,31,27,100,811,0.3096036999922944,14,21101,2805,18296,163873,106
32,7,5,38,45,100,811,0.2340874000074109,18,18246,2376,15870,120997,74
32,8,5,56,16,100,811,0.40589270000054967,40,25222,3290,21932,220564,111
32,9,5,58,6,100,811,0.4591628999914974,22,26050,3566,22484,254325,88
33,0,2,1,3,100,818,0.01989060000050813,6,3449,570,2879,7826,13
33,1,2,80,41,100,818,0.020367999997688457,3,3828,585,3243,8117,10
33,2,2,4,8,100,818,0.016752899988205172,6,3375,508,2867,6462,10
33,3,2,76,1,100,818,0.023775000008754432,5,4253,618,3635,9902,12
33,4,2,34,59,100,818,0.02788769999460783,7,4807,692,4115,11810,12
33,5,2,89,87,100,818,0.020302999997511506,3,3751,572,3179,8210,10
33,6,2,67,24,100,818,0.019220500005758367,5,3510,577,2933,7931,11
33,7,2,18,22,100,818,0.02049080000142567,3,3777,588,3189,8353,14
33,8,2,95,14,100,818,0.022608100000070408,4,4019,625,3394,9502,13
33,9,2,32,72,100,818,0.020944899995811284,3,3681,606,3075,8819,11
33,0,3,1,3,100,818,0.05116450000787154,9,6713,1007,5706,23778,25
33,1,3,80,41,100,818,0.05766419999417849,11,7687,1073,6614,26459,26
33,2,3,4,8,100,818,0.05084390001138672,8,7227,1001,6226,22982,23
33,3,3,76,1,100,818,0.05882789999304805,13,7983,1094,6889,28000,25
33,4,3,34,59,100,818,0.07835630000045057,15,9688,1292,8396,38851,39
33,5,3,89,87,100,818,0.05577439999615308,5,7539,1101,6438,26530,20
33,6,3,67,24,100,818,0.05765989999054,11,7114,1045,6069,25909,27
33,7,3,18,22,100,818,0.05810399999609217,6,8054,1121,6933,27709,23
33,8,3,95,14,100,818,0.07314510000287555,5,8834,1271,7563,36050,32
33,9,3,32,72,100,818,0.05384789999516215,4,7138,1049,6089,25653,25
33,0,4,1,3,100,818,0.1212589999922784,9,11434,1615,9819,60890,50
33,1,4,80,41,100,818,0.14257909999287222,15,13312,1806,11506,72661,55
33,2,4,4,8,100,818,0.11948959999426734,24,12597,1662,10935,59186,37
33,3,4,76,1,100,818,0.16193079999356996,26,14963,1952,13011,83735,61
33,4,4,34,59,100,818,0.1589689999964321,26,14795,1892,12903,82398,64
33,5,4,89,87,100,818,0.13771860000269953,11,12979,1824,11155,70178,40
33,6,4,67,24,100,818,0.12874159999773838,21,12376,1692,10684,65661,48
33,7,4,18,22,100,818,0.13020469999173656,17,13255,1749,11506,65090,40
33,8,4,95,14,100,818,0.19412139999622013,7,15831,2196,13635,100872,48
33,9,4,32,72,100,818,0.131028800009517,17,12481,1736,10745,66782,49
33,0,5,1,3,100,818,0.2575224000029266,9,18285,2513,15772,135644,73
33,1,5,80,41,100,818,0.29024139999819454,17,20235,2669,17566,152538,91
33,2,5,4,8,100,818,0.2687002000020584,37,20920,2660,18260,138810,73
33,3,5,76,1,100,818,0.3009142999944743,37,21535,2771,18764,162111,93
33,4,5,34,59,100,818,0.2767096000025049,41,20698,2592,18106,148194,78
33,5,5,89,87,100,818,0.26961979999032337,15,19363,2621,16742,144206,60
33,6,5,67,24,100,818,0.3334540000068955,24,21387,2867,18520,179336,82
33,7,5,18,22,100,818,0.2672407999925781,20,20368,2608,17760,139950,69
33,8,5,95,14,100,818,0.36710479999601375,16,23618,3155,20463,197164,71
33,9,5,32,72,100,818,0.30886330000066664,19,20907,2817,18090,166666,76
34,0,2,71,43,100,758,0.019037699996260926,4,3636,556,3080,7569,12
34,1,2,28,55,100,758,0.017610099996090867,3,3316,555,2761,7302,11
34,2,2,29,19,100,758,0.0174369000014849,4,3268,554,2714,7019,10
34,3,2,44,7,100,758,0.021630399991408922,3,3671,617,3054,9231,13
34,4,2,89,92,100,758,0.021046299996669404,5,3821,632,3189,8721,13
34,5,2,11,42,100,758,0.02052249999542255,3,3662,608,3054,8563,13
34,6,2,16,76,100,758,0.012094600009731948,2,2472,429,2043,4610,9
34,7,2,40,81,100,758,0.024100800001178868,6,4053,684,3369,10412,12
34,8,2,71,24,100,758,0.018897999994806014,2,3636,556,3080,7569,12
34,9,2,0,76,100,758,0.0176155000081053,4,3435,545,2890,7030,11
34,0,3,71,43,100,758,0.0706579999969108,7,8424,1227,7197,34333,26
34,1,3,28,55,100,758,0.08716379999532364,7,9692,1461,8231,44172,31
34,2,3,29,19,100,758,0.08231280000472907,7,8627,1350,7277,40093,28
34,3,3,44,7,100,758,0.0737068000016734,3,8660,1260,7400,36861,37
34,4,3,89,92,100,758,0.05418419999477919,7,7076,1108,5968,26187,30
34,5,3,11,42,100,758,0.0933182000007946,8,9450,1458,7992,48169,31
34,6,3,16,76,100,758,0.0785984000103781,10,8645,1355,7290,39482,30
34,7,3,40,81,100,758,0.09010000000125729,13,9424,1455,7969,46026,35
34,8,3,71,24,100,758,0.06989729999622796,4,8424,1227,7197,34333,26
34,9,3,0,76,100,758,0.05728079999971669,15,7664,1102,6562,27150,26
34,0,4,71,43,100,758,0.16954899999836925,11,14052,1988,12064,90736,49
34,1,4,28,55,100,758,0.16667030000826344,8,14189,2049,12140,87849,59
34,2,4,29,19,100,758,0.1601650999946287,7,13193,1971,11222,84480,51
34,3,4,44,7,100,758,0.13049300000420772,3,12325,1738,10587,68940,48
34,4,4,89,92,100,758,0.16649499999766704,11,13796,2084,11712,89813,63
34,5,4,11,42,100,758,0.22862709999026265,11,16783,2454,14329,125352,56
34,6,4,16,76,100,758,0.18292269999801647,14,14607,2170,12437,99160,54
34,7,4,40,81,100,758,0.1897261999984039,22,14449,2203,12246,104578,58
34,8,4,71,24,100,758,0.17039650000515394,7,14052,1988,12064,90736,49
34,9,4,0,76,100,758,0.11128820000158157,24,11530,1591,9939,56117,58
34,0,5,71,43,100,758,0.25264760000573006,11,17606,2458,15148,135499,70
34,1,5,28,55,100,758,0.3213823000114644,9,20782,2939,17843,172315,79
34,2,5,29,19,100,758,0.29000390000874177,9,18637,2695,15942,156735,73
34,3,5,44,7,100,758,0.22422389998973813,5,16601,2311,14290,116769,76
34,4,5,89,92,100,758,0.26255220000166446,22,17735,2640,15095,142434,75
34,5,5,11,42,100,758,0.34766070000478067,11,21920,3130,18790,192604,72
34,6,5,16,76,100,758,0.28418729999975767,15,18730,2737,15993,157247,75
34,7,5,40,81,100,758,0.3502327000023797,32,20019,3007,17012,191222,82
34,8,5,71,24,100,758,0.24885240000730846,9,17606,2458,15148,135499,70
34,9,5,0,76,100,758,0.2735625999921467,43,20052,2722,17330,147081,72
35,0,2,49,8,100,785,0.025425300002098083,2,4057,677,3380,11069,14
35,1,2,51,90,100,785,0.014895999993314035,5,2998,471,2527,5852,10
35,2,2,96,29,100,785,0.016169099995750003,9,3111,509,2602,6608,12
35,3,2,60,16,100,785,0.023132299989811145,2,3754,657,3097,10330,14
35,4,2,38,82,100,785,0.033445799999753945,11,5080,798,4282,15488,12
35,5,2,42,13,100,785,0.019574899997678585,6,3403,576,2827,8361,13
35,6,2,84,36,100,785,0.02011820000188891,3,3635,540,3095,7995,15
35,7,2,63,68,100,785,0.024415100007900037,5,4250,639,3611,10672,14
35,8,2,38,25,100,785,0.03320259999600239,6,5080,798,4282,15488,12
35,9,2,55,4,100,785,0.017134199995780364,1,3328,537,2791,7042,10
35,0,3,49,8,100,785,0.07405920000746846,4,8498,1280,7218,36412,32
35,1,3,51,90,100,785,0.050106599999708124,12,6862,1008,5854,23348,21
35,2,3,96,29,100,785,0.053046799992443994,9,7021,1015,6006,25269,28
35,3,3,60,16,100,785,0.07214920000114944,3,8368,1248,7120,36167,26
35,4,3,38,82,100,785,0.07943270000396296,12,9129,1314,7815,39940,27
35,5,3,42,13,100,785,0.059286599993356504,13,7413,1113,6300,28707,34
35,6,3,84,36,100,785,0.09009269998932723,7,9597,1387,8210,46200,37
35,7,3,63,68,100,785,0.08700279999175109,6,9607,1362,8245,43552,29
35,8,3,38,25,100,785,0.08060729999851901,12,9129,1314,7815,39940,27
35,9,3,55,4,100,785,0.046181000012438744,2,6483,966,5517,21503,24
35,0,4,49,8,100,785,0.2001014999987092,10,16203,2233,13970,105937,67
35,1,4,51,90,100,785,0.11655619999510236,29,11699,1641,10058,57181,41
35,2,4,96,29,100,785,0.18346030000247993,12,14902,2043,12859,95959,54
35,3,4,60,16,100,785,0.15758159999677446,3,13684,1895,11789,81157,59
35,4,4,38,82,100,785,0.17568369999935385,17,15009,2077,12932,91094,56
35,5,4,42,13,100,785,0.1855716999998549,24,14703,2078,12625,97129,64
35,6,4,84,36,100,785,0.23172409999824595,14,16777,2332,14445,124058,72
35,7,4,63,68,100,785,0.18173399999795947,7,14951,2046,12905,97183,50
35,8,4,38,25,100,785,0.1719338999973843,25,15009,2077,12932,91094,56
35,9,4,55,4,100,785,0.13602520000131335,2,12606,1816,10790,70413,51
35,0,5,49,8,100,785,0.36380690000078175,17,23443,3098,20345,199073,111
35,1,5,51,90,100,785,0.20572600000014063,52,16960,2314,14646,107642,63
35,2,5,96,29,100,785,0.4009300999896368,12,23642,3137,20505,219505,103
35,3,5,60,16,100,785,0.3145024999976158,4,21143,2817,18326,168333,110
35,4,5,38,82,100,785,0.35928300001251046,22,23161,3121,20040,198170,81
35,5,5,42,13,100,785,0.322551499994006,33,20555,2880,17675,177523,92
35,6,5,84,36,100,785,0.46162879999610595,21,24975,3418,21557,256745,104
35,7,5,63,68,100,785,0.38178559999505524,7,22560,3037,19523,208451,83
35,8,5,38,25,100,785,0.3610118000069633,33,23161,3121,20040,198170,81
35,9,5,55,4,100,785,0.35990229999879375,16,21655,3129,18526,198303,101
36,0,2,81,64,100,782,0.016753499992773868,1,3198,516,2682,6260,10
36,1,2,97,45,100,782,0.02896369999507442,11,4415,736,3679,12724,14
36,2,2,53,65,100,782,0.021733100002165884,8,3889,616,3273,9235,11
36,3,2,42,91,100,782,0.01841989999229554,6,3544,556,2988,7461,11
36,4,2,77,65,100,782,0.020073899999260902,3,3621,598,3023,8377,12
36,5,2,43,22,100,782,0.020089800003916025,9,3661,601,3060,8273,12
36,6,2,53,37,100,782,0.021815000000060536,6,3889,616,3273,9235,11
36,7,2,28,79,100,782,0.016640000001643784,6,3263,534,2729,6611,13
36,8,2,71,33,100,782,0.015350799993029796,2,3059,486,2573,5961,9
36,9,2,72,86,100,782,0.023366399997030385,3,3928,629,3299,10135,11
36,0,3,81,64,100,782,0.06524840000201948,1,8198,1177,7021,31229,28
36,1,3,97,45,100,782,0.1106928999943193,24,10543,1577,8966,57363,38
36,2,3,53,65,100,782,0.06667800000286661,17,7924,1191,6733,32499,28
36,3,3,42,91,100,782,0.0643112999969162,8,8016,1184,6832,31291,27
36,4,3,77,65,100,782,0.06526230000599753,11,8352,1223,7129,31191,25
36,5,3,43,22,100,782,0.05254669999703765,13,6845,1063,5782,24701,24
36,6,3,53,37,100,782,0.06593460000294726,8,7924,1191,6733,32499,28
36,7,3,28,79,100,782,0.05728230001113843,14,7416,1104,6312,26829,23
36,8,3,71,33,100,782,0.04950280000048224,9,6764,983,5781,22349,21
36,9,3,72,86,100,782,0.07601559998875018,10,8677,1278,7399,37555,27
36,0,4,81,64,100,782,0.13806270000350196,1,12971,1799,11172,70012,55
36,1,4,97,45,100,782,0.24157650000415742,31,17369,2423,14946,129921,53
36,2,4,53,65,100,782,0.13201390000176616,27,12286,1728,10558,67990,52
36,3,4,42,91,100,782,0.13265769999998156,9,12368,1780,10588,69069,48
36,4,4,77,65,100,782,0.1418065000034403,31,13562,1909,11653,72808,52
36,5,4,43,22,100,782,0.1298869000020204,28,12033,1761,10272,67660,42
36,6,4,53,37,100,782,0.12975520000327379,16,12286,1728,10558,67990,52
36,7,4,28,79,100,782,0.1221190999931423,14,12086,1747,10339,62943,49
36,8,4,71,33,100,782,0.11705860000802204,11,11794,1641,10153,59376,40
36,9,4,72,86,100,782,0.15462539999862202,11,13543,1921,11622,82303,46
36,0,5,81,64,100,782,0.22649190000083763,2,17875,2420,15455,120858,69
36,1,5,97,45,100,782,0.4278187999880174,40,24517,3323,21194,240619,94
36,2,5,53,65,100,782,0.2197129000123823,32,16377,2297,14080,116299,76
36,3,5,42,91,100,782,0.2920409000071231,24,19489,2711,16778,156185,83
36,4,5,77,65,100,782,0.23542399999860208,37,18031,2478,15553,123087,70
36,5,5,43,22,100,782,0.2343049999908544,44,16688,2376,14312,123207,77
36,6,5,53,37,100,782,0.22128750001138542,19,16377,2297,14080,116299,76
36,7,5,28,79,100,782,0.22733989999687765,21,17488,2486,15002,121203,59
36,8,5,71,33,100,782,0.22045090000028722,16,17386,2404,14982,116126,58
36,9,5,72,86,100,782,0.32393109999247827,16,20680,2853,17827,174895,75
37,0,2,65,5,100,740,0.019541999994544312,4,3451,575,2876,7808,14
37,1,2,37,82,100,740,0.01344559999415651,1,2657,450,2207,5243,14
37,2,2,32,87,100,740,0.014459999991231598,4,2899,469,2430,5427,9
37,3,2,3,73,100,740,0.015172299987170845,1,2963,500,2463,5944,10
37,4,2,18,43,100,740,0.018620499991811812,7,3284,592,2692,7606,10
37,5,2,87,12,100,740,0.014345299990964122,4,2796,474,2322,5522,9
37,6,2,34,32,100,740,0.017607500005397014,6,3100,574,2526,7185,10
37,7,2,81,7,100,740,0.014130399998975918,2,2767,476,2291,5468,9
37,8,2,18,84,100,740,0.01872659999935422,7,3284,592,2692,7606,10
37,9,2,19,39,100,740,0.01586929999757558,5,3006,516,2490,6236,9
37,0,3,65,5,100,740,0.057072199997492135,7,7231,1105,6126,27122,37
37,1,3,37,82,100,740,0.051442199997836724,10,6528,1009,5519,23538,29
37,2,3,32,87,100,740,0.052271699998527765,6,6921,1021,5900,23876,29
37,3,3,3,73,100,740,0.04270469999755733,2,5811,899,4912,18800,24
37,4,3,18,43,100,740,0.06987479999952484,8,8243,1275,6968,34278,28
37,5,3,87,12,100,740,0.060454599995864555,25,7644,1139,6505,28851,26
37,6,3,34,32,100,740,0.0810326999926474,12,8418,1352,7066,40821,32
37,7,3,81,7,100,740,0.039829299988923594,4,5611,876,4735,17529,21
37,8,3,18,84,100,740,0.06911119999131188,19,8243,1275,6968,34278,28
37,9,3,19,39,100,740,0.0619412999949418,11,7469,1136,6333,30532,34
37,0,4,65,5,100,740,0.11599809999461286,17,11028,1661,9367,60060,66
37,1,4,37,82,100,740,0.12404579999565613,14,11553,1719,9834,63870,46
37,2,4,32,87,100,740,0.14026519999606535,11,12503,1806,10697,68509,46
37,3,4,3,73,100,740,0.1840931000042474,2,14434,2167,12267,96210,58
37,4,4,18,43,100,740,0.17175019999558572,14,14507,2119,12388,89961,49
37,5,4,87,12,100,740,0.12946140000713058,54,12072,1719,10353,66203,54
37,6,4,34,32,100,740,0.19096259999787435,14,14843,2200,12643,101520,49
37,7,4,81,7,100,740,0.11132959999667946,17,10743,1644,9099,56699,46
37,8,4,18,84,100,740,0.17257789999712259,37,14507,2119,12388,89961,49
37,9,4,19,39,100,740,0.1405055000068387,16,12187,1823,10364,72771,53
37,0,5,65,5,100,740,0.2517485999997007,26,17219,2551,14668,135260,97
37,1,5,37,82,100,740,0.34240829999907874,46,20661,2982,17679,187428,116
37,2,5,32,87,100,740,0.28163490000588354,15,19359,2735,16624,150193,71
37,3,5,3,73,100,740,0.3326871999888681,8,20516,3033,17483,183290,98
37,4,5,18,43,100,740,0.30216730000393,26,20511,2920,17591,164439,71
37,5,5,87,12,100,740,0.3035505000007106,70,19851,2767,17084,163333,93
37,6,5,34,32,100,740,0.3581525000045076,22,21258,3156,18102,196967,72
37,7,5,81,7,100,740,0.2310388000041712,20,16387,2462,13925,124600,69
37,8,5,18,84,100,740,0.3065398000035202,71,20511,2920,17591,164439,71
37,9,5,19,39,100,740,0.23238729999866337,19,16228,2407,13821,122951,79
38,0,2,28,71,100,777,0.021735699992859736,8,3852,634,3218,8713,10
38,1,2,31,56,100,777,0.021922300002188422,6,3812,629,3183,9328,11
38,2,2,26,38,100,777,0.015490999998291954,2,3194,507,2687,6082,10
38,3,2,96,18,100,777,0.015308300004107878,1,3143,490,2653,6004,11
38,4,2,61,24,100,777,0.01991730000008829,4,3802,589,3213,8148,13
38,5,2,32,85,100,777,0.01692209999600891,3,3228,553,2675,6898,10
38,6,2,35,99,100,777,0.02309979998972267,8,3983,668,3315,9904,13
38,7,2,66,62,100,777,0.020558400006848387,7,3656,625,3031,8682,12
38,8,2,76,86,100,777,0.02686810000159312,2,4329,735,3594,12009,12
38,9,2,87,47,100,777,0.01883070000621956,3,3430,579,2851,7931,11
38,0,3,28,71,100,777,0.07696089999808464,14,8916,1334,7582,38215,26
38,1,3,31,56,100,777,0.06907629998750053,8,8383,1230,7153,33492,29
38,2,3,26,38,100,777,0.05483119998825714,4,7519,1091,6428,25820,24
38,3,3,96,18,100,777,0.059996900003170595,5,7872,1119,6753,28815,28
38,4,3,61,24,100,777,0.06517319999693427,14,8436,1218,7218,31433,28
38,5,3,32,85,100,777,0.04640220000874251,3,6256,991,5265,21969,24
38,6,3,35,99,100,777,0.06318989999999758,17,7774,1163,6611,30868,30
38,7,3,66,62,100,777,0.05679170000075828,14,7290,1118,6172,27389,24
38,8,3,76,86,100,777,0.08248949999688193,3,8868,1349,7519,41629,26
38,9,3,87,47,100,777,0.050412900003721006,4,6713,1014,5699,23636,26
38,0,4,28,71,100,777,0.22102820000145584,18,16811,2435,14376,118319,53
38,1,4,31,56,100,777,0.14950870000757277,23,13696,1945,11751,77202,50
38,2,4,26,38,100,777,0.2239560000016354,18,17397,2477,14920,121339,64
38,3,4,96,18,100,777,0.14679609998711385,12,13624,1906,11718,76850,52
38,4,4,61,24,100,777,0.15186550001089927,29,14402,2009,12393,79112,52
38,5,4,32,85,100,777,0.13377570000011474,5,11763,1752,10011,70678,53
38,6,4,35,99,100,777,0.17612269999517594,31,14609,2075,12534,93336,49
38,7,4,66,62,100,777,0.15418230000068434,18,13473,1990,11483,80424,42
38,8,4,76,86,100,777,0.2035879000031855,3,14915,2217,12698,110238,46
38,9,4,87,47,100,777,0.1284326000022702,4,12284,1744,10540,66003,42
38,0,5,28,71,100,777,0.40902900000219233,20,24452,3434,21018,225306,71
38,1,5,31,56,100,777,0.28846779999730643,30,20165,2827,17338,153964,74
38,2,5,26,38,100,777,0.42206769999756943,32,25145,3495,21650,231501,100
38,3,5,96,18,100,777,0.28117119999660645,18,19583,2729,16854,150864,75
38,4,5,61,24,100,777,0.2584352999983821,42,19515,2692,16823,139508,69
38,5,5,32,85,100,777,0.20639310000115074,7,15335,2230,13105,111569,66
38,6,5,35,99,100,777,0.41672599999583326,41,24328,3374,20954,233103,82
38,7,5,66,62,100,777,0.3515309999929741,22,22146,3077,19069,189214,80
38,8,5,76,86,100,777,0.3881697000033455,4,21942,3183,18759,216157,78
38,9,5,87,47,100,777,0.24545390000275802,4,18128,2524,15604,131902,75
39,0,2,67,8,100,825,0.01844580000033602,3,3441,542,2899,7200,10
39,1,2,5,59,100,825,0.018431500007864088,2,3584,556,3028,7580,11
39,2,2,7,4,100,825,0.021416000003227964,1,3900,593,3307,8705,11
39,3,2,21,15,100,825,0.020573100002366118,1,3700,581,3119,8547,14
39,4,2,72,67,100,825,0.02420509999501519,4,4152,644,3508,10235,11
39,5,2,64,81,100,825,0.02101750001020264,2,3739,578,3161,8689,13
39,6,2,40,74,100,825,0.031045399999129586,6,4835,804,4031,13687,14
39,7,2,24,53,100,825,0.02491609999560751,7,4167,643,3524,10360,11
39,8,2,16,64,100,825,0.020274399998015724,5,3381,555,2826,7705,10
39,9,2,68,31,100,825,0.017196200002217665,8,3315,526,2789,6910,11
39,0,3,67,8,100,825,0.08063390001188964,11,9539,1329,8210,39151,31
39,1,3,5,59,100,825,0.0837514999875566,7,9486,1304,8182,39822,32
39,2,3,7,4,100,825,0.09472779999487102,1,10407,1434,8973,47227,34
39,3,3,21,15,100,825,0.06681309999839868,2,8099,1153,6946,32226,34
39,4,3,72,67,100,825,0.12933159999374766,13,12184,1726,10458,67789,39
39,5,3,64,81,100,825,0.07028590000118129,7,8271,1182,7089,33908,29
39,6,3,40,74,100,825,0.08947350000380538,7,9559,1456,8103,45764,27
39,7,3,24,53,100,825,0.08208290000038687,12,9286,1308,7978,41280,27
39,8,3,16,64,100,825,0.06412100000306964,8,7959,1155,6804,31794,36
39,9,3,68,31,100,825,0.08190230000764132,9,9456,1348,8108,41248,31
39,0,4,67,8,100,825,0.22731380000186618,16,18374,2409,15965,120335,57
39,1,4,5,59,100,825,0.19342630000028294,13,16336,2152,14184,102539,63
39,2,4,7,4,100,825,0.21032660000491887,1,17223,2271,14952,110775,54
39,3,4,21,15,100,825,0.1948363999981666,7,15901,2114,13787,102668,68
39,4,4,72,67,100,825,0.3281025000032969,38,21089,2935,18154,181155,62
39,5,4,64,81,100,825,0.1678161000018008,11,14569,1974,12595,88168,51
39,6,4,40,74,100,825,0.20057890001044143,11,15834,2239,13595,107997,53
39,7,4,24,53,100,825,0.21743710000009742,16,17094,2292,14802,116870,62
39,8,4,16,64,100,825,0.19138259999454021,11,15890,2177,13713,103158,52
39,9,4,68,31,100,825,0.19878249999601394,17,16455,2231,14224,106299,56
39,0,5,67,8,100,825,0.45528949999425095,30,26700,3509,23191,248783,97
39,1,5,5,59,100,825,0.40048330000718124,21,26023,3321,22702,220274,88
39,2,5,7,4,100,825,0.39765699999406934,1,25018,3218,21800,217960,94
39,3,5,21,15,100,825,0.43160720000742003,8,24846,3247,21599,241772,92
39,4,5,72,67,100,825,0.6481972000037786,48,32165,4318,27847,371229,94
39,5,5,64,81,100,825,0.4220509000006132,48,24920,3285,21635,231578,98
39,6,5,40,74,100,825,0.4477172999904724,19,25135,3425,21710,251659,93
39,7,5,24,53,100,825,0.378556200012099,23,24028,3131,20897,206899,70
39,8,5,16,64,100,825,0.45832180000434164,27,26426,3531,22895,251115,104
39,9,5,68,31,100,825,0.38948440000240225,27,23839,3218,20621,212044,78
40,0,2,93,18,100,796,0.020868699997663498,8,3750,594,3156,8571,11
40,1,2,88,71,100,796,0.016358000008040108,5,3264,507,2757,6404,11
40,2,2,50,9,100,796,0.02448730000469368,9,4055,638,3417,10751,15
40,3,2,82,60,100,796,0.019524900009855628,2,3470,591,2879,8060,11
40,4,2,41,46,100,796,0.02384150000580121,1,3927,662,3265,10364,10
40,5,2,54,62,100,796,0.01539450000564102,4,3212,495,2717,5939,9
40,6,2,19,7,100,796,0.018098899992764927,1,3415,537,2878,7371,11
40,7,2,22,1,100,796,0.026944400000502355,4,4357,699,3658,11966,13
40,8,2,55,82,100,796,0.02129649999551475,4,3727,606,3121,8978,15
40,9,2,16,24,100,796,0.017576099999132566,4,3368,553,2815,7167,9
40,0,3,93,18,100,796,0.07406729999638628,19,8467,1272,7195,36838,32
40,1,3,88,71,100,796,0.059686400010832585,8,7601,1099,6502,27972,26
40,2,3,50,9,100,796,0.07035229999746662,19,8403,1213,7190,34164,27
40,3,3,82,60,100,796,0.0798555000073975,2,9114,1351,7763,39212,26
40,4,3,41,46,100,796,0.06918959999165963,1,7877,1174,6703,34164,33
40,5,3,54,62,100,796,0.05601910001132637,4,7587,1070,6517,26049,21
40,6,3,19,7,100,796,0.061621599990758114,6,7797,1127,6670,29462,29
40,7,3,22,1,100,796,0.09407190000638366,12,10064,1419,8645,47192,34
40,8,3,55,82,100,796,0.0748495999869192,11,8499,1289,7210,36983,26
40,9,3,16,24,100,796,0.060079100003349595,12,7956,1165,6791,28523,22
40,0,4,93,18,100,796,0.1860603999957675,34,15397,2157,13240,98325,50
40,1,4,88,71,100,796,0.19906999998784158,14,16050,2220,13830,105661,51
40,2,4,50,9,100,796,0.18595459999050945,36,15665,2133,13532,99042,47
40,3,4,82,60,100,796,0.19943950000742916,2,16328,2237,14091,106819,68
40,4,4,41,46,100,796,0.1842501000064658,1,14741,2048,12693,98880,53
40,5,4,54,62,100,796,0.13205299999390263,4,12915,1802,11113,66834,42
40,6,4,19,7,100,796,0.2121810000098776,12,16378,2281,14097,113926,59
40,7,4,22,1,100,796,0.1907195999956457,18,15831,2134,13697,100809,54
40,8,4,55,82,100,796,0.23036750000028405,27,16355,2351,14004,124522,64
40,9,4,16,24,100,796,0.1822461999981897,27,15944,2189,13755,91323,44
40,0,5,93,18,100,796,0.34283379999396857,47,22178,3043,19135,187102,74
40,1,5,88,71,100,796,0.3689942999917548,21,22856,3137,19719,201101,82
40,2,5,50,9,100,796,0.4363868999935221,63,25076,3416,21660,239356,97
40,3,5,82,60,100,796,0.42776530000264756,5,25913,3458,22455,234705,130
40,4,5,41,46,100,796,0.3494885999971302,1,21322,2896,18426,191791,73
40,5,5,54,62,100,796,0.2598193000012543,7,19763,2670,17093,136828,78
40,6,5,19,7,100,796,0.48290870001073927,13,27055,3695,23360,268472,92
40,7,5,22,1,100,796,0.44800420000683516,20,25665,3374,22291,242093,104
40,8,5,55,82,100,796,0.47039740000036545,45,24388,3469,20919,259985,108
40,9,5,16,24,100,796,0.34957989999384154,38,23317,3176,20141,187601,75
41,0,2,39,46,100,773,0.023008300006040372,4,4006,657,3349,9624,12
41,1,2,13,51,100,773,0.013736599998082966,3,2880,455,2425,5322,11
41,2,2,79,96,100,773,0.02375900000333786,7,3948,688,3260,10598,14
41,3,2,82,85,100,773,0.020088000004761852,5,3703,576,3127,8354,13
41,4,2,57,32,100,773,0.017026400004397146,6,3282,539,2743,6952,10
41,5,2,58,84,100,773,0.014691100004711188,4,2880,491,2389,5878,9
41,6,2,71,16,100,773,0.011350400003721006,3,2473,407,2066,4223,9
41,7,2,57,76,100,773,0.016919900008360855,5,3282,539,2743,6952,10
41,8,2,44,32,100,773,0.019864999994751997,2,3602,586,3016,8602,14
41,9,2,47,99,100,773,0.015078700002050027,1,3025,480,2545,5695,10
41,0,3,39,46,100,773,0.07765379999182187,12,8958,1332,7626,38645,35
41,1,3,13,51,100,773,0.06025160000717733,4,7855,1106,6749,28112,31
41,2,3,79,96,100,773,0.09105569998791907,19,9219,1437,7782,46729,30
41,3,3,82,85,100,773,0.06754649999493267,20,8216,1187,7029,32644,28
41,4,3,57,32,100,773,0.04686709999805316,9,6572,957,5615,21437,23
41,5,3,58,84,100,773,0.0517631000111578,11,6893,1021,5872,25031,25
41,6,3,71,16,100,773,0.02747619998990558,9,4705,690,4015,11561,20
41,7,3,57,76,100,773,0.046543099990230985,7,6572,957,5615,21437,23
41,8,3,44,32,100,773,0.08004120000987314,5,9115,1322,7793,39720,30
41,9,3,47,99,100,773,0.050256899994565174,1,6932,996,5936,23532,30
41,0,4,39,46,100,773,0.1597189000021899,31,13583,1961,11622,82550,50
41,1,4,13,51,100,773,0.20765620000020135,9,16449,2226,14223,108595,58
41,2,4,79,96,100,773,0.23599410000315402,53,16433,2388,14045,129415,63
41,3,4,82,85,100,773,0.14542749999964144,45,13327,1864,11463,75915,46
41,4,4,57,32,100,773,0.12383060000138357,20,12387,1715,10672,63167,52
41,5,4,58,84,100,773,0.09934509999584407,15,10274,1530,8744,50117,42
41,6,4,71,16,100,773,0.06470160000026226,18,8337,1172,7165,29684,32
41,7,4,57,76,100,773,0.12512369999603834,8,12387,1715,10672,63167,52
41,8,4,44,32,100,773,0.2127864999929443,17,16022,2268,13754,112532,58
41,9,4,47,99,100,773,0.1210467999917455,1,11185,1526,9659,54511,56
41,0,5,39,46,100,773,0.26884309999877587,42,18437,2624,15813,144381,78
41,1,5,13,51,100,773,0.36682169999403413,12,23206,3058,20148,197088,92
41,2,5,79,96,100,773,0.4749253000045428,67,23995,3445,20550,265895,92
41,3,5,82,85,100,773,0.25822440000774805,55,18995,2615,16380,139023,64
41,4,5,57,32,100,773,0.29453309999371413,30,20166,2702,17464,159375,100
41,5,5,58,84,100,773,0.1758828000020003,15,14125,2104,12021,92066,63
41,6,5,71,16,100,773,0.1862915000092471,27,15930,2181,13749,96097,56
41,7,5,57,76,100,773,0.2925896999950055,11,20166,2702,17464,159375,100
41,8,5,44,32,100,773,0.4491418999969028,21,25294,3406,21888,249912,89
41,9,5,47,99,100,773,0.25829979999980424,4,18096,2455,15641,139180,112
42,0,2,17,27,100,819,0.01869250000163447,5,3427,537,2890,7550,11
42,1,2,17,46,100,819,0.01812130000325851,2,3427,537,2890,7550,11
42,2,2,81,13,100,819,0.016531299988855608,6,3203,508,2695,6741,13
42,3,2,91,6,100,819,0.016847200007759966,1,3197,521,2676,6944,10
42,4,2,10,54,100,819,0.02530970000952948,8,4442,659,3783,10972,12
42,5,2,69,16,100,819,0.03129590000025928,12,4825,777,4048,13922,13
42,6,2,37,84,100,819,0.017606199995498173,3,3583,520,3063,6960,11
42,7,2,73,62,100,819,0.017156699992483482,6,3276,540,2736,6996,10
42,8,2,25,94,100,819,0.015928900000290014,2,3313,483,2830,6250,12
42,9,2,7,34,100,819,0.022959800000535324,6,4085,642,3443,9918,13
42,0,3,17,27,100,819,0.04584199999226257,12,6561,914,5647,21408,24
42,1,3,17,46,100,819,0.04592140000022482,4,6561,914,5647,21408,24
42,2,3,81,13,100,819,0.061891899997135624,16,7780,1106,6674,30068,26
42,3,3,91,6,100,819,0.06476969999494031,9,8332,1198,7134,31044,24
42,4,3,10,54,100,819,0.10546359998988919,17,10879,1514,9365,54873,42
42,5,3,69,16,100,819,0.0976997000107076,17,10196,1468,8728,50705,44
42,6,3,37,84,100,819,0.053127999999560416,5,7440,1048,6392,24615,25
42,7,3,73,62,100,819,0.05016590000013821,8,6876,982,5894,23530,25
42,8,3,25,94,100,819,0.05740469999727793,16,7803,1058,6745,26931,32
42,9,3,7,34,100,819,0.07072019999031909,12,8668,1231,7437,34526,29
42,0,4,17,27,100,819,0.12142560000938829,21,12374,1663,10711,61225,47
42,1,4,17,46,100,819,0.12388619998819195,16,12374,1663,10711,61225,47
42,2,4,81,13,100,819,0.127712600005907,27,12558,1745,10813,65099,39
42,3,4,91,6,100,819,0.15767840000626165,11,14574,1996,12578,81384,46
42,4,4,10,54,100,819,0.20525590000033844,30,15870,2214,13656,109531,54
42,5,4,69,16,100,819,0.23849040000641253,35,17509,2428,15081,129283,68
42,6,4,37,84,100,819,0.13083899999037385,18,12867,1761,11106,65691,41
42,7,4,73,62,100,819,0.14198459999170154,10,13438,1825,11613,72057,51
42,8,4,25,94,100,819,0.11875999999756459,18,12424,1642,10782,59662,42
42,9,4,7,34,100,819,0.18481320000137202,26,15028,2150,12878,97984,57
42,0,5,17,27,100,819,0.22396040000603534,27,17782,2327,15455,115950,70
42,1,5,17,46,100,819,0.22343500000715721,21,17782,2327,15455,115950,70
42,2,5,81,13,100,819,0.21541910000087228,34,17160,2371,14789,113652,54
42,3,5,91,6,100,819,0.35908439999911934,13,23003,3047,19956,193507,104
42,4,5,10,54,100,819,0.3340163999964716,38,21156,2848,18308,178976,72
42,5,5,69,16,100,819,0.44927099999040365,56,25574,3445,22129,252571,89
42,6,5,37,84,100,819,0.26301840000087395,28,19455,2631,16824,140187,68
42,7,5,73,62,100,819,0.3227076999901328,10,22299,2933,19366,169218,82
42,8,5,25,94,100,819,0.19784639999852516,30,17193,2233,14960,102355,58
42,9,5,7,34,100,819,0.37120649999997113,31,22013,3116,18897,206291,104
43,0,2,36,8,100,776,0.020545099992887117,6,3554,573,2981,8256,9
43,1,2,71,31,100,776,0.0150154000002658,4,2951,509,2442,5991,11
43,2,2,54,21,100,776,0.020010699998238124,2,3534,624,2910,8625,10
43,3,2,83,41,100,776,0.024754800004302524,18,4068,661,3407,11061,18
43,4,2,66,71,100,776,0.017895299999509007,5,3246,563,2683,7654,13
43,5,2,76,41,100,776,0.015126800004509278,9,3094,497,2597,6041,11
43,6,2,4,65,100,776,0.019828100004815497,6,3560,596,2964,8552,10
43,7,2,62,87,100,776,0.012094200006686151,5,2633,424,2209,4688,9
43,8,2,4,59,100,776,0.020449299991014414,6,3560,596,2964,8552,10
43,9,2,86,17,100,776,0.019909399998141453,4,3529,615,2914,8524,10
43,0,3,36,8,100,776,0.07349330000579357,12,8039,1268,6771,36625,25
43,1,3,71,31,100,776,0.042993399998522364,4,6067,905,5162,18994,28
43,2,3,54,21,100,776,0.049995399996987544,2,6442,1013,5429,23376,27
43,3,3,83,41,100,776,0.0777827999991132,42,8741,1253,7488,38512,42
43,4,3,66,71,100,776,0.062201499997172505,6,7364,1144,6220,30326,28
43,5,3,76,41,100,776,0.051160600007278845,15,6716,1008,5708,23908,22
43,6,3,4,65,100,776,0.049644300001091324,9,6880,1005,5875,22910,26
43,7,3,62,87,100,776,0.03905609999492299,6,5987,852,5135,17597,23
43,8,3,4,59,100,776,0.04924360000586603,14,6880,1005,5875,22910,26
43,9,3,86,17,100,776,0.04854410000552889,6,6426,993,5433,22891,27
43,0,4,36,8,100,776,0.17975229999865405,30,14597,2085,12512,95976,50
43,1,4,71,31,100,776,0.1292706999956863,14,12220,1759,10461,66544,56
43,2,4,54,21,100,776,0.11728910000238102,2,11356,1657,9699,60228,42
43,3,4,83,41,100,776,0.1561307000083616,63,13765,1902,11863,82747,63
43,4,4,66,71,100,776,0.15194399999745656,13,13249,1951,11298,80718,50
43,5,4,76,41,100,776,0.12276460000430234,18,11694,1679,10015,63943,42
43,6,4,4,65,100,776,0.10911940000369214,13,11281,1579,9702,55253,44
43,7,4,62,87,100,776,0.0724700999999186,11,9036,1238,7798,34598,39
43,8,4,4,59,100,776,0.10842660001071636,39,11281,1579,9702,55253,44
43,9,4,86,17,100,776,0.11777250000159256,12,11330,1628,9702,59177,42
43,0,5,36,8,100,776,0.34825480000290554,45,21766,2955,18811,189085,76
43,1,5,71,31,100,776,0.2395598000002792,15,17089,2464,14625,128862,96
43,2,5,54,21,100,776,0.22876960001303814,2,17106,2422,14684,121031,56
43,3,5,83,41,100,776,0.2791663000098197,115,19153,2621,16532,152257,115
43,4,5,66,71,100,776,0.26176290000148583,33,17736,2554,15182,139635,73
43,5,5,76,41,100,776,0.2708137000008719,26,17776,2510,15266,146303,102
43,6,5,4,65,100,776,0.2147532999952091,14,16691,2279,14412,111744,76
43,7,5,62,87,100,776,0.1421408999885898,20,13700,1833,11867,70327,58
43,8,5,4,59,100,776,0.21446170000126585,60,16691,2279,14412,111744,76
43,9,5,86,17,100,776,0.22778729999845382,17,17072,2386,14686,119411,56
44,0,2,86,95,100,781,0.020608599996194243,4,3699,589,3110,8196,11
44,1,2,24,61,100,781,0.021087300003273413,3,3880,616,3264,8788,11
44,2,2,15,96,100,781,0.020780900013050996,4,3740,635,3105,8929,10
44,3,2,26,79,100,781,0.024941399999079295,6,4227,674,3553,10945,14
44,4,2,52,19,100,781,0.012569600003189407,3,2674,422,2252,4785,9
44,5,2,25,62,100,781,0.02218919999722857,6,3718,662,3056,9590,11
44,6,2,58,42,100,781,0.025606200011679903,5,4244,706,3538,11365,14
44,7,2,37,71,100,781,0.016158700003870763,4,3073,535,2538,6723,11
44,8,2,97,72,100,781,0.02602659999683965,6,4230,707,3523,11798,14
44,9,2,23,57,100,781,0.03148920000239741,10,4742,791,3951,14310,14
44,0,3,86,95,100,781,0.06520040000032168,11,8729,1195,7534,31121,23
44,1,3,24,61,100,781,0.09025490000203717,5,9675,1412,8263,45569,34
44,2,3,15,96,100,781,0.07805459998780861,12,9140,1325,7815,38777,32
44,3,3,26,79,100,781,0.1013488999888068,18,10031,1489,8542,51878,38
44,4,3,52,19,100,781,0.05566470000485424,11,7730,1085,6645,26247,23
44,5,3,25,62,100,781,0.07634290000714827,7,8655,1329,7326,38705,34
44,6,3,58,42,100,781,0.10796950000803918,6,10868,1585,9283,56648,36
44,7,3,37,71,100,781,0.060475400008726865,4,7400,1099,6301,28269,27
44,8,3,97,72,100,781,0.07547820000036154,8,8449,1227,7222,38068,30
44,9,3,23,57,100,781,0.10313999999198131,21,9857,1503,8354,54420,32
44,0,4,86,95,100,781,0.14989780000178143,15,14690,1957,12733,76036,41
44,1,4,24,61,100,781,0.2423968000075547,5,17453,2479,14974,132392,60
44,2,4,15,96,100,781,0.14499339999747463,13,13109,1868,11241,74210,45
44,3,4,26,79,100,781,0.2697044999949867,24,18038,2650,15388,148595,66
44,4,4,52,19,100,781,0.12668120001035277,14,12748,1755,10993,63547,45
44,5,4,25,62,100,781,0.16677769999660086,29,13933,2056,11877,89076,53
44,6,4,58,42,100,781,0.19858450000174344,7,15926,2215,13711,107723,53
44,7,4,37,71,100,781,0.14627170001040213,15,13548,1864,11684,76438,50
44,8,4,97,72,100,781,0.18071410000266042,30,14407,2016,12391,99310,53
44,9,4,23,57,100,781,0.19823840000026394,36,14502,2185,12317,109010,48
44,0,5,86,95,100,781,0.24712800000270363,21,19934,2615,17319,129946,66
44,1,5,24,61,100,781,0.4108193999854848,5,23191,3236,19955,228336,87
44,2,5,15,96,100,781,0.25220899999840185,18,18095,2538,15557,137449,70
44,3,5,26,79,100,781,0.5056494000018574,32,25456,3659,21797,284067,116
44,4,5,52,19,100,781,0.21993629999633413,16,17155,2345,14810,112109,74
44,5,5,25,62,100,781,0.322364399995422,44,20729,2910,17819,174225,91
44,6,5,58,42,100,781,0.39304760000959504,8,23491,3196,20295,214802,81
44,7,5,37,71,100,781,0.230324300006032,25,17446,2345,15101,121343,76
44,8,5,97,72,100,781,0.32389999998849817,43,20501,2807,17694,177602,84
44,9,5,23,57,100,781,0.371354800008703,54,21107,3054,18053,206536,63
45,0,2,43,34,100,852,0.015673600006266497,4,3200,480,2720,5628,9
45,1,2,27,43,100,852,0.03465659999346826,5,5304,811,4493,15356,15
45,2,2,32,96,100,852,0.02891290000115987,5,4758,715,4043,12401,13
45,3,2,80,59,100,852,0.03140009999333415,2,4910,747,4163,13307,16
45,4,2,59,52,100,852,0.03312490000098478,7,4913,761,4152,14890,14
45,5,2,66,73,100,852,0.023160600001574494,7,4170,622,3548,9824,14
45,6,2,96,28,100,852,0.018476700002793223,2,3552,565,2987,7624,11
45,7,2,34,66,100,852,0.01422340000863187,4,3107,457,2650,5304,10
45,8,2,12,59,100,852,0.02561759999662172,5,4550,665,3885,11017,13
45,9,2,53,23,100,852,0.02931220000027679,6,4801,733,4068,13227,13
45,0,3,43,34,100,852,0.060651500010862947,12,8201,1104,7097,28045,25
45,1,3,27,43,100,852,0.12834869998914655,13,11781,1699,10082,67172,40
45,2,3,32,96,100,852,0.07999389999895357,10,9703,1310,8393,39051,33
45,3,3,80,59,100,852,0.09549819999665488,5,10456,1419,9037,48386,36
45,4,3,59,52,100,852,0.12278030000743456,17,11812,1595,10217,63779,34
45,5,3,66,73,100,852,0.07508510000479873,11,9301,1238,8063,35956,29
45,6,3,96,28,100,852,0.06471059999603312,7,7961,1164,6797,31148,24
45,7,3,34,66,100,852,0.056563999998616055,15,8216,1056,7160,25893,26
45,8,3,12,59,100,852,0.09317899998859502,7,10255,1408,8847,46610,31
45,9,3,53,23,100,852,0.10855269999592565,25,11850,1579,10271,55472,32
45,0,4,43,34,100,852,0.20736000000033528,24,17514,2230,15284,109898,60
45,1,4,27,43,100,852,0.31366410000191536,23,20459,2827,17632,175558,68
45,2,4,32,96,100,852,0.33216279999760445,22,22851,2894,19957,183335,82
45,3,4,80,59,100,852,0.2623745000018971,9,19647,2527,17120,142912,70
45,4,4,59,52,100,852,0.4260383999935584,39,24760,3194,21566,238122,87
45,5,4,66,73,100,852,0.23634259999380447,16,18717,2416,16301,127229,68
45,6,4,96,28,100,852,0.18458539999846835,8,15565,2125,13440,98024,56
45,7,4,34,66,100,852,0.20957850001286715,37,17976,2275,15701,111466,67
45,8,4,12,59,100,852,0.23038959999394137,10,17734,2361,15373,123062,48
45,9,4,53,23,100,852,0.2664299000025494,41,20537,2644,17893,142522,55
45,0,5,43,34,100,852,0.4383864999981597,24,26880,3345,23535,235157,100
45,1,5,27,43,100,852,0.6853318000066793,28,31052,4249,26803,390614,96
45,2,5,32,96,100,852,0.5906128000060562,25,32130,4036,28094,334629,112
45,3,5,80,59,100,852,0.5469003000034718,25,30913,3839,27074,310461,113
45,4,5,59,52,100,852,0.7706266000022879,48,35270,4491,30779,441548,128
45,5,5,66,73,100,852,0.4365263999934541,21,27034,3328,23706,233386,99
45,6,5,96,28,100,852,0.37819170000148006,17,23177,3117,20060,208887,105
45,7,5,34,66,100,852,0.451515599997947,50,27443,3446,23997,243235,130
45,8,5,12,59,100,852,0.42471829999703914,34,25228,3329,21899,234437,86
45,9,5,53,23,100,852,0.6256617000035476,69,33613,4243,29370,345635,90
46,0,2,48,99,100,820,0.022979200002737343,4,3806,626,3180,9644,11
46,1,2,97,18,100,820,0.020525900006759912,11,3703,584,3119,8753,11
46,2,2,45,7,100,820,0.02138550000381656,6,3945,584,3361,9067,12
46,3,2,52,33,100,820,0.020309700004872866,6,3872,577,3295,8436,13
46,4,2,25,21,100,820,0.020082899995031767,5,3729,569,3160,8502,11
46,5,2,99,93,100,820,0.025872300000628456,4,4298,673,3625,11542,15
46,6,2,18,23,100,820,0.02258340000116732,11,4069,622,3447,9686,12
46,7,2,46,66,100,820,0.022562899990589358,5,4057,592,3465,9398,11
46,8,2,60,89,100,820,0.022173599994857796,11,4046,593,3453,9466,11
46,9,2,70,3,100,820,0.017604400010895915,2,3466,521,2945,7197,11
46,0,3,48,99,100,820,0.05727089999709278,4,7355,1053,6302,27752,27
46,1,3,97,18,100,820,0.07297599999583326,23,8792,1224,7568,36362,26
46,2,3,45,7,100,820,0.061013099999399856,11,7843,1090,6753,29608,27
46,3,3,52,33,100,820,0.05447719999938272,10,7742,1035,6707,25290,24
46,4,3,25,21,100,820,0.05547159998968709,12,7506,1041,6465,26030,26
46,5,3,99,93,100,820,0.07776379999995697,11,8648,1268,7380,38715,31
46,6,3,18,23,100,820,0.08846990000165533,26,9916,1382,8534,44170,34
46,7,3,46,66,100,820,0.06384050000633579,7,7802,1128,6674,30737,28
46,8,3,60,89,100,820,0.05893369999830611,22,7698,1088,6610,27700,28
46,9,3,70,3,100,820,0.04837530000077095,10,6777,955,5822,22167,23
46,0,4,48,99,100,820,0.1384671999985585,8,12458,1715,10743,71666,49
46,1,4,97,18,100,820,0.2084410000097705,31,15593,2176,13417,111780,50
46,2,4,45,7,100,820,0.15237419999903068,16,13672,1824,11848,80056,51
46,3,4,52,33,100,820,0.144830399993225,22,14564,1916,12648,74279,52
46,4,4,25,21,100,820,0.13529350000317208,15,13260,1774,11486,69904,51
46,5,4,99,93,100,820,0.17249740000988822,22,14148,2001,12147,91219,51
46,6,4,18,23,100,820,0.2251086999895051,37,17619,2365,15254,117682,55
46,7,4,46,66,100,820,0.15569020000111777,8,13605,1897,11708,81509,48
46,8,4,60,89,100,820,0.12093799999274779,32,12169,1670,10499,60870,43
46,9,4,70,3,100,820,0.1785066000011284,18,15346,2094,13252,93440,46
46,0,5,48,99,100,820,0.33635949999734294,10,21188,2837,18351,181906,75
46,1,5,97,18,100,820,0.41259330000320915,63,23492,3187,20305,229591,79
46,2,5,45,7,100,820,0.30435039999429137,18,21093,2713,18380,165781,73
46,3,5,52,33,100,820,0.2732271999993827,33,20899,2701,18198,143634,72
46,4,5,25,21,100,820,0.2462797999905888,30,19253,2525,16728,131748,66
46,5,5,99,93,100,820,0.3271792000014102,35,21383,2931,18452,180815,72
46,6,5,18,23,100,820,0.395765900000697,47,24904,3282,21622,219099,91
46,7,5,46,66,100,820,0.3448195999953896,11,22064,2998,19066,188133,72
46,8,5,60,89,100,820,0.21766190000926144,43,17866,2408,15458,114217,58
46,9,5,70,3,100,820,0.3656582000112394,31,24063,3186,20877,197649,71
47,0,2,81,72,100,754,0.021783699994557537,8,3767,614,3153,8944,12
47,1,2,73,33,100,754,0.020557299998472445,3,3609,623,2986,8714,10
47,2,2,56,27,100,754,0.021306700000423007,7,3670,619,3051,9092,12
47,3,2,44,98,100,754,0.02087730000494048,1,3706,606,3100,8732,10
47,4,2,31,48,100,754,0.0185401000053389,4,3391,571,2820,7726,11
47,5,2,24,36,100,754,0.016886700002942234,8,3201,514,2687,7007,13
47,6,2,71,16,100,754,0.019906000001356006,4,3549,587,2962,8548,11
47,7,2,98,60,100,754,0.020552399990265258,2,3691,596,3095,8680,12
47,8,2,54,19,100,754,0.016811499997857027,1,3163,530,2633,7029,11
47,9,2,12,54,100,754,0.020583599995006807,2,3606,594,3012,8904,12
47,0,3,81,72,100,754,0.06415160000324249,8,7682,1176,6506,31521,31
47,1,3,73,33,100,754,0.056249300003401004,3,7425,1111,6314,26935,29
47,2,3,56,27,100,754,0.069717500009574,25,7838,1213,6625,33637,25
47,3,3,44,98,100,754,0.06703679999918677,1,7797,1152,6645,32138,31
47,4,3,31,48,100,754,0.05323970000608824,5,6928,1055,5873,25373,25
47,5,3,24,36,100,754,0.060449399999924935,12,7462,1123,6339,29462,27
47,6,3,71,16,100,754,0.06864559999667108,11,8169,1172,6997,34025,35
47,7,3,98,60,100,754,0.060040700001991354,6,7319,1114,6205,29144,32
47,8,3,54,19,100,754,0.05977190000703558,1,6980,1110,5870,29224,26
47,9,3,12,54,100,754,0.04819859999406617,2,6234,969,5265,22536,29
47,0,4,81,72,100,754,0.16588950000004843,23,13588,1941,11647,87337,61
47,1,4,73,33,100,754,0.14051280000421684,3,13001,1863,11138,72589,53
47,2,4,56,27,100,754,0.15435629998682998,29,13099,1982,11117,81329,42
47,3,4,44,98,100,754,0.1769952999893576,2,14079,2006,12073,92716,73
47,4,4,31,48,100,754,0.1400102999905357,8,12202,1818,10384,72638,53
47,5,4,24,36,100,754,0.15352560000610538,27,13406,1940,11466,80193,51
47,6,4,71,16,100,754,0.1420698000001721,14,12652,1743,10909,73670,56
47,7,4,98,60,100,754,0.13583839999046177,9,11900,1752,10148,70664,55
47,8,4,54,19,100,754,0.135799900002894,1,11550,1743,9807,69951,51
47,9,4,12,54,100,754,0.10865619999822229,3,10469,1526,8943,53797,37
47,0,5,81,72,100,754,0.32125740000628866,30,20113,2835,17278,176611,84
47,1,5,73,33,100,754,0.2516975999897113,4,18505,2592,15913,135016,80
47,2,5,56,27,100,754,0.2923713000054704,43,18980,2824,16156,160435,69
47,3,5,44,98,100,754,0.36272779999126215,5,21643,2993,18650,198085,85
47,4,5,31,48,100,754,0.29145570000400767,24,18659,2678,15981,155696,83
47,5,5,24,36,100,754,0.30996899999445304,34,20330,2857,17473,168877,94
47,6,5,71,16,100,754,0.2688256999972509,32,18453,2526,15927,145910,75
47,7,5,98,60,100,754,0.2716629000060493,21,18668,2612,16056,147092,85
47,8,5,54,19,100,754,0.2566942999983439,2,17084,2498,14586,140581,72
47,9,5,12,54,100,754,0.20362400000158232,3,15616,2235,13381,108138,58
48,0,2,56,76,100,824,0.021217999994405545,3,3817,596,3221,8802,11
48,1,2,14,98,100,824,0.028174499995657243,9,4620,731,3889,12637,14
48,2,2,88,47,100,824,0.02632830000948161,5,4487,696,3791,11722,11
48,3,2,87,16,100,824,0.024422800008323975,2,4233,665,3568,10605,13
48,4,2,88,32,100,824,0.026343500008806586,2,4487,696,3791,11722,11
48,5,2,42,38,100,824,0.017415099995560013,4,3413,524,2889,6981,9
48,6,2,46,60,100,824,0.01841930000227876,5,3640,533,3107,7492,11
48,7,2,35,95,100,824,0.022490100003778934,5,3953,632,3321,9760,12
48,8,2,79,0,100,824,0.020678899993072264,5,3884,588,3296,8726,13
48,9,2,51,34,100,824,0.016023000003769994,7,3240,504,2736,6406,11
48,0,3,56,76,100,824,0.06738829999812879,11,8638,1235,7403,32636,27
48,1,3,14,98,100,824,0.10325309999461751,27,10842,1516,9326,52953,34
48,2,3,88,47,100,824,0.08202180000080261,13,9408,1360,8048,40742,28
48,3,3,87,16,100,824,0.10546310000063386,3,11394,1548,9846,53800,35
48,4,3,88,32,100,824,0.08247649999975692,6,9408,1360,8048,40742,28
48,5,3,42,38,100,824,0.07585049999761395,11,9101,1265,7836,36600,25
48,6,3,46,60,100,824,0.0828314000100363,30,9726,1312,8414,41156,37
48,7,3,35,95,100,824,0.07829789999232162,5,8810,1304,7506,39664,36
48,8,3,79,0,100,824,0.08860030000505503,15,9581,1397,8184,44910,31
48,9,3,51,34,100,824,0.05807729999651201,13,7653,1062,6591,27237,31
48,0,4,56,76,100,824,0.1816093999950681,22,16036,2158,13878,93188,45
48,1,4,14,98,100,824,0.2512859999987995,50,19318,2560,16758,135054,60
48,2,4,88,47,100,824,0.21243469999171793,24,17496,2349,15147,112195,55
48,3,4,87,16,100,824,0.24685809999937192,8,19188,2482,16706,132412,76
48,4,4,88,32,100,824,0.21181359999172855,12,17496,2349,15147,112195,55
48,5,4,42,38,100,824,0.2279951000091387,25,17735,2377,15358,119784,55
48,6,4,46,60,100,824,0.21118090000527445,39,17172,2251,14921,112726,70
48,7,4,35,95,100,824,0.2511285999935353,7,17394,2393,15001,120712,66
48,8,4,79,0,100,824,0.20441580000624526,22,15648,2217,13431,106894,47
48,9,4,51,34,100,824,0.16328320000320673,23,14781,1952,12829,80680,49
48,0,5,56,76,100,824,0.39512630000535864,32,24547,3310,21237,199529,68
48,1,5,14,98,100,824,0.48135020000336226,90,27304,3591,23713,258689,90
48,2,5,88,47,100,824,0.36770650000835303,33,24006,3165,20841,197107,78
48,3,5,87,16,100,824,0.4513879000005545,8,26482,3355,23127,236613,115
48,4,5,88,32,100,824,0.3723782999877585,22,24006,3165,20841,197107,78
48,5,5,42,38,100,824,0.42758290001074784,49,26084,3370,22714,229082,81
48,6,5,46,60,100,824,0.42203390000213403,45,25804,3264,22540,227378,104
48,7,5,35,95,100,824,0.4016148000082467,10,23664,3200,20464,208734,92
48,8,5,79,0,100,824,0.35631229999125935,26,21526,3000,18526,192118,82
48,9,5,51,34,100,824,0.34123440000985283,46,23498,3053,20445,180780,77
49,0,2,38,68,100,752,0.023568500007968396,4,3685,629,3056,9834,13
49,1,2,48,33,100,752,0.02363070000137668,3,3835,661,3174,10457,12
49,2,2,75,94,100,752,0.021885399997700006,3,3606,635,2971,9566,11
49,3,2,18,23,100,752,0.01700060001167003,3,3290,522,2768,6902,13
49,4,2,8,57,100,752,0.01856769999722019,5,3416,545,2871,7702,11
49,5,2,96,75,100,752,0.023404500010656193,3,3907,654,3253,10161,13
49,6,2,69,38,100,752,0.02810009999666363,9,4445,745,3700,12621,20
49,7,2,25,84,100,752,0.020782699997653253,6,3754,588,3166,8552,11
49,8,2,12,64,100,752,0.019517299995641224,7,3513,608,2905,8214,14
49,9,2,32,76,100,752,0.01556640000490006,2,2957,523,2434,6354,11
49,0,3,38,68,100,752,0.09638070000801235,14,9454,1469,7985,48869,32
49,1,3,48,33,100,752,0.09024649999628309,8,8847,1399,7448,46328,48
49,2,3,75,94,100,752,0.08252579999680165,3,8533,1345,7188,41961,43
49,3,3,18,23,100,752,0.062349699990591034,3,7595,1137,6458,29796,26
49,4,3,8,57,100,752,0.0542559000023175,6,7013,1023,5990,25140,23
49,5,3,96,75,100,752,0.0743780000047991,5,8243,1240,7003,37234,34
49,6,3,69,38,100,752,0.07223030000750441,13,8162,1288,6874,36071,33
49,7,3,25,84,100,752,0.06839749999926426,13,7958,1208,6750,32923,27
49,8,3,12,64,100,752,0.04999899999529589,10,6517,993,5524,22805,28
49,9,3,32,76,100,752,0.04985179999493994,7,6305,993,5312,23256,30
49,0,4,38,68,100,752,0.30821049999212846,18,18742,2719,16023,155056,66
49,1,4,48,33,100,752,0.19501530000707135,9,14143,2136,12007,103219,78
49,2,4,75,94,100,752,0.20694809999258723,16,15189,2298,12891,108885,62
49,3,4,18,23,100,752,0.15710490000492427,6,13369,1900,11469,80152,59
49,4,4,8,57,100,752,0.12328590000106487,16,11850,1668,10182,61141,41
49,5,4,96,75,100,752,0.14916889999585692,7,12512,1828,10684,77952,44
49,6,4,69,38,100,752,0.1803968000021996,18,14372,2135,12237,94529,45
49,7,4,25,84,100,752,0.16204779999679886,30,13757,2017,11740,82650,40
49,8,4,12,64,100,752,0.15166570000292268,19,13239,1893,11346,75970,61
49,9,4,32,76,100,752,0.13837249999050982,14,12302,1825,10477,71322,55
49,0,5,38,68,100,752,0.452245500011486,23,24289,3448,20841,241778,90
49,1,5,48,33,100,752,0.33610180001414847,12,19055,2796,16259,172197,98
49,2,5,75,94,100,752,0.3440009000041755,29,20447,3025,17422,185086,113
49,3,5,18,23,100,752,0.2984507999935886,23,19738,2776,16962,160356,79
49,4,5,8,57,100,752,0.2500265999988187,19,17925,2494,15431,130354,60
49,5,5,96,75,100,752,0.3109779999940656,17,20114,2816,17298,169969,74
49,6,5,69,38,100,752,0.32810079999035224,20,20437,2980,17457,180347,72
49,7,5,25,84,100,752,0.2905548999988241,55,19605,2805,16800,157517,77
49,8,5,12,64,100,752,0.28336879999551456,21,19265,2685,16580,144349,80
49,9,5,32,76,100,752,0.27698229999805335,16,18220,2679,15541,146681,63
