origin,destination,route_id,baseline_route_id,travel_time_minutes,walking_minutes,transfers,baseline_time_minutes,baseline_walking_minutes,baseline_transfers,additional_travel_time_minutes,walking_time_saved_minutes,transfer_saving,transfer_category
七張站,三和國中站,2,1,35.083333333333336,2.0,1,33.71666666666667,5.0,2,1.3666666666666671,3.0,1,Fewer transfers
七張站,三民高中站,2,1,38.81666666666667,2.0,1,37.45,5.0,2,1.3666666666666671,3.0,1,Fewer transfers
七張站,三重國小站,2,1,32.88333333333333,2.0,1,31.516666666666666,5.0,2,1.3666666666666671,3.0,1,Fewer transfers
七張站,三重站,2,1,36.333333333333336,2.0,1,34.96666666666667,5.0,2,1.3666666666666671,3.0,1,Fewer transfers
七張站,中山站,2,1,21.55,0.0,0,20.78333333333333,2.0,1,0.7666666666666693,2.0,1,Fewer transfers
七張站,丹鳳站,2,1,46.95,5.0,2,44.91666666666666,9.0,2,2.0333333333333456,4.0,0,Same transfers
七張站,丹鳳站,3,1,48.31666666666667,2.0,1,44.91666666666666,9.0,2,3.400000000000013,7.0,1,Fewer transfers
七張站,先嗇宮站,2,1,39.11666666666667,2.0,1,37.75,5.0,2,1.3666666666666671,3.0,1,Fewer transfers
七張站,六張犁站,2,1,39.083333333333336,5.0,1,31.45,7.0,2,7.633333333333336,2.0,1,Fewer transfers
七張站,動物園站,2,1,50.45,5.0,1,42.81666666666667,7.0,2,7.633333333333333,2.0,1,Fewer transfers
七張站,南勢角站,2,1,23.35,2.0,1,20.55,9.0,2,2.8000000000000007,7.0,1,Fewer transfers
七張站,南港展覽館站,2,1,42.98333333333333,2.0,1,39.93333333333333,4.0,2,3.049999999999997,2.0,1,Fewer transfers
七張站,南港站,2,1,40.71666666666667,2.0,1,37.66666666666666,4.0,2,3.0500000000000114,2.0,1,Fewer transfers
七張站,南港軟體園區站,2,1,49.28333333333333,7.0,2,46.23333333333333,9.0,3,3.0500000000000043,2.0,1,Fewer transfers
七張站,南港軟體園區站,3,1,56.083333333333336,5.0,1,46.23333333333333,9.0,3,9.850000000000009,4.0,2,Fewer transfers
七張站,台北橋站,2,1,32.483333333333334,2.0,1,31.116666666666667,5.0,2,1.3666666666666671,3.0,1,Fewer transfers
七張站,國父紀念館站,2,1,30.866666666666667,2.0,1,27.816666666666663,4.0,2,3.0500000000000043,2.0,1,Fewer transfers
七張站,大橋頭站,2,1,29.933333333333334,2.0,1,28.566666666666663,5.0,2,1.3666666666666707,3.0,1,Fewer transfers
七張站,市政府站,2,1,32.61666666666667,2.0,1,29.566666666666663,4.0,2,3.0500000000000043,2.0,1,Fewer transfers
七張站,後山埤站,2,1,36.21666666666667,2.0,1,33.166666666666664,4.0,2,3.0500000000000043,2.0,1,Fewer transfers
七張站,徐匯中學站,2,1,36.86666666666667,2.0,1,35.5,5.0,2,1.3666666666666671,3.0,1,Fewer transfers
七張站,忠孝復興站,2,1,27.466666666666665,2.0,1,24.416666666666668,4.0,2,3.049999999999997,2.0,1,Fewer transfers
七張站,忠孝敦化站,2,1,29.216666666666665,2.0,1,26.166666666666668,4.0,2,3.049999999999997,2.0,1,Fewer transfers
七張站,新莊站,2,1,41.95,5.0,2,39.91666666666666,9.0,2,2.0333333333333456,4.0,0,Same transfers
七張站,新莊站,3,1,43.31666666666667,2.0,1,39.91666666666666,9.0,2,3.400000000000013,7.0,1,Fewer transfers
七張站,昆陽站,2,1,38.48333333333333,2.0,1,35.43333333333333,4.0,2,3.049999999999997,2.0,1,Fewer transfers
七張站,景安站,2,1,21.266666666666666,2.0,1,12.466666666666669,3.0,1,8.799999999999997,1.0,0,Same transfers
七張站,木柵站,2,1,48.91666666666666,5.0,1,41.28333333333333,7.0,2,7.633333333333326,2.0,1,Fewer transfers
七張站,東湖站,2,1,51.11666666666667,7.0,2,48.06666666666667,9.0,3,3.049999999999997,2.0,1,Fewer transfers
七張站,東湖站,3,1,54.25,5.0,1,48.06666666666667,9.0,3,6.18333333333333,4.0,2,Fewer transfers
七張站,松江南京站,2,1,23.9,0.0,0,22.58333333333333,2.0,1,1.31666666666667,2.0,1,Fewer transfers
七張站,板橋站,2,1,29.25,2.0,1,25.28333333333333,3.0,1,3.9666666666666686,1.0,0,Same transfers
七張站,永春站,2,1,34.53333333333333,2.0,1,31.48333333333333,4.0,2,3.0500000000000007,2.0,1,Fewer transfers
七張站,科技大樓站,2,1,36.63333333333333,5.0,1,29.0,7.0,2,7.633333333333333,2.0,1,Fewer transfers
七張站,菜寮站,2,1,34.516666666666666,2.0,1,33.15,5.0,2,1.3666666666666671,3.0,1,Fewer transfers
七張站,萬芳社區站,2,1,47.71666666666667,5.0,1,40.083333333333336,7.0,2,7.633333333333333,2.0,1,Fewer transfers
七張站,萬芳醫院站,2,1,45.65,5.0,1,38.016666666666666,7.0,2,7.633333333333333,2.0,1,Fewer transfers
七張站,葫洲站,2,1,52.53333333333333,5.0,1,49.78333333333333,9.0,3,2.75,4.0,2,Fewer transfers
七張站,蘆洲站,2,1,41.083333333333336,2.0,1,39.71666666666667,5.0,2,1.3666666666666671,3.0,1,Fewer transfers
七張站,輔大站,2,1,44.65,5.0,2,42.61666666666667,9.0,2,2.0333333333333314,4.0,0,Same transfers
七張站,輔大站,3,1,46.016666666666666,2.0,1,42.61666666666667,9.0,2,3.3999999999999986,7.0,1,Fewer transfers
七張站,辛亥站,2,1,43.46666666666667,5.0,1,35.833333333333336,7.0,2,7.633333333333333,2.0,1,Fewer transfers
七張站,迴龍站,2,1,50.16666666666666,5.0,2,48.13333333333333,9.0,2,2.0333333333333243,4.0,0,Same transfers
七張站,迴龍站,3,1,51.53333333333333,2.0,1,48.13333333333333,9.0,2,3.3999999999999986,7.0,1,Fewer transfers
七張站,頭前庄站,2,1,41.333333333333336,2.0,1,31.933333333333334,3.0,1,9.400000000000002,1.0,0,Same transfers
七張站,麟光站,2,1,40.7,5.0,1,33.06666666666667,7.0,2,7.633333333333333,2.0,1,Fewer transfers
三和國中站,七張站,2,1,35.083333333333336,2.0,1,33.8,5.0,2,1.2833333333333385,3.0,1,Fewer transfers
三和國中站,中原站,2,1,42.55,6.0,1,35.166666666666664,7.0,2,7.383333333333333,1.0,1,Fewer transfers
三和國中站,中原站,3,1,52.083333333333336,5.0,2,35.166666666666664,7.0,2,16.91666666666667,2.0,0,Same transfers
三和國中站,中和站,2,1,48.31666666666667,5.0,2,38.78333333333333,6.0,1,9.533333333333339,1.0,-1,More transfers
三和國中站,中山站,2,1,16.35,2.0,1,12.383333333333333,3.0,1,3.9666666666666686,1.0,0,Same transfers
三和國中站,中正紀念堂站,2,1,22.516666666666666,2.0,1,17.75,3.0,1,4.766666666666666,1.0,0,Same transfers
三和國中站,亞東醫院站,2,1,36.28333333333333,2.0,1,34.56666666666667,7.0,2,1.7166666666666615,5.0,1,Fewer transfers
三和國中站,公館站,2,1,26.9,2.0,1,25.616666666666667,5.0,2,1.2833333333333314,3.0,1,Fewer transfers
三和國中站,劍潭站,2,1,35.266666666666666,2.0,1,13.7,3.0,1,21.566666666666666,1.0,0,Same transfers
三和國中站,北投站,2,1,48.61666666666667,2.0,1,27.05,3.0,1,21.566666666666666,1.0,0,Same transfers
三和國中站,北門站,2,1,18.866666666666667,2.0,1,17.9,6.0,2,0.9666666666666686,4.0,1,Fewer transfers
三和國中站,十四張站,2,1,38.75,5.0,2,37.46666666666667,8.0,3,1.2833333333333314,3.0,1,Fewer transfers
三和國中站,十四張站,3,1,40.91666666666666,6.0,1,37.46666666666667,8.0,3,3.4499999999999886,2.0,2,Fewer transfers
三和國中站,台北車站,2,1,19.73333333333333,2.0,1,14.016666666666667,3.0,1,5.716666666666663,1.0,0,Same transfers
三和國中站,台大醫院站,2,1,24.6,2.0,1,15.716666666666669,3.0,1,8.883333333333333,1.0,0,Same transfers
三和國中站,台電大樓站,2,1,25.08333333333333,2.0,1,23.8,5.0,2,1.2833333333333279,3.0,1,Fewer transfers
三和國中站,唭哩岸站,2,1,44.95,2.0,1,23.383333333333333,3.0,1,21.56666666666667,1.0,0,Same transfers
三和國中站,圓山站,2,1,32.916666666666664,2.0,1,11.35,3.0,1,21.566666666666663,1.0,0,Same transfers
三和國中站,土城站,2,1,41.28333333333333,2.0,1,39.56666666666667,7.0,2,1.7166666666666615,5.0,1,Fewer transfers
三和國中站,士林站,2,1,37.4,2.0,1,15.833333333333334,3.0,1,21.566666666666663,1.0,0,Same transfers
三和國中站,大坪林站,2,1,33.333333333333336,2.0,1,32.05,5.0,2,1.2833333333333385,3.0,1,Fewer transfers
三和國中站,奇岩站,2,1,46.65,2.0,1,25.08333333333333,3.0,1,21.56666666666667,1.0,0,Same transfers
三和國中站,小南門站,2,1,22.716666666666665,2.0,1,21.65,5.0,2,1.0666666666666664,3.0,1,Fewer transfers
三和國中站,小碧潭站,2,1,41.46666666666667,5.0,2,40.18333333333333,8.0,3,1.2833333333333385,3.0,1,Fewer transfers
三和國中站,幸福站,2,1,56.6,6.0,1,25.28333333333333,7.0,2,31.31666666666667,1.0,1,Fewer transfers
三和國中站,幸福站,3,1,66.13333333333334,5.0,2,25.28333333333333,7.0,2,40.85000000000001,2.0,0,Same transfers
三和國中站,府中站,2,1,34.11666666666667,2.0,1,32.4,7.0,2,1.7166666666666686,5.0,1,Fewer transfers
三和國中站,復興崗站,2,1,51.31666666666667,2.0,1,29.75,3.0,1,21.56666666666667,1.0,0,Same transfers
三和國中站,忠義站,2,1,53.71666666666667,2.0,1,32.15,3.0,1,21.56666666666667,1.0,0,Same transfers
三和國中站,新北投站,2,1,54.23333333333333,5.0,2,32.666666666666664,6.0,2,21.566666666666663,1.0,0,Same transfers
三和國中站,新北產業園區站,2,1,59.23333333333333,6.0,1,27.916666666666668,7.0,2,31.31666666666666,1.0,1,Fewer transfers
三和國中站,新北產業園區站,3,1,68.76666666666667,5.0,2,27.916666666666668,7.0,2,40.849999999999994,2.0,0,Same transfers
三和國中站,新埔民生站,2,1,51.63333333333333,6.0,1,26.08333333333333,7.0,2,25.550000000000004,1.0,1,Fewer transfers
三和國中站,新埔民生站,3,1,61.16666666666666,5.0,2,26.08333333333333,7.0,2,35.08333333333333,2.0,0,Same transfers
三和國中站,新埔站,2,1,30.28333333333333,2.0,1,28.566666666666663,7.0,2,1.7166666666666686,5.0,1,Fewer transfers
三和國中站,新店區公所站,2,1,36.833333333333336,2.0,1,35.55,5.0,2,1.2833333333333385,3.0,1,Fewer transfers
三和國中站,新店站,2,1,39.1,2.0,1,37.81666666666667,5.0,2,1.2833333333333314,3.0,1,Fewer transfers
三和國中站,明德站,2,1,41.18333333333333,2.0,1,19.616666666666667,3.0,1,21.566666666666663,1.0,0,Same transfers
三和國中站,景平站,2,1,42.68333333333333,5.0,2,36.95,6.0,1,5.733333333333327,1.0,-1,More transfers
三和國中站,景美站,2,1,31.35,2.0,1,30.066666666666663,5.0,2,1.2833333333333385,3.0,1,Fewer transfers
三和國中站,板新站,2,1,44.81666666666667,6.0,1,32.9,7.0,2,11.916666666666671,1.0,1,Fewer transfers
三和國中站,板新站,3,1,54.35,5.0,2,32.9,7.0,2,21.450000000000003,2.0,0,Same transfers
三和國中站,板橋站,2,1,32.53333333333333,2.0,1,29.683333333333334,7.0,2,2.849999999999998,5.0,1,Fewer transfers
三和國中站,橋和站,2,1,40.93333333333333,6.0,1,36.78333333333333,7.0,2,4.149999999999999,1.0,1,Fewer transfers
三和國中站,橋和站,3,1,50.46666666666667,5.0,2,36.78333333333333,7.0,2,13.683333333333337,2.0,0,Same transfers
三和國中站,永寧站,2,1,43.3,2.0,1,41.583333333333336,7.0,2,1.7166666666666615,5.0,1,Fewer transfers
三和國中站,江子翠站,2,1,28.53333333333333,2.0,1,26.816666666666663,7.0,2,1.7166666666666686,5.0,1,Fewer transfers
三和國中站,海山站,2,1,39.083333333333336,2.0,1,37.36666666666667,7.0,2,1.7166666666666686,5.0,1,Fewer transfers
三和國中站,淡水站,2,1,64.63333333333334,2.0,1,43.06666666666667,3.0,1,21.56666666666667,1.0,0,Same transfers
三和國中站,石牌站,2,1,42.68333333333333,2.0,1,21.116666666666667,3.0,1,21.566666666666663,1.0,0,Same transfers
三和國中站,秀朗橋站,2,1,40.98333333333333,5.0,2,38.68333333333333,6.0,1,2.299999999999997,1.0,-1,More transfers
三和國中站,竹圍站,2,1,58.45,2.0,1,36.88333333333333,3.0,1,21.56666666666667,1.0,0,Same transfers
三和國中站,紅樹林站,2,1,61.266666666666666,2.0,1,39.7,3.0,1,21.566666666666663,1.0,0,Same transfers
三和國中站,芝山站,2,1,39.41666666666666,2.0,1,17.85,3.0,1,21.566666666666656,1.0,0,Same transfers
三和國中站,萬隆站,2,1,29.416666666666668,2.0,1,28.133333333333333,5.0,2,1.283333333333335,3.0,1,Fewer transfers
三和國中站,西門站,2,1,20.766666666666666,2.0,1,19.8,6.0,2,0.966666666666665,4.0,1,Fewer transfers
三和國中站,關渡站,2,1,55.5,2.0,1,33.93333333333333,3.0,1,21.56666666666667,1.0,0,Same transfers
三和國中站,雙連站,2,1,29.416666666666668,2.0,1,10.85,3.0,1,18.56666666666667,1.0,0,Same transfers
三和國中站,頂埔站,2,1,46.766666666666666,2.0,1,45.05,7.0,2,1.7166666666666686,5.0,1,Fewer transfers
三和國中站,龍山寺站,2,1,24.85,2.0,1,23.133333333333333,7.0,2,1.7166666666666686,5.0,1,Fewer transfers
三民高中站,七張站,2,1,38.81666666666667,2.0,1,37.53333333333333,5.0,2,1.2833333333333385,3.0,1,Fewer transfers
三民高中站,中原站,2,1,46.28333333333333,6.0,1,38.9,7.0,2,7.383333333333333,1.0,1,Fewer transfers
三民高中站,中原站,3,1,55.81666666666667,5.0,2,38.9,7.0,2,16.91666666666667,2.0,0,Same transfers
三民高中站,中和站,2,1,52.05,5.0,2,42.516666666666666,6.0,1,9.533333333333331,1.0,-1,More transfers
三民高中站,中山站,2,1,20.08333333333333,2.0,1,16.116666666666667,3.0,1,3.9666666666666615,1.0,0,Same transfers
三民高中站,中正紀念堂站,2,1,26.25,2.0,1,21.48333333333333,3.0,1,4.766666666666669,1.0,0,Same transfers
三民高中站,亞東醫院站,2,1,40.016666666666666,2.0,1,38.3,7.0,2,1.7166666666666686,5.0,1,Fewer transfers
三民高中站,公館站,2,1,30.633333333333333,2.0,1,29.35,5.0,2,1.2833333333333314,3.0,1,Fewer transfers
三民高中站,劍潭站,2,1,39.0,2.0,1,17.433333333333334,3.0,1,21.566666666666666,1.0,0,Same transfers
三民高中站,北投站,2,1,52.35,2.0,1,30.78333333333333,3.0,1,21.56666666666667,1.0,0,Same transfers
三民高中站,北門站,2,1,22.6,2.0,1,21.633333333333333,6.0,2,0.9666666666666686,4.0,1,Fewer transfers
三民高中站,十四張站,2,1,42.48333333333333,5.0,2,41.2,8.0,3,1.2833333333333243,3.0,1,Fewer transfers
三民高中站,十四張站,3,1,44.65,6.0,1,41.2,8.0,3,3.4499999999999957,2.0,2,Fewer transfers
三民高中站,台北車站,2,1,23.466666666666665,2.0,1,17.75,3.0,1,5.716666666666665,1.0,0,Same transfers
三民高中站,台大醫院站,2,1,28.33333333333333,2.0,1,19.45,3.0,1,8.88333333333333,1.0,0,Same transfers
三民高中站,台電大樓站,2,1,28.816666666666663,2.0,1,27.53333333333333,5.0,2,1.2833333333333314,3.0,1,Fewer transfers
三民高中站,唭哩岸站,2,1,48.68333333333333,2.0,1,27.116666666666667,3.0,1,21.566666666666663,1.0,0,Same transfers
三民高中站,圓山站,2,1,36.65,2.0,1,15.083333333333334,3.0,1,21.566666666666663,1.0,0,Same transfers
三民高中站,土城站,2,1,45.016666666666666,2.0,1,43.3,7.0,2,1.7166666666666686,5.0,1,Fewer transfers
三民高中站,士林站,2,1,41.13333333333333,2.0,1,19.566666666666663,3.0,1,21.56666666666667,1.0,0,Same transfers
三民高中站,大坪林站,2,1,37.06666666666667,2.0,1,35.78333333333333,5.0,2,1.2833333333333385,3.0,1,Fewer transfers
三民高中站,奇岩站,2,1,50.38333333333333,2.0,1,28.816666666666663,3.0,1,21.56666666666667,1.0,0,Same transfers
三民高中站,小南門站,2,1,26.45,2.0,1,25.383333333333333,5.0,2,1.0666666666666664,3.0,1,Fewer transfers
三民高中站,小碧潭站,2,1,45.2,5.0,2,43.91666666666666,8.0,3,1.2833333333333456,3.0,1,Fewer transfers
三民高中站,幸福站,2,1,60.333333333333336,6.0,1,29.016666666666666,7.0,2,31.31666666666667,1.0,1,Fewer transfers
三民高中站,幸福站,3,1,69.86666666666666,5.0,2,29.016666666666666,7.0,2,40.849999999999994,2.0,0,Same transfers
三民高中站,府中站,2,1,37.85,2.0,1,36.13333333333333,7.0,2,1.7166666666666686,5.0,1,Fewer transfers
三民高中站,復興崗站,2,1,55.05,2.0,1,33.483333333333334,3.0,1,21.566666666666663,1.0,0,Same transfers
三民高中站,忠義站,2,1,57.45,2.0,1,35.88333333333333,3.0,1,21.56666666666667,1.0,0,Same transfers
三民高中站,新北投站,2,1,57.96666666666667,5.0,2,36.4,6.0,2,21.56666666666667,1.0,0,Same transfers
三民高中站,新北產業園區站,2,1,62.96666666666667,6.0,1,31.65,7.0,2,31.31666666666667,1.0,1,Fewer transfers
三民高中站,新北產業園區站,3,1,72.5,5.0,2,31.65,7.0,2,40.85,2.0,0,Same transfers
三民高中站,新埔民生站,2,1,55.36666666666667,6.0,1,29.816666666666663,7.0,2,25.550000000000004,1.0,1,Fewer transfers
三民高中站,新埔民生站,3,1,64.9,5.0,2,29.816666666666663,7.0,2,35.08333333333334,2.0,0,Same transfers
三民高中站,新埔站,2,1,34.016666666666666,2.0,1,32.3,7.0,2,1.7166666666666686,5.0,1,Fewer transfers
三民高中站,新店區公所站,2,1,40.56666666666667,2.0,1,39.28333333333333,5.0,2,1.2833333333333385,3.0,1,Fewer transfers
三民高中站,新店站,2,1,42.833333333333336,2.0,1,41.55,5.0,2,1.2833333333333385,3.0,1,Fewer transfers
三民高中站,明德站,2,1,44.91666666666666,2.0,1,23.35,3.0,1,21.566666666666656,1.0,0,Same transfers
三民高中站,景平站,2,1,46.41666666666666,5.0,2,40.68333333333333,6.0,1,5.733333333333327,1.0,-1,More transfers
三民高中站,景美站,2,1,35.083333333333336,2.0,1,33.8,5.0,2,1.2833333333333385,3.0,1,Fewer transfers
三民高中站,板新站,2,1,48.55,6.0,1,36.63333333333333,7.0,2,11.916666666666664,1.0,1,Fewer transfers
三民高中站,板新站,3,1,58.083333333333336,5.0,2,36.63333333333333,7.0,2,21.450000000000003,2.0,0,Same transfers
三民高中站,板橋站,2,1,36.266666666666666,2.0,1,33.416666666666664,7.0,2,2.8500000000000014,5.0,1,Fewer transfers
三民高中站,橋和站,2,1,44.66666666666666,6.0,1,40.516666666666666,7.0,2,4.1499999999999915,1.0,1,Fewer transfers
三民高中站,橋和站,3,1,54.2,5.0,2,40.516666666666666,7.0,2,13.683333333333337,2.0,0,Same transfers
三民高中站,永寧站,2,1,47.03333333333333,2.0,1,45.31666666666667,7.0,2,1.7166666666666615,5.0,1,Fewer transfers
三民高中站,江子翠站,2,1,32.266666666666666,2.0,1,30.55,7.0,2,1.716666666666665,5.0,1,Fewer transfers
三民高中站,海山站,2,1,42.81666666666667,2.0,1,41.1,7.0,2,1.7166666666666686,5.0,1,Fewer transfers
三民高中站,淡水站,2,1,68.36666666666666,2.0,1,46.8,3.0,1,21.566666666666663,1.0,0,Same transfers
三民高中站,石牌站,2,1,46.41666666666666,2.0,1,24.85,3.0,1,21.566666666666656,1.0,0,Same transfers
三民高中站,秀朗橋站,2,1,44.71666666666667,5.0,2,42.41666666666666,6.0,1,2.3000000000000114,1.0,-1,More transfers
三民高中站,竹圍站,2,1,62.18333333333333,2.0,1,40.61666666666667,3.0,1,21.566666666666663,1.0,0,Same transfers
三民高中站,紅樹林站,2,1,65.0,2.0,1,43.43333333333333,3.0,1,21.56666666666667,1.0,0,Same transfers
三民高中站,芝山站,2,1,43.15,2.0,1,21.58333333333333,3.0,1,21.56666666666667,1.0,0,Same transfers
三民高中站,萬隆站,2,1,33.15,2.0,1,31.866666666666667,5.0,2,1.2833333333333314,3.0,1,Fewer transfers
三民高中站,西門站,2,1,24.5,2.0,1,23.53333333333333,6.0,2,0.9666666666666686,4.0,1,Fewer transfers
三民高中站,關渡站,2,1,59.23333333333333,2.0,1,37.66666666666666,3.0,1,21.56666666666667,1.0,0,Same transfers
三民高中站,雙連站,2,1,33.15,2.0,1,14.583333333333334,3.0,1,18.566666666666663,1.0,0,Same transfers
三民高中站,頂埔站,2,1,50.5,2.0,1,48.78333333333333,7.0,2,1.7166666666666686,5.0,1,Fewer transfers
三民高中站,龍山寺站,2,1,28.58333333333333,2.0,1,26.866666666666667,7.0,2,1.7166666666666615,5.0,1,Fewer transfers
三重國小站,七張站,2,1,32.88333333333333,2.0,1,31.6,5.0,2,1.2833333333333314,3.0,1,Fewer transfers
三重國小站,中原站,2,1,40.35,6.0,1,32.96666666666667,7.0,2,7.383333333333333,1.0,1,Fewer transfers
三重國小站,中原站,3,1,49.88333333333333,5.0,2,32.96666666666667,7.0,2,16.916666666666664,2.0,0,Same transfers
三重國小站,中和站,2,1,46.11666666666667,5.0,2,36.583333333333336,6.0,1,9.533333333333331,1.0,-1,More transfers
三重國小站,中山站,2,1,14.15,2.0,1,10.183333333333334,3.0,1,3.966666666666667,1.0,0,Same transfers
三重國小站,中正紀念堂站,2,1,20.316666666666663,2.0,1,15.55,3.0,1,4.766666666666662,1.0,0,Same transfers
三重國小站,亞東醫院站,2,1,34.083333333333336,2.0,1,32.36666666666667,7.0,2,1.7166666666666686,5.0,1,Fewer transfers
三重國小站,公館站,2,1,24.7,2.0,1,23.416666666666668,5.0,2,1.2833333333333314,3.0,1,Fewer transfers
三重國小站,劍潭站,2,1,33.06666666666667,2.0,1,11.5,3.0,1,21.56666666666667,1.0,0,Same transfers
三重國小站,北投站,2,1,46.41666666666666,2.0,1,24.85,3.0,1,21.566666666666656,1.0,0,Same transfers
三重國小站,北門站,2,1,16.666666666666668,2.0,1,15.7,6.0,2,0.9666666666666686,4.0,1,Fewer transfers
三重國小站,十四張站,2,1,36.55,5.0,2,35.266666666666666,8.0,3,1.2833333333333314,3.0,1,Fewer transfers
三重國小站,十四張站,3,1,38.71666666666667,6.0,1,35.266666666666666,8.0,3,3.450000000000003,2.0,2,Fewer transfers
三重國小站,台北車站,2,1,17.533333333333335,2.0,1,11.816666666666666,3.0,1,5.716666666666669,1.0,0,Same transfers
三重國小站,台大醫院站,2,1,22.4,2.0,1,13.516666666666667,3.0,1,8.883333333333331,1.0,0,Same transfers
三重國小站,台電大樓站,2,1,22.883333333333333,2.0,1,21.6,5.0,2,1.2833333333333314,3.0,1,Fewer transfers
三重國小站,唭哩岸站,2,1,42.75,2.0,1,21.183333333333334,3.0,1,21.566666666666666,1.0,0,Same transfers
三重國小站,圓山站,2,1,30.716666666666665,2.0,1,9.15,3.0,1,21.566666666666663,1.0,0,Same transfers
三重國小站,土城站,2,1,39.083333333333336,2.0,1,37.36666666666667,7.0,2,1.7166666666666686,5.0,1,Fewer transfers
三重國小站,士林站,2,1,35.2,2.0,1,13.633333333333333,3.0,1,21.56666666666667,1.0,0,Same transfers
三重國小站,大坪林站,2,1,31.133333333333333,2.0,1,29.85,5.0,2,1.2833333333333314,3.0,1,Fewer transfers
三重國小站,奇岩站,2,1,44.45,2.0,1,22.883333333333333,3.0,1,21.56666666666667,1.0,0,Same transfers
三重國小站,小南門站,2,1,20.516666666666666,2.0,1,19.45,5.0,2,1.0666666666666664,3.0,1,Fewer transfers
三重國小站,小碧潭站,2,1,39.266666666666666,5.0,2,37.98333333333333,8.0,3,1.2833333333333385,3.0,1,Fewer transfers
三重國小站,幸福站,2,1,54.4,6.0,1,23.08333333333333,7.0,2,31.31666666666667,1.0,1,Fewer transfers
三重國小站,幸福站,3,1,63.93333333333333,5.0,2,23.08333333333333,7.0,2,40.85,2.0,0,Same transfers
三重國小站,府中站,2,1,31.916666666666668,2.0,1,30.2,7.0,2,1.7166666666666686,5.0,1,Fewer transfers
三重國小站,復興崗站,2,1,49.11666666666667,2.0,1,27.55,3.0,1,21.566666666666666,1.0,0,Same transfers
三重國小站,忠義站,2,1,51.516666666666666,2.0,1,29.95,3.0,1,21.566666666666666,1.0,0,Same transfers
三重國小站,新北投站,2,1,52.03333333333333,5.0,2,30.466666666666665,6.0,2,21.566666666666666,1.0,0,Same transfers
三重國小站,新北產業園區站,2,1,57.03333333333333,6.0,1,25.716666666666665,7.0,2,31.316666666666666,1.0,1,Fewer transfers
三重國小站,新北產業園區站,3,1,66.56666666666666,5.0,2,25.716666666666665,7.0,2,40.849999999999994,2.0,0,Same transfers
三重國小站,新埔民生站,2,1,49.43333333333333,6.0,1,23.883333333333333,7.0,2,25.549999999999997,1.0,1,Fewer transfers
三重國小站,新埔民生站,3,1,58.96666666666667,5.0,2,23.883333333333333,7.0,2,35.083333333333336,2.0,0,Same transfers
三重國小站,新埔站,2,1,28.08333333333333,2.0,1,26.366666666666667,7.0,2,1.7166666666666615,5.0,1,Fewer transfers
三重國小站,新店區公所站,2,1,34.63333333333333,2.0,1,33.35,5.0,2,1.2833333333333314,3.0,1,Fewer transfers
三重國小站,新店站,2,1,36.9,2.0,1,35.61666666666667,5.0,2,1.2833333333333314,3.0,1,Fewer transfers
三重國小站,明德站,2,1,38.98333333333333,2.0,1,17.416666666666668,3.0,1,21.56666666666666,1.0,0,Same transfers
三重國小站,景平站,2,1,40.48333333333333,5.0,2,34.75,6.0,1,5.733333333333327,1.0,-1,More transfers
三重國小站,景美站,2,1,29.15,2.0,1,27.866666666666667,5.0,2,1.2833333333333314,3.0,1,Fewer transfers
三重國小站,板新站,2,1,42.61666666666667,6.0,1,30.7,7.0,2,11.916666666666668,1.0,1,Fewer transfers
三重國小站,板新站,3,1,52.15,5.0,2,30.7,7.0,2,21.45,2.0,0,Same transfers
三重國小站,板橋站,2,1,30.33333333333333,2.0,1,27.48333333333333,7.0,2,2.849999999999998,5.0,1,Fewer transfers
三重國小站,橋和站,2,1,38.73333333333333,6.0,1,34.583333333333336,7.0,2,4.1499999999999915,1.0,1,Fewer transfers
三重國小站,橋和站,3,1,48.266666666666666,5.0,2,34.583333333333336,7.0,2,13.68333333333333,2.0,0,Same transfers
三重國小站,永寧站,2,1,41.1,2.0,1,39.38333333333333,7.0,2,1.7166666666666686,5.0,1,Fewer transfers
三重國小站,江子翠站,2,1,26.33333333333333,2.0,1,24.616666666666667,7.0,2,1.7166666666666615,5.0,1,Fewer transfers
三重國小站,海山站,2,1,36.88333333333333,2.0,1,35.166666666666664,7.0,2,1.7166666666666686,5.0,1,Fewer transfers
三重國小站,淡水站,2,1,62.43333333333333,2.0,1,40.86666666666667,3.0,1,21.566666666666663,1.0,0,Same transfers
三重國小站,石牌站,2,1,40.48333333333333,2.0,1,18.916666666666668,3.0,1,21.56666666666666,1.0,0,Same transfers
三重國小站,秀朗橋站,2,1,38.78333333333333,5.0,2,36.48333333333333,6.0,1,2.3000000000000043,1.0,-1,More transfers
三重國小站,竹圍站,2,1,56.25,2.0,1,34.68333333333333,3.0,1,21.56666666666667,1.0,0,Same transfers
三重國小站,紅樹林站,2,1,59.06666666666667,2.0,1,37.5,3.0,1,21.56666666666667,1.0,0,Same transfers
三重國小站,芝山站,2,1,37.21666666666667,2.0,1,15.65,3.0,1,21.56666666666667,1.0,0,Same transfers
三重國小站,萬隆站,2,1,27.216666666666665,2.0,1,25.933333333333334,5.0,2,1.2833333333333314,3.0,1,Fewer transfers
三重國小站,西門站,2,1,18.566666666666663,2.0,1,17.6,6.0,2,0.9666666666666615,4.0,1,Fewer transfers
三重國小站,關渡站,2,1,53.3,2.0,1,31.73333333333333,3.0,1,21.566666666666666,1.0,0,Same transfers
三重國小站,雙連站,2,1,27.216666666666665,2.0,1,8.65,3.0,1,18.566666666666663,1.0,0,Same transfers
三重國小站,頂埔站,2,1,44.56666666666667,2.0,1,42.85,7.0,2,1.7166666666666686,5.0,1,Fewer transfers
三重國小站,龍山寺站,2,1,22.65,2.0,1,20.933333333333334,7.0,2,1.716666666666665,5.0,1,Fewer transfers
三重站,七張站,2,1,36.333333333333336,2.0,1,35.05,5.0,2,1.2833333333333385,3.0,1,Fewer transfers
三重站,中原站,2,1,53.333333333333336,5.0,2,22.633333333333333,6.0,1,30.700000000000003,1.0,-1,More transfers
三重站,中和站,2,1,49.56666666666667,5.0,2,26.4,6.0,1,23.16666666666667,1.0,-1,More transfers
三重站,中山站,2,1,17.6,2.0,1,13.633333333333333,3.0,1,3.9666666666666686,1.0,0,Same transfers
三重站,中正紀念堂站,2,1,23.766666666666666,2.0,1,19.0,3.0,1,4.766666666666666,1.0,0,Same transfers
三重站,亞東醫院站,2,1,35.81666666666667,7.0,2,28.55,15.0,2,7.266666666666669,8.0,0,Same transfers
三重站,亞東醫院站,3,1,37.53333333333333,2.0,1,28.55,15.0,2,8.98333333333333,13.0,1,Fewer transfers
三重站,公館站,2,1,28.15,2.0,1,26.866666666666667,5.0,2,1.2833333333333314,3.0,1,Fewer transfers
三重站,劍潭站,2,1,36.516666666666666,2.0,1,14.95,3.0,1,21.566666666666666,1.0,0,Same transfers
三重站,北投站,2,1,49.86666666666667,2.0,1,28.3,3.0,1,21.566666666666666,1.0,0,Same transfers
三重站,北門站,2,1,20.116666666666667,2.0,1,19.15,6.0,2,0.9666666666666686,4.0,1,Fewer transfers
三重站,十四張站,2,1,40.0,5.0,2,36.0,6.0,1,4.0,1.0,-1,More transfers
三重站,台北車站,2,1,20.98333333333333,2.0,1,15.266666666666667,3.0,1,5.716666666666663,1.0,0,Same transfers
三重站,台大醫院站,2,1,25.85,2.0,1,16.966666666666665,3.0,1,8.883333333333336,1.0,0,Same transfers
三重站,台電大樓站,2,1,26.33333333333333,2.0,1,25.05,5.0,2,1.2833333333333279,3.0,1,Fewer transfers
三重站,唭哩岸站,2,1,46.2,2.0,1,24.633333333333333,3.0,1,21.56666666666667,1.0,0,Same transfers
三重站,圓山站,2,1,34.166666666666664,2.0,1,12.6,3.0,1,21.566666666666663,1.0,0,Same transfers
三重站,土城站,2,1,40.81666666666667,7.0,2,33.55,15.0,2,7.266666666666673,8.0,0,Same transfers
三重站,土城站,3,1,42.53333333333333,2.0,1,33.55,15.0,2,8.983333333333334,13.0,1,Fewer transfers
三重站,士林站,2,1,38.65,2.0,1,17.083333333333332,3.0,1,21.566666666666666,1.0,0,Same transfers
三重站,大坪林站,2,1,34.583333333333336,2.0,1,33.3,5.0,2,1.2833333333333385,3.0,1,Fewer transfers
三重站,奇岩站,2,1,47.9,2.0,1,26.33333333333333,3.0,1,21.56666666666667,1.0,0,Same transfers
三重站,小南門站,2,1,23.966666666666665,2.0,1,22.9,5.0,2,1.0666666666666664,3.0,1,Fewer transfers
三重站,小碧潭站,2,1,42.71666666666667,5.0,2,41.43333333333333,8.0,3,1.2833333333333385,3.0,1,Fewer transfers
三重站,幸福站,2,1,67.38333333333334,5.0,2,12.75,6.0,1,54.63333333333334,1.0,-1,More transfers
三重站,府中站,2,1,33.65,7.0,2,26.383333333333333,15.0,2,7.266666666666666,8.0,0,Same transfers
三重站,府中站,3,1,35.36666666666667,2.0,1,26.383333333333333,15.0,2,8.983333333333334,13.0,1,Fewer transfers
三重站,復興崗站,2,1,52.56666666666667,2.0,1,31.0,3.0,1,21.56666666666667,1.0,0,Same transfers
三重站,忠義站,2,1,54.96666666666667,2.0,1,33.4,3.0,1,21.56666666666667,1.0,0,Same transfers
三重站,新北投站,2,1,55.48333333333333,5.0,2,33.916666666666664,6.0,2,21.566666666666663,1.0,0,Same transfers
三重站,新北產業園區站,2,1,70.01666666666667,5.0,2,15.383333333333333,6.0,1,54.63333333333333,1.0,-1,More transfers
三重站,新埔民生站,2,1,62.41666666666666,5.0,2,13.55,6.0,1,48.86666666666666,1.0,-1,More transfers
三重站,新埔站,2,1,29.816666666666663,7.0,2,22.55,15.0,2,7.266666666666662,8.0,0,Same transfers
三重站,新埔站,3,1,31.53333333333333,2.0,1,22.55,15.0,2,8.98333333333333,13.0,1,Fewer transfers
三重站,新店區公所站,2,1,38.083333333333336,2.0,1,36.8,5.0,2,1.2833333333333385,3.0,1,Fewer transfers
三重站,新店站,2,1,40.35,2.0,1,39.06666666666667,5.0,2,1.2833333333333314,3.0,1,Fewer transfers
三重站,明德站,2,1,42.43333333333333,2.0,1,20.866666666666667,3.0,1,21.566666666666663,1.0,0,Same transfers
三重站,景安站,2,1,30.216666666666665,0.0,0,30.05,6.0,1,0.1666666666666643,6.0,1,Fewer transfers
三重站,景平站,2,1,43.93333333333333,5.0,2,32.03333333333333,6.0,1,11.899999999999999,1.0,-1,More transfers
三重站,景美站,2,1,32.6,2.0,1,31.316666666666663,5.0,2,1.2833333333333385,3.0,1,Fewer transfers
三重站,板新站,2,1,55.6,5.0,2,20.366666666666667,6.0,1,35.233333333333334,1.0,-1,More transfers
三重站,板橋站,2,1,33.78333333333333,2.0,1,17.15,6.0,1,16.633333333333333,4.0,0,Same transfers
三重站,橋和站,2,1,51.71666666666667,5.0,2,24.25,6.0,1,27.46666666666667,1.0,-1,More transfers
三重站,永寧站,2,1,42.833333333333336,7.0,2,35.56666666666667,15.0,2,7.266666666666666,8.0,0,Same transfers
三重站,永寧站,3,1,44.55,2.0,1,35.56666666666667,15.0,2,8.983333333333327,13.0,1,Fewer transfers
三重站,江子翠站,2,1,28.066666666666663,7.0,2,24.3,15.0,2,3.766666666666662,8.0,0,Same transfers
三重站,江子翠站,3,1,29.78333333333333,2.0,1,24.3,15.0,2,5.483333333333331,13.0,1,Fewer transfers
三重站,海山站,2,1,38.61666666666667,7.0,2,31.35,15.0,2,7.266666666666666,8.0,0,Same transfers
三重站,海山站,3,1,40.333333333333336,2.0,1,31.35,15.0,2,8.983333333333334,13.0,1,Fewer transfers
三重站,淡水站,2,1,65.88333333333334,2.0,1,44.31666666666667,3.0,1,21.56666666666667,1.0,0,Same transfers
三重站,石牌站,2,1,43.93333333333333,2.0,1,22.366666666666667,3.0,1,21.566666666666663,1.0,0,Same transfers
三重站,秀朗橋站,2,1,42.23333333333333,5.0,2,33.766666666666666,6.0,1,8.466666666666661,1.0,-1,More transfers
三重站,竹圍站,2,1,59.7,2.0,1,38.13333333333333,3.0,1,21.56666666666667,1.0,0,Same transfers
三重站,紅樹林站,2,1,62.516666666666666,2.0,1,40.95,3.0,1,21.566666666666663,1.0,0,Same transfers
三重站,芝山站,2,1,40.66666666666666,2.0,1,19.1,3.0,1,21.566666666666656,1.0,0,Same transfers
三重站,萬隆站,2,1,30.666666666666668,2.0,1,29.383333333333333,5.0,2,1.283333333333335,3.0,1,Fewer transfers
三重站,西門站,2,1,22.016666666666666,2.0,1,21.05,6.0,2,0.966666666666665,4.0,1,Fewer transfers
三重站,關渡站,2,1,56.75,2.0,1,35.18333333333333,3.0,1,21.56666666666667,1.0,0,Same transfers
三重站,雙連站,2,1,30.666666666666668,2.0,1,12.1,3.0,1,18.56666666666667,1.0,0,Same transfers
三重站,頂埔站,2,1,46.3,7.0,2,39.03333333333333,15.0,2,7.266666666666666,8.0,0,Same transfers
三重站,頂埔站,3,1,48.016666666666666,2.0,1,39.03333333333333,15.0,2,8.983333333333334,13.0,1,Fewer transfers
三重站,龍山寺站,2,1,26.1,2.0,1,24.383333333333333,7.0,2,1.7166666666666686,5.0,1,Fewer transfers
中原站,三和國中站,2,1,42.43333333333333,6.0,1,35.0,7.0,2,7.43333333333333,1.0,1,Fewer transfers
中原站,三和國中站,3,1,52.53333333333333,5.0,2,35.0,7.0,2,17.53333333333333,2.0,0,Same transfers
中原站,三民高中站,2,1,46.16666666666666,6.0,1,38.73333333333333,7.0,2,7.43333333333333,1.0,1,Fewer transfers
中原站,三民高中站,3,1,56.266666666666666,5.0,2,38.73333333333333,7.0,2,17.53333333333334,2.0,0,Same transfers
中原站,三重國小站,2,1,40.23333333333333,6.0,1,32.8,7.0,2,7.43333333333333,1.0,1,Fewer transfers
中原站,三重國小站,3,1,50.333333333333336,5.0,2,32.8,7.0,2,17.53333333333334,2.0,0,Same transfers
中原站,三重站,2,1,53.78333333333333,5.0,2,22.466666666666665,6.0,1,31.316666666666666,1.0,-1,More transfers
中原站,中山國中站,2,1,42.583333333333336,14.0,2,40.63333333333333,13.0,3,1.9500000000000028,-1.0,1,Fewer transfers
中原站,中山國中站,3,1,50.15,8.0,2,40.63333333333333,13.0,3,9.516666666666666,5.0,1,Fewer transfers
中原站,中山國小站,2,1,43.93333333333333,5.0,2,32.233333333333334,6.0,1,11.699999999999996,1.0,-1,More transfers
中原站,中山站,2,1,32.13333333333333,10.0,3,31.8,11.0,2,0.33333333333333215,1.0,-1,More transfers
中原站,中山站,3,1,32.9,8.0,2,31.8,11.0,2,1.0999999999999979,3.0,0,Same transfers
中原站,中山站,4,1,38.23333333333333,5.0,2,31.8,11.0,2,6.4333333333333265,6.0,0,Same transfers
中原站,中山站,5,1,39.0,3.0,1,31.8,11.0,2,7.199999999999999,8.0,1,Fewer transfers
中原站,中正紀念堂站,2,1,30.866666666666667,3.0,1,24.766666666666666,8.0,2,6.100000000000001,5.0,1,Fewer transfers
中原站,丹鳳站,2,1,65.76666666666667,5.0,2,24.45,6.0,1,41.31666666666666,1.0,-1,More transfers
中原站,亞東醫院站,2,1,23.666666666666668,9.0,1,19.566666666666663,11.0,1,4.100000000000005,2.0,0,Same transfers
中原站,亞東醫院站,3,1,49.68333333333333,8.0,2,19.566666666666663,11.0,1,30.116666666666667,3.0,-1,More transfers
中原站,亞東醫院站,4,1,50.45,5.0,2,19.566666666666663,11.0,1,30.88333333333334,6.0,-1,More transfers
中原站,信義安和站,2,1,41.71666666666667,5.0,2,32.21666666666667,8.0,2,9.5,3.0,0,Same transfers
中原站,先嗇宮站,2,1,56.56666666666667,5.0,2,19.683333333333334,6.0,1,36.88333333333334,1.0,-1,More transfers
中原站,內湖站,2,1,58.38333333333333,14.0,2,56.43333333333333,13.0,3,1.9500000000000028,-1.0,1,Fewer transfers
中原站,內湖站,3,1,65.95,8.0,2,56.43333333333333,13.0,3,9.516666666666673,5.0,1,Fewer transfers
中原站,六張犁站,2,1,44.766666666666666,14.0,2,39.4,13.0,3,5.366666666666667,-1.0,1,Fewer transfers
中原站,六張犁站,3,1,48.9,10.0,3,39.4,13.0,3,9.5,3.0,0,Same transfers
中原站,六張犁站,4,1,56.53333333333333,8.0,2,39.4,13.0,3,17.133333333333333,5.0,1,Fewer transfers
中原站,劍南路站,2,1,51.3,14.0,2,49.35,13.0,3,1.9499999999999957,-1.0,1,Fewer transfers
中原站,劍南路站,3,1,58.86666666666667,8.0,2,49.35,13.0,3,9.516666666666666,5.0,1,Fewer transfers
中原站,劍潭站,2,1,42.95,8.0,2,37.833333333333336,9.0,2,5.116666666666667,1.0,0,Same transfers
中原站,劍潭站,3,1,45.61666666666667,5.0,2,37.833333333333336,9.0,2,7.783333333333331,4.0,0,Same transfers
中原站,動物園站,2,1,56.13333333333333,14.0,2,50.766666666666666,13.0,3,5.366666666666667,-1.0,1,Fewer transfers
中原站,動物園站,3,1,60.266666666666666,10.0,3,50.766666666666666,13.0,3,9.5,3.0,0,Same transfers
中原站,動物園站,4,1,67.9,8.0,2,50.766666666666666,13.0,3,17.13333333333334,5.0,1,Fewer transfers
中原站,北投站,2,1,56.3,8.0,2,51.18333333333333,9.0,2,5.116666666666667,1.0,0,Same transfers
中原站,北投站,3,1,58.96666666666667,5.0,2,51.18333333333333,9.0,2,7.7833333333333385,4.0,0,Same transfers
中原站,北門站,2,1,30.5,8.0,2,29.4,11.0,2,1.1000000000000014,3.0,0,Same transfers
中原站,北門站,3,1,36.6,3.0,1,29.4,11.0,2,7.200000000000003,8.0,1,Fewer transfers
中原站,南京三民站,2,1,47.56666666666667,3.0,1,38.15,8.0,2,9.416666666666671,5.0,1,Fewer transfers
中原站,南京復興站,2,1,43.46666666666667,3.0,1,34.05,8.0,2,9.416666666666671,5.0,1,Fewer transfers
中原站,南勢角站,2,1,40.8,5.0,2,15.083333333333334,6.0,1,25.71666666666666,1.0,-1,More transfers
中原站,南港展覽館站,2,1,49.23333333333333,9.0,1,47.28333333333333,8.0,2,1.9499999999999957,-1.0,1,Fewer transfers
中原站,南港展覽館站,3,1,57.38333333333333,7.0,3,47.28333333333333,8.0,2,10.100000000000001,1.0,-1,More transfers
中原站,南港展覽館站,4,1,60.43333333333333,5.0,2,47.28333333333333,8.0,2,13.149999999999999,3.0,0,Same transfers
中原站,南港站,2,1,46.96666666666667,9.0,1,45.016666666666666,8.0,2,1.9500000000000028,-1.0,1,Fewer transfers
中原站,南港站,3,1,55.11666666666667,7.0,3,45.016666666666666,8.0,2,10.100000000000001,1.0,-1,More transfers
中原站,南港站,4,1,58.16666666666666,5.0,2,45.016666666666666,8.0,2,13.149999999999991,3.0,0,Same transfers
中原站,南港軟體園區站,2,1,55.53333333333333,14.0,2,53.583333333333336,13.0,3,1.9499999999999957,-1.0,1,Fewer transfers
中原站,南港軟體園區站,3,1,63.68333333333333,12.0,4,53.583333333333336,13.0,3,10.099999999999994,1.0,-1,More transfers
中原站,南港軟體園區站,4,1,66.73333333333333,10.0,3,53.583333333333336,13.0,3,13.149999999999999,3.0,0,Same transfers
中原站,南港軟體園區站,5,1,73.53333333333333,8.0,2,53.583333333333336,13.0,3,19.949999999999996,5.0,1,Fewer transfers
中原站,古亭站,2,1,28.866666666666667,3.0,1,20.766666666666666,6.0,1,8.100000000000001,3.0,0,Same transfers
中原站,台北101/世貿站,2,1,43.55,5.0,2,34.05,8.0,2,9.5,3.0,0,Same transfers
中原站,台北小巨蛋站,2,1,45.41666666666666,3.0,1,36.0,8.0,2,9.416666666666657,5.0,1,Fewer transfers
中原站,台北橋站,2,1,49.93333333333333,5.0,2,26.316666666666663,6.0,1,23.616666666666667,1.0,-1,More transfers
中原站,台北車站,2,1,33.13333333333333,8.0,2,27.98333333333333,9.0,1,5.150000000000002,1.0,-1,More transfers
中原站,台北車站,3,1,36.516666666666666,5.0,2,27.98333333333333,9.0,1,8.533333333333335,4.0,-1,More transfers
中原站,台大醫院站,2,1,32.28333333333333,8.0,2,28.85,10.0,3,3.43333333333333,2.0,1,Fewer transfers
中原站,台大醫院站,3,1,34.95,5.0,2,28.85,10.0,3,6.100000000000001,5.0,1,Fewer transfers
中原站,台電大樓站,2,1,26.95,3.0,1,24.73333333333333,8.0,2,2.2166666666666686,5.0,1,Fewer transfers
中原站,唭哩岸站,2,1,52.63333333333333,8.0,2,47.516666666666666,9.0,2,5.116666666666667,1.0,0,Same transfers
中原站,唭哩岸站,3,1,55.3,5.0,2,47.516666666666666,9.0,2,7.783333333333331,4.0,0,Same transfers
中原站,善導寺站,2,1,31.616666666666667,8.0,2,29.78333333333333,9.0,1,1.8333333333333357,1.0,-1,More transfers
中原站,善導寺站,3,1,40.98333333333333,5.0,2,29.78333333333333,9.0,1,11.199999999999996,4.0,-1,More transfers
中原站,國父紀念館站,2,1,37.11666666666667,9.0,1,35.166666666666664,8.0,2,1.9500000000000028,-1.0,1,Fewer transfers
中原站,國父紀念館站,3,1,45.266666666666666,7.0,3,35.166666666666664,8.0,2,10.100000000000001,1.0,-1,More transfers
中原站,國父紀念館站,4,1,48.31666666666667,5.0,2,35.166666666666664,8.0,2,13.150000000000006,3.0,0,Same transfers
中原站,圓山站,2,1,40.6,8.0,2,35.483333333333334,9.0,2,5.116666666666667,1.0,0,Same transfers
中原站,圓山站,3,1,43.266666666666666,5.0,2,35.483333333333334,9.0,2,7.783333333333331,4.0,0,Same transfers
中原站,土城站,2,1,28.666666666666668,9.0,1,24.566666666666663,11.0,1,4.100000000000005,2.0,0,Same transfers
中原站,土城站,3,1,54.68333333333333,8.0,2,24.566666666666663,11.0,1,30.116666666666667,3.0,-1,More transfers
中原站,土城站,4,1,55.45,5.0,2,24.566666666666663,11.0,1,30.88333333333334,6.0,-1,More transfers
中原站,士林站,2,1,45.083333333333336,8.0,2,39.96666666666667,9.0,2,5.116666666666667,1.0,0,Same transfers
中原站,士林站,3,1,47.75,5.0,2,39.96666666666667,9.0,2,7.783333333333331,4.0,0,Same transfers
中原站,大安森林公園站,2,1,38.03333333333333,5.0,2,28.53333333333333,8.0,2,9.5,3.0,0,Same transfers
中原站,大安站,2,1,39.71666666666667,5.0,2,30.216666666666665,8.0,2,9.500000000000004,3.0,0,Same transfers
中原站,大橋頭站,2,1,47.38333333333333,5.0,2,28.85,6.0,1,18.53333333333333,1.0,-1,More transfers
中原站,大湖公園站,2,1,59.98333333333333,14.0,2,58.03333333333333,13.0,3,1.9499999999999957,-1.0,1,Fewer transfers
中原站,大湖公園站,3,1,67.55,8.0,2,58.03333333333333,13.0,3,9.516666666666666,5.0,1,Fewer transfers
中原站,大直站,2,1,49.15,14.0,2,47.2,13.0,3,1.9499999999999957,-1.0,1,Fewer transfers
中原站,大直站,3,1,56.71666666666667,8.0,2,47.2,13.0,3,9.516666666666666,5.0,1,Fewer transfers
中原站,奇岩站,2,1,54.333333333333336,8.0,2,49.21666666666667,9.0,2,5.116666666666667,1.0,0,Same transfers
中原站,奇岩站,3,1,57.0,5.0,2,49.21666666666667,9.0,2,7.783333333333331,4.0,0,Same transfers
中原站,小南門站,2,1,32.766666666666666,3.0,1,26.666666666666668,8.0,2,6.099999999999998,5.0,1,Fewer transfers
中原站,市政府站,2,1,38.86666666666667,9.0,1,36.91666666666666,8.0,2,1.95000000000001,-1.0,1,Fewer transfers
中原站,市政府站,3,1,47.016666666666666,7.0,3,36.91666666666666,8.0,2,10.100000000000009,1.0,-1,More transfers
中原站,市政府站,4,1,50.06666666666667,5.0,2,36.91666666666666,8.0,2,13.150000000000013,3.0,0,Same transfers
中原站,府中站,2,1,21.5,9.0,1,17.4,11.0,1,4.100000000000001,2.0,0,Same transfers
中原站,府中站,3,1,47.516666666666666,8.0,2,17.4,11.0,1,30.116666666666667,3.0,-1,More transfers
中原站,府中站,4,1,48.28333333333333,5.0,2,17.4,11.0,1,30.883333333333333,6.0,-1,More transfers
中原站,廣慈/奉天宮站,2,1,48.1,5.0,2,38.6,8.0,2,9.5,3.0,0,Same transfers
中原站,後山埤站,2,1,42.46666666666667,9.0,1,40.516666666666666,8.0,2,1.9500000000000028,-1.0,1,Fewer transfers
中原站,後山埤站,3,1,50.61666666666667,7.0,3,40.516666666666666,8.0,2,10.100000000000001,1.0,-1,More transfers
中原站,後山埤站,4,1,53.66666666666666,5.0,2,40.516666666666666,8.0,2,13.149999999999991,3.0,0,Same transfers
中原站,徐匯中學站,2,1,44.21666666666667,6.0,1,36.78333333333333,7.0,2,7.433333333333337,1.0,1,Fewer transfers
中原站,徐匯中學站,3,1,54.31666666666667,5.0,2,36.78333333333333,7.0,2,17.53333333333334,2.0,0,Same transfers
中原站,復興崗站,2,1,59.0,8.0,2,53.88333333333333,9.0,2,5.116666666666667,1.0,0,Same transfers
中原站,復興崗站,3,1,61.66666666666666,5.0,2,53.88333333333333,9.0,2,7.783333333333324,4.0,0,Same transfers
中原站,忠孝復興站,2,1,33.71666666666667,9.0,1,31.766666666666666,8.0,2,1.9500000000000028,-1.0,1,Fewer transfers
中原站,忠孝復興站,3,1,41.86666666666667,7.0,3,31.766666666666666,8.0,2,10.100000000000001,1.0,-1,More transfers
中原站,忠孝復興站,4,1,44.91666666666666,5.0,2,31.766666666666666,8.0,2,13.149999999999991,3.0,0,Same transfers
中原站,忠孝敦化站,2,1,35.46666666666667,9.0,1,33.516666666666666,8.0,2,1.9500000000000028,-1.0,1,Fewer transfers
中原站,忠孝敦化站,3,1,43.61666666666667,7.0,3,33.516666666666666,8.0,2,10.100000000000001,1.0,-1,More transfers
中原站,忠孝敦化站,4,1,46.66666666666666,5.0,2,33.516666666666666,8.0,2,13.149999999999991,3.0,0,Same transfers
中原站,忠孝新生站,2,1,37.7,5.0,2,27.6,6.0,1,10.100000000000001,1.0,-1,More transfers
中原站,忠義站,2,1,61.4,8.0,2,56.28333333333333,9.0,2,5.116666666666667,1.0,0,Same transfers
中原站,忠義站,3,1,64.06666666666666,5.0,2,56.28333333333333,9.0,2,7.783333333333331,4.0,0,Same transfers
中原站,文德站,2,1,56.66666666666666,14.0,2,54.71666666666667,13.0,3,1.9499999999999886,-1.0,1,Fewer transfers
中原站,文德站,3,1,64.23333333333333,8.0,2,54.71666666666667,13.0,3,9.516666666666666,5.0,1,Fewer transfers
中原站,新北投站,2,1,61.91666666666666,11.0,3,56.8,12.0,3,5.11666666666666,1.0,0,Same transfers
中原站,新北投站,3,1,64.58333333333333,8.0,3,56.8,12.0,3,7.783333333333331,4.0,0,Same transfers
中原站,新埔站,2,1,43.68333333333333,8.0,2,17.666666666666668,9.0,1,26.016666666666662,1.0,-1,More transfers
中原站,新埔站,3,1,44.45,5.0,2,17.666666666666668,9.0,1,26.783333333333335,4.0,-1,More transfers
中原站,新莊站,2,1,60.766666666666666,5.0,2,19.45,6.0,1,41.31666666666666,1.0,-1,More transfers
中原站,昆陽站,2,1,44.73333333333333,9.0,1,42.78333333333333,8.0,2,1.9499999999999957,-1.0,1,Fewer transfers
中原站,昆陽站,3,1,52.88333333333333,7.0,3,42.78333333333333,8.0,2,10.100000000000001,1.0,-1,More transfers
中原站,昆陽站,4,1,55.93333333333333,5.0,2,42.78333333333333,8.0,2,13.149999999999999,3.0,0,Same transfers
中原站,明德站,2,1,48.86666666666667,8.0,2,43.75,9.0,2,5.116666666666667,1.0,0,Same transfers
中原站,明德站,3,1,51.53333333333333,5.0,2,43.75,9.0,2,7.783333333333331,4.0,0,Same transfers
中原站,木柵站,2,1,54.6,14.0,2,49.23333333333333,13.0,3,5.366666666666674,-1.0,1,Fewer transfers
中原站,木柵站,3,1,58.73333333333333,10.0,3,49.23333333333333,13.0,3,9.5,3.0,0,Same transfers
中原站,木柵站,4,1,66.36666666666666,8.0,2,49.23333333333333,13.0,3,17.133333333333333,5.0,1,Fewer transfers
中原站,東湖站,2,1,57.36666666666667,14.0,2,55.41666666666666,13.0,3,1.95000000000001,-1.0,1,Fewer transfers
中原站,東湖站,3,1,65.51666666666667,12.0,4,55.41666666666666,13.0,3,10.100000000000009,1.0,-1,More transfers
中原站,東湖站,4,1,68.56666666666666,10.0,3,55.41666666666666,13.0,3,13.150000000000006,3.0,0,Same transfers
中原站,東湖站,5,1,71.7,8.0,2,55.41666666666666,13.0,3,16.283333333333346,5.0,1,Fewer transfers
中原站,東門站,2,1,34.88333333333333,5.0,2,24.78333333333333,6.0,1,10.100000000000001,1.0,-1,More transfers
中原站,松山機場站,2,1,45.78333333333333,14.0,2,43.833333333333336,13.0,3,1.9499999999999957,-1.0,1,Fewer transfers
中原站,松山機場站,3,1,53.35,8.0,2,43.833333333333336,13.0,3,9.516666666666666,5.0,1,Fewer transfers
中原站,松山站,2,1,50.31666666666667,3.0,1,40.9,8.0,2,9.416666666666671,5.0,1,Fewer transfers
中原站,松江南京站,2,1,40.03333333333333,5.0,2,29.933333333333334,6.0,1,10.099999999999998,1.0,-1,More transfers
中原站,松江南京站,3,1,41.35,3.0,1,29.933333333333334,6.0,1,11.416666666666668,3.0,0,Same transfers
中原站,民權西路站,2,1,41.266666666666666,5.0,2,30.48333333333333,6.0,1,10.783333333333335,1.0,-1,More transfers
中原站,永安市場站,2,1,36.73333333333333,5.0,2,14.966666666666669,6.0,1,21.76666666666666,1.0,-1,More transfers
中原站,永寧站,2,1,30.683333333333334,9.0,1,26.58333333333333,11.0,1,4.100000000000005,2.0,0,Same transfers
中原站,永寧站,3,1,56.7,8.0,2,26.58333333333333,11.0,1,30.116666666666674,3.0,-1,More transfers
中原站,永寧站,4,1,57.46666666666667,5.0,2,26.58333333333333,11.0,1,30.88333333333334,6.0,-1,More transfers
中原站,永春站,2,1,40.78333333333333,9.0,1,38.833333333333336,8.0,2,1.9499999999999957,-1.0,1,Fewer transfers
中原站,永春站,3,1,48.93333333333333,7.0,3,38.833333333333336,8.0,2,10.099999999999994,1.0,-1,More transfers
中原站,永春站,4,1,51.98333333333333,5.0,2,38.833333333333336,8.0,2,13.149999999999991,3.0,0,Same transfers
中原站,江子翠站,2,1,41.93333333333333,8.0,2,19.416666666666668,9.0,1,22.516666666666662,1.0,-1,More transfers
中原站,江子翠站,3,1,42.7,5.0,2,19.416666666666668,9.0,1,23.283333333333335,4.0,-1,More transfers
中原站,海山站,2,1,26.466666666666665,9.0,1,22.366666666666667,11.0,1,4.099999999999998,2.0,0,Same transfers
中原站,海山站,3,1,52.48333333333333,8.0,2,22.366666666666667,11.0,1,30.11666666666666,3.0,-1,More transfers
中原站,海山站,4,1,53.25,5.0,2,22.366666666666667,11.0,1,30.883333333333333,6.0,-1,More transfers
中原站,淡水站,2,1,72.31666666666666,8.0,2,67.2,9.0,2,5.11666666666666,1.0,0,Same transfers
中原站,淡水站,3,1,74.98333333333333,5.0,2,67.2,9.0,2,7.783333333333331,4.0,0,Same transfers
中原站,港墘站,2,1,55.05,14.0,2,53.1,13.0,3,1.9499999999999957,-1.0,1,Fewer transfers
中原站,港墘站,3,1,62.61666666666667,8.0,2,53.1,13.0,3,9.516666666666666,5.0,1,Fewer transfers
中原站,石牌站,2,1,50.36666666666667,8.0,2,45.25,9.0,2,5.116666666666667,1.0,0,Same transfers
中原站,石牌站,3,1,53.03333333333333,5.0,2,45.25,9.0,2,7.783333333333331,4.0,0,Same transfers
中原站,科技大樓站,2,1,42.31666666666667,14.0,2,36.95,13.0,3,5.366666666666667,-1.0,1,Fewer transfers
中原站,科技大樓站,3,1,46.45,10.0,3,36.95,13.0,3,9.5,3.0,0,Same transfers
中原站,科技大樓站,4,1,54.083333333333336,8.0,2,36.95,13.0,3,17.133333333333333,5.0,1,Fewer transfers
中原站,竹圍站,2,1,66.13333333333334,8.0,2,61.016666666666666,9.0,2,5.116666666666674,1.0,0,Same transfers
中原站,竹圍站,3,1,68.8,5.0,2,61.016666666666666,9.0,2,7.783333333333331,4.0,0,Same transfers
中原站,紅樹林站,2,1,68.95,8.0,2,63.833333333333336,9.0,2,5.116666666666667,1.0,0,Same transfers
中原站,紅樹林站,3,1,71.61666666666666,5.0,2,63.833333333333336,9.0,2,7.783333333333324,4.0,0,Same transfers
中原站,芝山站,2,1,47.1,8.0,2,41.98333333333333,9.0,2,5.116666666666674,1.0,0,Same transfers
中原站,芝山站,3,1,49.766666666666666,5.0,2,41.98333333333333,9.0,2,7.7833333333333385,4.0,0,Same transfers
中原站,菜寮站,2,1,51.96666666666667,5.0,2,24.28333333333333,6.0,1,27.683333333333337,1.0,-1,More transfers
中原站,萬芳社區站,2,1,53.4,14.0,2,48.03333333333333,13.0,3,5.366666666666667,-1.0,1,Fewer transfers
中原站,萬芳社區站,3,1,57.53333333333333,10.0,3,48.03333333333333,13.0,3,9.5,3.0,0,Same transfers
中原站,萬芳社區站,4,1,65.16666666666667,8.0,2,48.03333333333333,13.0,3,17.13333333333334,5.0,1,Fewer transfers
中原站,萬芳醫院站,2,1,51.333333333333336,14.0,2,45.96666666666667,13.0,3,5.366666666666667,-1.0,1,Fewer transfers
中原站,萬芳醫院站,3,1,55.46666666666667,10.0,3,45.96666666666667,13.0,3,9.5,3.0,0,Same transfers
中原站,萬芳醫院站,4,1,63.1,8.0,2,45.96666666666667,13.0,3,17.133333333333333,5.0,1,Fewer transfers
中原站,葫洲站,2,1,59.083333333333336,14.0,2,57.13333333333333,13.0,3,1.9500000000000028,-1.0,1,Fewer transfers
中原站,葫洲站,3,1,67.23333333333333,12.0,4,57.13333333333333,13.0,3,10.100000000000001,1.0,-1,More transfers
中原站,葫洲站,4,1,69.98333333333333,8.0,2,57.13333333333333,13.0,3,12.850000000000001,5.0,1,Fewer transfers
中原站,蘆洲站,2,1,48.43333333333333,6.0,1,41.0,7.0,2,7.43333333333333,1.0,1,Fewer transfers
中原站,蘆洲站,3,1,58.53333333333333,5.0,2,41.0,7.0,2,17.53333333333333,2.0,0,Same transfers
中原站,行天宮站,2,1,41.833333333333336,5.0,2,31.73333333333333,6.0,1,10.100000000000005,1.0,-1,More transfers
中原站,西湖站,2,1,53.55,14.0,2,51.6,13.0,3,1.9499999999999957,-1.0,1,Fewer transfers
中原站,西湖站,3,1,61.11666666666667,8.0,2,51.6,13.0,3,9.516666666666666,5.0,1,Fewer transfers
中原站,西門站,2,1,28.5,8.0,2,25.4,9.0,1,3.1000000000000014,1.0,-1,More transfers
中原站,西門站,3,1,34.6,3.0,1,25.4,9.0,1,9.200000000000003,6.0,0,Same transfers
中原站,象山站,2,1,45.15,5.0,2,35.65,8.0,2,9.5,3.0,0,Same transfers
中原站,輔大站,2,1,63.46666666666667,5.0,2,22.15,6.0,1,41.31666666666667,1.0,-1,More transfers
中原站,辛亥站,2,1,49.15,14.0,2,43.78333333333333,13.0,3,5.366666666666667,-1.0,1,Fewer transfers
中原站,辛亥站,3,1,53.28333333333333,10.0,3,43.78333333333333,13.0,3,9.5,3.0,0,Same transfers
中原站,辛亥站,4,1,60.91666666666666,8.0,2,43.78333333333333,13.0,3,17.133333333333326,5.0,1,Fewer transfers
中原站,迴龍站,2,1,68.98333333333333,5.0,2,27.666666666666668,6.0,1,41.31666666666666,1.0,-1,More transfers
中原站,關渡站,2,1,63.18333333333333,8.0,2,58.06666666666667,9.0,2,5.11666666666666,1.0,0,Same transfers
中原站,關渡站,3,1,65.85,5.0,2,58.06666666666667,9.0,2,7.783333333333324,4.0,0,Same transfers
中原站,雙連站,2,1,34.983333333333334,9.0,2,33.666666666666664,10.0,3,1.31666666666667,1.0,1,Fewer transfers
中原站,雙連站,3,1,37.1,8.0,2,33.666666666666664,10.0,3,3.433333333333337,2.0,1,Fewer transfers
中原站,雙連站,4,1,39.766666666666666,5.0,2,33.666666666666664,10.0,3,6.100000000000001,5.0,1,Fewer transfers
中原站,頂埔站,2,1,34.15,9.0,1,30.05,11.0,1,4.099999999999998,2.0,0,Same transfers
中原站,頂埔站,3,1,60.16666666666666,8.0,2,30.05,11.0,1,30.116666666666656,3.0,-1,More transfers
中原站,頂埔站,4,1,60.93333333333333,5.0,2,30.05,11.0,1,30.88333333333333,6.0,-1,More transfers
中原站,頂溪站,2,1,34.53333333333333,5.0,2,17.166666666666668,6.0,1,17.366666666666664,1.0,-1,More transfers
中原站,麟光站,2,1,46.38333333333333,14.0,2,41.016666666666666,13.0,3,5.366666666666667,-1.0,1,Fewer transfers
中原站,麟光站,3,1,50.516666666666666,10.0,3,41.016666666666666,13.0,3,9.5,3.0,0,Same transfers
中原站,麟光站,4,1,58.15,8.0,2,41.016666666666666,13.0,3,17.133333333333333,5.0,1,Fewer transfers
中原站,龍山寺站,2,1,38.25,8.0,2,23.08333333333333,9.0,1,15.166666666666671,1.0,-1,More transfers
中原站,龍山寺站,3,1,39.016666666666666,5.0,2,23.08333333333333,9.0,1,15.933333333333337,4.0,-1,More transfers
中和站,三和國中站,2,1,48.766666666666666,5.0,2,38.66666666666666,6.0,1,10.100000000000009,1.0,-1,More transfers
中和站,三民高中站,2,1,52.5,5.0,2,42.4,6.0,1,10.100000000000001,1.0,-1,More transfers
中和站,三重國小站,2,1,46.56666666666667,5.0,2,36.46666666666667,6.0,1,10.100000000000001,1.0,-1,More transfers
中和站,三重站,2,1,50.016666666666666,5.0,2,26.23333333333333,6.0,1,23.783333333333335,1.0,-1,More transfers
中和站,中山國中站,2,1,46.35,14.0,2,36.86666666666667,13.0,3,9.483333333333334,-1.0,1,Fewer transfers
中和站,中山國中站,3,1,46.38333333333333,8.0,2,36.86666666666667,13.0,3,9.516666666666666,5.0,1,Fewer transfers
中和站,中山國小站,2,1,40.16666666666666,5.0,2,30.066666666666663,6.0,1,10.099999999999994,1.0,-1,More transfers
中和站,中山站,2,1,29.133333333333333,8.0,2,28.366666666666667,10.0,3,0.7666666666666657,2.0,1,Fewer transfers
中和站,中山站,3,1,34.46666666666667,5.0,2,28.366666666666667,10.0,3,6.100000000000001,5.0,1,Fewer transfers
中和站,中山站,4,1,35.233333333333334,3.0,1,28.366666666666667,10.0,3,6.866666666666667,7.0,2,Fewer transfers
中和站,中正紀念堂站,2,1,27.1,3.0,1,21.0,8.0,2,6.100000000000001,5.0,1,Fewer transfers
中和站,丹鳳站,2,1,62.0,5.0,2,28.216666666666665,6.0,1,33.78333333333333,1.0,-1,More transfers
中和站,亞東醫院站,2,1,27.433333333333334,9.0,1,23.33333333333333,11.0,1,4.100000000000005,2.0,0,Same transfers
中和站,亞東醫院站,3,1,45.91666666666666,8.0,2,23.33333333333333,11.0,1,22.58333333333333,3.0,-1,More transfers
中和站,亞東醫院站,4,1,46.68333333333333,5.0,2,23.33333333333333,11.0,1,23.35,6.0,-1,More transfers
中和站,信義安和站,2,1,37.95,5.0,2,28.45,8.0,2,9.500000000000004,3.0,0,Same transfers
中和站,先嗇宮站,2,1,52.8,5.0,2,23.45,6.0,1,29.349999999999998,1.0,-1,More transfers
中和站,內湖站,2,1,62.15,14.0,2,52.66666666666666,13.0,3,9.483333333333341,-1.0,1,Fewer transfers
中和站,內湖站,3,1,62.18333333333333,8.0,2,52.66666666666666,13.0,3,9.516666666666673,5.0,1,Fewer transfers
中和站,六張犁站,2,1,45.13333333333333,10.0,3,35.63333333333333,13.0,3,9.5,3.0,0,Same transfers
中和站,六張犁站,3,1,48.53333333333333,14.0,2,35.63333333333333,13.0,3,12.899999999999999,-1.0,1,Fewer transfers
中和站,六張犁站,4,1,52.766666666666666,8.0,2,35.63333333333333,13.0,3,17.133333333333333,5.0,1,Fewer transfers
中和站,劍南路站,2,1,55.06666666666667,14.0,2,45.583333333333336,13.0,3,9.483333333333334,-1.0,1,Fewer transfers
中和站,劍南路站,3,1,55.1,8.0,2,45.583333333333336,13.0,3,9.516666666666666,5.0,1,Fewer transfers
中和站,劍潭站,2,1,39.11666666666667,9.0,2,35.75,10.0,3,3.366666666666667,1.0,1,Fewer transfers
中和站,劍潭站,3,1,39.18333333333333,8.0,2,35.75,10.0,3,3.43333333333333,2.0,1,Fewer transfers
中和站,劍潭站,4,1,41.85,5.0,2,35.75,10.0,3,6.100000000000001,5.0,1,Fewer transfers
中和站,動物園站,2,1,56.5,10.0,3,47.0,13.0,3,9.5,3.0,0,Same transfers
中和站,動物園站,3,1,59.9,14.0,2,47.0,13.0,3,12.899999999999999,-1.0,1,Fewer transfers
中和站,動物園站,4,1,64.13333333333334,8.0,2,47.0,13.0,3,17.13333333333334,5.0,1,Fewer transfers
中和站,北投站,2,1,52.46666666666667,9.0,2,49.1,10.0,3,3.366666666666667,1.0,1,Fewer transfers
中和站,北投站,3,1,52.53333333333333,8.0,2,49.1,10.0,3,3.43333333333333,2.0,1,Fewer transfers
中和站,北投站,4,1,55.2,5.0,2,49.1,10.0,3,6.100000000000001,5.0,1,Fewer transfers
中和站,北門站,2,1,32.833333333333336,3.0,1,26.73333333333333,8.0,2,6.100000000000005,5.0,1,Fewer transfers
中和站,南京三民站,2,1,43.8,3.0,1,34.38333333333333,8.0,2,9.416666666666664,5.0,1,Fewer transfers
中和站,南京復興站,2,1,39.7,3.0,1,30.28333333333333,8.0,2,9.416666666666671,5.0,1,Fewer transfers
中和站,南勢角站,2,1,37.03333333333333,5.0,2,11.316666666666666,6.0,1,25.716666666666665,1.0,-1,More transfers
中和站,南港展覽館站,2,1,53.0,9.0,1,43.516666666666666,8.0,2,9.483333333333334,-1.0,1,Fewer transfers
中和站,南港展覽館站,3,1,53.61666666666667,7.0,3,43.516666666666666,8.0,2,10.100000000000001,1.0,-1,More transfers
中和站,南港展覽館站,4,1,56.66666666666666,5.0,2,43.516666666666666,8.0,2,13.149999999999991,3.0,0,Same transfers
中和站,南港站,2,1,50.73333333333333,9.0,1,41.25,8.0,2,9.483333333333327,-1.0,1,Fewer transfers
中和站,南港站,3,1,51.35,7.0,3,41.25,8.0,2,10.100000000000001,1.0,-1,More transfers
中和站,南港站,4,1,54.4,5.0,2,41.25,8.0,2,13.149999999999999,3.0,0,Same transfers
中和站,南港軟體園區站,2,1,59.3,14.0,2,49.81666666666667,13.0,3,9.483333333333327,-1.0,1,Fewer transfers
中和站,南港軟體園區站,3,1,59.91666666666666,12.0,4,49.81666666666667,13.0,3,10.099999999999987,1.0,-1,More transfers
中和站,南港軟體園區站,4,1,62.96666666666667,10.0,3,49.81666666666667,13.0,3,13.149999999999999,3.0,0,Same transfers
中和站,南港軟體園區站,5,1,69.76666666666667,8.0,2,49.81666666666667,13.0,3,19.949999999999996,5.0,1,Fewer transfers
中和站,古亭站,2,1,25.1,3.0,1,17.0,6.0,1,8.100000000000001,3.0,0,Same transfers
中和站,台北101/世貿站,2,1,39.78333333333333,5.0,2,30.28333333333333,8.0,2,9.5,3.0,0,Same transfers
中和站,台北小巨蛋站,2,1,41.65,3.0,1,32.233333333333334,8.0,2,9.416666666666664,5.0,1,Fewer transfers
中和站,台北橋站,2,1,46.16666666666666,5.0,2,30.08333333333333,6.0,1,16.08333333333333,1.0,-1,More transfers
中和站,台北車站,2,1,29.366666666666667,8.0,2,26.65,10.0,3,2.7166666666666686,2.0,1,Fewer transfers
中和站,台北車站,3,1,31.75,9.0,1,26.65,10.0,3,5.100000000000001,1.0,2,Fewer transfers
中和站,台北車站,4,1,32.75,5.0,2,26.65,10.0,3,6.100000000000001,5.0,1,Fewer transfers
中和站,台大醫院站,2,1,28.516666666666666,8.0,2,25.08333333333333,10.0,3,3.433333333333337,2.0,1,Fewer transfers
中和站,台大醫院站,3,1,31.183333333333334,5.0,2,25.08333333333333,10.0,3,6.100000000000005,5.0,1,Fewer transfers
中和站,台電大樓站,2,1,23.183333333333334,3.0,1,20.966666666666665,8.0,2,2.2166666666666686,5.0,1,Fewer transfers
中和站,唭哩岸站,2,1,48.8,9.0,2,45.43333333333333,10.0,3,3.366666666666667,1.0,1,Fewer transfers
中和站,唭哩岸站,3,1,48.86666666666667,8.0,2,45.43333333333333,10.0,3,3.433333333333337,2.0,1,Fewer transfers
中和站,唭哩岸站,4,1,51.53333333333333,5.0,2,45.43333333333333,10.0,3,6.100000000000001,5.0,1,Fewer transfers
中和站,善導寺站,2,1,33.55,9.0,1,27.85,8.0,2,5.699999999999996,-1.0,1,Fewer transfers
中和站,善導寺站,3,1,37.21666666666667,5.0,2,27.85,8.0,2,9.366666666666667,3.0,0,Same transfers
中和站,國父紀念館站,2,1,40.88333333333333,9.0,1,31.4,8.0,2,9.483333333333334,-1.0,1,Fewer transfers
中和站,國父紀念館站,3,1,41.5,7.0,3,31.4,8.0,2,10.100000000000001,1.0,-1,More transfers
中和站,國父紀念館站,4,1,44.55,5.0,2,31.4,8.0,2,13.149999999999999,3.0,0,Same transfers
中和站,圓山站,2,1,36.766666666666666,9.0,2,33.4,10.0,3,3.366666666666667,1.0,1,Fewer transfers
中和站,圓山站,3,1,36.833333333333336,8.0,2,33.4,10.0,3,3.433333333333337,2.0,1,Fewer transfers
中和站,圓山站,4,1,39.5,5.0,2,33.4,10.0,3,6.100000000000001,5.0,1,Fewer transfers
中和站,土城站,2,1,32.43333333333333,9.0,1,28.33333333333333,11.0,1,4.100000000000001,2.0,0,Same transfers
中和站,土城站,3,1,50.91666666666666,8.0,2,28.33333333333333,11.0,1,22.58333333333333,3.0,-1,More transfers
中和站,土城站,4,1,51.68333333333333,5.0,2,28.33333333333333,11.0,1,23.35,6.0,-1,More transfers
中和站,士林站,2,1,41.25,9.0,2,37.88333333333333,10.0,3,3.366666666666667,1.0,1,Fewer transfers
中和站,士林站,3,1,41.31666666666667,8.0,2,37.88333333333333,10.0,3,3.433333333333337,2.0,1,Fewer transfers
中和站,士林站,4,1,43.98333333333333,5.0,2,37.88333333333333,10.0,3,6.099999999999994,5.0,1,Fewer transfers
中和站,大安森林公園站,2,1,34.266666666666666,5.0,2,24.766666666666666,8.0,2,9.5,3.0,0,Same transfers
中和站,大安站,2,1,35.95,5.0,2,26.45,8.0,2,9.500000000000004,3.0,0,Same transfers
中和站,大橋頭站,2,1,43.61666666666667,5.0,2,32.61666666666667,6.0,1,11.0,1.0,-1,More transfers
中和站,大湖公園站,2,1,63.75,14.0,2,54.266666666666666,13.0,3,9.483333333333334,-1.0,1,Fewer transfers
中和站,大湖公園站,3,1,63.78333333333333,8.0,2,54.266666666666666,13.0,3,9.516666666666666,5.0,1,Fewer transfers
中和站,大直站,2,1,52.91666666666666,14.0,2,43.43333333333333,13.0,3,9.483333333333327,-1.0,1,Fewer transfers
中和站,大直站,3,1,52.95,8.0,2,43.43333333333333,13.0,3,9.516666666666673,5.0,1,Fewer transfers
中和站,奇岩站,2,1,50.5,9.0,2,47.13333333333333,10.0,3,3.366666666666667,1.0,1,Fewer transfers
中和站,奇岩站,3,1,50.56666666666667,8.0,2,47.13333333333333,10.0,3,3.433333333333337,2.0,1,Fewer transfers
中和站,奇岩站,4,1,53.23333333333333,5.0,2,47.13333333333333,10.0,3,6.099999999999994,5.0,1,Fewer transfers
中和站,小南門站,2,1,29.0,3.0,1,22.9,8.0,2,6.100000000000001,5.0,1,Fewer transfers
中和站,市政府站,2,1,42.63333333333333,9.0,1,33.15,8.0,2,9.483333333333334,-1.0,1,Fewer transfers
中和站,市政府站,3,1,43.25,7.0,3,33.15,8.0,2,10.100000000000001,1.0,-1,More transfers
中和站,市政府站,4,1,46.3,5.0,2,33.15,8.0,2,13.149999999999999,3.0,0,Same transfers
中和站,府中站,2,1,25.266666666666666,9.0,1,21.166666666666668,11.0,1,4.099999999999998,2.0,0,Same transfers
中和站,府中站,3,1,43.75,8.0,2,21.166666666666668,11.0,1,22.583333333333332,3.0,-1,More transfers
中和站,府中站,4,1,44.516666666666666,5.0,2,21.166666666666668,11.0,1,23.349999999999998,6.0,-1,More transfers
中和站,廣慈/奉天宮站,2,1,44.333333333333336,5.0,2,34.833333333333336,8.0,2,9.5,3.0,0,Same transfers
中和站,後山埤站,2,1,46.23333333333333,9.0,1,36.75,8.0,2,9.483333333333327,-1.0,1,Fewer transfers
中和站,後山埤站,3,1,46.85,7.0,3,36.75,8.0,2,10.100000000000001,1.0,-1,More transfers
中和站,後山埤站,4,1,49.9,5.0,2,36.75,8.0,2,13.149999999999999,3.0,0,Same transfers
中和站,徐匯中學站,2,1,50.55,5.0,2,40.45,6.0,1,10.099999999999994,1.0,-1,More transfers
中和站,復興崗站,2,1,55.16666666666666,9.0,2,51.8,10.0,3,3.36666666666666,1.0,1,Fewer transfers
中和站,復興崗站,3,1,55.23333333333333,8.0,2,51.8,10.0,3,3.43333333333333,2.0,1,Fewer transfers
中和站,復興崗站,4,1,57.9,5.0,2,51.8,10.0,3,6.100000000000001,5.0,1,Fewer transfers
中和站,忠孝復興站,2,1,37.48333333333333,9.0,1,28.0,8.0,2,9.483333333333327,-1.0,1,Fewer transfers
中和站,忠孝復興站,3,1,38.1,7.0,3,28.0,8.0,2,10.100000000000001,1.0,-1,More transfers
中和站,忠孝復興站,4,1,41.15,5.0,2,28.0,8.0,2,13.149999999999999,3.0,0,Same transfers
中和站,忠孝敦化站,2,1,39.23333333333333,9.0,1,29.75,8.0,2,9.483333333333327,-1.0,1,Fewer transfers
中和站,忠孝敦化站,3,1,39.85,7.0,3,29.75,8.0,2,10.100000000000001,1.0,-1,More transfers
中和站,忠孝敦化站,4,1,42.9,5.0,2,29.75,8.0,2,13.149999999999999,3.0,0,Same transfers
中和站,忠孝新生站,2,1,33.93333333333333,5.0,2,23.83333333333333,6.0,1,10.100000000000001,1.0,-1,More transfers
中和站,忠義站,2,1,57.56666666666667,9.0,2,54.2,10.0,3,3.366666666666667,1.0,1,Fewer transfers
中和站,忠義站,3,1,57.63333333333333,8.0,2,54.2,10.0,3,3.43333333333333,2.0,1,Fewer transfers
中和站,忠義站,4,1,60.3,5.0,2,54.2,10.0,3,6.099999999999994,5.0,1,Fewer transfers
中和站,文德站,2,1,60.43333333333333,14.0,2,50.95,13.0,3,9.483333333333327,-1.0,1,Fewer transfers
中和站,文德站,3,1,60.46666666666667,8.0,2,50.95,13.0,3,9.516666666666666,5.0,1,Fewer transfers
中和站,新北投站,2,1,58.083333333333336,12.0,3,54.71666666666667,13.0,4,3.366666666666667,1.0,1,Fewer transfers
中和站,新北投站,3,1,58.15,11.0,3,54.71666666666667,13.0,4,3.43333333333333,2.0,1,Fewer transfers
中和站,新北投站,4,1,60.81666666666667,8.0,3,54.71666666666667,13.0,4,6.100000000000001,5.0,1,Fewer transfers
中和站,新埔站,2,1,39.91666666666666,8.0,2,21.433333333333334,9.0,1,18.483333333333324,1.0,-1,More transfers
中和站,新埔站,3,1,40.68333333333333,5.0,2,21.433333333333334,9.0,1,19.249999999999996,4.0,-1,More transfers
中和站,新莊站,2,1,57.0,5.0,2,23.216666666666665,6.0,1,33.78333333333333,1.0,-1,More transfers
中和站,昆陽站,2,1,48.5,9.0,1,39.016666666666666,8.0,2,9.483333333333334,-1.0,1,Fewer transfers
中和站,昆陽站,3,1,49.11666666666667,7.0,3,39.016666666666666,8.0,2,10.100000000000001,1.0,-1,More transfers
中和站,昆陽站,4,1,52.16666666666666,5.0,2,39.016666666666666,8.0,2,13.149999999999991,3.0,0,Same transfers
中和站,明德站,2,1,45.03333333333333,9.0,2,41.66666666666666,10.0,3,3.3666666666666742,1.0,1,Fewer transfers
中和站,明德站,3,1,45.1,8.0,2,41.66666666666666,10.0,3,3.4333333333333442,2.0,1,Fewer transfers
中和站,明德站,4,1,47.766666666666666,5.0,2,41.66666666666666,10.0,3,6.1000000000000085,5.0,1,Fewer transfers
中和站,木柵站,2,1,54.96666666666667,10.0,3,45.46666666666667,13.0,3,9.5,3.0,0,Same transfers
中和站,木柵站,3,1,58.36666666666667,14.0,2,45.46666666666667,13.0,3,12.899999999999999,-1.0,1,Fewer transfers
中和站,木柵站,4,1,62.6,8.0,2,45.46666666666667,13.0,3,17.133333333333333,5.0,1,Fewer transfers
中和站,東湖站,2,1,61.13333333333333,14.0,2,51.65,13.0,3,9.483333333333334,-1.0,1,Fewer transfers
中和站,東湖站,3,1,61.75,12.0,4,51.65,13.0,3,10.100000000000001,1.0,-1,More transfers
中和站,東湖站,4,1,64.8,10.0,3,51.65,13.0,3,13.149999999999999,3.0,0,Same transfers
中和站,東湖站,5,1,67.93333333333334,8.0,2,51.65,13.0,3,16.28333333333334,5.0,1,Fewer transfers
中和站,東門站,2,1,31.116666666666667,5.0,2,21.016666666666666,6.0,1,10.100000000000001,1.0,-1,More transfers
中和站,松山機場站,2,1,49.55,14.0,2,40.06666666666667,13.0,3,9.483333333333327,-1.0,1,Fewer transfers
中和站,松山機場站,3,1,49.583333333333336,8.0,2,40.06666666666667,13.0,3,9.516666666666666,5.0,1,Fewer transfers
中和站,松山站,2,1,46.55,3.0,1,37.13333333333333,8.0,2,9.416666666666664,5.0,1,Fewer transfers
中和站,松江南京站,2,1,36.266666666666666,5.0,2,26.166666666666668,6.0,1,10.099999999999998,1.0,-1,More transfers
中和站,松江南京站,3,1,37.583333333333336,3.0,1,26.166666666666668,6.0,1,11.416666666666668,3.0,0,Same transfers
中和站,民權西路站,2,1,31.766666666666666,6.0,1,31.4,10.0,3,0.36666666666666714,4.0,2,Fewer transfers
中和站,民權西路站,3,1,37.5,5.0,2,31.4,10.0,3,6.100000000000001,5.0,1,Fewer transfers
中和站,永安市場站,2,1,32.96666666666667,5.0,2,11.2,6.0,1,21.76666666666667,1.0,-1,More transfers
中和站,永寧站,2,1,34.45,9.0,1,30.35,11.0,1,4.100000000000001,2.0,0,Same transfers
中和站,永寧站,3,1,52.93333333333333,8.0,2,30.35,11.0,1,22.58333333333333,3.0,-1,More transfers
中和站,永寧站,4,1,53.7,5.0,2,30.35,11.0,1,23.35,6.0,-1,More transfers
中和站,永春站,2,1,44.55,9.0,1,35.06666666666667,8.0,2,9.483333333333327,-1.0,1,Fewer transfers
中和站,永春站,3,1,45.16666666666666,7.0,3,35.06666666666667,8.0,2,10.099999999999987,1.0,-1,More transfers
中和站,永春站,4,1,48.21666666666667,5.0,2,35.06666666666667,8.0,2,13.149999999999999,3.0,0,Same transfers
中和站,江子翠站,2,1,38.16666666666666,8.0,2,23.183333333333334,9.0,1,14.983333333333324,1.0,-1,More transfers
中和站,江子翠站,3,1,38.93333333333333,5.0,2,23.183333333333334,9.0,1,15.749999999999996,4.0,-1,More transfers
中和站,海山站,2,1,30.23333333333333,9.0,1,26.133333333333333,11.0,1,4.099999999999998,2.0,0,Same transfers
中和站,海山站,3,1,48.71666666666667,8.0,2,26.133333333333333,11.0,1,22.583333333333336,3.0,-1,More transfers
中和站,海山站,4,1,49.48333333333333,5.0,2,26.133333333333333,11.0,1,23.349999999999994,6.0,-1,More transfers
中和站,淡水站,2,1,68.48333333333333,9.0,2,65.11666666666666,10.0,3,3.3666666666666742,1.0,1,Fewer transfers
中和站,淡水站,3,1,68.55,8.0,2,65.11666666666666,10.0,3,3.433333333333337,2.0,1,Fewer transfers
中和站,淡水站,4,1,71.21666666666667,5.0,2,65.11666666666666,10.0,3,6.1000000000000085,5.0,1,Fewer transfers
中和站,港墘站,2,1,58.81666666666667,14.0,2,49.333333333333336,13.0,3,9.483333333333334,-1.0,1,Fewer transfers
中和站,港墘站,3,1,58.85,8.0,2,49.333333333333336,13.0,3,9.516666666666666,5.0,1,Fewer transfers
中和站,石牌站,2,1,46.53333333333333,9.0,2,43.16666666666666,10.0,3,3.3666666666666742,1.0,1,Fewer transfers
中和站,石牌站,3,1,46.6,8.0,2,43.16666666666666,10.0,3,3.4333333333333442,2.0,1,Fewer transfers
中和站,石牌站,4,1,49.266666666666666,5.0,2,43.16666666666666,10.0,3,6.1000000000000085,5.0,1,Fewer transfers
中和站,科技大樓站,2,1,42.68333333333333,10.0,3,33.18333333333333,13.0,3,9.5,3.0,0,Same transfers
中和站,科技大樓站,3,1,46.083333333333336,14.0,2,33.18333333333333,13.0,3,12.900000000000006,-1.0,1,Fewer transfers
中和站,科技大樓站,4,1,50.31666666666667,8.0,2,33.18333333333333,13.0,3,17.13333333333334,5.0,1,Fewer transfers
中和站,竹圍站,2,1,62.3,9.0,2,58.93333333333333,10.0,3,3.366666666666667,1.0,1,Fewer transfers
中和站,竹圍站,3,1,62.36666666666667,8.0,2,58.93333333333333,10.0,3,3.433333333333337,2.0,1,Fewer transfers
中和站,竹圍站,4,1,65.03333333333333,5.0,2,58.93333333333333,10.0,3,6.100000000000001,5.0,1,Fewer transfers
中和站,紅樹林站,2,1,65.11666666666666,9.0,2,61.75,10.0,3,3.36666666666666,1.0,1,Fewer transfers
中和站,紅樹林站,3,1,65.18333333333334,8.0,2,61.75,10.0,3,3.433333333333337,2.0,1,Fewer transfers
中和站,紅樹林站,4,1,67.85,5.0,2,61.75,10.0,3,6.099999999999994,5.0,1,Fewer transfers
中和站,芝山站,2,1,43.266666666666666,9.0,2,39.9,10.0,3,3.366666666666667,1.0,1,Fewer transfers
中和站,芝山站,3,1,43.333333333333336,8.0,2,39.9,10.0,3,3.433333333333337,2.0,1,Fewer transfers
中和站,芝山站,4,1,46.0,5.0,2,39.9,10.0,3,6.100000000000001,5.0,1,Fewer transfers
中和站,菜寮站,2,1,48.2,5.0,2,28.05,6.0,1,20.150000000000002,1.0,-1,More transfers
中和站,萬芳社區站,2,1,53.766666666666666,10.0,3,44.266666666666666,13.0,3,9.5,3.0,0,Same transfers
中和站,萬芳社區站,3,1,57.16666666666666,14.0,2,44.266666666666666,13.0,3,12.899999999999991,-1.0,1,Fewer transfers
中和站,萬芳社區站,4,1,61.4,8.0,2,44.266666666666666,13.0,3,17.133333333333333,5.0,1,Fewer transfers
中和站,萬芳醫院站,2,1,51.7,10.0,3,42.2,13.0,3,9.5,3.0,0,Same transfers
中和站,萬芳醫院站,3,1,55.1,14.0,2,42.2,13.0,3,12.899999999999999,-1.0,1,Fewer transfers
中和站,萬芳醫院站,4,1,59.333333333333336,8.0,2,42.2,13.0,3,17.133333333333333,5.0,1,Fewer transfers
中和站,葫洲站,2,1,62.85,14.0,2,53.36666666666667,13.0,3,9.483333333333334,-1.0,1,Fewer transfers
中和站,葫洲站,3,1,63.46666666666667,12.0,4,53.36666666666667,13.0,3,10.100000000000001,1.0,-1,More transfers
中和站,葫洲站,4,1,66.21666666666667,8.0,2,53.36666666666667,13.0,3,12.850000000000001,5.0,1,Fewer transfers
中和站,蘆洲站,2,1,54.766666666666666,5.0,2,44.66666666666666,6.0,1,10.100000000000009,1.0,-1,More transfers
中和站,行天宮站,2,1,38.06666666666667,5.0,2,27.966666666666665,6.0,1,10.100000000000005,1.0,-1,More transfers
中和站,西湖站,2,1,57.31666666666667,14.0,2,47.833333333333336,13.0,3,9.483333333333334,-1.0,1,Fewer transfers
中和站,西湖站,3,1,57.35,8.0,2,47.833333333333336,13.0,3,9.516666666666666,5.0,1,Fewer transfers
中和站,西門站,2,1,29.166666666666668,9.0,1,24.73333333333333,8.0,2,4.433333333333337,-1.0,1,Fewer transfers
中和站,西門站,3,1,30.83333333333333,3.0,1,24.73333333333333,8.0,2,6.099999999999998,5.0,1,Fewer transfers
中和站,象山站,2,1,41.38333333333333,5.0,2,31.883333333333333,8.0,2,9.5,3.0,0,Same transfers
中和站,輔大站,2,1,59.7,5.0,2,25.916666666666668,6.0,1,33.78333333333333,1.0,-1,More transfers
中和站,辛亥站,2,1,49.516666666666666,10.0,3,40.016666666666666,13.0,3,9.5,3.0,0,Same transfers
中和站,辛亥站,3,1,52.91666666666666,14.0,2,40.016666666666666,13.0,3,12.899999999999991,-1.0,1,Fewer transfers
中和站,辛亥站,4,1,57.15,8.0,2,40.016666666666666,13.0,3,17.133333333333333,5.0,1,Fewer transfers
中和站,迴龍站,2,1,65.21666666666667,5.0,2,31.433333333333334,6.0,1,33.78333333333333,1.0,-1,More transfers
中和站,關渡站,2,1,59.35,9.0,2,55.98333333333333,10.0,3,3.3666666666666742,1.0,1,Fewer transfers
中和站,關渡站,3,1,59.41666666666666,8.0,2,55.98333333333333,10.0,3,3.43333333333333,2.0,1,Fewer transfers
中和站,關渡站,4,1,62.083333333333336,5.0,2,55.98333333333333,10.0,3,6.1000000000000085,5.0,1,Fewer transfers
中和站,雙連站,2,1,33.333333333333336,8.0,2,29.9,10.0,3,3.433333333333337,2.0,1,Fewer transfers
中和站,雙連站,3,1,36.0,5.0,2,29.9,10.0,3,6.100000000000001,5.0,1,Fewer transfers
中和站,頂埔站,2,1,37.91666666666666,9.0,1,33.81666666666667,11.0,1,4.099999999999987,2.0,0,Same transfers
中和站,頂埔站,3,1,56.4,8.0,2,33.81666666666667,11.0,1,22.58333333333333,3.0,-1,More transfers
中和站,頂埔站,4,1,57.16666666666666,5.0,2,33.81666666666667,11.0,1,23.349999999999987,6.0,-1,More transfers
中和站,頂溪站,2,1,30.766666666666666,5.0,2,13.4,6.0,1,17.366666666666667,1.0,-1,More transfers
中和站,麟光站,2,1,46.75,10.0,3,37.25,13.0,3,9.5,3.0,0,Same transfers
中和站,麟光站,3,1,50.15,14.0,2,37.25,13.0,3,12.899999999999999,-1.0,1,Fewer transfers
中和站,麟光站,4,1,54.38333333333333,8.0,2,37.25,13.0,3,17.133333333333333,5.0,1,Fewer transfers
中和站,龍山寺站,2,1,34.483333333333334,8.0,2,26.85,9.0,1,7.633333333333333,1.0,-1,More transfers
中和站,龍山寺站,3,1,35.25,5.0,2,26.85,9.0,1,8.399999999999999,4.0,-1,More transfers
中山國中站,中原站,2,1,42.45,14.0,2,40.63333333333333,13.0,3,1.81666666666667,-1.0,1,Fewer transfers
中山國中站,中原站,3,1,49.66666666666666,8.0,2,40.63333333333333,13.0,3,9.033333333333324,5.0,1,Fewer transfers
中山國中站,中和站,2,1,45.9,8.0,2,36.86666666666667,13.0,3,9.033333333333331,5.0,1,Fewer transfers
中山國中站,劍潭站,2,1,29.58333333333333,5.0,1,20.916666666666668,8.0,2,8.66666666666666,3.0,1,Fewer transfers
中山國中站,北投站,2,1,42.93333333333333,5.0,1,34.266666666666666,8.0,2,8.666666666666664,3.0,1,Fewer transfers
中山國中站,南港展覽館站,2,1,24.6,0.0,0,23.633333333333333,5.0,1,0.9666666666666686,5.0,1,Fewer transfers
中山國中站,古亭站,2,1,20.7,5.0,1,19.2,7.0,2,1.5,2.0,1,Fewer transfers
中山國中站,台大醫院站,2,1,18.916666666666668,5.0,1,16.866666666666667,8.0,2,2.0500000000000007,3.0,1,Fewer transfers
中山國中站,唭哩岸站,2,1,39.266666666666666,5.0,1,30.6,8.0,2,8.666666666666664,3.0,1,Fewer transfers
中山國中站,圓山站,2,1,27.23333333333333,5.0,1,18.566666666666663,8.0,2,8.666666666666668,3.0,1,Fewer transfers
中山國中站,士林站,2,1,31.716666666666665,5.0,1,23.05,8.0,2,8.666666666666664,3.0,1,Fewer transfers
中山國中站,奇岩站,2,1,40.96666666666667,5.0,1,32.3,8.0,2,8.666666666666671,3.0,1,Fewer transfers
中山國中站,幸福站,2,1,38.333333333333336,14.0,2,37.1,13.0,3,1.2333333333333343,-1.0,1,Fewer transfers
中山國中站,幸福站,3,1,63.71666666666667,8.0,2,37.1,13.0,3,26.616666666666667,5.0,1,Fewer transfers
中山國中站,復興崗站,2,1,45.63333333333333,5.0,1,36.96666666666667,8.0,2,8.666666666666664,3.0,1,Fewer transfers
中山國中站,忠義站,2,1,48.03333333333333,5.0,1,39.36666666666667,8.0,2,8.666666666666664,3.0,1,Fewer transfers
中山國中站,新北投站,2,1,48.55,8.0,2,39.88333333333333,11.0,3,8.666666666666664,3.0,1,Fewer transfers
中山國中站,新北產業園區站,2,1,40.96666666666667,14.0,2,39.73333333333333,13.0,3,1.2333333333333414,-1.0,1,Fewer transfers
中山國中站,新北產業園區站,3,1,66.35,8.0,2,39.73333333333333,13.0,3,26.616666666666667,5.0,1,Fewer transfers
中山國中站,新埔民生站,2,1,37.9,13.0,3,33.36666666666667,14.0,2,4.533333333333331,1.0,-1,More transfers
中山國中站,新埔民生站,3,1,58.75,8.0,2,33.36666666666667,14.0,2,25.383333333333333,6.0,0,Same transfers
中山國中站,明德站,2,1,35.5,5.0,1,26.83333333333333,8.0,2,8.666666666666671,3.0,1,Fewer transfers
中山國中站,景平站,2,1,40.266666666666666,8.0,2,35.03333333333333,13.0,3,5.233333333333334,5.0,1,Fewer transfers
中山國中站,板新站,2,1,42.9,13.0,3,40.18333333333333,14.0,2,2.7166666666666686,1.0,-1,More transfers
中山國中站,板新站,3,1,51.93333333333333,8.0,2,40.18333333333333,14.0,2,11.75,6.0,0,Same transfers
中山國中站,橋和站,2,1,44.06666666666667,14.0,2,39.016666666666666,13.0,3,5.050000000000004,-1.0,1,Fewer transfers
中山國中站,橋和站,3,1,48.05,8.0,2,39.016666666666666,13.0,3,9.033333333333331,5.0,1,Fewer transfers
中山國中站,民權西路站,2,1,25.23333333333333,5.0,1,15.783333333333331,7.0,2,9.45,2.0,1,Fewer transfers
中山國中站,淡水站,2,1,58.95,5.0,1,50.28333333333333,8.0,2,8.666666666666671,3.0,1,Fewer transfers
中山國中站,石牌站,2,1,37.0,5.0,1,28.33333333333333,8.0,2,8.666666666666671,3.0,1,Fewer transfers
中山國中站,秀朗橋站,2,1,38.56666666666667,8.0,2,36.766666666666666,13.0,3,1.8000000000000043,5.0,1,Fewer transfers
中山國中站,竹圍站,2,1,52.766666666666666,5.0,1,44.1,8.0,2,8.666666666666664,3.0,1,Fewer transfers
中山國中站,紅樹林站,2,1,55.583333333333336,5.0,1,46.91666666666666,8.0,2,8.666666666666679,3.0,1,Fewer transfers
中山國中站,芝山站,2,1,33.733333333333334,5.0,1,25.066666666666663,8.0,2,8.666666666666671,3.0,1,Fewer transfers
中山國中站,關渡站,2,1,49.81666666666667,5.0,1,41.15,8.0,2,8.666666666666671,3.0,1,Fewer transfers
中山國中站,雙連站,2,1,23.73333333333333,5.0,1,15.066666666666666,8.0,2,8.666666666666664,3.0,1,Fewer transfers
中山國小站,中原站,2,1,43.48333333333333,5.0,2,32.4,6.0,1,11.083333333333329,1.0,-1,More transfers
中山國小站,中和站,2,1,39.71666666666667,5.0,2,30.183333333333334,6.0,1,9.533333333333335,1.0,-1,More transfers
中山國小站,中山站,2,1,7.75,2.0,1,7.233333333333333,3.0,1,0.5166666666666666,1.0,0,Same transfers
中山國小站,中正紀念堂站,2,1,13.916666666666666,2.0,1,12.6,3.0,1,1.3166666666666664,1.0,0,Same transfers
中山國小站,劍潭站,2,1,26.666666666666668,2.0,1,8.55,3.0,1,18.116666666666667,1.0,0,Same transfers
中山國小站,北投站,2,1,40.016666666666666,2.0,1,21.9,3.0,1,18.116666666666667,1.0,0,Same transfers
中山國小站,十四張站,2,1,32.31666666666667,6.0,1,30.15,5.0,2,2.1666666666666714,-1.0,1,Fewer transfers
中山國小站,台北車站,2,1,11.133333333333333,2.0,1,8.866666666666667,3.0,1,2.2666666666666657,1.0,0,Same transfers
中山國小站,台大醫院站,2,1,16.0,2.0,1,10.566666666666666,3.0,1,5.433333333333334,1.0,0,Same transfers
中山國小站,唭哩岸站,2,1,36.35,2.0,1,18.23333333333333,3.0,1,18.11666666666667,1.0,0,Same transfers
中山國小站,圓山站,2,1,24.316666666666663,2.0,1,6.2,3.0,1,18.116666666666664,1.0,0,Same transfers
中山國小站,士林站,2,1,28.8,2.0,1,10.683333333333334,3.0,1,18.116666666666667,1.0,0,Same transfers
中山國小站,奇岩站,2,1,38.05,2.0,1,19.933333333333334,3.0,1,18.116666666666664,1.0,0,Same transfers
中山國小站,幸福站,2,1,57.53333333333333,5.0,2,22.516666666666666,6.0,1,35.016666666666666,1.0,-1,More transfers
中山國小站,復興崗站,2,1,42.71666666666667,2.0,1,24.6,3.0,1,18.116666666666667,1.0,0,Same transfers
中山國小站,忠義站,2,1,45.11666666666667,2.0,1,27.0,3.0,1,18.116666666666667,1.0,0,Same transfers
中山國小站,新北投站,2,1,45.63333333333333,5.0,2,27.516666666666666,6.0,2,18.116666666666667,1.0,0,Same transfers
中山國小站,新北產業園區站,2,1,60.16666666666666,5.0,2,25.15,6.0,1,35.01666666666666,1.0,-1,More transfers
中山國小站,新埔民生站,2,1,52.56666666666667,5.0,2,23.316666666666663,6.0,1,29.250000000000007,1.0,-1,More transfers
中山國小站,明德站,2,1,32.583333333333336,2.0,1,14.466666666666669,3.0,1,18.116666666666667,1.0,0,Same transfers
中山國小站,景平站,2,1,34.083333333333336,5.0,2,28.35,6.0,1,5.733333333333334,1.0,-1,More transfers
中山國小站,板新站,2,1,45.75,5.0,2,30.133333333333333,6.0,1,15.616666666666667,1.0,-1,More transfers
中山國小站,橋和站,2,1,41.86666666666667,5.0,2,32.333333333333336,6.0,1,9.533333333333331,1.0,-1,More transfers
中山國小站,淡水站,2,1,56.03333333333333,2.0,1,37.91666666666666,3.0,1,18.116666666666674,1.0,0,Same transfers
中山國小站,石牌站,2,1,34.083333333333336,2.0,1,15.966666666666669,3.0,1,18.116666666666667,1.0,0,Same transfers
中山國小站,秀朗橋站,2,1,32.38333333333333,5.0,2,30.08333333333333,6.0,1,2.3000000000000043,1.0,-1,More transfers
中山國小站,竹圍站,2,1,49.85,2.0,1,31.73333333333333,3.0,1,18.11666666666667,1.0,0,Same transfers
中山國小站,紅樹林站,2,1,52.66666666666666,2.0,1,34.55,3.0,1,18.11666666666666,1.0,0,Same transfers
中山國小站,芝山站,2,1,30.816666666666663,2.0,1,12.7,3.0,1,18.116666666666664,1.0,0,Same transfers
中山國小站,關渡站,2,1,46.9,2.0,1,28.78333333333333,3.0,1,18.116666666666667,1.0,0,Same transfers
中山國小站,雙連站,2,1,20.816666666666663,2.0,1,5.7,3.0,1,15.116666666666664,1.0,0,Same transfers
中山站,七張站,2,1,21.55,0.0,0,20.916666666666668,2.0,1,0.6333333333333329,2.0,1,Fewer transfers
中山站,三和國中站,2,1,16.266666666666666,2.0,1,12.433333333333334,3.0,1,3.833333333333332,1.0,0,Same transfers
中山站,三民高中站,2,1,20.0,2.0,1,16.166666666666668,3.0,1,3.833333333333332,1.0,0,Same transfers
中山站,三重國小站,2,1,14.066666666666666,2.0,1,10.233333333333333,3.0,1,3.833333333333334,1.0,0,Same transfers
中山站,三重站,2,1,17.516666666666666,2.0,1,13.683333333333334,3.0,1,3.833333333333332,1.0,0,Same transfers
中山站,中原站,2,1,32.38333333333333,10.0,3,31.766666666666666,11.0,2,0.6166666666666671,1.0,-1,More transfers
中山站,中原站,3,1,33.016666666666666,8.0,2,31.766666666666666,11.0,2,1.25,3.0,0,Same transfers
中山站,中原站,4,1,37.91666666666666,5.0,2,31.766666666666666,11.0,2,6.1499999999999915,6.0,0,Same transfers
中山站,中原站,5,1,38.55,3.0,1,31.766666666666666,11.0,2,6.783333333333331,8.0,1,Fewer transfers
中山站,中和站,2,1,29.25,8.0,2,28.616666666666667,10.0,3,0.6333333333333329,2.0,1,Fewer transfers
中山站,中和站,3,1,34.15,5.0,2,28.616666666666667,10.0,3,5.533333333333331,5.0,1,Fewer transfers
中山站,中和站,4,1,34.78333333333333,3.0,1,28.616666666666667,10.0,3,6.166666666666664,7.0,2,Fewer transfers
中山站,中山國小站,2,1,7.666666666666667,2.0,1,7.283333333333333,3.0,1,0.38333333333333375,1.0,0,Same transfers
中山站,丹鳳站,2,1,29.5,2.0,1,25.666666666666668,3.0,1,3.833333333333332,1.0,0,Same transfers
中山站,先嗇宮站,2,1,20.3,2.0,1,16.466666666666665,3.0,1,3.8333333333333357,1.0,0,Same transfers
中山站,公館站,2,1,13.366666666666667,0.0,0,12.733333333333333,2.0,1,0.6333333333333346,2.0,1,Fewer transfers
中山站,十四張站,2,1,25.216666666666665,3.0,1,24.58333333333333,5.0,2,0.6333333333333364,2.0,1,Fewer transfers
中山站,南勢角站,2,1,21.516666666666666,2.0,1,20.883333333333333,4.0,2,0.6333333333333329,2.0,1,Fewer transfers
中山站,南港展覽館站,2,1,26.383333333333333,4.0,1,25.65,4.0,2,0.7333333333333343,0.0,1,Fewer transfers
中山站,南港展覽館站,3,1,29.666666666666668,2.0,1,25.65,4.0,2,4.016666666666669,2.0,1,Fewer transfers
中山站,南港站,2,1,24.116666666666667,4.0,1,23.383333333333333,4.0,2,0.7333333333333343,0.0,1,Fewer transfers
中山站,南港站,3,1,27.4,2.0,1,23.383333333333333,4.0,2,4.016666666666666,2.0,1,Fewer transfers
中山站,南港軟體園區站,2,1,32.68333333333333,9.0,2,31.95,9.0,3,0.7333333333333307,0.0,1,Fewer transfers
中山站,南港軟體園區站,3,1,33.95,5.0,1,31.95,9.0,3,2.0000000000000036,4.0,2,Fewer transfers
中山站,古亭站,2,1,9.583333333333334,0.0,0,8.95,2.0,1,0.6333333333333346,2.0,1,Fewer transfers
中山站,台北橋站,2,1,13.666666666666666,2.0,1,9.833333333333334,3.0,1,3.833333333333332,1.0,0,Same transfers
中山站,台電大樓站,2,1,11.55,0.0,0,10.916666666666666,2.0,1,0.6333333333333346,2.0,1,Fewer transfers
中山站,善導寺站,2,1,10.216666666666669,2.0,1,6.933333333333334,4.0,1,3.283333333333335,2.0,0,Same transfers
中山站,國父紀念館站,2,1,14.266666666666667,4.0,1,13.533333333333331,4.0,2,0.7333333333333361,0.0,1,Fewer transfers
中山站,國父紀念館站,3,1,17.55,2.0,1,13.533333333333331,4.0,2,4.016666666666669,2.0,1,Fewer transfers
中山站,大坪林站,2,1,19.8,0.0,0,19.166666666666668,2.0,1,0.6333333333333329,2.0,1,Fewer transfers
中山站,大橋頭站,2,1,11.116666666666667,2.0,1,7.283333333333333,3.0,1,3.833333333333334,1.0,0,Same transfers
中山站,小碧潭站,2,1,27.933333333333334,3.0,1,27.3,5.0,2,0.6333333333333329,2.0,1,Fewer transfers
中山站,市政府站,2,1,16.016666666666666,4.0,1,15.283333333333331,4.0,2,0.7333333333333343,0.0,1,Fewer transfers
中山站,市政府站,3,1,19.3,2.0,1,15.283333333333331,4.0,2,4.016666666666669,2.0,1,Fewer transfers
中山站,幸福站,2,1,30.683333333333334,8.0,2,26.85,9.0,2,3.833333333333332,1.0,0,Same transfers
中山站,幸福站,3,1,51.96666666666667,5.0,2,26.85,9.0,2,25.116666666666667,4.0,0,Same transfers
中山站,幸福站,4,1,52.6,3.0,1,26.85,9.0,2,25.75,6.0,1,Fewer transfers
中山站,後山埤站,2,1,19.616666666666667,4.0,1,18.883333333333333,4.0,2,0.7333333333333343,0.0,1,Fewer transfers
中山站,後山埤站,3,1,22.9,2.0,1,18.883333333333333,4.0,2,4.016666666666666,2.0,1,Fewer transfers
中山站,徐匯中學站,2,1,18.05,2.0,1,14.216666666666669,3.0,1,3.833333333333332,1.0,0,Same transfers
中山站,忠孝復興站,2,1,10.866666666666667,4.0,1,10.133333333333333,4.0,2,0.7333333333333343,0.0,1,Fewer transfers
中山站,忠孝復興站,3,1,14.15,2.0,1,10.133333333333333,4.0,2,4.0166666666666675,2.0,1,Fewer transfers
中山站,忠孝敦化站,2,1,12.616666666666667,4.0,1,11.883333333333333,4.0,2,0.7333333333333343,0.0,1,Fewer transfers
中山站,忠孝敦化站,3,1,15.9,2.0,1,11.883333333333333,4.0,2,4.0166666666666675,2.0,1,Fewer transfers
中山站,新北產業園區站,2,1,33.31666666666667,8.0,2,29.48333333333333,9.0,2,3.8333333333333393,1.0,0,Same transfers
中山站,新北產業園區站,3,1,54.6,5.0,2,29.48333333333333,9.0,2,25.11666666666667,4.0,0,Same transfers
中山站,新北產業園區站,4,1,55.23333333333333,3.0,1,29.48333333333333,9.0,2,25.749999999999996,6.0,1,Fewer transfers
中山站,新埔民生站,2,1,27.65,9.0,2,22.683333333333334,11.0,2,4.966666666666665,2.0,0,Same transfers
中山站,新埔民生站,3,1,31.48333333333333,8.0,2,22.683333333333334,11.0,2,8.799999999999997,3.0,0,Same transfers
中山站,新埔民生站,4,1,47.0,5.0,2,22.683333333333334,11.0,2,24.316666666666666,6.0,0,Same transfers
中山站,新埔民生站,5,1,47.63333333333333,3.0,1,22.683333333333334,11.0,2,24.95,8.0,1,Fewer transfers
中山站,新店區公所站,2,1,23.3,0.0,0,22.666666666666668,2.0,1,0.6333333333333329,2.0,1,Fewer transfers
中山站,新店站,2,1,25.566666666666663,0.0,0,24.933333333333334,2.0,1,0.6333333333333293,2.0,1,Fewer transfers
中山站,新莊站,2,1,24.5,2.0,1,20.666666666666668,3.0,1,3.833333333333332,1.0,0,Same transfers
中山站,昆陽站,2,1,21.883333333333333,4.0,1,21.15,4.0,2,0.7333333333333343,0.0,1,Fewer transfers
中山站,昆陽站,3,1,25.166666666666668,2.0,1,21.15,4.0,2,4.016666666666669,2.0,1,Fewer transfers
中山站,景安站,2,1,19.433333333333334,2.0,1,18.8,4.0,2,0.6333333333333329,2.0,1,Fewer transfers
中山站,景平站,2,1,27.416666666666668,8.0,2,26.78333333333333,10.0,3,0.6333333333333364,2.0,1,Fewer transfers
中山站,景平站,3,1,28.516666666666666,5.0,2,26.78333333333333,10.0,3,1.7333333333333343,5.0,1,Fewer transfers
中山站,景平站,4,1,29.15,3.0,1,26.78333333333333,10.0,3,2.366666666666667,7.0,2,Fewer transfers
中山站,景美站,2,1,17.816666666666666,0.0,0,17.183333333333334,2.0,1,0.6333333333333329,2.0,1,Fewer transfers
中山站,板新站,2,1,34.46666666666667,9.0,2,29.5,11.0,2,4.966666666666669,2.0,0,Same transfers
中山站,板新站,3,1,35.28333333333333,8.0,2,29.5,11.0,2,5.783333333333331,3.0,0,Same transfers
中山站,板新站,4,1,40.18333333333333,5.0,2,29.5,11.0,2,10.68333333333333,6.0,0,Same transfers
中山站,板新站,5,1,40.81666666666667,3.0,1,29.5,11.0,2,11.31666666666667,8.0,1,Fewer transfers
中山站,橋和站,2,1,31.4,8.0,2,30.766666666666666,10.0,3,0.6333333333333329,2.0,1,Fewer transfers
中山站,橋和站,3,1,36.3,5.0,2,30.766666666666666,10.0,3,5.533333333333331,5.0,1,Fewer transfers
中山站,橋和站,4,1,36.93333333333333,3.0,1,30.766666666666666,10.0,3,6.166666666666664,7.0,2,Fewer transfers
中山站,永安市場站,2,1,17.45,2.0,1,16.816666666666666,4.0,2,0.6333333333333329,2.0,1,Fewer transfers
中山站,永春站,2,1,17.933333333333334,4.0,1,17.2,4.0,2,0.7333333333333343,0.0,1,Fewer transfers
中山站,永春站,3,1,21.216666666666665,2.0,1,17.2,4.0,2,4.016666666666666,2.0,1,Fewer transfers
中山站,秀朗橋站,2,1,27.45,3.0,1,26.816666666666663,5.0,2,0.6333333333333364,2.0,1,Fewer transfers
中山站,菜寮站,2,1,15.7,2.0,1,11.866666666666667,3.0,1,3.833333333333332,1.0,0,Same transfers
中山站,萬隆站,2,1,15.883333333333333,0.0,0,15.25,2.0,1,0.6333333333333329,2.0,1,Fewer transfers
中山站,蘆洲站,2,1,22.266666666666666,2.0,1,18.433333333333334,3.0,1,3.833333333333332,1.0,0,Same transfers
中山站,輔大站,2,1,27.2,2.0,1,23.366666666666667,3.0,1,3.833333333333332,1.0,0,Same transfers
中山站,迴龍站,2,1,32.71666666666667,2.0,1,28.883333333333333,3.0,1,3.8333333333333357,1.0,0,Same transfers
中山站,頂溪站,2,1,15.25,2.0,1,14.616666666666667,4.0,2,0.6333333333333329,2.0,1,Fewer transfers
中山站,頭前庄站,2,1,22.516666666666666,2.0,1,18.683333333333334,3.0,1,3.833333333333332,1.0,0,Same transfers
中正紀念堂站,三和國中站,2,1,22.566666666666663,2.0,1,17.8,3.0,1,4.766666666666662,1.0,0,Same transfers
中正紀念堂站,三民高中站,2,1,26.3,2.0,1,21.53333333333333,3.0,1,4.766666666666669,1.0,0,Same transfers
中正紀念堂站,三重國小站,2,1,20.366666666666667,2.0,1,15.6,3.0,1,4.7666666666666675,1.0,0,Same transfers
中正紀念堂站,三重站,2,1,23.816666666666663,2.0,1,19.05,3.0,1,4.766666666666662,1.0,0,Same transfers
中正紀念堂站,中原站,2,1,30.416666666666668,3.0,1,24.883333333333333,8.0,2,5.533333333333335,5.0,1,Fewer transfers
中正紀念堂站,中和站,2,1,26.65,3.0,1,21.116666666666667,8.0,2,5.533333333333331,5.0,1,Fewer transfers
中正紀念堂站,中山國小站,2,1,13.966666666666669,2.0,1,12.65,3.0,1,1.3166666666666682,1.0,0,Same transfers
中正紀念堂站,丹鳳站,2,1,35.8,2.0,1,31.03333333333333,3.0,1,4.766666666666666,1.0,0,Same transfers
中正紀念堂站,先嗇宮站,2,1,26.6,2.0,1,21.83333333333333,3.0,1,4.766666666666673,1.0,0,Same transfers
中正紀念堂站,南港展覽館站,2,1,28.4,4.0,1,27.416666666666668,4.0,2,0.9833333333333307,0.0,1,Fewer transfers
中正紀念堂站,南港展覽館站,3,1,28.933333333333334,2.0,1,27.416666666666668,4.0,2,1.5166666666666657,2.0,1,Fewer transfers
中正紀念堂站,南港站,2,1,26.133333333333333,4.0,1,25.15,4.0,2,0.9833333333333343,0.0,1,Fewer transfers
中正紀念堂站,南港站,3,1,26.666666666666668,2.0,1,25.15,4.0,2,1.5166666666666693,2.0,1,Fewer transfers
中正紀念堂站,南港軟體園區站,2,1,34.7,9.0,2,33.71666666666667,9.0,3,0.9833333333333343,0.0,1,Fewer transfers
中正紀念堂站,南港軟體園區站,3,1,35.233333333333334,7.0,2,33.71666666666667,9.0,3,1.5166666666666657,2.0,1,Fewer transfers
中正紀念堂站,南港軟體園區站,4,1,40.3,5.0,1,33.71666666666667,9.0,3,6.583333333333329,4.0,2,Fewer transfers
中正紀念堂站,台北橋站,2,1,19.966666666666665,2.0,1,15.2,3.0,1,4.766666666666666,1.0,0,Same transfers
中正紀念堂站,善導寺站,2,1,9.483333333333333,2.0,1,8.95,4.0,1,0.5333333333333332,2.0,0,Same transfers
中正紀念堂站,國父紀念館站,2,1,16.283333333333335,4.0,1,15.3,4.0,2,0.9833333333333343,0.0,1,Fewer transfers
中正紀念堂站,國父紀念館站,3,1,16.816666666666666,2.0,1,15.3,4.0,2,1.5166666666666657,2.0,1,Fewer transfers
中正紀念堂站,大橋頭站,2,1,17.416666666666668,2.0,1,12.65,3.0,1,4.7666666666666675,1.0,0,Same transfers
中正紀念堂站,市政府站,2,1,18.03333333333333,4.0,1,17.05,4.0,2,0.9833333333333307,0.0,1,Fewer transfers
中正紀念堂站,市政府站,3,1,18.566666666666663,2.0,1,17.05,4.0,2,1.5166666666666622,2.0,1,Fewer transfers
中正紀念堂站,幸福站,2,1,32.21666666666667,9.0,2,26.916666666666668,11.0,2,5.300000000000001,2.0,0,Same transfers
中正紀念堂站,幸福站,3,1,36.98333333333333,8.0,2,26.916666666666668,11.0,2,10.06666666666666,3.0,0,Same transfers
中正紀念堂站,幸福站,4,1,44.46666666666667,3.0,1,26.916666666666668,11.0,2,17.55,8.0,1,Fewer transfers
中正紀念堂站,後山埤站,2,1,21.633333333333333,4.0,1,20.65,4.0,2,0.9833333333333343,0.0,1,Fewer transfers
中正紀念堂站,後山埤站,3,1,22.166666666666668,2.0,1,20.65,4.0,2,1.5166666666666693,2.0,1,Fewer transfers
中正紀念堂站,徐匯中學站,2,1,24.35,2.0,1,19.58333333333333,3.0,1,4.766666666666673,1.0,0,Same transfers
中正紀念堂站,忠孝復興站,2,1,12.883333333333333,4.0,1,11.9,4.0,2,0.9833333333333325,0.0,1,Fewer transfers
中正紀念堂站,忠孝復興站,3,1,13.416666666666666,2.0,1,11.9,4.0,2,1.5166666666666657,2.0,1,Fewer transfers
中正紀念堂站,忠孝敦化站,2,1,14.633333333333333,4.0,1,13.65,4.0,2,0.9833333333333325,0.0,1,Fewer transfers
中正紀念堂站,忠孝敦化站,3,1,15.166666666666666,2.0,1,13.65,4.0,2,1.5166666666666657,2.0,1,Fewer transfers
中正紀念堂站,新北產業園區站,2,1,34.85,9.0,2,29.55,11.0,2,5.300000000000001,2.0,0,Same transfers
中正紀念堂站,新北產業園區站,3,1,39.61666666666667,8.0,2,29.55,11.0,2,10.066666666666666,3.0,0,Same transfers
中正紀念堂站,新北產業園區站,4,1,47.1,3.0,1,29.55,11.0,2,17.55,8.0,1,Fewer transfers
中正紀念堂站,新埔民生站,2,1,33.016666666666666,9.0,2,21.95,11.0,2,11.066666666666666,2.0,0,Same transfers
中正紀念堂站,新埔民生站,3,1,33.96666666666667,8.0,2,21.95,11.0,2,12.01666666666667,3.0,0,Same transfers
中正紀念堂站,新埔民生站,4,1,39.5,3.0,1,21.95,11.0,2,17.55,8.0,1,Fewer transfers
中正紀念堂站,新莊站,2,1,30.8,2.0,1,26.03333333333333,3.0,1,4.766666666666669,1.0,0,Same transfers
中正紀念堂站,昆陽站,2,1,23.9,4.0,1,22.916666666666668,4.0,2,0.9833333333333307,0.0,1,Fewer transfers
中正紀念堂站,昆陽站,3,1,24.433333333333334,2.0,1,22.916666666666668,4.0,2,1.5166666666666657,2.0,1,Fewer transfers
中正紀念堂站,景平站,2,1,21.016666666666666,3.0,1,19.28333333333333,8.0,2,1.7333333333333343,5.0,1,Fewer transfers
中正紀念堂站,東湖站,2,1,36.53333333333333,9.0,2,35.55,9.0,3,0.9833333333333343,0.0,1,Fewer transfers
中正紀念堂站,東湖站,3,1,37.06666666666667,7.0,2,35.55,9.0,3,1.5166666666666728,2.0,1,Fewer transfers
中正紀念堂站,東湖站,4,1,38.46666666666667,5.0,1,35.55,9.0,3,2.9166666666666714,4.0,2,Fewer transfers
中正紀念堂站,板新站,2,1,32.68333333333333,3.0,1,27.15,8.0,2,5.533333333333331,5.0,1,Fewer transfers
中正紀念堂站,橋和站,2,1,28.8,3.0,1,23.266666666666666,8.0,2,5.533333333333335,5.0,1,Fewer transfers
中正紀念堂站,永春站,2,1,19.95,4.0,1,18.966666666666665,4.0,2,0.9833333333333343,0.0,1,Fewer transfers
中正紀念堂站,永春站,3,1,20.48333333333333,2.0,1,18.966666666666665,4.0,2,1.5166666666666657,2.0,1,Fewer transfers
中正紀念堂站,菜寮站,2,1,22.0,2.0,1,17.233333333333334,3.0,1,4.766666666666666,1.0,0,Same transfers
中正紀念堂站,蘆洲站,2,1,28.566666666666663,2.0,1,23.8,3.0,1,4.766666666666662,1.0,0,Same transfers
中正紀念堂站,輔大站,2,1,33.5,2.0,1,28.73333333333333,3.0,1,4.766666666666669,1.0,0,Same transfers
中正紀念堂站,迴龍站,2,1,39.016666666666666,2.0,1,34.25,3.0,1,4.766666666666666,1.0,0,Same transfers
中正紀念堂站,頭前庄站,2,1,28.816666666666663,2.0,1,24.05,3.0,1,4.766666666666662,1.0,0,Same transfers
丹鳳站,七張站,2,1,47.03333333333333,5.0,2,45.53333333333333,9.0,2,1.5,4.0,0,Same transfers
丹鳳站,七張站,3,1,48.31666666666667,2.0,1,45.53333333333333,9.0,2,2.7833333333333385,7.0,1,Fewer transfers
丹鳳站,中原站,2,1,65.31666666666666,5.0,2,24.616666666666667,6.0,1,40.699999999999996,1.0,-1,More transfers
丹鳳站,中和站,2,1,61.55,5.0,2,28.383333333333333,6.0,1,33.166666666666664,1.0,-1,More transfers
丹鳳站,中山站,2,1,29.58333333333333,2.0,1,25.616666666666667,3.0,1,3.9666666666666615,1.0,0,Same transfers
丹鳳站,中正紀念堂站,2,1,35.75,2.0,1,30.98333333333333,3.0,1,4.766666666666669,1.0,0,Same transfers
丹鳳站,亞東醫院站,2,1,47.8,7.0,2,30.53333333333333,15.0,2,17.266666666666666,8.0,0,Same transfers
丹鳳站,亞東醫院站,3,1,49.516666666666666,2.0,1,30.53333333333333,15.0,2,18.983333333333334,13.0,1,Fewer transfers
丹鳳站,公館站,2,1,40.13333333333333,2.0,1,38.85,5.0,2,1.2833333333333314,3.0,1,Fewer transfers
丹鳳站,劍潭站,2,1,48.5,2.0,1,26.933333333333334,3.0,1,21.566666666666666,1.0,0,Same transfers
丹鳳站,北投站,2,1,61.85,2.0,1,40.28333333333333,3.0,1,21.56666666666667,1.0,0,Same transfers
丹鳳站,北門站,2,1,32.1,2.0,1,31.133333333333333,6.0,2,0.9666666666666686,4.0,1,Fewer transfers
丹鳳站,十四張站,2,1,51.98333333333333,5.0,2,37.98333333333333,6.0,1,14.0,1.0,-1,More transfers
丹鳳站,南勢角站,2,1,44.28333333333333,0.0,0,40.11666666666667,12.0,2,4.166666666666664,12.0,2,Fewer transfers
丹鳳站,台北車站,2,1,32.96666666666667,2.0,1,27.25,3.0,1,5.716666666666669,1.0,0,Same transfers
丹鳳站,台大醫院站,2,1,37.833333333333336,2.0,1,28.95,3.0,1,8.883333333333336,1.0,0,Same transfers
丹鳳站,台電大樓站,2,1,38.31666666666667,2.0,1,37.03333333333333,5.0,2,1.2833333333333385,3.0,1,Fewer transfers
丹鳳站,唭哩岸站,2,1,58.18333333333333,2.0,1,36.61666666666667,3.0,1,21.566666666666663,1.0,0,Same transfers
丹鳳站,圓山站,2,1,46.15,2.0,1,24.58333333333333,3.0,1,21.56666666666667,1.0,0,Same transfers
丹鳳站,土城站,2,1,52.8,7.0,2,35.53333333333333,15.0,2,17.266666666666666,8.0,0,Same transfers
丹鳳站,土城站,3,1,54.516666666666666,2.0,1,35.53333333333333,15.0,2,18.983333333333334,13.0,1,Fewer transfers
丹鳳站,士林站,2,1,50.63333333333333,2.0,1,29.066666666666663,3.0,1,21.56666666666667,1.0,0,Same transfers
丹鳳站,大坪林站,2,1,45.28333333333333,5.0,2,40.78333333333333,6.0,1,4.5,1.0,-1,More transfers
丹鳳站,大坪林站,3,1,46.56666666666667,2.0,1,40.78333333333333,6.0,1,5.7833333333333385,4.0,0,Same transfers
丹鳳站,奇岩站,2,1,59.88333333333333,2.0,1,38.31666666666667,3.0,1,21.566666666666663,1.0,0,Same transfers
丹鳳站,小南門站,2,1,35.95,2.0,1,34.88333333333333,5.0,2,1.06666666666667,3.0,1,Fewer transfers
丹鳳站,小碧潭站,2,1,53.41666666666666,8.0,3,51.91666666666666,12.0,3,1.5,4.0,0,Same transfers
丹鳳站,小碧潭站,3,1,54.7,5.0,2,51.91666666666666,12.0,3,2.7833333333333456,7.0,1,Fewer transfers
丹鳳站,幸福站,2,1,79.36666666666666,5.0,2,14.733333333333333,6.0,1,64.63333333333333,1.0,-1,More transfers
丹鳳站,府中站,2,1,45.63333333333333,7.0,2,28.366666666666667,15.0,2,17.266666666666666,8.0,0,Same transfers
丹鳳站,府中站,3,1,47.35,2.0,1,28.366666666666667,15.0,2,18.983333333333334,13.0,1,Fewer transfers
丹鳳站,復興崗站,2,1,64.55,2.0,1,42.98333333333333,3.0,1,21.56666666666667,1.0,0,Same transfers
丹鳳站,忠義站,2,1,66.95,2.0,1,45.38333333333333,3.0,1,21.56666666666667,1.0,0,Same transfers
丹鳳站,新北投站,2,1,67.46666666666667,5.0,2,45.9,6.0,2,21.56666666666667,1.0,0,Same transfers
丹鳳站,新北產業園區站,2,1,82.0,5.0,2,17.366666666666667,6.0,1,64.63333333333333,1.0,-1,More transfers
丹鳳站,新埔民生站,2,1,74.4,5.0,2,15.533333333333331,6.0,1,58.866666666666674,1.0,-1,More transfers
丹鳳站,新埔站,2,1,41.8,7.0,2,24.53333333333333,15.0,2,17.266666666666666,8.0,0,Same transfers
丹鳳站,新埔站,3,1,43.516666666666666,2.0,1,24.53333333333333,15.0,2,18.983333333333334,13.0,1,Fewer transfers
丹鳳站,新店區公所站,2,1,48.78333333333333,5.0,2,47.28333333333333,9.0,2,1.5,4.0,0,Same transfers
丹鳳站,新店區公所站,3,1,50.06666666666667,2.0,1,47.28333333333333,9.0,2,2.7833333333333385,7.0,1,Fewer transfers
丹鳳站,新店站,2,1,51.05,5.0,2,49.55,9.0,2,1.5,4.0,0,Same transfers
丹鳳站,新店站,3,1,52.333333333333336,2.0,1,49.55,9.0,2,2.7833333333333385,7.0,1,Fewer transfers
丹鳳站,明德站,2,1,54.41666666666666,2.0,1,32.85,3.0,1,21.566666666666656,1.0,0,Same transfers
丹鳳站,景安站,2,1,42.2,0.0,0,32.03333333333333,6.0,1,10.166666666666671,6.0,1,Fewer transfers
丹鳳站,景平站,2,1,55.91666666666666,5.0,2,34.016666666666666,6.0,1,21.89999999999999,1.0,-1,More transfers
丹鳳站,景美站,2,1,44.583333333333336,2.0,1,43.3,5.0,2,1.2833333333333385,3.0,1,Fewer transfers
丹鳳站,板新站,2,1,67.58333333333333,5.0,2,22.35,6.0,1,45.23333333333333,1.0,-1,More transfers
丹鳳站,板橋站,2,1,45.766666666666666,2.0,1,19.133333333333333,6.0,1,26.633333333333333,4.0,0,Same transfers
丹鳳站,橋和站,2,1,63.7,5.0,2,26.23333333333333,6.0,1,37.46666666666667,1.0,-1,More transfers
丹鳳站,永安市場站,2,1,40.21666666666667,0.0,0,40.0,12.0,2,0.21666666666666856,12.0,2,Fewer transfers
丹鳳站,永寧站,2,1,54.81666666666667,7.0,2,37.55,15.0,2,17.266666666666673,8.0,0,Same transfers
丹鳳站,永寧站,3,1,56.53333333333333,2.0,1,37.55,15.0,2,18.983333333333334,13.0,1,Fewer transfers
丹鳳站,江子翠站,2,1,40.05,7.0,2,26.28333333333333,15.0,2,13.766666666666666,8.0,0,Same transfers
丹鳳站,江子翠站,3,1,41.766666666666666,2.0,1,26.28333333333333,15.0,2,15.483333333333334,13.0,1,Fewer transfers
丹鳳站,海山站,2,1,50.6,7.0,2,33.333333333333336,15.0,2,17.266666666666666,8.0,0,Same transfers
丹鳳站,海山站,3,1,52.31666666666667,2.0,1,33.333333333333336,15.0,2,18.983333333333334,13.0,1,Fewer transfers
丹鳳站,淡水站,2,1,77.86666666666666,2.0,1,56.3,3.0,1,21.566666666666663,1.0,0,Same transfers
丹鳳站,石牌站,2,1,55.91666666666666,2.0,1,34.35,3.0,1,21.566666666666656,1.0,0,Same transfers
丹鳳站,秀朗橋站,2,1,54.21666666666667,5.0,2,35.75,6.0,1,18.46666666666667,1.0,-1,More transfers
丹鳳站,竹圍站,2,1,71.68333333333334,2.0,1,50.11666666666667,3.0,1,21.56666666666667,1.0,0,Same transfers
丹鳳站,紅樹林站,2,1,74.5,2.0,1,52.93333333333333,3.0,1,21.56666666666667,1.0,0,Same transfers
丹鳳站,芝山站,2,1,52.65,2.0,1,31.08333333333333,3.0,1,21.56666666666667,1.0,0,Same transfers
丹鳳站,萬隆站,2,1,42.65,2.0,1,41.36666666666667,5.0,2,1.2833333333333314,3.0,1,Fewer transfers
丹鳳站,西門站,2,1,33.03333333333333,6.0,2,32.266666666666666,15.0,2,0.7666666666666657,9.0,0,Same transfers
丹鳳站,西門站,3,1,34.0,2.0,1,32.266666666666666,15.0,2,1.7333333333333343,13.0,1,Fewer transfers
丹鳳站,關渡站,2,1,68.73333333333333,2.0,1,47.16666666666666,3.0,1,21.566666666666677,1.0,0,Same transfers
丹鳳站,雙連站,2,1,42.65,2.0,1,24.08333333333333,3.0,1,18.56666666666667,1.0,0,Same transfers
丹鳳站,頂埔站,2,1,58.28333333333333,7.0,2,41.016666666666666,15.0,2,17.266666666666666,8.0,0,Same transfers
丹鳳站,頂埔站,3,1,60.0,2.0,1,41.016666666666666,15.0,2,18.983333333333334,13.0,1,Fewer transfers
丹鳳站,龍山寺站,2,1,36.36666666666667,7.0,2,29.95,15.0,2,6.416666666666668,8.0,0,Same transfers
丹鳳站,龍山寺站,3,1,38.083333333333336,2.0,1,29.95,15.0,2,8.133333333333336,13.0,1,Fewer transfers
亞東醫院站,三和國中站,2,1,36.25,2.0,1,34.5,7.0,2,1.75,5.0,1,Fewer transfers
亞東醫院站,三民高中站,2,1,39.98333333333333,2.0,1,38.23333333333333,7.0,2,1.75,5.0,1,Fewer transfers
亞東醫院站,三重國小站,2,1,34.05,2.0,1,32.3,7.0,2,1.75,5.0,1,Fewer transfers
亞東醫院站,三重站,2,1,35.75,7.0,2,28.33333333333333,15.0,2,7.416666666666671,8.0,0,Same transfers
亞東醫院站,三重站,3,1,37.5,2.0,1,28.33333333333333,15.0,2,9.166666666666671,13.0,1,Fewer transfers
亞東醫院站,中原站,2,1,23.616666666666667,9.0,1,19.766666666666666,11.0,1,3.8500000000000014,2.0,0,Same transfers
亞東醫院站,中原站,3,1,49.766666666666666,8.0,2,19.766666666666666,11.0,1,30.0,3.0,-1,More transfers
亞東醫院站,中原站,4,1,49.98333333333333,5.0,2,19.766666666666666,11.0,1,30.21666666666666,6.0,-1,More transfers
亞東醫院站,中和站,2,1,27.383333333333333,9.0,1,23.53333333333333,11.0,1,3.8500000000000014,2.0,0,Same transfers
亞東醫院站,中和站,3,1,46.0,8.0,2,23.53333333333333,11.0,1,22.46666666666667,3.0,-1,More transfers
亞東醫院站,中和站,4,1,46.21666666666667,5.0,2,23.53333333333333,11.0,1,22.683333333333337,6.0,-1,More transfers
亞東醫院站,丹鳳站,2,1,47.73333333333333,7.0,2,30.316666666666663,15.0,2,17.416666666666664,8.0,0,Same transfers
亞東醫院站,丹鳳站,3,1,49.48333333333333,2.0,1,30.316666666666663,15.0,2,19.166666666666664,13.0,1,Fewer transfers
亞東醫院站,信義安和站,2,1,32.43333333333333,4.0,1,29.78333333333333,4.0,2,2.6499999999999986,0.0,1,Fewer transfers
亞東醫院站,先嗇宮站,2,1,38.53333333333333,7.0,2,25.55,15.0,2,12.98333333333333,8.0,0,Same transfers
亞東醫院站,先嗇宮站,3,1,40.28333333333333,2.0,1,25.55,15.0,2,14.73333333333333,13.0,1,Fewer transfers
亞東醫院站,十四張站,2,1,36.65,5.0,2,33.13333333333333,11.0,1,3.5166666666666657,6.0,-1,More transfers
亞東醫院站,十四張站,3,1,36.98333333333333,9.0,1,33.13333333333333,11.0,1,3.8499999999999943,2.0,0,Same transfers
亞東醫院站,南勢角站,2,1,38.266666666666666,2.0,1,32.95,4.0,2,5.316666666666663,2.0,1,Fewer transfers
亞東醫院站,台北101/世貿站,2,1,34.266666666666666,4.0,1,31.616666666666667,4.0,2,2.6499999999999986,0.0,1,Fewer transfers
亞東醫院站,台北橋站,2,1,33.65,2.0,1,31.9,7.0,2,1.75,5.0,1,Fewer transfers
亞東醫院站,大安森林公園站,2,1,28.75,4.0,1,26.1,4.0,2,2.6499999999999986,0.0,1,Fewer transfers
亞東醫院站,大安站,2,1,28.45,5.0,1,27.78333333333333,4.0,2,0.6666666666666679,-1.0,1,Fewer transfers
亞東醫院站,大安站,3,1,30.433333333333334,4.0,1,27.78333333333333,4.0,2,2.650000000000002,0.0,1,Fewer transfers
亞東醫院站,大橋頭站,2,1,31.1,2.0,1,29.35,7.0,2,1.75,5.0,1,Fewer transfers
亞東醫院站,幸福站,2,1,50.66666666666666,8.0,2,19.5,9.0,1,31.166666666666657,1.0,-1,More transfers
亞東醫院站,幸福站,3,1,64.03333333333333,5.0,2,19.5,9.0,1,44.53333333333333,4.0,-1,More transfers
亞東醫院站,廣慈/奉天宮站,2,1,38.81666666666667,4.0,1,36.16666666666666,4.0,2,2.650000000000013,0.0,1,Fewer transfers
亞東醫院站,徐匯中學站,2,1,38.03333333333333,2.0,1,36.28333333333333,7.0,2,1.75,5.0,1,Fewer transfers
亞東醫院站,新北產業園區站,2,1,53.3,8.0,2,22.133333333333333,9.0,1,31.166666666666664,1.0,-1,More transfers
亞東醫院站,新北產業園區站,3,1,66.66666666666667,5.0,2,22.133333333333333,9.0,1,44.53333333333334,4.0,-1,More transfers
亞東醫院站,新埔民生站,2,1,51.46666666666667,8.0,2,14.533333333333331,9.0,1,36.93333333333334,1.0,-1,More transfers
亞東醫院站,新埔民生站,3,1,59.06666666666667,5.0,2,14.533333333333331,9.0,1,44.53333333333334,4.0,-1,More transfers
亞東醫院站,新莊站,2,1,42.73333333333333,7.0,2,25.316666666666663,15.0,2,17.416666666666664,8.0,0,Same transfers
亞東醫院站,新莊站,3,1,44.48333333333333,2.0,1,25.316666666666663,15.0,2,19.166666666666664,13.0,1,Fewer transfers
亞東醫院站,景安站,2,1,30.866666666666667,4.0,2,27.183333333333334,11.0,1,3.6833333333333336,7.0,-1,More transfers
亞東醫院站,景安站,3,1,31.03333333333333,9.0,1,27.183333333333334,11.0,1,3.849999999999998,2.0,0,Same transfers
亞東醫院站,景安站,4,1,36.18333333333333,2.0,1,27.183333333333334,11.0,1,8.999999999999996,9.0,0,Same transfers
亞東醫院站,景平站,2,1,33.016666666666666,9.0,1,29.166666666666668,11.0,1,3.849999999999998,2.0,0,Same transfers
亞東醫院站,景平站,3,1,40.583333333333336,5.0,2,29.166666666666668,11.0,1,11.416666666666668,6.0,-1,More transfers
亞東醫院站,板新站,2,1,21.35,9.0,1,17.5,11.0,1,3.8500000000000014,2.0,0,Same transfers
亞東醫院站,板新站,3,1,52.03333333333333,8.0,2,17.5,11.0,1,34.53333333333333,3.0,-1,More transfers
亞東醫院站,板新站,4,1,52.25,5.0,2,17.5,11.0,1,34.75,6.0,-1,More transfers
亞東醫院站,橋和站,2,1,25.23333333333333,9.0,1,21.383333333333333,11.0,1,3.849999999999998,2.0,0,Same transfers
亞東醫院站,橋和站,3,1,48.15,8.0,2,21.383333333333333,11.0,1,26.766666666666666,3.0,-1,More transfers
亞東醫院站,橋和站,4,1,48.36666666666667,5.0,2,21.383333333333333,11.0,1,26.983333333333334,6.0,-1,More transfers
亞東醫院站,民權西路站,2,1,29.35,2.0,1,24.6,4.0,1,4.75,2.0,0,Same transfers
亞東醫院站,永安市場站,2,1,34.2,2.0,1,28.883333333333333,4.0,2,5.31666666666667,2.0,1,Fewer transfers
亞東醫院站,秀朗橋站,2,1,34.75,9.0,1,30.9,11.0,1,3.8500000000000014,2.0,0,Same transfers
亞東醫院站,秀朗橋站,3,1,38.88333333333333,5.0,2,30.9,11.0,1,7.983333333333334,6.0,-1,More transfers
亞東醫院站,菜寮站,2,1,33.93333333333333,7.0,2,30.15,15.0,2,3.7833333333333314,8.0,0,Same transfers
亞東醫院站,菜寮站,3,1,35.68333333333333,2.0,1,30.15,15.0,2,5.533333333333331,13.0,1,Fewer transfers
亞東醫院站,蘆洲站,2,1,42.25,2.0,1,40.5,7.0,2,1.75,5.0,1,Fewer transfers
亞東醫院站,象山站,2,1,35.86666666666667,4.0,1,33.21666666666667,4.0,2,2.6499999999999986,0.0,1,Fewer transfers
亞東醫院站,輔大站,2,1,45.43333333333333,7.0,2,28.016666666666666,15.0,2,17.416666666666664,8.0,0,Same transfers
亞東醫院站,輔大站,3,1,47.18333333333333,2.0,1,28.016666666666666,15.0,2,19.166666666666664,13.0,1,Fewer transfers
亞東醫院站,迴龍站,2,1,50.95,7.0,2,33.53333333333333,15.0,2,17.41666666666667,8.0,0,Same transfers
亞東醫院站,迴龍站,3,1,52.7,2.0,1,33.53333333333333,15.0,2,19.16666666666667,13.0,1,Fewer transfers
亞東醫院站,頂溪站,2,1,32.0,2.0,1,26.683333333333334,4.0,2,5.316666666666666,2.0,1,Fewer transfers
亞東醫院站,頭前庄站,2,1,40.75,7.0,2,17.333333333333332,9.0,1,23.416666666666668,2.0,-1,More transfers
亞東醫院站,頭前庄站,3,1,42.5,2.0,1,17.333333333333332,9.0,1,25.166666666666668,7.0,0,Same transfers
信義安和站,中原站,2,1,41.4,5.0,2,32.38333333333333,8.0,2,9.016666666666666,3.0,0,Same transfers
信義安和站,中和站,2,1,37.63333333333333,5.0,2,28.616666666666667,8.0,2,9.016666666666666,3.0,0,Same transfers
信義安和站,亞東醫院站,2,1,32.55,4.0,1,29.933333333333334,4.0,2,2.6166666666666636,0.0,1,Fewer transfers
信義安和站,南京三民站,2,1,20.3,4.0,2,19.48333333333333,10.0,2,0.81666666666667,6.0,0,Same transfers
信義安和站,南京三民站,3,1,25.28333333333333,3.0,1,19.48333333333333,10.0,2,5.800000000000001,7.0,1,Fewer transfers
信義安和站,南京三民站,4,1,27.05,2.0,1,19.48333333333333,10.0,2,7.56666666666667,8.0,1,Fewer transfers
信義安和站,南京復興站,2,1,16.2,4.0,2,10.383333333333333,5.0,1,5.816666666666666,1.0,-1,More transfers
信義安和站,南京復興站,3,1,21.183333333333334,3.0,1,10.383333333333333,5.0,1,10.8,2.0,0,Same transfers
信義安和站,南京復興站,4,1,22.95,2.0,1,10.383333333333333,5.0,1,12.566666666666666,3.0,0,Same transfers
信義安和站,南港展覽館站,2,1,29.433333333333334,4.0,2,28.716666666666665,10.0,2,0.7166666666666686,6.0,0,Same transfers
信義安和站,南港展覽館站,3,1,37.16666666666666,5.0,1,28.716666666666665,10.0,2,8.449999999999992,5.0,1,Fewer transfers
信義安和站,南港展覽館站,4,1,37.25,4.0,1,28.716666666666665,10.0,2,8.533333333333335,6.0,1,Fewer transfers
信義安和站,南港站,2,1,27.166666666666668,4.0,2,26.45,10.0,2,0.7166666666666686,6.0,0,Same transfers
信義安和站,南港站,3,1,34.983333333333334,4.0,1,26.45,10.0,2,8.533333333333335,6.0,1,Fewer transfers
信義安和站,南港軟體園區站,2,1,35.45,5.0,1,35.016666666666666,15.0,3,0.4333333333333371,10.0,2,Fewer transfers
信義安和站,台北小巨蛋站,2,1,18.15,4.0,2,17.333333333333332,10.0,2,0.8166666666666664,6.0,0,Same transfers
信義安和站,台北小巨蛋站,3,1,23.133333333333333,3.0,1,17.333333333333332,10.0,2,5.800000000000001,7.0,1,Fewer transfers
信義安和站,台北小巨蛋站,4,1,24.9,2.0,1,17.333333333333332,10.0,2,7.566666666666666,8.0,1,Fewer transfers
信義安和站,善導寺站,2,1,17.8,4.0,1,13.766666666666667,4.0,2,4.033333333333333,0.0,1,Fewer transfers
信義安和站,國父紀念館站,2,1,17.316666666666666,4.0,2,16.6,10.0,2,0.716666666666665,6.0,0,Same transfers
信義安和站,國父紀念館站,3,1,25.133333333333333,4.0,1,16.6,10.0,2,8.533333333333331,6.0,1,Fewer transfers
信義安和站,土城站,2,1,37.55,4.0,1,34.93333333333333,4.0,2,2.616666666666667,0.0,1,Fewer transfers
信義安和站,市政府站,2,1,19.066666666666663,4.0,2,18.35,10.0,2,0.7166666666666615,6.0,0,Same transfers
信義安和站,市政府站,3,1,26.883333333333333,4.0,1,18.35,10.0,2,8.533333333333331,6.0,1,Fewer transfers
信義安和站,幸福站,2,1,39.0,8.0,2,37.9,13.0,3,1.1000000000000014,5.0,1,Fewer transfers
信義安和站,幸福站,3,1,55.45,5.0,2,37.9,13.0,3,17.550000000000004,8.0,1,Fewer transfers
信義安和站,府中站,2,1,30.383333333333333,4.0,1,27.766666666666666,4.0,2,2.616666666666667,0.0,1,Fewer transfers
信義安和站,後山埤站,2,1,22.666666666666668,4.0,2,21.95,10.0,2,0.7166666666666686,6.0,0,Same transfers
信義安和站,後山埤站,3,1,30.48333333333333,4.0,1,21.95,10.0,2,8.533333333333331,6.0,1,Fewer transfers
信義安和站,忠孝復興站,2,1,13.916666666666666,4.0,2,8.2,5.0,1,5.716666666666667,1.0,-1,More transfers
信義安和站,忠孝復興站,3,1,21.73333333333333,4.0,1,8.2,5.0,1,13.533333333333331,1.0,0,Same transfers
信義安和站,忠孝敦化站,2,1,15.666666666666666,4.0,2,14.95,10.0,2,0.7166666666666668,6.0,0,Same transfers
信義安和站,忠孝敦化站,3,1,23.48333333333333,4.0,1,14.95,10.0,2,8.533333333333331,6.0,1,Fewer transfers
信義安和站,新北產業園區站,2,1,41.63333333333333,8.0,2,40.53333333333333,13.0,3,1.1000000000000014,5.0,1,Fewer transfers
信義安和站,新北產業園區站,3,1,58.083333333333336,5.0,2,40.53333333333333,13.0,3,17.550000000000004,8.0,1,Fewer transfers
信義安和站,新埔民生站,2,1,35.55,13.0,2,32.93333333333333,13.0,3,2.616666666666667,0.0,1,Fewer transfers
信義安和站,新埔民生站,3,1,39.8,8.0,2,32.93333333333333,13.0,3,6.866666666666667,5.0,1,Fewer transfers
信義安和站,新埔民生站,4,1,50.48333333333333,5.0,2,32.93333333333333,13.0,3,17.549999999999997,8.0,1,Fewer transfers
信義安和站,新埔站,2,1,26.55,4.0,1,23.933333333333334,4.0,2,2.616666666666667,0.0,1,Fewer transfers
信義安和站,昆陽站,2,1,24.933333333333334,4.0,2,24.216666666666665,10.0,2,0.7166666666666686,6.0,0,Same transfers
信義安和站,昆陽站,3,1,32.75,4.0,1,24.216666666666665,10.0,2,8.533333333333335,6.0,1,Fewer transfers
信義安和站,景平站,2,1,32.0,5.0,2,26.78333333333333,8.0,2,5.216666666666669,3.0,0,Same transfers
信義安和站,松山站,2,1,23.05,4.0,2,22.23333333333333,10.0,2,0.81666666666667,6.0,0,Same transfers
信義安和站,松山站,3,1,28.03333333333333,3.0,1,22.23333333333333,10.0,2,5.800000000000001,7.0,1,Fewer transfers
信義安和站,松山站,4,1,29.8,2.0,1,22.23333333333333,10.0,2,7.56666666666667,8.0,1,Fewer transfers
信義安和站,板新站,2,1,43.66666666666666,5.0,2,34.65,8.0,2,9.016666666666659,3.0,0,Same transfers
信義安和站,板橋站,2,1,28.8,4.0,1,26.183333333333334,4.0,2,2.616666666666667,0.0,1,Fewer transfers
信義安和站,橋和站,2,1,39.78333333333333,5.0,2,30.766666666666666,8.0,2,9.016666666666666,3.0,0,Same transfers
信義安和站,永寧站,2,1,39.56666666666667,4.0,1,36.95,4.0,2,2.616666666666667,0.0,1,Fewer transfers
信義安和站,永春站,2,1,20.98333333333333,4.0,2,20.266666666666666,10.0,2,0.716666666666665,6.0,0,Same transfers
信義安和站,永春站,3,1,28.8,4.0,1,20.266666666666666,10.0,2,8.533333333333335,6.0,1,Fewer transfers
信義安和站,江子翠站,2,1,24.8,4.0,1,22.183333333333334,4.0,2,2.616666666666667,0.0,1,Fewer transfers
信義安和站,海山站,2,1,35.35,4.0,1,32.733333333333334,4.0,2,2.616666666666667,0.0,1,Fewer transfers
信義安和站,秀朗橋站,2,1,30.3,5.0,2,28.516666666666666,8.0,2,1.783333333333335,3.0,0,Same transfers
信義安和站,頂埔站,2,1,43.03333333333333,4.0,1,40.41666666666666,4.0,2,2.6166666666666742,0.0,1,Fewer transfers
信義安和站,龍山寺站,2,1,21.116666666666667,4.0,1,18.5,4.0,2,2.616666666666667,0.0,1,Fewer transfers
先嗇宮站,七張站,2,1,39.11666666666667,2.0,1,37.833333333333336,5.0,2,1.2833333333333314,3.0,1,Fewer transfers
先嗇宮站,中原站,2,1,56.11666666666667,5.0,2,19.85,6.0,1,36.266666666666666,1.0,-1,More transfers
先嗇宮站,中和站,2,1,52.35,5.0,2,23.616666666666667,6.0,1,28.733333333333334,1.0,-1,More transfers
先嗇宮站,中山站,2,1,20.383333333333333,2.0,1,16.416666666666668,3.0,1,3.966666666666665,1.0,0,Same transfers
先嗇宮站,中正紀念堂站,2,1,26.55,2.0,1,21.78333333333333,3.0,1,4.766666666666669,1.0,0,Same transfers
先嗇宮站,亞東醫院站,2,1,38.6,7.0,2,25.766666666666666,15.0,2,12.833333333333336,8.0,0,Same transfers
先嗇宮站,亞東醫院站,3,1,40.31666666666667,2.0,1,25.766666666666666,15.0,2,14.550000000000004,13.0,1,Fewer transfers
先嗇宮站,公館站,2,1,30.933333333333334,2.0,1,29.65,5.0,2,1.283333333333335,3.0,1,Fewer transfers
先嗇宮站,劍潭站,2,1,39.3,2.0,1,17.733333333333334,3.0,1,21.566666666666663,1.0,0,Same transfers
先嗇宮站,北投站,2,1,52.65,2.0,1,31.08333333333333,3.0,1,21.56666666666667,1.0,0,Same transfers
先嗇宮站,北門站,2,1,22.9,2.0,1,21.933333333333334,6.0,2,0.966666666666665,4.0,1,Fewer transfers
先嗇宮站,十四張站,2,1,42.78333333333333,5.0,2,33.21666666666667,6.0,1,9.566666666666663,1.0,-1,More transfers
先嗇宮站,台北車站,2,1,23.766666666666666,2.0,1,18.05,3.0,1,5.716666666666665,1.0,0,Same transfers
先嗇宮站,台大醫院站,2,1,28.633333333333333,2.0,1,19.75,3.0,1,8.883333333333333,1.0,0,Same transfers
先嗇宮站,台電大樓站,2,1,29.116666666666667,2.0,1,27.83333333333333,5.0,2,1.2833333333333385,3.0,1,Fewer transfers
先嗇宮站,唭哩岸站,2,1,48.98333333333333,2.0,1,27.416666666666668,3.0,1,21.56666666666666,1.0,0,Same transfers
先嗇宮站,圓山站,2,1,36.95,2.0,1,15.383333333333333,3.0,1,21.56666666666667,1.0,0,Same transfers
先嗇宮站,土城站,2,1,43.6,7.0,2,30.766666666666666,15.0,2,12.833333333333336,8.0,0,Same transfers
先嗇宮站,土城站,3,1,45.31666666666667,2.0,1,30.766666666666666,15.0,2,14.550000000000004,13.0,1,Fewer transfers
先嗇宮站,士林站,2,1,41.43333333333333,2.0,1,19.866666666666667,3.0,1,21.566666666666663,1.0,0,Same transfers
先嗇宮站,大坪林站,2,1,36.083333333333336,5.0,2,36.016666666666666,6.0,1,0.06666666666666998,1.0,-1,More transfers
先嗇宮站,大坪林站,3,1,37.36666666666667,2.0,1,36.016666666666666,6.0,1,1.3500000000000014,4.0,0,Same transfers
先嗇宮站,奇岩站,2,1,50.68333333333333,2.0,1,29.116666666666667,3.0,1,21.566666666666663,1.0,0,Same transfers
先嗇宮站,小南門站,2,1,26.75,2.0,1,25.683333333333334,5.0,2,1.0666666666666664,3.0,1,Fewer transfers
先嗇宮站,小碧潭站,2,1,45.5,5.0,2,44.21666666666667,8.0,3,1.2833333333333314,3.0,1,Fewer transfers
先嗇宮站,幸福站,2,1,70.16666666666667,5.0,2,9.966666666666669,6.0,1,60.2,1.0,-1,More transfers
先嗇宮站,府中站,2,1,36.43333333333333,7.0,2,23.6,15.0,2,12.833333333333329,8.0,0,Same transfers
先嗇宮站,府中站,3,1,38.15,2.0,1,23.6,15.0,2,14.549999999999997,13.0,1,Fewer transfers
先嗇宮站,復興崗站,2,1,55.35,2.0,1,33.78333333333333,3.0,1,21.56666666666667,1.0,0,Same transfers
先嗇宮站,忠義站,2,1,57.75,2.0,1,36.18333333333333,3.0,1,21.56666666666667,1.0,0,Same transfers
先嗇宮站,新北投站,2,1,58.266666666666666,5.0,2,36.7,6.0,2,21.566666666666663,1.0,0,Same transfers
先嗇宮站,新北產業園區站,2,1,72.8,5.0,2,12.6,6.0,1,60.199999999999996,1.0,-1,More transfers
先嗇宮站,新埔民生站,2,1,65.2,5.0,2,10.766666666666667,6.0,1,54.43333333333334,1.0,-1,More transfers
先嗇宮站,新埔站,2,1,32.6,7.0,2,19.766666666666666,15.0,2,12.833333333333336,8.0,0,Same transfers
先嗇宮站,新埔站,3,1,34.31666666666667,2.0,1,19.766666666666666,15.0,2,14.550000000000004,13.0,1,Fewer transfers
先嗇宮站,新店區公所站,2,1,40.86666666666667,2.0,1,39.583333333333336,5.0,2,1.2833333333333314,3.0,1,Fewer transfers
先嗇宮站,新店站,2,1,43.13333333333333,2.0,1,41.85,5.0,2,1.2833333333333314,3.0,1,Fewer transfers
先嗇宮站,明德站,2,1,45.21666666666667,2.0,1,23.65,3.0,1,21.56666666666667,1.0,0,Same transfers
先嗇宮站,景安站,2,1,33.0,0.0,0,27.266666666666666,6.0,1,5.733333333333334,6.0,1,Fewer transfers
先嗇宮站,景平站,2,1,46.71666666666667,5.0,2,29.25,6.0,1,17.46666666666667,1.0,-1,More transfers
先嗇宮站,景美站,2,1,35.38333333333333,2.0,1,34.1,5.0,2,1.2833333333333314,3.0,1,Fewer transfers
先嗇宮站,板新站,2,1,58.38333333333333,5.0,2,17.583333333333332,6.0,1,40.8,1.0,-1,More transfers
先嗇宮站,板橋站,2,1,36.56666666666667,2.0,1,14.366666666666667,6.0,1,22.200000000000003,4.0,0,Same transfers
先嗇宮站,橋和站,2,1,54.5,5.0,2,21.466666666666665,6.0,1,33.03333333333333,1.0,-1,More transfers
先嗇宮站,永寧站,2,1,45.61666666666667,7.0,2,32.78333333333333,15.0,2,12.833333333333336,8.0,0,Same transfers
先嗇宮站,永寧站,3,1,47.333333333333336,2.0,1,32.78333333333333,15.0,2,14.550000000000004,13.0,1,Fewer transfers
先嗇宮站,江子翠站,2,1,30.85,7.0,2,21.516666666666666,15.0,2,9.333333333333336,8.0,0,Same transfers
先嗇宮站,江子翠站,3,1,32.56666666666667,2.0,1,21.516666666666666,15.0,2,11.050000000000004,13.0,1,Fewer transfers
先嗇宮站,海山站,2,1,41.4,7.0,2,28.566666666666663,15.0,2,12.833333333333336,8.0,0,Same transfers
先嗇宮站,海山站,3,1,43.11666666666667,2.0,1,28.566666666666663,15.0,2,14.550000000000004,13.0,1,Fewer transfers
先嗇宮站,淡水站,2,1,68.66666666666667,2.0,1,47.1,3.0,1,21.56666666666667,1.0,0,Same transfers
先嗇宮站,石牌站,2,1,46.71666666666667,2.0,1,25.15,3.0,1,21.56666666666667,1.0,0,Same transfers
先嗇宮站,秀朗橋站,2,1,45.016666666666666,5.0,2,30.98333333333333,6.0,1,14.033333333333335,1.0,-1,More transfers
先嗇宮站,竹圍站,2,1,62.48333333333333,2.0,1,40.91666666666666,3.0,1,21.56666666666667,1.0,0,Same transfers
先嗇宮站,紅樹林站,2,1,65.3,2.0,1,43.73333333333333,3.0,1,21.56666666666667,1.0,0,Same transfers
先嗇宮站,芝山站,2,1,43.45,2.0,1,21.883333333333333,3.0,1,21.56666666666667,1.0,0,Same transfers
先嗇宮站,萬隆站,2,1,33.45,2.0,1,32.166666666666664,5.0,2,1.2833333333333385,3.0,1,Fewer transfers
先嗇宮站,西門站,2,1,24.8,2.0,1,23.83333333333333,6.0,2,0.9666666666666721,4.0,1,Fewer transfers
先嗇宮站,關渡站,2,1,59.53333333333333,2.0,1,37.96666666666667,3.0,1,21.566666666666663,1.0,0,Same transfers
先嗇宮站,雙連站,2,1,33.45,2.0,1,14.883333333333333,3.0,1,18.56666666666667,1.0,0,Same transfers
先嗇宮站,頂埔站,2,1,49.083333333333336,7.0,2,36.25,15.0,2,12.833333333333336,8.0,0,Same transfers
先嗇宮站,頂埔站,3,1,50.8,2.0,1,36.25,15.0,2,14.549999999999997,13.0,1,Fewer transfers
先嗇宮站,龍山寺站,2,1,27.166666666666668,7.0,2,25.183333333333334,15.0,2,1.9833333333333343,8.0,0,Same transfers
先嗇宮站,龍山寺站,3,1,28.883333333333333,2.0,1,25.183333333333334,15.0,2,3.6999999999999993,13.0,1,Fewer transfers
內湖站,中原站,2,1,58.25,14.0,2,56.43333333333333,13.0,3,1.81666666666667,-1.0,1,Fewer transfers
內湖站,中原站,3,1,65.46666666666667,8.0,2,56.43333333333333,13.0,3,9.033333333333339,5.0,1,Fewer transfers
內湖站,中和站,2,1,61.7,8.0,2,52.66666666666666,13.0,3,9.033333333333346,5.0,1,Fewer transfers
內湖站,劍潭站,2,1,45.38333333333333,5.0,1,36.71666666666667,8.0,2,8.666666666666664,3.0,1,Fewer transfers
內湖站,北投站,2,1,58.73333333333333,5.0,1,50.06666666666667,8.0,2,8.666666666666657,3.0,1,Fewer transfers
內湖站,古亭站,2,1,36.5,5.0,1,35.0,7.0,2,1.5,2.0,1,Fewer transfers
內湖站,台大醫院站,2,1,34.71666666666667,5.0,1,32.666666666666664,8.0,2,2.0500000000000043,3.0,1,Fewer transfers
內湖站,唭哩岸站,2,1,55.06666666666667,5.0,1,46.4,8.0,2,8.666666666666671,3.0,1,Fewer transfers
內湖站,圓山站,2,1,43.03333333333333,5.0,1,34.36666666666667,8.0,2,8.666666666666664,3.0,1,Fewer transfers
內湖站,士林站,2,1,47.516666666666666,5.0,1,38.85,8.0,2,8.666666666666664,3.0,1,Fewer transfers
內湖站,奇岩站,2,1,56.766666666666666,5.0,1,48.1,8.0,2,8.666666666666664,3.0,1,Fewer transfers
內湖站,幸福站,2,1,54.13333333333333,14.0,2,52.9,13.0,3,1.2333333333333343,-1.0,1,Fewer transfers
內湖站,幸福站,3,1,79.51666666666667,8.0,2,52.9,13.0,3,26.616666666666667,5.0,1,Fewer transfers
內湖站,復興崗站,2,1,61.43333333333333,5.0,1,52.766666666666666,8.0,2,8.666666666666664,3.0,1,Fewer transfers
內湖站,忠義站,2,1,63.833333333333336,5.0,1,55.16666666666666,8.0,2,8.666666666666679,3.0,1,Fewer transfers
內湖站,新北投站,2,1,64.35,8.0,2,55.68333333333333,11.0,3,8.666666666666664,3.0,1,Fewer transfers
內湖站,新北產業園區站,2,1,56.766666666666666,14.0,2,55.53333333333333,13.0,3,1.2333333333333343,-1.0,1,Fewer transfers
內湖站,新北產業園區站,3,1,82.15,8.0,2,55.53333333333333,13.0,3,26.616666666666674,5.0,1,Fewer transfers
內湖站,新埔民生站,2,1,53.7,13.0,3,49.16666666666666,14.0,2,4.533333333333346,1.0,-1,More transfers
內湖站,新埔民生站,3,1,74.55,8.0,2,49.16666666666666,14.0,2,25.38333333333334,6.0,0,Same transfers
內湖站,明德站,2,1,51.3,5.0,1,42.63333333333333,8.0,2,8.666666666666664,3.0,1,Fewer transfers
內湖站,景平站,2,1,56.06666666666667,8.0,2,50.833333333333336,13.0,3,5.233333333333334,5.0,1,Fewer transfers
內湖站,板新站,2,1,58.7,13.0,3,55.98333333333333,14.0,2,2.7166666666666757,1.0,-1,More transfers
內湖站,板新站,3,1,67.73333333333333,8.0,2,55.98333333333333,14.0,2,11.750000000000007,6.0,0,Same transfers
內湖站,橋和站,2,1,59.86666666666667,14.0,2,54.81666666666667,13.0,3,5.049999999999997,-1.0,1,Fewer transfers
內湖站,橋和站,3,1,63.85,8.0,2,54.81666666666667,13.0,3,9.033333333333331,5.0,1,Fewer transfers
內湖站,民權西路站,2,1,41.03333333333333,5.0,1,31.58333333333333,7.0,2,9.450000000000003,2.0,1,Fewer transfers
內湖站,淡水站,2,1,74.75,5.0,1,66.08333333333333,8.0,2,8.666666666666671,3.0,1,Fewer transfers
內湖站,石牌站,2,1,52.8,5.0,1,44.13333333333333,8.0,2,8.666666666666664,3.0,1,Fewer transfers
內湖站,秀朗橋站,2,1,54.36666666666667,8.0,2,52.56666666666667,13.0,3,1.7999999999999972,5.0,1,Fewer transfers
內湖站,竹圍站,2,1,68.56666666666666,5.0,1,59.9,8.0,2,8.666666666666664,3.0,1,Fewer transfers
內湖站,紅樹林站,2,1,71.38333333333334,5.0,1,62.71666666666667,8.0,2,8.666666666666671,3.0,1,Fewer transfers
內湖站,芝山站,2,1,49.53333333333333,5.0,1,40.86666666666667,8.0,2,8.666666666666664,3.0,1,Fewer transfers
內湖站,關渡站,2,1,65.61666666666666,5.0,1,56.95,8.0,2,8.666666666666657,3.0,1,Fewer transfers
內湖站,雙連站,2,1,39.53333333333333,5.0,1,30.866666666666667,8.0,2,8.666666666666664,3.0,1,Fewer transfers
公館站,三和國中站,2,1,26.9,2.0,1,25.53333333333333,5.0,2,1.3666666666666671,3.0,1,Fewer transfers
公館站,三民高中站,2,1,30.633333333333333,2.0,1,29.266666666666666,5.0,2,1.3666666666666671,3.0,1,Fewer transfers
公館站,三重國小站,2,1,24.7,2.0,1,23.33333333333333,5.0,2,1.3666666666666707,3.0,1,Fewer transfers
公館站,三重站,2,1,28.15,2.0,1,26.78333333333333,5.0,2,1.3666666666666671,3.0,1,Fewer transfers
公館站,中山站,2,1,13.366666666666667,0.0,0,12.6,2.0,1,0.7666666666666675,2.0,1,Fewer transfers
公館站,丹鳳站,2,1,40.13333333333333,2.0,1,38.766666666666666,5.0,2,1.3666666666666671,3.0,1,Fewer transfers
公館站,先嗇宮站,2,1,30.933333333333334,2.0,1,29.566666666666663,5.0,2,1.3666666666666707,3.0,1,Fewer transfers
公館站,六張犁站,2,1,30.9,5.0,1,23.266666666666666,7.0,2,7.633333333333333,2.0,1,Fewer transfers
公館站,動物園站,2,1,42.266666666666666,5.0,1,34.63333333333333,7.0,2,7.633333333333333,2.0,1,Fewer transfers
公館站,南港展覽館站,2,1,34.8,2.0,1,31.75,4.0,2,3.049999999999997,2.0,1,Fewer transfers
公館站,南港站,2,1,32.53333333333333,2.0,1,29.48333333333333,4.0,2,3.0500000000000007,2.0,1,Fewer transfers
公館站,南港軟體園區站,2,1,41.1,7.0,2,38.05,9.0,3,3.0500000000000043,2.0,1,Fewer transfers
公館站,南港軟體園區站,3,1,47.9,5.0,1,38.05,9.0,3,9.850000000000001,4.0,2,Fewer transfers
公館站,台北橋站,2,1,24.3,2.0,1,22.933333333333334,5.0,2,1.3666666666666671,3.0,1,Fewer transfers
公館站,國父紀念館站,2,1,22.683333333333334,2.0,1,19.633333333333333,4.0,2,3.0500000000000007,2.0,1,Fewer transfers
公館站,大橋頭站,2,1,21.75,2.0,1,20.383333333333333,5.0,2,1.3666666666666671,3.0,1,Fewer transfers
公館站,市政府站,2,1,24.433333333333334,2.0,1,21.383333333333333,4.0,2,3.0500000000000007,2.0,1,Fewer transfers
公館站,幸福站,2,1,38.75,3.0,1,32.78333333333333,11.0,2,5.966666666666669,8.0,1,Fewer transfers
公館站,後山埤站,2,1,28.03333333333333,2.0,1,24.98333333333333,4.0,2,3.0500000000000007,2.0,1,Fewer transfers
公館站,徐匯中學站,2,1,28.683333333333334,2.0,1,27.316666666666663,5.0,2,1.3666666666666707,3.0,1,Fewer transfers
公館站,忠孝復興站,2,1,19.28333333333333,2.0,1,16.233333333333334,4.0,2,3.049999999999997,2.0,1,Fewer transfers
公館站,忠孝敦化站,2,1,21.03333333333333,2.0,1,17.983333333333334,4.0,2,3.049999999999997,2.0,1,Fewer transfers
公館站,新北產業園區站,2,1,41.38333333333333,3.0,1,35.416666666666664,11.0,2,5.966666666666669,8.0,1,Fewer transfers
公館站,新埔民生站,2,1,33.78333333333333,3.0,1,27.816666666666663,11.0,2,5.966666666666669,8.0,1,Fewer transfers
公館站,新莊站,2,1,35.13333333333333,2.0,1,33.766666666666666,5.0,2,1.3666666666666671,3.0,1,Fewer transfers
公館站,昆陽站,2,1,30.3,2.0,1,27.25,4.0,2,3.0500000000000007,2.0,1,Fewer transfers
公館站,木柵站,2,1,40.73333333333333,5.0,1,33.1,7.0,2,7.633333333333326,2.0,1,Fewer transfers
公館站,東湖站,2,1,42.93333333333333,7.0,2,39.88333333333333,9.0,3,3.049999999999997,2.0,1,Fewer transfers
公館站,東湖站,3,1,46.06666666666667,5.0,1,39.88333333333333,9.0,3,6.183333333333337,4.0,2,Fewer transfers
公館站,松江南京站,2,1,15.716666666666669,0.0,0,14.4,2.0,1,1.3166666666666682,2.0,1,Fewer transfers
公館站,永春站,2,1,26.35,2.0,1,23.3,4.0,2,3.0500000000000007,2.0,1,Fewer transfers
公館站,科技大樓站,2,1,28.45,5.0,1,20.816666666666663,7.0,2,7.633333333333336,2.0,1,Fewer transfers
公館站,菜寮站,2,1,26.33333333333333,2.0,1,24.966666666666665,5.0,2,1.3666666666666636,3.0,1,Fewer transfers
公館站,萬芳社區站,2,1,39.53333333333333,5.0,1,31.9,7.0,2,7.633333333333333,2.0,1,Fewer transfers
公館站,萬芳醫院站,2,1,37.46666666666667,5.0,1,29.83333333333333,7.0,2,7.63333333333334,2.0,1,Fewer transfers
公館站,葫洲站,2,1,44.35,5.0,1,41.6,9.0,3,2.75,4.0,2,Fewer transfers
公館站,蘆洲站,2,1,32.9,2.0,1,31.53333333333333,5.0,2,1.3666666666666671,3.0,1,Fewer transfers
公館站,輔大站,2,1,37.833333333333336,2.0,1,36.46666666666667,5.0,2,1.3666666666666671,3.0,1,Fewer transfers
公館站,辛亥站,2,1,35.28333333333333,5.0,1,27.65,7.0,2,7.633333333333333,2.0,1,Fewer transfers
公館站,迴龍站,2,1,43.35,2.0,1,41.98333333333333,5.0,2,1.3666666666666742,3.0,1,Fewer transfers
公館站,頭前庄站,2,1,31.78333333333333,5.0,2,30.616666666666667,11.0,2,1.1666666666666643,6.0,0,Same transfers
公館站,頭前庄站,3,1,33.15,2.0,1,30.616666666666667,11.0,2,2.5333333333333314,9.0,1,Fewer transfers
公館站,麟光站,2,1,32.516666666666666,5.0,1,24.883333333333333,7.0,2,7.633333333333333,2.0,1,Fewer transfers
六張犁站,七張站,2,1,39.05,5.0,1,31.5,7.0,2,7.549999999999997,2.0,1,Fewer transfers
六張犁站,中原站,2,1,44.63333333333333,14.0,2,39.48333333333333,13.0,3,5.150000000000006,-1.0,1,Fewer transfers
六張犁站,中原站,3,1,48.5,10.0,3,39.48333333333333,13.0,3,9.016666666666673,3.0,0,Same transfers
六張犁站,中原站,4,1,56.05,8.0,2,39.48333333333333,13.0,3,16.56666666666667,5.0,1,Fewer transfers
六張犁站,中和站,2,1,44.73333333333333,10.0,3,35.71666666666667,13.0,3,9.016666666666659,3.0,0,Same transfers
六張犁站,中和站,3,1,48.4,14.0,2,35.71666666666667,13.0,3,12.68333333333333,-1.0,1,Fewer transfers
六張犁站,中和站,4,1,52.28333333333333,8.0,2,35.71666666666667,13.0,3,16.566666666666663,5.0,1,Fewer transfers
六張犁站,公館站,2,1,30.866666666666667,5.0,1,23.316666666666663,7.0,2,7.550000000000004,2.0,1,Fewer transfers
六張犁站,劍潭站,2,1,28.2,5.0,1,27.3,8.0,2,0.8999999999999986,3.0,1,Fewer transfers
六張犁站,北投站,2,1,41.55,5.0,1,40.65,8.0,2,0.8999999999999986,3.0,1,Fewer transfers
六張犁站,十四張站,2,1,42.71666666666667,8.0,2,35.166666666666664,10.0,3,7.550000000000004,2.0,1,Fewer transfers
六張犁站,南港展覽館站,2,1,34.266666666666666,0.0,0,25.816666666666663,5.0,1,8.450000000000003,5.0,1,Fewer transfers
六張犁站,南港軟體園區站,2,1,32.55,0.0,0,32.11666666666667,10.0,2,0.43333333333333,10.0,2,Fewer transfers
六張犁站,古亭站,2,1,27.08333333333333,5.0,1,18.05,7.0,2,9.033333333333328,2.0,1,Fewer transfers
六張犁站,台電大樓站,2,1,29.05,5.0,1,21.5,7.0,2,7.550000000000001,2.0,1,Fewer transfers
六張犁站,唭哩岸站,2,1,37.88333333333333,5.0,1,36.98333333333333,8.0,2,0.9000000000000057,3.0,1,Fewer transfers
六張犁站,圓山站,2,1,25.85,5.0,1,24.95,8.0,2,0.9000000000000021,3.0,1,Fewer transfers
六張犁站,士林站,2,1,30.33333333333333,5.0,1,29.433333333333334,8.0,2,0.899999999999995,3.0,1,Fewer transfers
六張犁站,大坪林站,2,1,37.3,5.0,1,29.75,7.0,2,7.549999999999997,2.0,1,Fewer transfers
六張犁站,奇岩站,2,1,39.583333333333336,5.0,1,38.68333333333333,8.0,2,0.9000000000000057,3.0,1,Fewer transfers
六張犁站,小南門站,2,1,23.28333333333333,5.0,1,19.35,7.0,2,3.93333333333333,2.0,1,Fewer transfers
六張犁站,小碧潭站,2,1,45.43333333333333,8.0,2,37.88333333333333,10.0,3,7.549999999999997,2.0,1,Fewer transfers
六張犁站,幸福站,2,1,43.48333333333333,13.0,3,40.516666666666666,14.0,2,2.9666666666666615,1.0,-1,More transfers
六張犁站,幸福站,3,1,62.55,10.0,3,40.516666666666666,14.0,2,22.03333333333333,4.0,-1,More transfers
六張犁站,幸福站,4,1,70.1,8.0,2,40.516666666666666,14.0,2,29.58333333333333,6.0,0,Same transfers
六張犁站,復興崗站,2,1,44.25,5.0,1,43.35,8.0,2,0.8999999999999986,3.0,1,Fewer transfers
六張犁站,忠義站,2,1,46.65,5.0,1,45.75,8.0,2,0.8999999999999986,3.0,1,Fewer transfers
六張犁站,新北投站,2,1,47.16666666666666,8.0,2,46.266666666666666,11.0,3,0.8999999999999915,3.0,1,Fewer transfers
六張犁站,新北產業園區站,2,1,46.11666666666667,13.0,3,43.15,14.0,2,2.9666666666666686,1.0,-1,More transfers
六張犁站,新北產業園區站,3,1,65.18333333333334,10.0,3,43.15,14.0,2,22.03333333333334,4.0,-1,More transfers
六張犁站,新北產業園區站,4,1,72.73333333333333,8.0,2,43.15,14.0,2,29.583333333333336,6.0,0,Same transfers
六張犁站,新埔民生站,2,1,44.28333333333333,13.0,3,35.55,14.0,2,8.733333333333334,1.0,-1,More transfers
六張犁站,新埔民生站,3,1,57.583333333333336,10.0,3,35.55,14.0,2,22.03333333333334,4.0,-1,More transfers
六張犁站,新埔民生站,4,1,65.13333333333334,8.0,2,35.55,14.0,2,29.583333333333343,6.0,0,Same transfers
六張犁站,新店區公所站,2,1,40.8,5.0,1,33.25,7.0,2,7.549999999999997,2.0,1,Fewer transfers
六張犁站,新店站,2,1,43.06666666666667,5.0,1,35.516666666666666,7.0,2,7.550000000000004,2.0,1,Fewer transfers
六張犁站,明德站,2,1,34.11666666666667,5.0,1,33.21666666666667,8.0,2,0.8999999999999986,3.0,1,Fewer transfers
六張犁站,景平站,2,1,39.1,10.0,3,33.88333333333333,13.0,3,5.216666666666669,3.0,0,Same transfers
六張犁站,景平站,3,1,46.65,8.0,2,33.88333333333333,13.0,3,12.766666666666666,5.0,1,Fewer transfers
六張犁站,景美站,2,1,35.31666666666667,5.0,1,27.766666666666666,7.0,2,7.550000000000004,2.0,1,Fewer transfers
六張犁站,板新站,2,1,42.36666666666667,14.0,2,41.75,13.0,3,0.6166666666666671,-1.0,1,Fewer transfers
六張犁站,板新站,3,1,50.766666666666666,10.0,3,41.75,13.0,3,9.016666666666666,3.0,0,Same transfers
六張犁站,板新站,4,1,58.31666666666667,8.0,2,41.75,13.0,3,16.56666666666667,5.0,1,Fewer transfers
六張犁站,橋和站,2,1,46.25,14.0,2,37.86666666666667,13.0,3,8.383333333333333,-1.0,1,Fewer transfers
六張犁站,橋和站,3,1,46.88333333333333,10.0,3,37.86666666666667,13.0,3,9.016666666666666,3.0,0,Same transfers
六張犁站,橋和站,4,1,54.43333333333333,8.0,2,37.86666666666667,13.0,3,16.566666666666663,5.0,1,Fewer transfers
六張犁站,民權西路站,2,1,23.85,5.0,1,22.166666666666668,7.0,2,1.6833333333333336,2.0,1,Fewer transfers
六張犁站,淡水站,2,1,57.56666666666667,5.0,1,56.66666666666666,8.0,2,0.9000000000000128,3.0,1,Fewer transfers
六張犁站,石牌站,2,1,35.61666666666667,5.0,1,34.71666666666667,8.0,2,0.8999999999999986,3.0,1,Fewer transfers
六張犁站,秀朗橋站,2,1,37.4,10.0,3,35.61666666666667,13.0,3,1.7833333333333314,3.0,0,Same transfers
六張犁站,秀朗橋站,3,1,44.95,8.0,2,35.61666666666667,13.0,3,9.333333333333336,5.0,1,Fewer transfers
六張犁站,竹圍站,2,1,51.38333333333333,5.0,1,50.48333333333333,8.0,2,0.9000000000000057,3.0,1,Fewer transfers
六張犁站,紅樹林站,2,1,54.2,5.0,1,53.3,8.0,2,0.9000000000000057,3.0,1,Fewer transfers
六張犁站,芝山站,2,1,32.35,5.0,1,31.45,8.0,2,0.9000000000000021,3.0,1,Fewer transfers
六張犁站,萬隆站,2,1,33.38333333333333,5.0,1,25.83333333333333,7.0,2,7.550000000000004,2.0,1,Fewer transfers
六張犁站,關渡站,2,1,48.43333333333333,5.0,1,47.53333333333333,8.0,2,0.8999999999999986,3.0,1,Fewer transfers
六張犁站,雙連站,2,1,22.35,5.0,1,21.45,8.0,2,0.9000000000000021,3.0,1,Fewer transfers
劍南路站,中原站,2,1,51.16666666666666,14.0,2,49.35,13.0,3,1.8166666666666558,-1.0,1,Fewer transfers
劍南路站,中原站,3,1,58.38333333333333,8.0,2,49.35,13.0,3,9.033333333333331,5.0,1,Fewer transfers
劍南路站,中和站,2,1,54.61666666666667,8.0,2,45.583333333333336,13.0,3,9.033333333333331,5.0,1,Fewer transfers
劍南路站,劍潭站,2,1,38.3,5.0,1,29.633333333333333,8.0,2,8.666666666666664,3.0,1,Fewer transfers
劍南路站,北投站,2,1,51.65,5.0,1,42.98333333333333,8.0,2,8.666666666666671,3.0,1,Fewer transfers
劍南路站,古亭站,2,1,29.416666666666668,5.0,1,27.916666666666668,7.0,2,1.5,2.0,1,Fewer transfers
劍南路站,台大醫院站,2,1,27.633333333333333,5.0,1,25.58333333333333,8.0,2,2.0500000000000043,3.0,1,Fewer transfers
劍南路站,唭哩岸站,2,1,47.98333333333333,5.0,1,39.31666666666667,8.0,2,8.666666666666657,3.0,1,Fewer transfers
劍南路站,圓山站,2,1,35.95,5.0,1,27.28333333333333,8.0,2,8.666666666666671,3.0,1,Fewer transfers
劍南路站,士林站,2,1,40.43333333333333,5.0,1,31.766666666666666,8.0,2,8.666666666666664,3.0,1,Fewer transfers
劍南路站,奇岩站,2,1,49.68333333333333,5.0,1,41.016666666666666,8.0,2,8.666666666666664,3.0,1,Fewer transfers
劍南路站,幸福站,2,1,47.05,14.0,2,45.81666666666667,13.0,3,1.2333333333333272,-1.0,1,Fewer transfers
劍南路站,幸福站,3,1,72.43333333333334,8.0,2,45.81666666666667,13.0,3,26.616666666666667,5.0,1,Fewer transfers
劍南路站,復興崗站,2,1,54.35,5.0,1,45.68333333333333,8.0,2,8.666666666666671,3.0,1,Fewer transfers
劍南路站,忠義站,2,1,56.75,5.0,1,48.083333333333336,8.0,2,8.666666666666664,3.0,1,Fewer transfers
劍南路站,新北投站,2,1,57.266666666666666,8.0,2,48.6,11.0,3,8.666666666666664,3.0,1,Fewer transfers
劍南路站,新北產業園區站,2,1,49.68333333333333,14.0,2,48.45,13.0,3,1.2333333333333272,-1.0,1,Fewer transfers
劍南路站,新北產業園區站,3,1,75.06666666666666,8.0,2,48.45,13.0,3,26.61666666666666,5.0,1,Fewer transfers
劍南路站,新埔民生站,2,1,46.61666666666667,13.0,3,42.083333333333336,14.0,2,4.533333333333331,1.0,-1,More transfers
劍南路站,新埔民生站,3,1,67.46666666666667,8.0,2,42.083333333333336,14.0,2,25.383333333333333,6.0,0,Same transfers
劍南路站,明德站,2,1,44.21666666666667,5.0,1,35.55,8.0,2,8.666666666666671,3.0,1,Fewer transfers
劍南路站,景平站,2,1,48.98333333333333,8.0,2,43.75,13.0,3,5.233333333333327,5.0,1,Fewer transfers
劍南路站,板新站,2,1,51.61666666666667,13.0,3,48.9,14.0,2,2.7166666666666686,1.0,-1,More transfers
劍南路站,板新站,3,1,60.65,8.0,2,48.9,14.0,2,11.75,6.0,0,Same transfers
劍南路站,橋和站,2,1,52.78333333333333,14.0,2,47.73333333333333,13.0,3,5.050000000000004,-1.0,1,Fewer transfers
劍南路站,橋和站,3,1,56.766666666666666,8.0,2,47.73333333333333,13.0,3,9.033333333333339,5.0,1,Fewer transfers
劍南路站,民權西路站,2,1,33.95,5.0,1,24.5,7.0,2,9.450000000000003,2.0,1,Fewer transfers
劍南路站,淡水站,2,1,67.66666666666667,5.0,1,59.0,8.0,2,8.666666666666671,3.0,1,Fewer transfers
劍南路站,石牌站,2,1,45.71666666666667,5.0,1,37.05,8.0,2,8.666666666666671,3.0,1,Fewer transfers
劍南路站,秀朗橋站,2,1,47.28333333333333,8.0,2,45.48333333333333,13.0,3,1.8000000000000043,5.0,1,Fewer transfers
劍南路站,竹圍站,2,1,61.48333333333333,5.0,1,52.81666666666667,8.0,2,8.666666666666657,3.0,1,Fewer transfers
劍南路站,紅樹林站,2,1,64.3,5.0,1,55.63333333333333,8.0,2,8.666666666666664,3.0,1,Fewer transfers
劍南路站,芝山站,2,1,42.45,5.0,1,33.78333333333333,8.0,2,8.666666666666671,3.0,1,Fewer transfers
劍南路站,關渡站,2,1,58.53333333333333,5.0,1,49.86666666666667,8.0,2,8.666666666666664,3.0,1,Fewer transfers
劍南路站,雙連站,2,1,32.45,5.0,1,23.78333333333333,8.0,2,8.666666666666671,3.0,1,Fewer transfers
劍潭站,三和國中站,2,1,35.31666666666667,2.0,1,13.75,3.0,1,21.56666666666667,1.0,0,Same transfers
劍潭站,三民高中站,2,1,39.05,2.0,1,17.483333333333334,3.0,1,21.566666666666663,1.0,0,Same transfers
劍潭站,三重國小站,2,1,33.11666666666667,2.0,1,11.55,3.0,1,21.566666666666666,1.0,0,Same transfers
劍潭站,三重站,2,1,36.56666666666667,2.0,1,15.0,3.0,1,21.56666666666667,1.0,0,Same transfers
劍潭站,中原站,2,1,43.11666666666667,8.0,2,38.05,9.0,2,5.06666666666667,1.0,0,Same transfers
劍潭站,中原站,3,1,45.3,5.0,2,38.05,9.0,2,7.25,4.0,0,Same transfers
劍潭站,中和站,2,1,39.28333333333333,9.0,2,36.0,10.0,3,3.2833333333333314,1.0,1,Fewer transfers
劍潭站,中和站,3,1,39.35,8.0,2,36.0,10.0,3,3.3500000000000014,2.0,1,Fewer transfers
劍潭站,中和站,4,1,41.53333333333333,5.0,2,36.0,10.0,3,5.533333333333331,5.0,1,Fewer transfers
劍潭站,中山國中站,2,1,29.666666666666668,5.0,1,21.03333333333333,8.0,2,8.633333333333336,3.0,1,Fewer transfers
劍潭站,中山國小站,2,1,26.716666666666665,2.0,1,8.6,3.0,1,18.116666666666667,1.0,0,Same transfers
劍潭站,丹鳳站,2,1,48.55,2.0,1,26.98333333333333,3.0,1,21.566666666666666,1.0,0,Same transfers
劍潭站,先嗇宮站,2,1,39.35,2.0,1,17.783333333333335,3.0,1,21.566666666666666,1.0,0,Same transfers
劍潭站,內湖站,2,1,45.46666666666667,5.0,1,36.833333333333336,8.0,2,8.633333333333333,3.0,1,Fewer transfers
劍潭站,六張犁站,2,1,28.28333333333333,5.0,1,27.416666666666668,8.0,2,0.8666666666666636,3.0,1,Fewer transfers
劍潭站,劍南路站,2,1,38.38333333333333,5.0,1,29.75,8.0,2,8.633333333333333,3.0,1,Fewer transfers
劍潭站,動物園站,2,1,39.65,5.0,1,38.78333333333333,8.0,2,0.8666666666666671,3.0,1,Fewer transfers
劍潭站,北門站,2,1,19.98333333333333,2.0,1,12.4,3.0,1,7.58333333333333,1.0,0,Same transfers
劍潭站,南京三民站,2,1,30.95,2.0,1,18.45,3.0,1,12.5,1.0,0,Same transfers
劍潭站,南京復興站,2,1,26.85,2.0,1,14.35,3.0,1,12.500000000000002,1.0,0,Same transfers
劍潭站,南勢角站,2,1,31.55,3.0,1,28.266666666666666,4.0,2,3.283333333333335,1.0,1,Fewer transfers
劍潭站,南勢角站,3,1,31.616666666666667,2.0,1,28.266666666666666,4.0,2,3.3500000000000014,2.0,1,Fewer transfers
劍潭站,南港軟體園區站,2,1,44.41666666666666,8.0,2,40.06666666666667,9.0,2,4.349999999999987,1.0,0,Same transfers
劍潭站,南港軟體園區站,3,1,53.05,5.0,1,40.06666666666667,9.0,2,12.983333333333327,4.0,1,Fewer transfers
劍潭站,台北小巨蛋站,2,1,28.8,2.0,1,16.3,3.0,1,12.5,1.0,0,Same transfers
劍潭站,台北橋站,2,1,32.71666666666667,2.0,1,11.15,3.0,1,21.56666666666667,1.0,0,Same transfers
劍潭站,大橋頭站,2,1,30.166666666666668,2.0,1,8.6,3.0,1,21.56666666666667,1.0,0,Same transfers
劍潭站,大湖公園站,2,1,47.06666666666667,5.0,1,38.43333333333333,8.0,2,8.63333333333334,3.0,1,Fewer transfers
劍潭站,大直站,2,1,36.23333333333333,5.0,1,27.6,8.0,2,8.633333333333326,3.0,1,Fewer transfers
劍潭站,幸福站,2,1,49.73333333333333,8.0,2,28.166666666666668,9.0,2,21.56666666666666,1.0,0,Same transfers
劍潭站,幸福站,3,1,59.35,5.0,2,28.166666666666668,9.0,2,31.183333333333334,4.0,0,Same transfers
劍潭站,徐匯中學站,2,1,37.1,2.0,1,15.533333333333331,3.0,1,21.56666666666667,1.0,0,Same transfers
劍潭站,忠孝新生站,2,1,20.48333333333333,2.0,1,14.7,3.0,1,5.783333333333331,1.0,0,Same transfers
劍潭站,文德站,2,1,43.75,5.0,1,35.11666666666667,8.0,2,8.633333333333333,3.0,1,Fewer transfers
劍潭站,新北產業園區站,2,1,52.36666666666667,8.0,2,30.8,9.0,2,21.566666666666666,1.0,0,Same transfers
劍潭站,新北產業園區站,3,1,61.98333333333333,5.0,2,30.8,9.0,2,31.183333333333326,4.0,0,Same transfers
劍潭站,新埔民生站,2,1,50.53333333333333,8.0,2,28.966666666666665,9.0,2,21.566666666666666,1.0,0,Same transfers
劍潭站,新埔民生站,3,1,54.38333333333333,5.0,2,28.966666666666665,9.0,2,25.416666666666668,4.0,0,Same transfers
劍潭站,新莊站,2,1,43.55,2.0,1,21.98333333333333,3.0,1,21.566666666666666,1.0,0,Same transfers
劍潭站,景安站,2,1,29.466666666666665,3.0,1,26.183333333333334,4.0,2,3.2833333333333314,1.0,1,Fewer transfers
劍潭站,景安站,3,1,29.53333333333333,2.0,1,26.183333333333334,4.0,2,3.349999999999998,2.0,1,Fewer transfers
劍潭站,景平站,2,1,35.9,5.0,2,34.166666666666664,10.0,3,1.7333333333333343,5.0,1,Fewer transfers
劍潭站,木柵站,2,1,38.11666666666667,5.0,1,37.25,8.0,2,0.8666666666666671,3.0,1,Fewer transfers
劍潭站,東湖站,2,1,42.583333333333336,8.0,2,41.9,9.0,2,0.6833333333333371,1.0,0,Same transfers
劍潭站,東湖站,3,1,51.21666666666667,5.0,1,41.9,9.0,2,9.31666666666667,4.0,1,Fewer transfers
劍潭站,松山機場站,2,1,32.86666666666667,5.0,1,24.23333333333333,8.0,2,8.633333333333336,3.0,1,Fewer transfers
劍潭站,松山站,2,1,33.7,2.0,1,21.2,3.0,1,12.500000000000004,1.0,0,Same transfers
劍潭站,松江南京站,2,1,22.816666666666663,2.0,1,12.233333333333333,3.0,1,10.58333333333333,1.0,0,Same transfers
劍潭站,板新站,2,1,45.38333333333333,8.0,2,35.78333333333333,9.0,2,9.600000000000001,1.0,0,Same transfers
劍潭站,板新站,3,1,47.56666666666667,5.0,2,35.78333333333333,9.0,2,11.783333333333339,4.0,0,Same transfers
劍潭站,橋和站,2,1,39.66666666666666,9.0,2,38.15,10.0,3,1.5166666666666586,1.0,1,Fewer transfers
劍潭站,橋和站,3,1,41.5,8.0,2,38.15,10.0,3,3.3500000000000014,2.0,1,Fewer transfers
劍潭站,橋和站,4,1,43.68333333333333,5.0,2,38.15,10.0,3,5.533333333333331,5.0,1,Fewer transfers
劍潭站,永安市場站,2,1,27.48333333333333,3.0,1,24.2,4.0,2,3.2833333333333314,1.0,1,Fewer transfers
劍潭站,永安市場站,3,1,27.55,2.0,1,24.2,4.0,2,3.3500000000000014,2.0,1,Fewer transfers
劍潭站,港墘站,2,1,42.13333333333333,5.0,1,33.5,8.0,2,8.633333333333333,3.0,1,Fewer transfers
劍潭站,科技大樓站,2,1,25.83333333333333,5.0,1,24.966666666666665,8.0,2,0.8666666666666636,3.0,1,Fewer transfers
劍潭站,菜寮站,2,1,34.75,2.0,1,13.183333333333334,3.0,1,21.566666666666666,1.0,0,Same transfers
劍潭站,萬芳社區站,2,1,36.91666666666666,5.0,1,36.05,8.0,2,0.86666666666666,3.0,1,Fewer transfers
劍潭站,萬芳醫院站,2,1,34.85,5.0,1,33.983333333333334,8.0,2,0.8666666666666671,3.0,1,Fewer transfers
劍潭站,葫洲站,2,1,49.5,5.0,1,40.86666666666667,8.0,2,8.633333333333333,3.0,1,Fewer transfers
劍潭站,蘆洲站,2,1,41.31666666666667,2.0,1,19.75,3.0,1,21.56666666666667,1.0,0,Same transfers
劍潭站,行天宮站,2,1,24.616666666666667,2.0,1,10.7,3.0,1,13.916666666666668,1.0,0,Same transfers
劍潭站,西湖站,2,1,40.63333333333333,5.0,1,32.0,8.0,2,8.633333333333333,3.0,1,Fewer transfers
劍潭站,西門站,2,1,17.983333333333334,2.0,1,14.3,3.0,1,3.6833333333333336,1.0,0,Same transfers
劍潭站,輔大站,2,1,46.25,2.0,1,24.683333333333334,3.0,1,21.566666666666666,1.0,0,Same transfers
劍潭站,辛亥站,2,1,32.666666666666664,5.0,1,31.8,8.0,2,0.8666666666666636,3.0,1,Fewer transfers
劍潭站,迴龍站,2,1,51.766666666666666,2.0,1,30.2,3.0,1,21.566666666666666,1.0,0,Same transfers
劍潭站,頂溪站,2,1,25.28333333333333,3.0,1,22.0,4.0,2,3.2833333333333314,1.0,1,Fewer transfers
劍潭站,頂溪站,3,1,25.35,2.0,1,22.0,4.0,2,3.3500000000000014,2.0,1,Fewer transfers
劍潭站,頭前庄站,2,1,41.56666666666667,2.0,1,20.0,3.0,1,21.56666666666667,1.0,0,Same transfers
劍潭站,麟光站,2,1,29.9,5.0,1,29.03333333333333,8.0,2,0.8666666666666671,3.0,1,Fewer transfers
動物園站,七張站,2,1,50.41666666666666,5.0,1,42.86666666666667,7.0,2,7.54999999999999,2.0,1,Fewer transfers
動物園站,中原站,2,1,56.0,14.0,2,50.85,13.0,3,5.149999999999999,-1.0,1,Fewer transfers
動物園站,中原站,3,1,59.86666666666667,10.0,3,50.85,13.0,3,9.016666666666666,3.0,0,Same transfers
動物園站,中原站,4,1,67.41666666666667,8.0,2,50.85,13.0,3,16.56666666666667,5.0,1,Fewer transfers
動物園站,中和站,2,1,56.1,10.0,3,47.083333333333336,13.0,3,9.016666666666666,3.0,0,Same transfers
動物園站,中和站,3,1,59.766666666666666,14.0,2,47.083333333333336,13.0,3,12.68333333333333,-1.0,1,Fewer transfers
動物園站,中和站,4,1,63.65,8.0,2,47.083333333333336,13.0,3,16.566666666666663,5.0,1,Fewer transfers
動物園站,公館站,2,1,42.23333333333333,5.0,1,34.68333333333333,7.0,2,7.549999999999997,2.0,1,Fewer transfers
動物園站,劍潭站,2,1,39.56666666666667,5.0,1,38.66666666666666,8.0,2,0.9000000000000128,3.0,1,Fewer transfers
動物園站,北投站,2,1,52.91666666666666,5.0,1,52.016666666666666,8.0,2,0.8999999999999915,3.0,1,Fewer transfers
動物園站,十四張站,2,1,54.083333333333336,8.0,2,46.53333333333333,10.0,3,7.550000000000004,2.0,1,Fewer transfers
動物園站,南港展覽館站,2,1,45.63333333333333,0.0,0,37.18333333333333,5.0,1,8.450000000000003,5.0,1,Fewer transfers
動物園站,南港軟體園區站,2,1,43.91666666666666,0.0,0,43.48333333333333,10.0,2,0.43333333333333,10.0,2,Fewer transfers
動物園站,古亭站,2,1,38.45,5.0,1,29.416666666666668,7.0,2,9.033333333333335,2.0,1,Fewer transfers
動物園站,台電大樓站,2,1,40.41666666666666,5.0,1,32.86666666666667,7.0,2,7.54999999999999,2.0,1,Fewer transfers
動物園站,唭哩岸站,2,1,49.25,5.0,1,48.35,8.0,2,0.8999999999999986,3.0,1,Fewer transfers
動物園站,圓山站,2,1,37.21666666666667,5.0,1,36.31666666666667,8.0,2,0.8999999999999986,3.0,1,Fewer transfers
動物園站,士林站,2,1,41.7,5.0,1,40.8,8.0,2,0.9000000000000057,3.0,1,Fewer transfers
動物園站,大坪林站,2,1,48.66666666666666,5.0,1,41.11666666666667,7.0,2,7.54999999999999,2.0,1,Fewer transfers
動物園站,奇岩站,2,1,50.95,5.0,1,50.05,8.0,2,0.9000000000000057,3.0,1,Fewer transfers
動物園站,小南門站,2,1,34.65,5.0,1,30.716666666666665,7.0,2,3.9333333333333336,2.0,1,Fewer transfers
動物園站,小碧潭站,2,1,56.8,8.0,2,49.25,10.0,3,7.549999999999997,2.0,1,Fewer transfers
動物園站,幸福站,2,1,54.85,13.0,3,51.88333333333333,14.0,2,2.9666666666666686,1.0,-1,More transfers
動物園站,幸福站,3,1,73.91666666666667,10.0,3,51.88333333333333,14.0,2,22.03333333333334,4.0,-1,More transfers
動物園站,幸福站,4,1,81.46666666666667,8.0,2,51.88333333333333,14.0,2,29.583333333333336,6.0,0,Same transfers
動物園站,復興崗站,2,1,55.61666666666667,5.0,1,54.71666666666667,8.0,2,0.8999999999999986,3.0,1,Fewer transfers
動物園站,忠義站,2,1,58.016666666666666,5.0,1,57.11666666666667,8.0,2,0.8999999999999986,3.0,1,Fewer transfers
動物園站,新北投站,2,1,58.53333333333333,8.0,2,57.63333333333333,11.0,3,0.8999999999999986,3.0,1,Fewer transfers
動物園站,新北產業園區站,2,1,57.48333333333333,13.0,3,54.516666666666666,14.0,2,2.9666666666666615,1.0,-1,More transfers
動物園站,新北產業園區站,3,1,76.55,10.0,3,54.516666666666666,14.0,2,22.03333333333333,4.0,-1,More transfers
動物園站,新北產業園區站,4,1,84.1,8.0,2,54.516666666666666,14.0,2,29.58333333333333,6.0,0,Same transfers
動物園站,新埔民生站,2,1,55.65,13.0,3,46.91666666666666,14.0,2,8.733333333333341,1.0,-1,More transfers
動物園站,新埔民生站,3,1,68.95,10.0,3,46.91666666666666,14.0,2,22.033333333333346,4.0,-1,More transfers
動物園站,新埔民生站,4,1,76.5,8.0,2,46.91666666666666,14.0,2,29.583333333333343,6.0,0,Same transfers
動物園站,新店區公所站,2,1,52.16666666666666,5.0,1,44.61666666666667,7.0,2,7.54999999999999,2.0,1,Fewer transfers
動物園站,新店站,2,1,54.43333333333333,5.0,1,46.88333333333333,7.0,2,7.549999999999997,2.0,1,Fewer transfers
動物園站,明德站,2,1,45.48333333333333,5.0,1,44.583333333333336,8.0,2,0.8999999999999915,3.0,1,Fewer transfers
動物園站,景平站,2,1,50.46666666666667,10.0,3,45.25,13.0,3,5.216666666666669,3.0,0,Same transfers
動物園站,景平站,3,1,58.016666666666666,8.0,2,45.25,13.0,3,12.766666666666666,5.0,1,Fewer transfers
動物園站,景美站,2,1,46.68333333333333,5.0,1,39.13333333333333,7.0,2,7.549999999999997,2.0,1,Fewer transfers
動物園站,板新站,2,1,53.73333333333333,14.0,2,53.11666666666667,13.0,3,0.61666666666666,-1.0,1,Fewer transfers
動物園站,板新站,3,1,62.13333333333333,10.0,3,53.11666666666667,13.0,3,9.016666666666666,3.0,0,Same transfers
動物園站,板新站,4,1,69.68333333333334,8.0,2,53.11666666666667,13.0,3,16.56666666666667,5.0,1,Fewer transfers
動物園站,橋和站,2,1,57.61666666666667,14.0,2,49.23333333333333,13.0,3,8.38333333333334,-1.0,1,Fewer transfers
動物園站,橋和站,3,1,58.25,10.0,3,49.23333333333333,13.0,3,9.016666666666673,3.0,0,Same transfers
動物園站,橋和站,4,1,65.8,8.0,2,49.23333333333333,13.0,3,16.56666666666667,5.0,1,Fewer transfers
動物園站,民權西路站,2,1,35.21666666666667,5.0,1,33.53333333333333,7.0,2,1.6833333333333371,2.0,1,Fewer transfers
動物園站,淡水站,2,1,68.93333333333334,5.0,1,68.03333333333333,8.0,2,0.9000000000000057,3.0,1,Fewer transfers
動物園站,石牌站,2,1,46.98333333333333,5.0,1,46.083333333333336,8.0,2,0.8999999999999915,3.0,1,Fewer transfers
動物園站,秀朗橋站,2,1,48.766666666666666,10.0,3,46.98333333333333,13.0,3,1.7833333333333385,3.0,0,Same transfers
動物園站,秀朗橋站,3,1,56.31666666666667,8.0,2,46.98333333333333,13.0,3,9.333333333333343,5.0,1,Fewer transfers
動物園站,竹圍站,2,1,62.75,5.0,1,61.85,8.0,2,0.8999999999999986,3.0,1,Fewer transfers
動物園站,紅樹林站,2,1,65.56666666666666,5.0,1,64.66666666666667,8.0,2,0.8999999999999915,3.0,1,Fewer transfers
動物園站,芝山站,2,1,43.71666666666667,5.0,1,42.81666666666667,8.0,2,0.8999999999999986,3.0,1,Fewer transfers
動物園站,萬隆站,2,1,44.75,5.0,1,37.2,7.0,2,7.549999999999997,2.0,1,Fewer transfers
動物園站,關渡站,2,1,59.8,5.0,1,58.9,8.0,2,0.8999999999999986,3.0,1,Fewer transfers
動物園站,雙連站,2,1,33.71666666666667,5.0,1,32.81666666666667,8.0,2,0.8999999999999986,3.0,1,Fewer transfers
北投站,三和國中站,2,1,48.66666666666666,2.0,1,27.1,3.0,1,21.566666666666656,1.0,0,Same transfers
北投站,三民高中站,2,1,52.4,2.0,1,30.83333333333333,3.0,1,21.56666666666667,1.0,0,Same transfers
北投站,三重國小站,2,1,46.46666666666667,2.0,1,24.9,3.0,1,21.56666666666667,1.0,0,Same transfers
北投站,三重站,2,1,49.91666666666666,2.0,1,28.35,3.0,1,21.566666666666656,1.0,0,Same transfers
北投站,中原站,2,1,56.46666666666667,8.0,2,51.4,9.0,2,5.06666666666667,1.0,0,Same transfers
北投站,中原站,3,1,58.65,5.0,2,51.4,9.0,2,7.25,4.0,0,Same transfers
北投站,中和站,2,1,52.63333333333333,9.0,2,49.35,10.0,3,3.2833333333333314,1.0,1,Fewer transfers
北投站,中和站,3,1,52.7,8.0,2,49.35,10.0,3,3.3500000000000014,2.0,1,Fewer transfers
北投站,中和站,4,1,54.88333333333333,5.0,2,49.35,10.0,3,5.533333333333331,5.0,1,Fewer transfers
北投站,中山國中站,2,1,43.016666666666666,5.0,1,34.38333333333333,8.0,2,8.633333333333333,3.0,1,Fewer transfers
北投站,中山國小站,2,1,40.06666666666667,2.0,1,21.95,3.0,1,18.11666666666667,1.0,0,Same transfers
北投站,丹鳳站,2,1,61.9,2.0,1,40.333333333333336,3.0,1,21.566666666666663,1.0,0,Same transfers
北投站,先嗇宮站,2,1,52.7,2.0,1,31.133333333333333,3.0,1,21.56666666666667,1.0,0,Same transfers
北投站,內湖站,2,1,58.81666666666667,5.0,1,50.18333333333333,8.0,2,8.63333333333334,3.0,1,Fewer transfers
北投站,六張犁站,2,1,41.63333333333333,5.0,1,40.766666666666666,8.0,2,0.8666666666666671,3.0,1,Fewer transfers
北投站,劍南路站,2,1,51.73333333333333,5.0,1,43.1,8.0,2,8.633333333333326,3.0,1,Fewer transfers
北投站,動物園站,2,1,53.0,5.0,1,52.13333333333333,8.0,2,0.8666666666666671,3.0,1,Fewer transfers
北投站,北門站,2,1,33.333333333333336,2.0,1,25.75,3.0,1,7.583333333333336,1.0,0,Same transfers
北投站,南京三民站,2,1,44.3,2.0,1,31.8,3.0,1,12.499999999999996,1.0,0,Same transfers
北投站,南京復興站,2,1,40.2,2.0,1,27.7,3.0,1,12.500000000000004,1.0,0,Same transfers
北投站,南勢角站,2,1,44.9,3.0,1,41.61666666666667,4.0,2,3.2833333333333314,1.0,1,Fewer transfers
北投站,南勢角站,3,1,44.96666666666667,2.0,1,41.61666666666667,4.0,2,3.3500000000000014,2.0,1,Fewer transfers
北投站,南港軟體園區站,2,1,57.766666666666666,8.0,2,53.41666666666666,9.0,2,4.3500000000000085,1.0,0,Same transfers
北投站,南港軟體園區站,3,1,66.4,5.0,1,53.41666666666666,9.0,2,12.983333333333348,4.0,1,Fewer transfers
北投站,台北小巨蛋站,2,1,42.15,2.0,1,29.65,3.0,1,12.5,1.0,0,Same transfers
北投站,台北橋站,2,1,46.06666666666667,2.0,1,24.5,3.0,1,21.56666666666667,1.0,0,Same transfers
北投站,大橋頭站,2,1,43.516666666666666,2.0,1,21.95,3.0,1,21.566666666666666,1.0,0,Same transfers
北投站,大湖公園站,2,1,60.41666666666666,5.0,1,51.78333333333333,8.0,2,8.633333333333326,3.0,1,Fewer transfers
北投站,大直站,2,1,49.583333333333336,5.0,1,40.95,8.0,2,8.633333333333333,3.0,1,Fewer transfers
北投站,幸福站,2,1,63.083333333333336,8.0,2,41.516666666666666,9.0,2,21.56666666666667,1.0,0,Same transfers
北投站,幸福站,3,1,72.7,5.0,2,41.516666666666666,9.0,2,31.183333333333337,4.0,0,Same transfers
北投站,徐匯中學站,2,1,50.45,2.0,1,28.883333333333333,3.0,1,21.56666666666667,1.0,0,Same transfers
北投站,忠孝新生站,2,1,33.833333333333336,2.0,1,28.05,3.0,1,5.783333333333335,1.0,0,Same transfers
北投站,文德站,2,1,57.1,5.0,1,48.46666666666667,8.0,2,8.633333333333333,3.0,1,Fewer transfers
北投站,新北產業園區站,2,1,65.71666666666667,8.0,2,44.15,9.0,2,21.56666666666667,1.0,0,Same transfers
北投站,新北產業園區站,3,1,75.33333333333333,5.0,2,44.15,9.0,2,31.18333333333333,4.0,0,Same transfers
北投站,新埔民生站,2,1,63.88333333333333,8.0,2,42.31666666666667,9.0,2,21.566666666666663,1.0,0,Same transfers
北投站,新埔民生站,3,1,67.73333333333333,5.0,2,42.31666666666667,9.0,2,25.416666666666664,4.0,0,Same transfers
北投站,新莊站,2,1,56.9,2.0,1,35.333333333333336,3.0,1,21.566666666666663,1.0,0,Same transfers
北投站,景安站,2,1,42.81666666666667,3.0,1,39.53333333333333,4.0,2,3.2833333333333385,1.0,1,Fewer transfers
北投站,景安站,3,1,42.88333333333333,2.0,1,39.53333333333333,4.0,2,3.3500000000000014,2.0,1,Fewer transfers
北投站,景平站,2,1,49.25,5.0,2,47.516666666666666,10.0,3,1.7333333333333343,5.0,1,Fewer transfers
北投站,木柵站,2,1,51.46666666666667,5.0,1,50.6,8.0,2,0.8666666666666671,3.0,1,Fewer transfers
北投站,東湖站,2,1,55.93333333333333,8.0,2,55.25,9.0,2,0.68333333333333,1.0,0,Same transfers
北投站,東湖站,3,1,64.56666666666666,5.0,1,55.25,9.0,2,9.316666666666663,4.0,1,Fewer transfers
北投站,松山機場站,2,1,46.21666666666667,5.0,1,37.583333333333336,8.0,2,8.633333333333333,3.0,1,Fewer transfers
北投站,松山站,2,1,47.05,2.0,1,34.55,3.0,1,12.5,1.0,0,Same transfers
北投站,松江南京站,2,1,36.16666666666666,2.0,1,25.58333333333333,3.0,1,10.583333333333329,1.0,0,Same transfers
北投站,板新站,2,1,58.73333333333333,8.0,2,49.13333333333333,9.0,2,9.599999999999994,1.0,0,Same transfers
北投站,板新站,3,1,60.91666666666666,5.0,2,49.13333333333333,9.0,2,11.783333333333324,4.0,0,Same transfers
北投站,橋和站,2,1,53.016666666666666,9.0,2,51.5,10.0,3,1.5166666666666657,1.0,1,Fewer transfers
北投站,橋和站,3,1,54.85,8.0,2,51.5,10.0,3,3.3500000000000014,2.0,1,Fewer transfers
北投站,橋和站,4,1,57.03333333333333,5.0,2,51.5,10.0,3,5.533333333333331,5.0,1,Fewer transfers
北投站,永安市場站,2,1,40.833333333333336,3.0,1,37.55,4.0,2,3.2833333333333385,1.0,1,Fewer transfers
北投站,永安市場站,3,1,40.9,2.0,1,37.55,4.0,2,3.3500000000000014,2.0,1,Fewer transfers
北投站,港墘站,2,1,55.48333333333333,5.0,1,46.85,8.0,2,8.633333333333326,3.0,1,Fewer transfers
北投站,科技大樓站,2,1,39.18333333333333,5.0,1,38.31666666666667,8.0,2,0.86666666666666,3.0,1,Fewer transfers
北投站,菜寮站,2,1,48.1,2.0,1,26.53333333333333,3.0,1,21.56666666666667,1.0,0,Same transfers
北投站,萬芳社區站,2,1,50.266666666666666,5.0,1,49.4,8.0,2,0.8666666666666671,3.0,1,Fewer transfers
北投站,萬芳醫院站,2,1,48.2,5.0,1,47.333333333333336,8.0,2,0.8666666666666671,3.0,1,Fewer transfers
北投站,葫洲站,2,1,62.85,5.0,1,54.21666666666667,8.0,2,8.633333333333333,3.0,1,Fewer transfers
北投站,蘆洲站,2,1,54.66666666666666,2.0,1,33.1,3.0,1,21.566666666666656,1.0,0,Same transfers
北投站,行天宮站,2,1,37.96666666666667,2.0,1,24.05,3.0,1,13.916666666666668,1.0,0,Same transfers
北投站,西湖站,2,1,53.98333333333333,5.0,1,45.35,8.0,2,8.633333333333326,3.0,1,Fewer transfers
北投站,西門站,2,1,31.33333333333333,2.0,1,27.65,3.0,1,3.68333333333333,1.0,0,Same transfers
北投站,輔大站,2,1,59.6,2.0,1,38.03333333333333,3.0,1,21.56666666666667,1.0,0,Same transfers
北投站,辛亥站,2,1,46.016666666666666,5.0,1,45.15,8.0,2,0.8666666666666671,3.0,1,Fewer transfers
北投站,迴龍站,2,1,65.11666666666666,2.0,1,43.55,3.0,1,21.566666666666663,1.0,0,Same transfers
北投站,頂溪站,2,1,38.63333333333333,3.0,1,35.35,4.0,2,3.2833333333333314,1.0,1,Fewer transfers
北投站,頂溪站,3,1,38.7,2.0,1,35.35,4.0,2,3.3500000000000014,2.0,1,Fewer transfers
北投站,頭前庄站,2,1,54.91666666666666,2.0,1,33.35,3.0,1,21.566666666666656,1.0,0,Same transfers
北投站,麟光站,2,1,43.25,5.0,1,42.38333333333333,8.0,2,0.8666666666666671,3.0,1,Fewer transfers
北門站,三和國中站,2,1,18.78333333333333,2.0,1,17.866666666666667,6.0,2,0.9166666666666643,4.0,1,Fewer transfers
北門站,三民高中站,2,1,22.516666666666666,2.0,1,21.6,6.0,2,0.9166666666666643,4.0,1,Fewer transfers
北門站,三重國小站,2,1,16.583333333333332,2.0,1,15.666666666666666,6.0,2,0.9166666666666661,4.0,1,Fewer transfers
北門站,三重站,2,1,20.03333333333333,2.0,1,19.116666666666667,6.0,2,0.9166666666666643,4.0,1,Fewer transfers
北門站,中原站,2,1,30.616666666666667,8.0,2,29.366666666666667,11.0,2,1.25,3.0,0,Same transfers
北門站,中原站,3,1,36.15,3.0,1,29.366666666666667,11.0,2,6.783333333333331,8.0,1,Fewer transfers
北門站,中和站,2,1,32.38333333333333,3.0,1,26.85,8.0,2,5.533333333333331,5.0,1,Fewer transfers
北門站,丹鳳站,2,1,32.016666666666666,2.0,1,31.1,6.0,2,0.9166666666666643,4.0,1,Fewer transfers
北門站,先嗇宮站,2,1,22.816666666666663,2.0,1,21.9,6.0,2,0.9166666666666643,4.0,1,Fewer transfers
北門站,劍潭站,2,1,19.85,2.0,1,12.316666666666666,3.0,1,7.533333333333335,1.0,0,Same transfers
北門站,北投站,2,1,33.2,2.0,1,25.666666666666668,3.0,1,7.533333333333335,1.0,0,Same transfers
北門站,南港軟體園區站,2,1,36.46666666666667,5.0,1,33.56666666666667,7.0,2,2.8999999999999986,2.0,1,Fewer transfers
北門站,台北橋站,2,1,16.183333333333334,2.0,1,15.266666666666667,6.0,2,0.9166666666666661,4.0,1,Fewer transfers
北門站,台大醫院站,2,1,9.183333333333334,2.0,1,8.266666666666667,3.0,1,0.9166666666666661,1.0,0,Same transfers
北門站,唭哩岸站,2,1,29.53333333333333,2.0,1,22.0,3.0,1,7.533333333333331,1.0,0,Same transfers
北門站,圓山站,2,1,17.5,2.0,1,9.966666666666669,3.0,1,7.533333333333331,1.0,0,Same transfers
北門站,士林站,2,1,21.98333333333333,2.0,1,14.45,3.0,1,7.533333333333331,1.0,0,Same transfers
北門站,大橋頭站,2,1,13.633333333333333,2.0,1,12.716666666666669,6.0,2,0.9166666666666643,4.0,1,Fewer transfers
北門站,奇岩站,2,1,31.23333333333333,2.0,1,23.7,3.0,1,7.533333333333331,1.0,0,Same transfers
北門站,幸福站,2,1,33.2,8.0,2,25.25,11.0,2,7.950000000000003,3.0,0,Same transfers
北門站,幸福站,3,1,50.2,3.0,1,25.25,11.0,2,24.950000000000003,8.0,1,Fewer transfers
北門站,徐匯中學站,2,1,20.566666666666663,2.0,1,19.65,6.0,2,0.9166666666666643,4.0,1,Fewer transfers
北門站,復興崗站,2,1,35.9,2.0,1,28.366666666666667,3.0,1,7.533333333333331,1.0,0,Same transfers
北門站,忠義站,2,1,38.3,2.0,1,30.766666666666666,3.0,1,7.533333333333331,1.0,0,Same transfers
北門站,新北投站,2,1,38.81666666666667,5.0,2,31.28333333333333,6.0,2,7.5333333333333385,1.0,0,Same transfers
北門站,新北產業園區站,2,1,35.833333333333336,8.0,2,27.883333333333333,11.0,2,7.950000000000003,3.0,0,Same transfers
北門站,新北產業園區站,3,1,52.833333333333336,3.0,1,27.883333333333333,11.0,2,24.950000000000003,8.0,1,Fewer transfers
北門站,新埔民生站,2,1,34.0,8.0,2,20.28333333333333,11.0,2,13.716666666666669,3.0,0,Same transfers
北門站,新埔民生站,3,1,45.23333333333333,3.0,1,20.28333333333333,11.0,2,24.949999999999996,8.0,1,Fewer transfers
北門站,新莊站,2,1,27.016666666666666,2.0,1,26.1,6.0,2,0.9166666666666643,4.0,1,Fewer transfers
北門站,明德站,2,1,25.766666666666666,2.0,1,18.23333333333333,3.0,1,7.533333333333335,1.0,0,Same transfers
北門站,景平站,2,1,26.75,3.0,1,25.016666666666666,8.0,2,1.7333333333333343,5.0,1,Fewer transfers
北門站,板新站,2,1,32.88333333333333,8.0,2,27.1,11.0,2,5.783333333333331,3.0,0,Same transfers
北門站,板新站,3,1,38.41666666666666,3.0,1,27.1,11.0,2,11.316666666666656,8.0,1,Fewer transfers
北門站,橋和站,2,1,34.53333333333333,3.0,1,29.0,8.0,2,5.533333333333331,5.0,1,Fewer transfers
北門站,民權西路站,2,1,11.883333333333333,2.0,1,7.966666666666667,3.0,1,3.916666666666666,1.0,0,Same transfers
北門站,淡水站,2,1,49.21666666666667,2.0,1,41.68333333333333,3.0,1,7.5333333333333385,1.0,0,Same transfers
北門站,石牌站,2,1,27.266666666666666,2.0,1,19.73333333333333,3.0,1,7.533333333333335,1.0,0,Same transfers
北門站,竹圍站,2,1,43.03333333333333,2.0,1,35.5,3.0,1,7.533333333333331,1.0,0,Same transfers
北門站,紅樹林站,2,1,45.85,2.0,1,38.31666666666667,3.0,1,7.533333333333331,1.0,0,Same transfers
北門站,芝山站,2,1,24.0,2.0,1,16.466666666666665,3.0,1,7.533333333333335,1.0,0,Same transfers
北門站,菜寮站,2,1,18.216666666666665,2.0,1,17.3,6.0,2,0.9166666666666643,4.0,1,Fewer transfers
北門站,蘆洲站,2,1,24.78333333333333,2.0,1,23.866666666666667,6.0,2,0.9166666666666643,4.0,1,Fewer transfers
北門站,輔大站,2,1,29.716666666666665,2.0,1,28.8,6.0,2,0.9166666666666643,4.0,1,Fewer transfers
北門站,迴龍站,2,1,35.233333333333334,2.0,1,34.31666666666667,6.0,2,0.9166666666666643,4.0,1,Fewer transfers
北門站,關渡站,2,1,40.083333333333336,2.0,1,32.55,3.0,1,7.5333333333333385,1.0,0,Same transfers
北門站,雙連站,2,1,14.0,2.0,1,6.466666666666667,3.0,1,7.533333333333333,1.0,0,Same transfers
北門站,頭前庄站,2,1,24.116666666666667,6.0,2,23.08333333333333,11.0,2,1.0333333333333385,5.0,0,Same transfers
北門站,頭前庄站,3,1,25.03333333333333,2.0,1,23.08333333333333,11.0,2,1.9500000000000028,9.0,1,Fewer transfers
十四張站,三和國中站,2,1,39.2,5.0,2,37.833333333333336,8.0,3,1.3666666666666671,3.0,1,Fewer transfers
十四張站,三和國中站,3,1,40.8,6.0,1,37.833333333333336,8.0,3,2.9666666666666615,2.0,2,Fewer transfers
十四張站,三民高中站,2,1,42.93333333333333,5.0,2,41.56666666666667,8.0,3,1.36666666666666,3.0,1,Fewer transfers
十四張站,三民高中站,3,1,44.53333333333333,6.0,1,41.56666666666667,8.0,3,2.9666666666666615,2.0,2,Fewer transfers
十四張站,三重國小站,2,1,37.0,5.0,2,35.63333333333333,8.0,3,1.3666666666666671,3.0,1,Fewer transfers
十四張站,三重國小站,3,1,38.6,6.0,1,35.63333333333333,8.0,3,2.9666666666666686,2.0,2,Fewer transfers
十四張站,三重站,2,1,40.45,5.0,2,35.833333333333336,6.0,1,4.616666666666667,1.0,-1,More transfers
十四張站,中山國小站,2,1,32.2,6.0,1,30.6,5.0,2,1.6000000000000014,-1.0,1,Fewer transfers
十四張站,中山站,2,1,25.666666666666668,3.0,1,24.9,5.0,2,0.7666666666666693,2.0,1,Fewer transfers
十四張站,丹鳳站,2,1,52.43333333333333,5.0,2,37.81666666666667,6.0,1,14.61666666666666,1.0,-1,More transfers
十四張站,亞東醫院站,2,1,37.03333333333333,9.0,1,32.93333333333333,11.0,1,4.100000000000001,2.0,0,Same transfers
十四張站,亞東醫院站,3,1,37.11666666666667,5.0,2,32.93333333333333,11.0,1,4.183333333333337,6.0,-1,More transfers
十四張站,先嗇宮站,2,1,43.23333333333333,5.0,2,33.05,6.0,1,10.18333333333333,1.0,-1,More transfers
十四張站,六張犁站,2,1,43.2,8.0,2,35.56666666666667,10.0,3,7.633333333333333,2.0,1,Fewer transfers
十四張站,動物園站,2,1,54.56666666666667,8.0,2,46.93333333333333,10.0,3,7.63333333333334,2.0,1,Fewer transfers
十四張站,南勢角站,2,1,27.466666666666665,5.0,2,13.45,6.0,1,14.016666666666666,1.0,-1,More transfers
十四張站,南港展覽館站,2,1,45.65,8.0,2,44.05,7.0,3,1.6000000000000014,-1.0,1,Fewer transfers
十四張站,南港展覽館站,3,1,47.1,5.0,2,44.05,7.0,3,3.0500000000000043,2.0,1,Fewer transfers
十四張站,南港展覽館站,4,1,62.6,9.0,1,44.05,7.0,3,18.550000000000004,-2.0,2,Fewer transfers
十四張站,南港站,2,1,43.38333333333333,8.0,2,41.78333333333333,7.0,3,1.6000000000000014,-1.0,1,Fewer transfers
十四張站,南港站,3,1,44.833333333333336,5.0,2,41.78333333333333,7.0,3,3.0500000000000043,2.0,1,Fewer transfers
十四張站,南港站,4,1,60.333333333333336,9.0,1,41.78333333333333,7.0,3,18.550000000000004,-2.0,2,Fewer transfers
十四張站,南港軟體園區站,2,1,51.95,13.0,3,50.35,12.0,4,1.6000000000000014,-1.0,1,Fewer transfers
十四張站,南港軟體園區站,3,1,53.4,10.0,3,50.35,12.0,4,3.049999999999997,2.0,1,Fewer transfers
十四張站,南港軟體園區站,4,1,60.2,8.0,2,50.35,12.0,4,9.850000000000001,4.0,2,Fewer transfers
十四張站,台北橋站,2,1,36.6,5.0,2,35.233333333333334,8.0,3,1.3666666666666671,3.0,1,Fewer transfers
十四張站,台北橋站,3,1,38.2,6.0,1,35.233333333333334,8.0,3,2.9666666666666686,2.0,2,Fewer transfers
十四張站,台北車站,2,1,41.35,9.0,1,23.183333333333334,5.0,2,18.166666666666668,-4.0,1,Fewer transfers
十四張站,善導寺站,2,1,43.15,9.0,1,27.65,5.0,2,15.5,-4.0,1,Fewer transfers
十四張站,國父紀念館站,2,1,33.53333333333333,8.0,2,31.933333333333334,7.0,3,1.5999999999999979,-1.0,1,Fewer transfers
十四張站,國父紀念館站,3,1,34.983333333333334,5.0,2,31.933333333333334,7.0,3,3.0500000000000007,2.0,1,Fewer transfers
十四張站,國父紀念館站,4,1,50.48333333333333,9.0,1,31.933333333333334,7.0,3,18.549999999999994,-2.0,2,Fewer transfers
十四張站,土城站,2,1,42.03333333333333,9.0,1,37.93333333333333,11.0,1,4.100000000000001,2.0,0,Same transfers
十四張站,土城站,3,1,42.11666666666667,5.0,2,37.93333333333333,11.0,1,4.183333333333337,6.0,-1,More transfers
十四張站,大橋頭站,2,1,34.05,5.0,2,32.68333333333333,8.0,3,1.3666666666666671,3.0,1,Fewer transfers
十四張站,大橋頭站,3,1,35.65,6.0,1,32.68333333333333,8.0,3,2.9666666666666686,2.0,2,Fewer transfers
十四張站,市政府站,2,1,35.28333333333333,8.0,2,33.68333333333333,7.0,3,1.6000000000000014,-1.0,1,Fewer transfers
十四張站,市政府站,3,1,36.73333333333333,5.0,2,33.68333333333333,7.0,3,3.049999999999997,2.0,1,Fewer transfers
十四張站,市政府站,4,1,52.23333333333333,9.0,1,33.68333333333333,7.0,3,18.549999999999997,-2.0,2,Fewer transfers
十四張站,府中站,2,1,34.86666666666667,9.0,1,30.766666666666666,11.0,1,4.100000000000001,2.0,0,Same transfers
十四張站,府中站,3,1,34.95,5.0,2,30.766666666666666,11.0,1,4.183333333333337,6.0,-1,More transfers
十四張站,後山埤站,2,1,38.88333333333333,8.0,2,37.28333333333333,7.0,3,1.6000000000000014,-1.0,1,Fewer transfers
十四張站,後山埤站,3,1,40.333333333333336,5.0,2,37.28333333333333,7.0,3,3.0500000000000043,2.0,1,Fewer transfers
十四張站,後山埤站,4,1,55.833333333333336,9.0,1,37.28333333333333,7.0,3,18.550000000000004,-2.0,2,Fewer transfers
十四張站,徐匯中學站,2,1,40.98333333333333,5.0,2,39.61666666666667,8.0,3,1.36666666666666,3.0,1,Fewer transfers
十四張站,徐匯中學站,3,1,42.583333333333336,6.0,1,39.61666666666667,8.0,3,2.9666666666666686,2.0,2,Fewer transfers
十四張站,忠孝復興站,2,1,30.133333333333333,8.0,2,28.53333333333333,7.0,3,1.6000000000000014,-1.0,1,Fewer transfers
十四張站,忠孝復興站,3,1,31.58333333333333,5.0,2,28.53333333333333,7.0,3,3.049999999999997,2.0,1,Fewer transfers
十四張站,忠孝復興站,4,1,47.083333333333336,9.0,1,28.53333333333333,7.0,3,18.550000000000004,-2.0,2,Fewer transfers
十四張站,忠孝敦化站,2,1,31.883333333333333,8.0,2,30.28333333333333,7.0,3,1.6000000000000014,-1.0,1,Fewer transfers
十四張站,忠孝敦化站,3,1,33.333333333333336,5.0,2,30.28333333333333,7.0,3,3.0500000000000043,2.0,1,Fewer transfers
十四張站,忠孝敦化站,4,1,48.833333333333336,9.0,1,30.28333333333333,7.0,3,18.550000000000004,-2.0,2,Fewer transfers
十四張站,忠孝新生站,2,1,25.966666666666665,6.0,1,24.366666666666667,5.0,2,1.5999999999999979,-1.0,1,Fewer transfers
十四張站,新埔站,2,1,31.116666666666667,5.0,2,31.03333333333333,9.0,1,0.0833333333333357,4.0,-1,More transfers
十四張站,新莊站,2,1,47.43333333333333,5.0,2,32.81666666666667,6.0,1,14.61666666666666,1.0,-1,More transfers
十四張站,昆陽站,2,1,41.15,8.0,2,39.55,7.0,3,1.6000000000000014,-1.0,1,Fewer transfers
十四張站,昆陽站,3,1,42.6,5.0,2,39.55,7.0,3,3.0500000000000043,2.0,1,Fewer transfers
十四張站,昆陽站,4,1,58.1,9.0,1,39.55,7.0,3,18.550000000000004,-2.0,2,Fewer transfers
十四張站,木柵站,2,1,53.03333333333333,8.0,2,45.4,10.0,3,7.633333333333333,2.0,1,Fewer transfers
十四張站,東湖站,2,1,53.78333333333333,13.0,3,52.18333333333333,12.0,4,1.6000000000000014,-1.0,1,Fewer transfers
十四張站,東湖站,3,1,55.23333333333333,10.0,3,52.18333333333333,12.0,4,3.049999999999997,2.0,1,Fewer transfers
十四張站,東湖站,4,1,58.36666666666667,8.0,2,52.18333333333333,12.0,4,6.183333333333337,4.0,2,Fewer transfers
十四張站,東門站,2,1,23.15,6.0,1,21.55,5.0,2,1.5999999999999979,-1.0,1,Fewer transfers
十四張站,松江南京站,2,1,28.016666666666666,3.0,1,26.7,5.0,2,1.3166666666666664,2.0,1,Fewer transfers
十四張站,民權西路站,2,1,33.9,6.0,1,27.933333333333334,5.0,2,5.966666666666665,-1.0,1,Fewer transfers
十四張站,永安市場站,2,1,23.4,5.0,2,13.333333333333334,6.0,1,10.066666666666665,1.0,-1,More transfers
十四張站,永寧站,2,1,44.05,9.0,1,39.95,11.0,1,4.099999999999994,2.0,0,Same transfers
十四張站,永寧站,3,1,44.13333333333333,5.0,2,39.95,11.0,1,4.18333333333333,6.0,-1,More transfers
十四張站,永春站,2,1,37.2,8.0,2,35.6,7.0,3,1.6000000000000014,-1.0,1,Fewer transfers
十四張站,永春站,3,1,38.65,5.0,2,35.6,7.0,3,3.049999999999997,2.0,1,Fewer transfers
十四張站,永春站,4,1,54.15,9.0,1,35.6,7.0,3,18.549999999999997,-2.0,2,Fewer transfers
十四張站,江子翠站,2,1,32.78333333333333,9.0,1,29.366666666666667,5.0,2,3.4166666666666643,-4.0,1,Fewer transfers
十四張站,海山站,2,1,39.833333333333336,9.0,1,35.733333333333334,11.0,1,4.100000000000001,2.0,0,Same transfers
十四張站,海山站,3,1,39.91666666666666,5.0,2,35.733333333333334,11.0,1,4.183333333333323,6.0,-1,More transfers
十四張站,科技大樓站,2,1,40.75,8.0,2,33.11666666666667,10.0,3,7.633333333333333,2.0,1,Fewer transfers
十四張站,菜寮站,2,1,37.65,6.0,1,37.266666666666666,8.0,3,0.38333333333333286,2.0,2,Fewer transfers
十四張站,菜寮站,3,1,38.63333333333333,5.0,2,37.266666666666666,8.0,3,1.3666666666666671,3.0,1,Fewer transfers
十四張站,萬芳社區站,2,1,51.833333333333336,8.0,2,44.2,10.0,3,7.633333333333333,2.0,1,Fewer transfers
十四張站,萬芳醫院站,2,1,49.766666666666666,8.0,2,42.13333333333333,10.0,3,7.633333333333333,2.0,1,Fewer transfers
十四張站,葫洲站,2,1,55.5,13.0,3,53.9,12.0,4,1.6000000000000014,-1.0,1,Fewer transfers
十四張站,葫洲站,3,1,56.65,8.0,2,53.9,12.0,4,2.75,4.0,2,Fewer transfers
十四張站,蘆洲站,2,1,45.2,5.0,2,43.833333333333336,8.0,3,1.3666666666666671,3.0,1,Fewer transfers
十四張站,蘆洲站,3,1,46.8,6.0,1,43.833333333333336,8.0,3,2.9666666666666615,2.0,2,Fewer transfers
十四張站,行天宮站,2,1,30.1,6.0,1,28.5,5.0,2,1.6000000000000014,-1.0,1,Fewer transfers
十四張站,輔大站,2,1,50.13333333333333,5.0,2,35.516666666666666,6.0,1,14.616666666666667,1.0,-1,More transfers
十四張站,辛亥站,2,1,47.583333333333336,8.0,2,39.95,10.0,3,7.633333333333333,2.0,1,Fewer transfers
十四張站,迴龍站,2,1,55.65,5.0,2,41.03333333333333,6.0,1,14.616666666666667,1.0,-1,More transfers
十四張站,頂埔站,2,1,47.516666666666666,9.0,1,43.41666666666666,11.0,1,4.1000000000000085,2.0,0,Same transfers
十四張站,頂埔站,3,1,47.6,5.0,2,43.41666666666666,11.0,1,4.183333333333344,6.0,-1,More transfers
十四張站,頂溪站,2,1,21.2,5.0,2,15.533333333333331,6.0,1,5.666666666666668,1.0,-1,More transfers
十四張站,麟光站,2,1,44.81666666666667,8.0,2,37.18333333333333,10.0,3,7.63333333333334,2.0,1,Fewer transfers
十四張站,龍山寺站,2,1,36.45,9.0,1,25.683333333333334,5.0,2,10.76666666666667,-4.0,1,Fewer transfers
南京三民站,中原站,2,1,47.11666666666667,3.0,1,38.18333333333333,8.0,2,8.933333333333337,5.0,1,Fewer transfers
南京三民站,中和站,2,1,43.35,3.0,1,34.416666666666664,8.0,2,8.933333333333337,5.0,1,Fewer transfers
南京三民站,信義安和站,2,1,20.166666666666668,4.0,2,19.433333333333334,10.0,2,0.7333333333333343,6.0,0,Same transfers
南京三民站,信義安和站,3,1,25.2,3.0,1,19.433333333333334,10.0,2,5.766666666666666,7.0,1,Fewer transfers
南京三民站,信義安和站,4,1,26.916666666666668,2.0,1,19.433333333333334,10.0,2,7.483333333333334,8.0,1,Fewer transfers
南京三民站,劍潭站,2,1,30.816666666666663,2.0,1,18.366666666666667,3.0,1,12.449999999999996,1.0,0,Same transfers
南京三民站,北投站,2,1,44.16666666666666,2.0,1,31.716666666666665,3.0,1,12.449999999999992,1.0,0,Same transfers
南京三民站,南港展覽館站,2,1,35.333333333333336,5.0,1,29.516666666666666,4.0,2,5.81666666666667,-1.0,1,Fewer transfers
南京三民站,南港展覽館站,3,1,38.23333333333333,2.0,1,29.516666666666666,4.0,2,8.716666666666661,2.0,1,Fewer transfers
南京三民站,南港站,2,1,35.96666666666667,2.0,1,27.25,4.0,2,8.716666666666669,2.0,1,Fewer transfers
南京三民站,古亭站,2,1,18.15,0.0,0,16.75,2.0,1,1.3999999999999986,2.0,1,Fewer transfers
南京三民站,台北101/世貿站,2,1,22.0,4.0,2,21.266666666666666,10.0,2,0.7333333333333343,6.0,0,Same transfers
南京三民站,台北101/世貿站,3,1,27.03333333333333,3.0,1,21.266666666666666,10.0,2,5.766666666666666,7.0,1,Fewer transfers
南京三民站,台北101/世貿站,4,1,28.75,2.0,1,21.266666666666666,10.0,2,7.483333333333334,8.0,1,Fewer transfers
南京三民站,台北車站,2,1,16.983333333333334,2.0,1,12.616666666666667,3.0,1,4.366666666666667,1.0,0,Same transfers
南京三民站,台大醫院站,2,1,20.15,2.0,1,14.316666666666666,3.0,1,5.833333333333332,1.0,0,Same transfers
南京三民站,唭哩岸站,2,1,40.5,2.0,1,28.05,3.0,1,12.45,1.0,0,Same transfers
南京三民站,善導寺站,2,1,18.78333333333333,2.0,1,13.85,4.0,2,4.933333333333332,2.0,1,Fewer transfers
南京三民站,國父紀念館站,2,1,26.116666666666667,2.0,1,17.4,4.0,2,8.716666666666669,2.0,1,Fewer transfers
南京三民站,圓山站,2,1,28.466666666666665,2.0,1,16.016666666666666,3.0,1,12.45,1.0,0,Same transfers
南京三民站,士林站,2,1,32.95,2.0,1,20.5,3.0,1,12.450000000000003,1.0,0,Same transfers
南京三民站,大安森林公園站,2,1,21.516666666666666,3.0,1,16.483333333333334,4.0,2,5.033333333333331,1.0,1,Fewer transfers
南京三民站,大安森林公園站,3,1,23.23333333333333,2.0,1,16.483333333333334,4.0,2,6.7499999999999964,2.0,1,Fewer transfers
南京三民站,大安站,2,1,18.166666666666668,4.0,2,12.433333333333334,5.0,1,5.733333333333334,1.0,-1,More transfers
南京三民站,大安站,3,1,23.2,3.0,1,12.433333333333334,5.0,1,10.766666666666666,2.0,0,Same transfers
南京三民站,大安站,4,1,24.916666666666668,2.0,1,12.433333333333334,5.0,1,12.483333333333334,3.0,0,Same transfers
南京三民站,奇岩站,2,1,42.2,2.0,1,29.75,3.0,1,12.450000000000003,1.0,0,Same transfers
南京三民站,市政府站,2,1,27.866666666666667,2.0,1,19.15,4.0,2,8.716666666666669,2.0,1,Fewer transfers
南京三民站,幸福站,2,1,61.16666666666666,3.0,1,34.55,8.0,2,26.61666666666666,5.0,1,Fewer transfers
南京三民站,廣慈/奉天宮站,2,1,26.55,4.0,2,25.816666666666663,10.0,2,0.7333333333333378,6.0,0,Same transfers
南京三民站,廣慈/奉天宮站,3,1,31.58333333333333,3.0,1,25.816666666666663,10.0,2,5.766666666666666,7.0,1,Fewer transfers
南京三民站,廣慈/奉天宮站,4,1,33.3,2.0,1,25.816666666666663,10.0,2,7.483333333333334,8.0,1,Fewer transfers
南京三民站,後山埤站,2,1,31.466666666666665,2.0,1,22.75,4.0,2,8.716666666666665,2.0,1,Fewer transfers
南京三民站,復興崗站,2,1,46.86666666666667,2.0,1,34.416666666666664,3.0,1,12.450000000000003,1.0,0,Same transfers
南京三民站,忠孝復興站,2,1,14.0,4.0,2,10.566666666666666,5.0,1,3.4333333333333336,1.0,-1,More transfers
南京三民站,忠孝復興站,3,1,22.716666666666665,2.0,1,10.566666666666666,5.0,1,12.149999999999999,3.0,0,Same transfers
南京三民站,忠孝敦化站,2,1,24.466666666666665,2.0,1,15.75,4.0,2,8.716666666666665,2.0,1,Fewer transfers
南京三民站,忠義站,2,1,49.266666666666666,2.0,1,36.81666666666667,3.0,1,12.449999999999996,1.0,0,Same transfers
南京三民站,新北投站,2,1,49.78333333333333,5.0,2,37.333333333333336,6.0,2,12.449999999999996,1.0,0,Same transfers
南京三民站,新北產業園區站,2,1,63.8,3.0,1,37.18333333333333,8.0,2,26.616666666666667,5.0,1,Fewer transfers
南京三民站,新埔民生站,2,1,35.35,8.0,2,31.25,11.0,2,4.100000000000001,3.0,0,Same transfers
南京三民站,新埔民生站,3,1,56.2,3.0,1,31.25,11.0,2,24.950000000000003,8.0,1,Fewer transfers
南京三民站,昆陽站,2,1,33.733333333333334,2.0,1,25.016666666666666,4.0,2,8.716666666666669,2.0,1,Fewer transfers
南京三民站,明德站,2,1,36.73333333333333,2.0,1,24.28333333333333,3.0,1,12.449999999999996,1.0,0,Same transfers
南京三民站,景平站,2,1,37.71666666666667,3.0,1,32.583333333333336,8.0,2,5.133333333333333,5.0,1,Fewer transfers
南京三民站,板新站,2,1,40.45,8.0,2,38.06666666666667,11.0,2,2.383333333333333,3.0,0,Same transfers
南京三民站,板新站,3,1,49.38333333333333,3.0,1,38.06666666666667,11.0,2,11.316666666666663,8.0,1,Fewer transfers
南京三民站,橋和站,2,1,45.5,3.0,1,36.56666666666667,8.0,2,8.93333333333333,5.0,1,Fewer transfers
南京三民站,永春站,2,1,29.78333333333333,2.0,1,21.066666666666663,4.0,2,8.716666666666669,2.0,1,Fewer transfers
南京三民站,淡水站,2,1,60.18333333333333,2.0,1,47.73333333333333,3.0,1,12.450000000000003,1.0,0,Same transfers
南京三民站,石牌站,2,1,38.23333333333333,2.0,1,25.78333333333333,3.0,1,12.449999999999996,1.0,0,Same transfers
南京三民站,秀朗橋站,2,1,36.016666666666666,3.0,1,34.31666666666667,8.0,2,1.6999999999999957,5.0,1,Fewer transfers
南京三民站,竹圍站,2,1,54.0,2.0,1,41.55,3.0,1,12.450000000000003,1.0,0,Same transfers
南京三民站,紅樹林站,2,1,56.81666666666667,2.0,1,44.36666666666667,3.0,1,12.450000000000003,1.0,0,Same transfers
南京三民站,芝山站,2,1,34.96666666666667,2.0,1,22.516666666666666,3.0,1,12.450000000000003,1.0,0,Same transfers
南京三民站,象山站,2,1,23.6,4.0,2,22.866666666666667,10.0,2,0.7333333333333343,6.0,0,Same transfers
南京三民站,象山站,3,1,28.633333333333333,3.0,1,22.866666666666667,10.0,2,5.766666666666666,7.0,1,Fewer transfers
南京三民站,象山站,4,1,30.35,2.0,1,22.866666666666667,10.0,2,7.483333333333334,8.0,1,Fewer transfers
南京三民站,關渡站,2,1,51.05,2.0,1,38.6,3.0,1,12.449999999999996,1.0,0,Same transfers
南京三民站,雙連站,2,1,24.966666666666665,2.0,1,12.516666666666667,3.0,1,12.449999999999998,1.0,0,Same transfers
南京復興站,中原站,2,1,43.016666666666666,3.0,1,34.083333333333336,8.0,2,8.93333333333333,5.0,1,Fewer transfers
南京復興站,中和站,2,1,39.25,3.0,1,30.316666666666663,8.0,2,8.933333333333337,5.0,1,Fewer transfers
南京復興站,信義安和站,2,1,16.066666666666666,4.0,2,10.3,5.0,1,5.766666666666666,1.0,-1,More transfers
南京復興站,信義安和站,3,1,21.1,3.0,1,10.3,5.0,1,10.8,2.0,0,Same transfers
南京復興站,信義安和站,4,1,22.816666666666663,2.0,1,10.3,5.0,1,12.516666666666662,3.0,0,Same transfers
南京復興站,劍潭站,2,1,26.716666666666665,2.0,1,14.266666666666667,3.0,1,12.449999999999998,1.0,0,Same transfers
南京復興站,北投站,2,1,40.06666666666667,2.0,1,27.616666666666667,3.0,1,12.450000000000003,1.0,0,Same transfers
南京復興站,南港展覽館站,2,1,25.416666666666668,4.0,2,21.95,5.0,1,3.4666666666666686,1.0,-1,More transfers
南京復興站,南港展覽館站,3,1,26.2,0.0,0,21.95,5.0,1,4.25,5.0,1,Fewer transfers
南京復興站,南港站,2,1,23.15,4.0,2,19.683333333333334,5.0,1,3.466666666666665,1.0,-1,More transfers
南京復興站,南港站,3,1,31.866666666666667,2.0,1,19.683333333333334,5.0,1,12.183333333333334,3.0,0,Same transfers
南京復興站,古亭站,2,1,14.05,0.0,0,12.65,2.0,1,1.4000000000000004,2.0,1,Fewer transfers
南京復興站,台北101/世貿站,2,1,17.9,4.0,2,12.133333333333333,5.0,1,5.766666666666666,1.0,-1,More transfers
南京復興站,台北101/世貿站,3,1,22.933333333333334,3.0,1,12.133333333333333,5.0,1,10.8,2.0,0,Same transfers
南京復興站,台北101/世貿站,4,1,24.65,2.0,1,12.133333333333333,5.0,1,12.516666666666666,3.0,0,Same transfers
南京復興站,台北車站,2,1,12.883333333333333,2.0,1,8.516666666666667,3.0,1,4.366666666666665,1.0,0,Same transfers
南京復興站,台大醫院站,2,1,16.05,2.0,1,10.216666666666669,3.0,1,5.833333333333332,1.0,0,Same transfers
南京復興站,唭哩岸站,2,1,36.4,2.0,1,23.95,3.0,1,12.45,1.0,0,Same transfers
南京復興站,善導寺站,2,1,10.616666666666667,5.0,1,9.75,4.0,2,0.8666666666666671,-1.0,1,Fewer transfers
南京復興站,善導寺站,3,1,14.683333333333334,2.0,1,9.75,4.0,2,4.933333333333334,2.0,1,Fewer transfers
南京復興站,國父紀念館站,2,1,13.3,4.0,2,9.833333333333334,5.0,1,3.466666666666667,1.0,-1,More transfers
南京復興站,國父紀念館站,3,1,22.016666666666666,2.0,1,9.833333333333334,5.0,1,12.183333333333332,3.0,0,Same transfers
南京復興站,圓山站,2,1,24.366666666666667,2.0,1,11.916666666666666,3.0,1,12.450000000000001,1.0,0,Same transfers
南京復興站,士林站,2,1,28.85,2.0,1,16.4,3.0,1,12.450000000000003,1.0,0,Same transfers
南京復興站,大安森林公園站,2,1,12.383333333333333,4.0,2,10.033333333333331,5.0,1,2.3500000000000014,1.0,-1,More transfers
南京復興站,大安森林公園站,3,1,17.416666666666668,3.0,1,10.033333333333331,5.0,1,7.383333333333336,2.0,0,Same transfers
南京復興站,大安森林公園站,4,1,19.133333333333333,2.0,1,10.033333333333331,5.0,1,9.100000000000001,3.0,0,Same transfers
南京復興站,奇岩站,2,1,38.1,2.0,1,25.65,3.0,1,12.450000000000003,1.0,0,Same transfers
南京復興站,市政府站,2,1,15.05,4.0,2,11.583333333333334,5.0,1,3.466666666666667,1.0,-1,More transfers
南京復興站,市政府站,3,1,23.766666666666666,2.0,1,11.583333333333334,5.0,1,12.183333333333332,3.0,0,Same transfers
南京復興站,幸福站,2,1,57.06666666666667,3.0,1,30.45,8.0,2,26.61666666666667,5.0,1,Fewer transfers
南京復興站,廣慈/奉天宮站,2,1,22.45,4.0,2,16.683333333333334,5.0,1,5.766666666666666,1.0,-1,More transfers
南京復興站,廣慈/奉天宮站,3,1,27.48333333333333,3.0,1,16.683333333333334,5.0,1,10.799999999999997,2.0,0,Same transfers
南京復興站,廣慈/奉天宮站,4,1,29.2,2.0,1,16.683333333333334,5.0,1,12.516666666666666,3.0,0,Same transfers
南京復興站,後山埤站,2,1,18.65,4.0,2,15.183333333333334,5.0,1,3.466666666666665,1.0,-1,More transfers
南京復興站,後山埤站,3,1,27.366666666666667,2.0,1,15.183333333333334,5.0,1,12.183333333333334,3.0,0,Same transfers
南京復興站,復興崗站,2,1,42.766666666666666,2.0,1,30.316666666666663,3.0,1,12.450000000000003,1.0,0,Same transfers
南京復興站,忠孝敦化站,2,1,11.65,4.0,2,8.183333333333334,5.0,1,3.466666666666667,1.0,-1,More transfers
南京復興站,忠孝敦化站,3,1,20.366666666666667,2.0,1,8.183333333333334,5.0,1,12.183333333333334,3.0,0,Same transfers
南京復興站,忠義站,2,1,45.16666666666666,2.0,1,32.71666666666667,3.0,1,12.449999999999989,1.0,0,Same transfers
南京復興站,新北投站,2,1,45.68333333333333,5.0,2,33.233333333333334,6.0,2,12.449999999999996,1.0,0,Same transfers
南京復興站,新北產業園區站,2,1,59.7,3.0,1,33.083333333333336,8.0,2,26.616666666666667,5.0,1,Fewer transfers
南京復興站,新埔民生站,2,1,31.25,8.0,2,27.15,11.0,2,4.100000000000001,3.0,0,Same transfers
南京復興站,新埔民生站,3,1,52.1,3.0,1,27.15,11.0,2,24.950000000000003,8.0,1,Fewer transfers
南京復興站,昆陽站,2,1,20.916666666666668,4.0,2,17.45,5.0,1,3.4666666666666686,1.0,-1,More transfers
南京復興站,昆陽站,3,1,29.633333333333333,2.0,1,17.45,5.0,1,12.183333333333334,3.0,0,Same transfers
南京復興站,明德站,2,1,32.63333333333333,2.0,1,20.183333333333334,3.0,1,12.45,1.0,0,Same transfers
南京復興站,景平站,2,1,33.61666666666667,3.0,1,28.48333333333333,8.0,2,5.133333333333336,5.0,1,Fewer transfers
南京復興站,板新站,2,1,36.35,8.0,2,33.96666666666667,11.0,2,2.383333333333333,3.0,0,Same transfers
南京復興站,板新站,3,1,45.28333333333333,3.0,1,33.96666666666667,11.0,2,11.316666666666663,8.0,1,Fewer transfers
南京復興站,橋和站,2,1,41.4,3.0,1,32.46666666666667,8.0,2,8.93333333333333,5.0,1,Fewer transfers
南京復興站,永春站,2,1,16.966666666666665,4.0,2,13.5,5.0,1,3.466666666666665,1.0,-1,More transfers
南京復興站,永春站,3,1,25.683333333333334,2.0,1,13.5,5.0,1,12.183333333333334,3.0,0,Same transfers
南京復興站,淡水站,2,1,56.083333333333336,2.0,1,43.63333333333333,3.0,1,12.450000000000003,1.0,0,Same transfers
南京復興站,石牌站,2,1,34.13333333333333,2.0,1,21.683333333333334,3.0,1,12.45,1.0,0,Same transfers
南京復興站,秀朗橋站,2,1,31.916666666666668,3.0,1,30.216666666666665,8.0,2,1.7000000000000028,5.0,1,Fewer transfers
南京復興站,竹圍站,2,1,49.9,2.0,1,37.45,3.0,1,12.449999999999996,1.0,0,Same transfers
南京復興站,紅樹林站,2,1,52.71666666666667,2.0,1,40.266666666666666,3.0,1,12.450000000000003,1.0,0,Same transfers
南京復興站,芝山站,2,1,30.866666666666667,2.0,1,18.416666666666668,3.0,1,12.45,1.0,0,Same transfers
南京復興站,象山站,2,1,19.5,4.0,2,13.733333333333333,5.0,1,5.7666666666666675,1.0,-1,More transfers
南京復興站,象山站,3,1,24.53333333333333,3.0,1,13.733333333333333,5.0,1,10.799999999999999,2.0,0,Same transfers
南京復興站,象山站,4,1,26.25,2.0,1,13.733333333333333,5.0,1,12.516666666666667,3.0,0,Same transfers
南京復興站,關渡站,2,1,46.95,2.0,1,34.5,3.0,1,12.450000000000003,1.0,0,Same transfers
南京復興站,雙連站,2,1,20.866666666666667,2.0,1,8.416666666666666,3.0,1,12.450000000000001,1.0,0,Same transfers
南勢角站,七張站,2,1,23.35,2.0,1,21.116666666666667,9.0,2,2.2333333333333343,7.0,1,Fewer transfers
南勢角站,中原站,2,1,40.35,5.0,2,15.2,6.0,1,25.150000000000002,1.0,-1,More transfers
南勢角站,中和站,2,1,36.583333333333336,5.0,2,11.433333333333334,6.0,1,25.150000000000002,1.0,-1,More transfers
南勢角站,中山站,2,1,21.516666666666666,2.0,1,20.75,4.0,2,0.7666666666666657,2.0,1,Fewer transfers
南勢角站,丹鳳站,2,1,44.28333333333333,0.0,0,40.06666666666667,12.0,2,4.2166666666666615,12.0,2,Fewer transfers
南勢角站,亞東醫院站,2,1,38.3,2.0,1,32.96666666666667,4.0,2,5.333333333333329,2.0,1,Fewer transfers
南勢角站,劍潭站,2,1,31.5,3.0,1,28.133333333333333,4.0,2,3.366666666666667,1.0,1,Fewer transfers
南勢角站,劍潭站,3,1,31.566666666666663,2.0,1,28.133333333333333,4.0,2,3.43333333333333,2.0,1,Fewer transfers
南勢角站,北投站,2,1,44.85,3.0,1,41.48333333333333,4.0,2,3.3666666666666742,1.0,1,Fewer transfers
南勢角站,北投站,3,1,44.91666666666666,2.0,1,41.48333333333333,4.0,2,3.43333333333333,2.0,1,Fewer transfers
南勢角站,十四張站,2,1,27.016666666666666,5.0,2,13.566666666666666,6.0,1,13.45,1.0,-1,More transfers
南勢角站,台北車站,2,1,21.75,2.0,1,19.03333333333333,4.0,2,2.7166666666666686,2.0,1,Fewer transfers
南勢角站,台大醫院站,2,1,20.9,2.0,1,17.466666666666665,4.0,2,3.4333333333333336,2.0,1,Fewer transfers
南勢角站,唭哩岸站,2,1,41.18333333333333,3.0,1,37.81666666666667,4.0,2,3.36666666666666,1.0,1,Fewer transfers
南勢角站,唭哩岸站,3,1,41.25,2.0,1,37.81666666666667,4.0,2,3.43333333333333,2.0,1,Fewer transfers
南勢角站,圓山站,2,1,29.15,3.0,1,25.78333333333333,4.0,2,3.366666666666667,1.0,1,Fewer transfers
南勢角站,圓山站,3,1,29.216666666666665,2.0,1,25.78333333333333,4.0,2,3.4333333333333336,2.0,1,Fewer transfers
南勢角站,土城站,2,1,43.3,2.0,1,37.96666666666667,4.0,2,5.333333333333329,2.0,1,Fewer transfers
南勢角站,士林站,2,1,33.63333333333333,3.0,1,30.266666666666666,4.0,2,3.366666666666667,1.0,1,Fewer transfers
南勢角站,士林站,3,1,33.7,2.0,1,30.266666666666666,4.0,2,3.433333333333337,2.0,1,Fewer transfers
南勢角站,大坪林站,2,1,21.6,2.0,1,16.366666666666667,6.0,1,5.233333333333334,4.0,0,Same transfers
南勢角站,奇岩站,2,1,42.88333333333333,3.0,1,39.516666666666666,4.0,2,3.366666666666667,1.0,1,Fewer transfers
南勢角站,奇岩站,3,1,42.95,2.0,1,39.516666666666666,4.0,2,3.433333333333337,2.0,1,Fewer transfers
南勢角站,小碧潭站,2,1,29.73333333333333,5.0,2,27.5,12.0,3,2.2333333333333307,7.0,1,Fewer transfers
南勢角站,幸福站,2,1,54.4,5.0,2,29.25,6.0,1,25.15,1.0,-1,More transfers
南勢角站,府中站,2,1,36.13333333333333,2.0,1,30.8,4.0,2,5.333333333333332,2.0,1,Fewer transfers
南勢角站,復興崗站,2,1,47.55,3.0,1,44.18333333333333,4.0,2,3.366666666666667,1.0,1,Fewer transfers
南勢角站,復興崗站,3,1,47.61666666666667,2.0,1,44.18333333333333,4.0,2,3.433333333333337,2.0,1,Fewer transfers
南勢角站,忠義站,2,1,49.95,3.0,1,46.583333333333336,4.0,2,3.366666666666667,1.0,1,Fewer transfers
南勢角站,忠義站,3,1,50.016666666666666,2.0,1,46.583333333333336,4.0,2,3.43333333333333,2.0,1,Fewer transfers
南勢角站,新北投站,2,1,50.46666666666667,6.0,2,47.1,7.0,3,3.366666666666667,1.0,1,Fewer transfers
南勢角站,新北投站,3,1,50.53333333333333,5.0,2,47.1,7.0,3,3.43333333333333,2.0,1,Fewer transfers
南勢角站,新北產業園區站,2,1,57.03333333333333,5.0,2,31.883333333333333,6.0,1,25.15,1.0,-1,More transfers
南勢角站,新埔民生站,2,1,49.43333333333333,5.0,2,24.28333333333333,6.0,1,25.15,1.0,-1,More transfers
南勢角站,新埔站,2,1,32.3,2.0,1,26.966666666666665,4.0,2,5.333333333333332,2.0,1,Fewer transfers
南勢角站,新店區公所站,2,1,25.1,2.0,1,22.866666666666667,9.0,2,2.2333333333333343,7.0,1,Fewer transfers
南勢角站,新店站,2,1,27.366666666666667,2.0,1,25.133333333333333,9.0,2,2.2333333333333343,7.0,1,Fewer transfers
南勢角站,新莊站,2,1,39.28333333333333,0.0,0,35.06666666666667,12.0,2,4.2166666666666615,12.0,2,Fewer transfers
南勢角站,明德站,2,1,37.41666666666666,3.0,1,34.05,4.0,2,3.36666666666666,1.0,1,Fewer transfers
南勢角站,明德站,3,1,37.48333333333333,2.0,1,34.05,4.0,2,3.43333333333333,2.0,1,Fewer transfers
南勢角站,景平站,2,1,30.95,5.0,2,9.6,6.0,1,21.35,1.0,-1,More transfers
南勢角站,板新站,2,1,42.61666666666667,5.0,2,17.466666666666665,6.0,1,25.150000000000002,1.0,-1,More transfers
南勢角站,板橋站,2,1,29.216666666666665,4.0,2,20.433333333333334,6.0,1,8.783333333333331,2.0,-1,More transfers
南勢角站,板橋站,3,1,34.55,2.0,1,20.433333333333334,6.0,1,14.116666666666664,4.0,0,Same transfers
南勢角站,橋和站,2,1,38.73333333333333,5.0,2,13.583333333333334,6.0,1,25.14999999999999,1.0,-1,More transfers
南勢角站,民權西路站,2,1,24.15,0.0,0,23.78333333333333,4.0,2,0.36666666666666714,4.0,2,Fewer transfers
南勢角站,永寧站,2,1,45.31666666666667,2.0,1,39.98333333333333,4.0,2,5.333333333333343,2.0,1,Fewer transfers
南勢角站,江子翠站,2,1,30.55,2.0,1,25.216666666666665,4.0,2,5.333333333333336,2.0,1,Fewer transfers
南勢角站,海山站,2,1,41.1,2.0,1,35.766666666666666,4.0,2,5.333333333333336,2.0,1,Fewer transfers
南勢角站,淡水站,2,1,60.86666666666667,3.0,1,57.5,4.0,2,3.366666666666667,1.0,1,Fewer transfers
南勢角站,淡水站,3,1,60.93333333333333,2.0,1,57.5,4.0,2,3.43333333333333,2.0,1,Fewer transfers
南勢角站,石牌站,2,1,38.91666666666666,3.0,1,35.55,4.0,2,3.36666666666666,1.0,1,Fewer transfers
南勢角站,石牌站,3,1,38.98333333333333,2.0,1,35.55,4.0,2,3.43333333333333,2.0,1,Fewer transfers
南勢角站,秀朗橋站,2,1,29.25,5.0,2,11.333333333333334,6.0,1,17.916666666666664,1.0,-1,More transfers
南勢角站,竹圍站,2,1,54.68333333333333,3.0,1,51.31666666666667,4.0,2,3.36666666666666,1.0,1,Fewer transfers
南勢角站,竹圍站,3,1,54.75,2.0,1,51.31666666666667,4.0,2,3.43333333333333,2.0,1,Fewer transfers
南勢角站,紅樹林站,2,1,57.5,3.0,1,54.13333333333333,4.0,2,3.366666666666667,1.0,1,Fewer transfers
南勢角站,紅樹林站,3,1,57.56666666666667,2.0,1,54.13333333333333,4.0,2,3.433333333333337,2.0,1,Fewer transfers
南勢角站,芝山站,2,1,35.65,3.0,1,32.28333333333333,4.0,2,3.366666666666667,1.0,1,Fewer transfers
南勢角站,芝山站,3,1,35.71666666666667,2.0,1,32.28333333333333,4.0,2,3.433333333333337,2.0,1,Fewer transfers
南勢角站,輔大站,2,1,41.98333333333333,0.0,0,37.766666666666666,12.0,2,4.2166666666666615,12.0,2,Fewer transfers
南勢角站,迴龍站,2,1,47.5,0.0,0,43.28333333333333,12.0,2,4.216666666666669,12.0,2,Fewer transfers
南勢角站,關渡站,2,1,51.73333333333333,3.0,1,48.36666666666667,4.0,2,3.36666666666666,1.0,1,Fewer transfers
南勢角站,關渡站,3,1,51.8,2.0,1,48.36666666666667,4.0,2,3.43333333333333,2.0,1,Fewer transfers
南勢角站,雙連站,2,1,25.716666666666665,2.0,1,22.28333333333333,4.0,2,3.4333333333333336,2.0,1,Fewer transfers
南勢角站,頂埔站,2,1,48.78333333333333,2.0,1,43.45,4.0,2,5.333333333333329,2.0,1,Fewer transfers
南勢角站,頭前庄站,2,1,37.3,0.0,0,27.08333333333333,6.0,1,10.216666666666669,6.0,1,Fewer transfers
南勢角站,龍山寺站,2,1,26.866666666666667,2.0,1,21.53333333333333,4.0,2,5.333333333333336,2.0,1,Fewer transfers
南港展覽館站,七張站,2,1,42.96666666666667,2.0,1,39.9,4.0,2,3.06666666666667,2.0,1,Fewer transfers
南港展覽館站,中原站,2,1,49.18333333333333,9.0,1,47.36666666666667,8.0,2,1.8166666666666629,-1.0,1,Fewer transfers
南港展覽館站,中原站,3,1,56.9,7.0,3,47.36666666666667,8.0,2,9.533333333333331,1.0,-1,More transfers
南港展覽館站,中原站,4,1,59.96666666666667,5.0,2,47.36666666666667,8.0,2,12.600000000000001,3.0,0,Same transfers
南港展覽館站,中和站,2,1,52.95,9.0,1,43.6,8.0,2,9.350000000000001,-1.0,1,Fewer transfers
南港展覽館站,中和站,3,1,53.13333333333333,7.0,3,43.6,8.0,2,9.533333333333331,1.0,-1,More transfers
南港展覽館站,中和站,4,1,56.2,5.0,2,43.6,8.0,2,12.600000000000001,3.0,0,Same transfers
南港展覽館站,中山國中站,2,1,24.6,0.0,0,23.716666666666665,5.0,1,0.8833333333333364,5.0,1,Fewer transfers
南港展覽館站,中山站,2,1,26.266666666666666,4.0,1,25.7,4.0,2,0.5666666666666664,0.0,1,Fewer transfers
南港展覽館站,中山站,3,1,29.65,2.0,1,25.7,4.0,2,3.9499999999999993,2.0,1,Fewer transfers
南港展覽館站,中正紀念堂站,2,1,28.28333333333333,4.0,1,27.33333333333333,4.0,2,0.9500000000000028,0.0,1,Fewer transfers
南港展覽館站,中正紀念堂站,3,1,28.916666666666668,2.0,1,27.33333333333333,4.0,2,1.5833333333333393,2.0,1,Fewer transfers
南港展覽館站,信義安和站,2,1,29.35,4.0,2,28.716666666666665,10.0,2,0.6333333333333364,6.0,0,Same transfers
南港展覽館站,信義安和站,3,1,37.083333333333336,5.0,1,28.716666666666665,10.0,2,8.36666666666667,5.0,1,Fewer transfers
南港展覽館站,信義安和站,4,1,37.13333333333333,4.0,1,28.716666666666665,10.0,2,8.416666666666668,6.0,1,Fewer transfers
南港展覽館站,公館站,2,1,34.78333333333333,2.0,1,31.716666666666665,4.0,2,3.0666666666666664,2.0,1,Fewer transfers
南港展覽館站,六張犁站,2,1,34.266666666666666,0.0,0,25.9,5.0,1,8.366666666666667,5.0,1,Fewer transfers
南港展覽館站,動物園站,2,1,45.63333333333333,0.0,0,37.266666666666666,5.0,1,8.366666666666667,5.0,1,Fewer transfers
南港展覽館站,十四張站,2,1,45.73333333333333,8.0,2,43.56666666666667,7.0,3,2.166666666666657,-1.0,1,Fewer transfers
南港展覽館站,十四張站,3,1,46.63333333333333,5.0,2,43.56666666666667,7.0,3,3.066666666666663,2.0,1,Fewer transfers
南港展覽館站,十四張站,4,1,62.55,9.0,1,43.56666666666667,7.0,3,18.983333333333327,-2.0,2,Fewer transfers
南港展覽館站,南京三民站,2,1,35.3,5.0,1,29.566666666666663,4.0,2,5.733333333333334,-1.0,1,Fewer transfers
南港展覽館站,南京三民站,3,1,38.21666666666667,2.0,1,29.566666666666663,4.0,2,8.650000000000006,2.0,1,Fewer transfers
南港展覽館站,南京復興站,2,1,25.466666666666665,4.0,2,22.03333333333333,5.0,1,3.4333333333333336,1.0,-1,More transfers
南港展覽館站,南京復興站,3,1,26.2,0.0,0,22.03333333333333,5.0,1,4.166666666666668,5.0,1,Fewer transfers
南港展覽館站,台北101/世貿站,2,1,31.183333333333334,4.0,2,30.55,10.0,2,0.6333333333333329,6.0,0,Same transfers
南港展覽館站,台北101/世貿站,3,1,38.91666666666666,5.0,1,30.55,10.0,2,8.366666666666656,5.0,1,Fewer transfers
南港展覽館站,台北101/世貿站,4,1,38.96666666666667,4.0,1,30.55,10.0,2,8.416666666666668,6.0,1,Fewer transfers
南港展覽館站,台北小巨蛋站,2,1,33.15,5.0,1,27.416666666666668,4.0,2,5.733333333333331,-1.0,1,Fewer transfers
南港展覽館站,台北小巨蛋站,3,1,36.06666666666667,2.0,1,27.416666666666668,4.0,2,8.650000000000002,2.0,1,Fewer transfers
南港展覽館站,台電大樓站,2,1,32.96666666666667,2.0,1,29.9,4.0,2,3.06666666666667,2.0,1,Fewer transfers
南港展覽館站,大坪林站,2,1,41.21666666666667,2.0,1,38.15,4.0,2,3.06666666666667,2.0,1,Fewer transfers
南港展覽館站,大安森林公園站,2,1,33.45,4.0,1,25.666666666666668,4.0,2,7.783333333333335,0.0,1,Fewer transfers
南港展覽館站,大安站,2,1,27.35,4.0,2,21.716666666666665,5.0,1,5.633333333333336,1.0,-1,More transfers
南港展覽館站,大安站,3,1,30.08333333333333,0.0,0,21.716666666666665,5.0,1,8.366666666666664,5.0,1,Fewer transfers
南港展覽館站,小碧潭站,2,1,49.35,5.0,2,46.28333333333333,7.0,3,3.06666666666667,2.0,1,Fewer transfers
南港展覽館站,幸福站,2,1,48.266666666666666,8.0,2,45.06666666666667,9.0,1,3.1999999999999957,1.0,-1,More transfers
南港展覽館站,幸福站,3,1,70.95,7.0,3,45.06666666666667,9.0,1,25.883333333333333,2.0,-2,More transfers
南港展覽館站,幸福站,4,1,74.01666666666667,5.0,2,45.06666666666667,9.0,1,28.949999999999996,4.0,-1,More transfers
南港展覽館站,廣慈/奉天宮站,2,1,35.733333333333334,4.0,2,35.1,10.0,2,0.6333333333333329,6.0,0,Same transfers
南港展覽館站,廣慈/奉天宮站,3,1,43.46666666666667,5.0,1,35.1,10.0,2,8.366666666666667,5.0,1,Fewer transfers
南港展覽館站,廣慈/奉天宮站,4,1,43.516666666666666,4.0,1,35.1,10.0,2,8.416666666666664,6.0,1,Fewer transfers
南港展覽館站,新北產業園區站,2,1,50.9,8.0,2,47.7,9.0,1,3.1999999999999957,1.0,-1,More transfers
南港展覽館站,新北產業園區站,3,1,73.58333333333333,7.0,3,47.7,9.0,1,25.883333333333326,2.0,-2,More transfers
南港展覽館站,新北產業園區站,4,1,76.65,5.0,2,47.7,9.0,1,28.950000000000003,4.0,-1,More transfers
南港展覽館站,新埔民生站,2,1,49.06666666666667,8.0,2,40.1,9.0,1,8.966666666666669,1.0,-1,More transfers
南港展覽館站,新埔民生站,3,1,65.98333333333333,7.0,3,40.1,9.0,1,25.883333333333333,2.0,-2,More transfers
南港展覽館站,新埔民生站,4,1,69.05,5.0,2,40.1,9.0,1,28.949999999999996,4.0,-1,More transfers
南港展覽館站,新店區公所站,2,1,44.71666666666667,2.0,1,41.65,4.0,2,3.06666666666667,2.0,1,Fewer transfers
南港展覽館站,新店站,2,1,46.98333333333333,2.0,1,43.91666666666666,4.0,2,3.06666666666667,2.0,1,Fewer transfers
南港展覽館站,景平站,2,1,47.5,7.0,3,41.766666666666666,8.0,2,5.733333333333334,1.0,-1,More transfers
南港展覽館站,景平站,3,1,50.56666666666667,5.0,2,41.766666666666666,8.0,2,8.800000000000004,3.0,0,Same transfers
南港展覽館站,景平站,4,1,58.583333333333336,9.0,1,41.766666666666666,8.0,2,16.81666666666667,-1.0,1,Fewer transfers
南港展覽館站,景美站,2,1,39.23333333333333,2.0,1,36.16666666666666,4.0,2,3.06666666666667,2.0,1,Fewer transfers
南港展覽館站,木柵站,2,1,44.1,0.0,0,35.733333333333334,5.0,1,8.366666666666667,5.0,1,Fewer transfers
南港展覽館站,松山站,2,1,38.05,5.0,1,32.31666666666667,4.0,2,5.733333333333327,-1.0,1,Fewer transfers
南港展覽館站,松山站,3,1,40.96666666666667,2.0,1,32.31666666666667,4.0,2,8.649999999999999,2.0,1,Fewer transfers
南港展覽館站,板新站,2,1,49.63333333333333,8.0,2,46.91666666666666,9.0,1,2.7166666666666757,1.0,-1,More transfers
南港展覽館站,板新站,3,1,59.16666666666666,7.0,3,46.91666666666666,9.0,1,12.25,2.0,-2,More transfers
南港展覽館站,板新站,4,1,62.23333333333333,5.0,2,46.91666666666666,9.0,1,15.31666666666667,4.0,-1,More transfers
南港展覽館站,橋和站,2,1,50.8,9.0,1,45.75,8.0,2,5.049999999999997,-1.0,1,Fewer transfers
南港展覽館站,橋和站,3,1,55.28333333333333,7.0,3,45.75,8.0,2,9.533333333333331,1.0,-1,More transfers
南港展覽館站,橋和站,4,1,58.35,5.0,2,45.75,8.0,2,12.600000000000001,3.0,0,Same transfers
南港展覽館站,秀朗橋站,2,1,45.8,7.0,3,43.5,8.0,2,2.299999999999997,1.0,-1,More transfers
南港展覽館站,秀朗橋站,3,1,48.86666666666667,5.0,2,43.5,8.0,2,5.366666666666667,3.0,0,Same transfers
南港展覽館站,秀朗橋站,4,1,60.31666666666667,9.0,1,43.5,8.0,2,16.81666666666667,-1.0,1,Fewer transfers
南港展覽館站,科技大樓站,2,1,31.816666666666663,0.0,0,23.45,5.0,1,8.366666666666664,5.0,1,Fewer transfers
南港展覽館站,萬芳社區站,2,1,42.9,0.0,0,34.53333333333333,5.0,1,8.366666666666667,5.0,1,Fewer transfers
南港展覽館站,萬芳醫院站,2,1,40.833333333333336,0.0,0,32.46666666666667,5.0,1,8.366666666666667,5.0,1,Fewer transfers
南港展覽館站,萬隆站,2,1,37.3,2.0,1,34.233333333333334,4.0,2,3.066666666666663,2.0,1,Fewer transfers
南港展覽館站,象山站,2,1,32.78333333333333,4.0,2,32.15,10.0,2,0.6333333333333329,6.0,0,Same transfers
南港展覽館站,象山站,3,1,40.516666666666666,5.0,1,32.15,10.0,2,8.366666666666667,5.0,1,Fewer transfers
南港展覽館站,象山站,4,1,40.56666666666667,4.0,1,32.15,10.0,2,8.416666666666671,6.0,1,Fewer transfers
南港展覽館站,辛亥站,2,1,38.65,0.0,0,30.28333333333333,5.0,1,8.366666666666667,5.0,1,Fewer transfers
南港展覽館站,麟光站,2,1,35.88333333333333,0.0,0,27.516666666666666,5.0,1,8.366666666666667,5.0,1,Fewer transfers
南港站,七張站,2,1,40.7,2.0,1,37.63333333333333,4.0,2,3.06666666666667,2.0,1,Fewer transfers
南港站,中原站,2,1,46.91666666666666,9.0,1,45.1,8.0,2,1.8166666666666558,-1.0,1,Fewer transfers
南港站,中原站,3,1,54.63333333333333,7.0,3,45.1,8.0,2,9.533333333333331,1.0,-1,More transfers
南港站,中原站,4,1,57.7,5.0,2,45.1,8.0,2,12.600000000000001,3.0,0,Same transfers
南港站,中和站,2,1,50.68333333333333,9.0,1,41.333333333333336,8.0,2,9.349999999999994,-1.0,1,Fewer transfers
南港站,中和站,3,1,50.86666666666667,7.0,3,41.333333333333336,8.0,2,9.533333333333331,1.0,-1,More transfers
南港站,中和站,4,1,53.93333333333333,5.0,2,41.333333333333336,8.0,2,12.599999999999994,3.0,0,Same transfers
南港站,中山站,2,1,24.0,4.0,1,23.433333333333334,4.0,2,0.5666666666666664,0.0,1,Fewer transfers
南港站,中山站,3,1,27.383333333333333,2.0,1,23.433333333333334,4.0,2,3.9499999999999993,2.0,1,Fewer transfers
南港站,中正紀念堂站,2,1,26.016666666666666,4.0,1,25.066666666666663,4.0,2,0.9500000000000028,0.0,1,Fewer transfers
南港站,中正紀念堂站,3,1,26.65,2.0,1,25.066666666666663,4.0,2,1.5833333333333357,2.0,1,Fewer transfers
南港站,信義安和站,2,1,27.08333333333333,4.0,2,26.45,10.0,2,0.6333333333333293,6.0,0,Same transfers
南港站,信義安和站,3,1,34.86666666666667,4.0,1,26.45,10.0,2,8.416666666666668,6.0,1,Fewer transfers
南港站,公館站,2,1,32.516666666666666,2.0,1,29.45,4.0,2,3.0666666666666664,2.0,1,Fewer transfers
南港站,十四張站,2,1,43.46666666666667,8.0,2,41.3,7.0,3,2.1666666666666714,-1.0,1,Fewer transfers
南港站,十四張站,3,1,44.36666666666667,5.0,2,41.3,7.0,3,3.06666666666667,2.0,1,Fewer transfers
南港站,十四張站,4,1,60.28333333333333,9.0,1,41.3,7.0,3,18.983333333333334,-2.0,2,Fewer transfers
南港站,南京三民站,2,1,35.95,2.0,1,27.3,4.0,2,8.650000000000002,2.0,1,Fewer transfers
南港站,南京復興站,2,1,23.2,4.0,2,19.766666666666666,5.0,1,3.4333333333333336,1.0,-1,More transfers
南港站,南京復興站,3,1,31.85,2.0,1,19.766666666666666,5.0,1,12.083333333333336,3.0,0,Same transfers
南港站,台北101/世貿站,2,1,28.916666666666668,4.0,2,28.28333333333333,10.0,2,0.6333333333333364,6.0,0,Same transfers
南港站,台北101/世貿站,3,1,36.7,4.0,1,28.28333333333333,10.0,2,8.416666666666671,6.0,1,Fewer transfers
南港站,台北小巨蛋站,2,1,33.8,2.0,1,25.15,4.0,2,8.649999999999999,2.0,1,Fewer transfers
南港站,台電大樓站,2,1,30.7,2.0,1,27.633333333333333,4.0,2,3.0666666666666664,2.0,1,Fewer transfers
南港站,大坪林站,2,1,38.95,2.0,1,35.88333333333333,4.0,2,3.06666666666667,2.0,1,Fewer transfers
南港站,大安森林公園站,2,1,31.183333333333334,4.0,1,23.4,4.0,2,7.783333333333335,0.0,1,Fewer transfers
南港站,大安站,2,1,25.08333333333333,4.0,2,19.45,5.0,1,5.633333333333329,1.0,-1,More transfers
南港站,大安站,3,1,32.86666666666667,4.0,1,19.45,5.0,1,13.416666666666668,1.0,0,Same transfers
南港站,小碧潭站,2,1,47.083333333333336,5.0,2,44.016666666666666,7.0,3,3.06666666666667,2.0,1,Fewer transfers
南港站,幸福站,2,1,46.0,8.0,2,42.8,9.0,1,3.200000000000003,1.0,-1,More transfers
南港站,幸福站,3,1,68.68333333333334,7.0,3,42.8,9.0,1,25.88333333333334,2.0,-2,More transfers
南港站,幸福站,4,1,71.75,5.0,2,42.8,9.0,1,28.950000000000003,4.0,-1,More transfers
南港站,廣慈/奉天宮站,2,1,33.46666666666667,4.0,2,32.833333333333336,10.0,2,0.6333333333333329,6.0,0,Same transfers
南港站,廣慈/奉天宮站,3,1,41.25,4.0,1,32.833333333333336,10.0,2,8.416666666666664,6.0,1,Fewer transfers
南港站,新北產業園區站,2,1,48.63333333333333,8.0,2,45.43333333333333,9.0,1,3.200000000000003,1.0,-1,More transfers
南港站,新北產業園區站,3,1,71.31666666666666,7.0,3,45.43333333333333,9.0,1,25.883333333333333,2.0,-2,More transfers
南港站,新北產業園區站,4,1,74.38333333333334,5.0,2,45.43333333333333,9.0,1,28.95000000000001,4.0,-1,More transfers
南港站,新埔民生站,2,1,46.8,8.0,2,37.833333333333336,9.0,1,8.966666666666661,1.0,-1,More transfers
南港站,新埔民生站,3,1,63.71666666666667,7.0,3,37.833333333333336,9.0,1,25.883333333333333,2.0,-2,More transfers
南港站,新埔民生站,4,1,66.78333333333333,5.0,2,37.833333333333336,9.0,1,28.949999999999996,4.0,-1,More transfers
南港站,新店區公所站,2,1,42.45,2.0,1,39.38333333333333,4.0,2,3.06666666666667,2.0,1,Fewer transfers
南港站,新店站,2,1,44.71666666666667,2.0,1,41.65,4.0,2,3.06666666666667,2.0,1,Fewer transfers
南港站,景平站,2,1,45.23333333333333,7.0,3,39.5,8.0,2,5.733333333333327,1.0,-1,More transfers
南港站,景平站,3,1,48.3,5.0,2,39.5,8.0,2,8.799999999999997,3.0,0,Same transfers
南港站,景平站,4,1,56.31666666666667,9.0,1,39.5,8.0,2,16.81666666666667,-1.0,1,Fewer transfers
南港站,景美站,2,1,36.96666666666667,2.0,1,33.9,4.0,2,3.06666666666667,2.0,1,Fewer transfers
南港站,松山站,2,1,38.7,2.0,1,30.05,4.0,2,8.650000000000002,2.0,1,Fewer transfers
南港站,板新站,2,1,47.36666666666667,8.0,2,44.65,9.0,1,2.7166666666666686,1.0,-1,More transfers
南港站,板新站,3,1,56.9,7.0,3,44.65,9.0,1,12.25,2.0,-2,More transfers
南港站,板新站,4,1,59.96666666666667,5.0,2,44.65,9.0,1,15.31666666666667,4.0,-1,More transfers
南港站,橋和站,2,1,48.53333333333333,9.0,1,43.48333333333333,8.0,2,5.050000000000004,-1.0,1,Fewer transfers
南港站,橋和站,3,1,53.016666666666666,7.0,3,43.48333333333333,8.0,2,9.533333333333339,1.0,-1,More transfers
南港站,橋和站,4,1,56.083333333333336,5.0,2,43.48333333333333,8.0,2,12.600000000000009,3.0,0,Same transfers
南港站,秀朗橋站,2,1,43.53333333333333,7.0,3,41.23333333333333,8.0,2,2.3000000000000043,1.0,-1,More transfers
南港站,秀朗橋站,3,1,46.6,5.0,2,41.23333333333333,8.0,2,5.366666666666674,3.0,0,Same transfers
南港站,秀朗橋站,4,1,58.05,9.0,1,41.23333333333333,8.0,2,16.81666666666667,-1.0,1,Fewer transfers
南港站,萬隆站,2,1,35.03333333333333,2.0,1,31.966666666666665,4.0,2,3.0666666666666664,2.0,1,Fewer transfers
南港站,象山站,2,1,30.516666666666666,4.0,2,29.883333333333333,10.0,2,0.6333333333333329,6.0,0,Same transfers
南港站,象山站,3,1,38.3,4.0,1,29.883333333333333,10.0,2,8.416666666666664,6.0,1,Fewer transfers
南港軟體園區站,七張站,2,1,49.266666666666666,7.0,2,46.2,9.0,3,3.066666666666663,2.0,1,Fewer transfers
南港軟體園區站,七張站,3,1,56.05,5.0,1,46.2,9.0,3,9.849999999999994,4.0,2,Fewer transfers
南港軟體園區站,中原站,2,1,55.48333333333333,14.0,2,53.66666666666666,13.0,3,1.81666666666667,-1.0,1,Fewer transfers
南港軟體園區站,中原站,3,1,63.2,12.0,4,53.66666666666666,13.0,3,9.533333333333346,1.0,-1,More transfers
南港軟體園區站,中原站,4,1,66.26666666666667,10.0,3,53.66666666666666,13.0,3,12.600000000000009,3.0,0,Same transfers
南港軟體園區站,中原站,5,1,73.05,8.0,2,53.66666666666666,13.0,3,19.38333333333334,5.0,1,Fewer transfers
南港軟體園區站,中和站,2,1,59.25,14.0,2,49.9,13.0,3,9.350000000000001,-1.0,1,Fewer transfers
南港軟體園區站,中和站,3,1,59.43333333333333,12.0,4,49.9,13.0,3,9.533333333333331,1.0,-1,More transfers
南港軟體園區站,中和站,4,1,62.5,10.0,3,49.9,13.0,3,12.600000000000001,3.0,0,Same transfers
南港軟體園區站,中和站,5,1,69.28333333333333,8.0,2,49.9,13.0,3,19.383333333333333,5.0,1,Fewer transfers
南港軟體園區站,中山站,2,1,32.56666666666667,9.0,2,32.0,9.0,3,0.56666666666667,0.0,1,Fewer transfers
南港軟體園區站,中山站,3,1,33.916666666666664,5.0,1,32.0,9.0,3,1.9166666666666643,4.0,2,Fewer transfers
南港軟體園區站,中正紀念堂站,2,1,34.583333333333336,9.0,2,33.63333333333333,9.0,3,0.9500000000000028,0.0,1,Fewer transfers
南港軟體園區站,中正紀念堂站,3,1,35.21666666666667,7.0,2,33.63333333333333,9.0,3,1.5833333333333357,2.0,1,Fewer transfers
南港軟體園區站,中正紀念堂站,4,1,40.21666666666667,5.0,1,33.63333333333333,9.0,3,6.583333333333336,4.0,2,Fewer transfers
南港軟體園區站,信義安和站,2,1,35.36666666666667,5.0,1,35.016666666666666,15.0,3,0.3500000000000014,10.0,2,Fewer transfers
南港軟體園區站,公館站,2,1,41.083333333333336,7.0,2,38.016666666666666,9.0,3,3.06666666666667,2.0,1,Fewer transfers
南港軟體園區站,公館站,3,1,47.86666666666667,5.0,1,38.016666666666666,9.0,3,9.850000000000001,4.0,2,Fewer transfers
南港軟體園區站,六張犁站,2,1,32.55,0.0,0,32.2,10.0,2,0.3499999999999943,10.0,2,Fewer transfers
南港軟體園區站,劍潭站,2,1,44.3,8.0,2,39.95,9.0,2,4.349999999999994,1.0,0,Same transfers
南港軟體園區站,劍潭站,3,1,52.96666666666667,5.0,1,39.95,9.0,2,13.016666666666666,4.0,1,Fewer transfers
南港軟體園區站,動物園站,2,1,43.91666666666666,0.0,0,43.56666666666667,10.0,2,0.3499999999999872,10.0,2,Fewer transfers
南港軟體園區站,北投站,2,1,57.65,8.0,2,53.3,9.0,2,4.350000000000001,1.0,0,Same transfers
南港軟體園區站,北投站,3,1,66.31666666666666,5.0,1,53.3,9.0,2,13.016666666666666,4.0,1,Fewer transfers
南港軟體園區站,北門站,2,1,36.43333333333333,5.0,1,33.55,7.0,2,2.883333333333333,2.0,1,Fewer transfers
南港軟體園區站,十四張站,2,1,52.03333333333333,13.0,3,49.86666666666667,12.0,4,2.1666666666666643,-1.0,1,Fewer transfers
南港軟體園區站,十四張站,3,1,52.93333333333333,10.0,3,49.86666666666667,12.0,4,3.066666666666663,2.0,1,Fewer transfers
南港軟體園區站,十四張站,4,1,59.71666666666667,8.0,2,49.86666666666667,12.0,4,9.850000000000001,4.0,2,Fewer transfers
南港軟體園區站,古亭站,2,1,44.083333333333336,5.0,1,32.233333333333334,7.0,2,11.850000000000001,2.0,1,Fewer transfers
南港軟體園區站,台北101/世貿站,2,1,37.2,5.0,1,36.85,15.0,3,0.3500000000000014,10.0,2,Fewer transfers
南港軟體園區站,台大醫院站,2,1,40.25,8.0,2,32.55,9.0,2,7.700000000000003,1.0,0,Same transfers
南港軟體園區站,台大醫院站,3,1,42.3,5.0,1,32.55,9.0,2,9.75,4.0,1,Fewer transfers
南港軟體園區站,台電大樓站,2,1,39.266666666666666,7.0,2,36.2,9.0,3,3.066666666666663,2.0,1,Fewer transfers
南港軟體園區站,台電大樓站,3,1,46.05,5.0,1,36.2,9.0,3,9.849999999999994,4.0,2,Fewer transfers
南港軟體園區站,唭哩岸站,2,1,53.98333333333333,8.0,2,49.63333333333333,9.0,2,4.349999999999994,1.0,0,Same transfers
南港軟體園區站,唭哩岸站,3,1,62.65,5.0,1,49.63333333333333,9.0,2,13.016666666666666,4.0,1,Fewer transfers
南港軟體園區站,圓山站,2,1,41.95,8.0,2,37.6,9.0,2,4.350000000000001,1.0,0,Same transfers
南港軟體園區站,圓山站,3,1,50.61666666666667,5.0,1,37.6,9.0,2,13.016666666666666,4.0,1,Fewer transfers
南港軟體園區站,士林站,2,1,46.43333333333333,8.0,2,42.083333333333336,9.0,2,4.349999999999994,1.0,0,Same transfers
南港軟體園區站,士林站,3,1,55.1,5.0,1,42.083333333333336,9.0,2,13.016666666666666,4.0,1,Fewer transfers
南港軟體園區站,大坪林站,2,1,47.516666666666666,7.0,2,44.45,9.0,3,3.066666666666663,2.0,1,Fewer transfers
南港軟體園區站,大坪林站,3,1,54.3,5.0,1,44.45,9.0,3,9.849999999999994,4.0,2,Fewer transfers
南港軟體園區站,大安森林公園站,2,1,35.1,5.0,1,31.966666666666665,9.0,3,3.1333333333333364,4.0,2,Fewer transfers
南港軟體園區站,大安站,2,1,28.366666666666667,0.0,0,28.016666666666666,10.0,2,0.3500000000000014,10.0,2,Fewer transfers
南港軟體園區站,奇岩站,2,1,55.68333333333333,8.0,2,51.333333333333336,9.0,2,4.349999999999994,1.0,0,Same transfers
南港軟體園區站,奇岩站,3,1,64.35,5.0,1,51.333333333333336,9.0,2,13.016666666666659,4.0,1,Fewer transfers
南港軟體園區站,小南門站,2,1,40.28333333333333,5.0,1,33.5,7.0,2,6.783333333333331,2.0,1,Fewer transfers
南港軟體園區站,小碧潭站,2,1,55.65,10.0,3,52.583333333333336,12.0,4,3.066666666666663,2.0,1,Fewer transfers
南港軟體園區站,小碧潭站,3,1,62.43333333333333,8.0,2,52.583333333333336,12.0,4,9.849999999999994,4.0,2,Fewer transfers
南港軟體園區站,幸福站,2,1,54.56666666666667,13.0,3,51.36666666666667,14.0,2,3.200000000000003,1.0,-1,More transfers
南港軟體園區站,幸福站,3,1,77.25,12.0,4,51.36666666666667,14.0,2,25.883333333333333,2.0,-2,More transfers
南港軟體園區站,幸福站,4,1,80.31666666666666,10.0,3,51.36666666666667,14.0,2,28.949999999999996,4.0,-1,More transfers
南港軟體園區站,幸福站,5,1,87.1,8.0,2,51.36666666666667,14.0,2,35.73333333333333,6.0,0,Same transfers
南港軟體園區站,廣慈/奉天宮站,2,1,41.75,5.0,1,41.4,15.0,3,0.3500000000000014,10.0,2,Fewer transfers
南港軟體園區站,復興崗站,2,1,60.35,8.0,2,56.0,9.0,2,4.350000000000001,1.0,0,Same transfers
南港軟體園區站,復興崗站,3,1,69.01666666666667,5.0,1,56.0,9.0,2,13.016666666666666,4.0,1,Fewer transfers
南港軟體園區站,忠孝復興站,2,1,26.5,0.0,0,21.15,5.0,1,5.350000000000001,5.0,1,Fewer transfers
南港軟體園區站,忠義站,2,1,62.75,8.0,2,58.4,9.0,2,4.350000000000001,1.0,0,Same transfers
南港軟體園區站,忠義站,3,1,71.41666666666667,5.0,1,58.4,9.0,2,13.016666666666673,4.0,1,Fewer transfers
南港軟體園區站,新北投站,2,1,63.266666666666666,11.0,3,58.91666666666666,12.0,3,4.3500000000000085,1.0,0,Same transfers
南港軟體園區站,新北投站,3,1,71.93333333333334,8.0,2,58.91666666666666,12.0,3,13.01666666666668,4.0,1,Fewer transfers
南港軟體園區站,新北產業園區站,2,1,57.2,13.0,3,54.0,14.0,2,3.200000000000003,1.0,-1,More transfers
南港軟體園區站,新北產業園區站,3,1,79.88333333333334,12.0,4,54.0,14.0,2,25.88333333333334,2.0,-2,More transfers
南港軟體園區站,新北產業園區站,4,1,82.95,10.0,3,54.0,14.0,2,28.950000000000003,4.0,-1,More transfers
南港軟體園區站,新北產業園區站,5,1,89.73333333333333,8.0,2,54.0,14.0,2,35.733333333333334,6.0,0,Same transfers
南港軟體園區站,新埔民生站,2,1,55.36666666666667,13.0,3,46.4,14.0,2,8.966666666666669,1.0,-1,More transfers
南港軟體園區站,新埔民生站,3,1,72.28333333333333,12.0,4,46.4,14.0,2,25.883333333333333,2.0,-2,More transfers
南港軟體園區站,新埔民生站,4,1,75.35,10.0,3,46.4,14.0,2,28.949999999999996,4.0,-1,More transfers
南港軟體園區站,新埔民生站,5,1,82.13333333333334,8.0,2,46.4,14.0,2,35.73333333333334,6.0,0,Same transfers
南港軟體園區站,新店區公所站,2,1,51.016666666666666,7.0,2,47.95,9.0,3,3.066666666666663,2.0,1,Fewer transfers
南港軟體園區站,新店區公所站,3,1,57.8,5.0,1,47.95,9.0,3,9.849999999999994,4.0,2,Fewer transfers
南港軟體園區站,新店站,2,1,53.28333333333333,7.0,2,50.21666666666667,9.0,3,3.066666666666663,2.0,1,Fewer transfers
南港軟體園區站,新店站,3,1,60.06666666666667,5.0,1,50.21666666666667,9.0,3,9.850000000000001,4.0,2,Fewer transfers
南港軟體園區站,明德站,2,1,50.21666666666667,8.0,2,45.86666666666667,9.0,2,4.350000000000001,1.0,0,Same transfers
南港軟體園區站,明德站,3,1,58.88333333333333,5.0,1,45.86666666666667,9.0,2,13.016666666666666,4.0,1,Fewer transfers
南港軟體園區站,景平站,2,1,53.8,12.0,4,48.06666666666667,13.0,3,5.733333333333327,1.0,-1,More transfers
南港軟體園區站,景平站,3,1,56.86666666666667,10.0,3,48.06666666666667,13.0,3,8.799999999999997,3.0,0,Same transfers
南港軟體園區站,景平站,4,1,63.65,8.0,2,48.06666666666667,13.0,3,15.583333333333329,5.0,1,Fewer transfers
南港軟體園區站,景美站,2,1,45.53333333333333,7.0,2,42.46666666666667,9.0,3,3.066666666666663,2.0,1,Fewer transfers
南港軟體園區站,景美站,3,1,52.31666666666667,5.0,1,42.46666666666667,9.0,3,9.850000000000001,4.0,2,Fewer transfers
南港軟體園區站,木柵站,2,1,42.38333333333333,0.0,0,42.03333333333333,10.0,2,0.3500000000000014,10.0,2,Fewer transfers
南港軟體園區站,東門站,2,1,36.8,5.0,1,28.216666666666665,7.0,2,8.583333333333332,2.0,1,Fewer transfers
南港軟體園區站,松江南京站,2,1,31.566666666666663,5.0,1,27.65,7.0,2,3.9166666666666643,2.0,1,Fewer transfers
南港軟體園區站,板新站,2,1,55.93333333333333,13.0,3,53.21666666666667,14.0,2,2.7166666666666615,1.0,-1,More transfers
南港軟體園區站,板新站,3,1,65.46666666666667,12.0,4,53.21666666666667,14.0,2,12.25,2.0,-2,More transfers
南港軟體園區站,板新站,4,1,68.53333333333333,10.0,3,53.21666666666667,14.0,2,15.316666666666663,4.0,-1,More transfers
南港軟體園區站,板新站,5,1,75.31666666666666,8.0,2,53.21666666666667,14.0,2,22.099999999999994,6.0,0,Same transfers
南港軟體園區站,橋和站,2,1,57.1,14.0,2,52.05,13.0,3,5.050000000000004,-1.0,1,Fewer transfers
南港軟體園區站,橋和站,3,1,61.583333333333336,12.0,4,52.05,13.0,3,9.533333333333339,1.0,-1,More transfers
南港軟體園區站,橋和站,4,1,64.65,10.0,3,52.05,13.0,3,12.600000000000009,3.0,0,Same transfers
南港軟體園區站,橋和站,5,1,71.43333333333334,8.0,2,52.05,13.0,3,19.38333333333334,5.0,1,Fewer transfers
南港軟體園區站,民權西路站,2,1,48.61666666666667,5.0,1,33.25,7.0,2,15.366666666666667,2.0,1,Fewer transfers
南港軟體園區站,淡水站,2,1,73.66666666666667,8.0,2,69.31666666666666,9.0,2,4.3500000000000085,1.0,0,Same transfers
南港軟體園區站,淡水站,3,1,82.33333333333333,5.0,1,69.31666666666666,9.0,2,13.016666666666666,4.0,1,Fewer transfers
南港軟體園區站,石牌站,2,1,51.71666666666667,8.0,2,47.36666666666667,9.0,2,4.350000000000001,1.0,0,Same transfers
南港軟體園區站,石牌站,3,1,60.38333333333333,5.0,1,47.36666666666667,9.0,2,13.016666666666666,4.0,1,Fewer transfers
南港軟體園區站,秀朗橋站,2,1,52.1,12.0,4,49.8,13.0,3,2.3000000000000043,1.0,-1,More transfers
南港軟體園區站,秀朗橋站,3,1,55.16666666666666,10.0,3,49.8,13.0,3,5.36666666666666,3.0,0,Same transfers
南港軟體園區站,秀朗橋站,4,1,61.95,8.0,2,49.8,13.0,3,12.150000000000006,5.0,1,Fewer transfers
南港軟體園區站,科技大樓站,2,1,30.1,0.0,0,29.75,10.0,2,0.3500000000000014,10.0,2,Fewer transfers
南港軟體園區站,竹圍站,2,1,67.48333333333333,8.0,2,63.13333333333333,9.0,2,4.350000000000001,1.0,0,Same transfers
南港軟體園區站,竹圍站,3,1,76.15,5.0,1,63.13333333333333,9.0,2,13.016666666666673,4.0,1,Fewer transfers
南港軟體園區站,紅樹林站,2,1,70.3,8.0,2,65.95,9.0,2,4.349999999999994,1.0,0,Same transfers
南港軟體園區站,紅樹林站,3,1,78.96666666666667,5.0,1,65.95,9.0,2,13.016666666666666,4.0,1,Fewer transfers
南港軟體園區站,芝山站,2,1,48.45,8.0,2,44.1,9.0,2,4.350000000000001,1.0,0,Same transfers
南港軟體園區站,芝山站,3,1,57.11666666666667,5.0,1,44.1,9.0,2,13.016666666666666,4.0,1,Fewer transfers
南港軟體園區站,萬芳社區站,2,1,41.18333333333333,0.0,0,40.833333333333336,10.0,2,0.3499999999999943,10.0,2,Fewer transfers
南港軟體園區站,萬芳醫院站,2,1,39.11666666666667,0.0,0,38.766666666666666,10.0,2,0.3500000000000014,10.0,2,Fewer transfers
南港軟體園區站,萬隆站,2,1,43.6,7.0,2,40.53333333333333,9.0,3,3.06666666666667,2.0,1,Fewer transfers
南港軟體園區站,萬隆站,3,1,50.38333333333333,5.0,1,40.53333333333333,9.0,3,9.850000000000001,4.0,2,Fewer transfers
南港軟體園區站,象山站,2,1,38.8,5.0,1,38.45,15.0,3,0.3499999999999943,10.0,2,Fewer transfers
南港軟體園區站,辛亥站,2,1,36.93333333333333,0.0,0,36.583333333333336,10.0,2,0.3499999999999943,10.0,2,Fewer transfers
南港軟體園區站,關渡站,2,1,64.53333333333333,8.0,2,60.18333333333333,9.0,2,4.350000000000001,1.0,0,Same transfers
南港軟體園區站,關渡站,3,1,73.2,5.0,1,60.18333333333333,9.0,2,13.016666666666673,4.0,1,Fewer transfers
南港軟體園區站,雙連站,2,1,38.45,8.0,2,34.1,9.0,2,4.350000000000001,1.0,0,Same transfers
南港軟體園區站,雙連站,3,1,47.11666666666667,5.0,1,34.1,9.0,2,13.016666666666666,4.0,1,Fewer transfers
南港軟體園區站,麟光站,2,1,34.166666666666664,0.0,0,33.81666666666667,10.0,2,0.3499999999999943,10.0,2,Fewer transfers
古亭站,中原站,2,1,28.416666666666668,3.0,1,20.883333333333333,6.0,1,7.533333333333335,3.0,0,Same transfers
古亭站,中和站,2,1,24.65,3.0,1,17.116666666666667,6.0,1,7.533333333333331,3.0,0,Same transfers
古亭站,中山國中站,2,1,20.73333333333333,5.0,1,19.316666666666663,7.0,2,1.4166666666666679,2.0,1,Fewer transfers
古亭站,中山站,2,1,9.583333333333334,0.0,0,8.816666666666666,2.0,1,0.7666666666666675,2.0,1,Fewer transfers
古亭站,內湖站,2,1,36.53333333333333,5.0,1,35.11666666666667,7.0,2,1.4166666666666643,2.0,1,Fewer transfers
古亭站,六張犁站,2,1,27.116666666666667,5.0,1,18.08333333333333,7.0,2,9.033333333333339,2.0,1,Fewer transfers
古亭站,劍南路站,2,1,29.45,5.0,1,28.03333333333333,7.0,2,1.4166666666666679,2.0,1,Fewer transfers
古亭站,動物園站,2,1,38.48333333333333,5.0,1,29.45,7.0,2,9.033333333333328,2.0,1,Fewer transfers
古亭站,南京三民站,2,1,18.15,0.0,0,16.833333333333332,2.0,1,1.3166666666666664,2.0,1,Fewer transfers
古亭站,南京復興站,2,1,14.05,0.0,0,12.733333333333333,2.0,1,1.3166666666666682,2.0,1,Fewer transfers
古亭站,南港軟體園區站,2,1,44.11666666666667,5.0,1,32.266666666666666,7.0,2,11.850000000000001,2.0,1,Fewer transfers
古亭站,台北小巨蛋站,2,1,16.0,0.0,0,14.683333333333334,2.0,1,1.3166666666666664,2.0,1,Fewer transfers
古亭站,大湖公園站,2,1,38.13333333333333,5.0,1,36.71666666666667,7.0,2,1.4166666666666643,2.0,1,Fewer transfers
古亭站,大直站,2,1,27.3,5.0,1,25.883333333333333,7.0,2,1.4166666666666679,2.0,1,Fewer transfers
古亭站,幸福站,2,1,34.93333333333333,6.0,1,29.0,11.0,2,5.93333333333333,5.0,1,Fewer transfers
古亭站,幸福站,3,1,42.46666666666667,3.0,1,29.0,11.0,2,13.466666666666669,8.0,1,Fewer transfers
古亭站,文德站,2,1,34.81666666666667,5.0,1,33.4,7.0,2,1.4166666666666714,2.0,1,Fewer transfers
古亭站,新北產業園區站,2,1,37.56666666666667,6.0,1,31.633333333333333,11.0,2,5.933333333333337,5.0,1,Fewer transfers
古亭站,新北產業園區站,3,1,45.1,3.0,1,31.633333333333333,11.0,2,13.466666666666669,8.0,1,Fewer transfers
古亭站,新埔民生站,2,1,29.966666666666665,6.0,1,24.03333333333333,11.0,2,5.933333333333334,5.0,1,Fewer transfers
古亭站,新埔民生站,3,1,37.5,3.0,1,24.03333333333333,11.0,2,13.466666666666669,8.0,1,Fewer transfers
古亭站,景平站,2,1,19.016666666666666,3.0,1,15.283333333333331,6.0,1,3.7333333333333343,3.0,0,Same transfers
古亭站,木柵站,2,1,36.95,5.0,1,27.916666666666668,7.0,2,9.033333333333335,2.0,1,Fewer transfers
古亭站,東湖站,2,1,42.28333333333333,5.0,1,34.1,7.0,2,8.18333333333333,2.0,1,Fewer transfers
古亭站,松山機場站,2,1,23.933333333333334,5.0,1,22.516666666666666,7.0,2,1.4166666666666679,2.0,1,Fewer transfers
古亭站,松山站,2,1,20.9,0.0,0,19.58333333333333,2.0,1,1.31666666666667,2.0,1,Fewer transfers
古亭站,板新站,2,1,30.683333333333334,3.0,1,23.15,6.0,1,7.533333333333335,3.0,0,Same transfers
古亭站,橋和站,2,1,26.8,3.0,1,19.266666666666666,6.0,1,7.533333333333335,3.0,0,Same transfers
古亭站,民權西路站,2,1,14.216666666666669,0.0,0,11.85,2.0,1,2.366666666666669,2.0,1,Fewer transfers
古亭站,港墘站,2,1,33.2,5.0,1,31.78333333333333,7.0,2,1.4166666666666714,2.0,1,Fewer transfers
古亭站,秀朗橋站,2,1,17.316666666666666,3.0,1,17.016666666666666,6.0,1,0.3000000000000007,3.0,0,Same transfers
古亭站,科技大樓站,2,1,24.666666666666668,5.0,1,15.633333333333333,7.0,2,9.033333333333335,2.0,1,Fewer transfers
古亭站,萬芳社區站,2,1,35.75,5.0,1,26.716666666666665,7.0,2,9.033333333333335,2.0,1,Fewer transfers
古亭站,萬芳醫院站,2,1,33.68333333333333,5.0,1,24.65,7.0,2,9.033333333333331,2.0,1,Fewer transfers
古亭站,葫洲站,2,1,40.56666666666667,5.0,1,35.81666666666667,7.0,2,4.75,2.0,1,Fewer transfers
古亭站,西湖站,2,1,31.7,5.0,1,30.28333333333333,7.0,2,1.4166666666666679,2.0,1,Fewer transfers
古亭站,辛亥站,2,1,31.5,5.0,1,22.466666666666665,7.0,2,9.033333333333335,2.0,1,Fewer transfers
古亭站,頭前庄站,2,1,27.366666666666667,0.0,0,26.83333333333333,11.0,2,0.5333333333333385,11.0,2,Fewer transfers
古亭站,麟光站,2,1,28.73333333333333,5.0,1,19.7,7.0,2,9.033333333333331,2.0,1,Fewer transfers
台北101/世貿站,中原站,2,1,43.23333333333333,5.0,2,34.21666666666667,8.0,2,9.016666666666659,3.0,0,Same transfers
台北101/世貿站,中和站,2,1,39.46666666666667,5.0,2,30.45,8.0,2,9.01666666666667,3.0,0,Same transfers
台北101/世貿站,亞東醫院站,2,1,34.38333333333333,4.0,1,31.766666666666666,4.0,2,2.616666666666667,0.0,1,Fewer transfers
台北101/世貿站,南京三民站,2,1,22.133333333333333,4.0,2,21.316666666666663,10.0,2,0.81666666666667,6.0,0,Same transfers
台北101/世貿站,南京三民站,3,1,27.116666666666667,3.0,1,21.316666666666663,10.0,2,5.800000000000004,7.0,1,Fewer transfers
台北101/世貿站,南京三民站,4,1,28.883333333333333,2.0,1,21.316666666666663,10.0,2,7.56666666666667,8.0,1,Fewer transfers
台北101/世貿站,南京復興站,2,1,18.03333333333333,4.0,2,12.216666666666669,5.0,1,5.816666666666663,1.0,-1,More transfers
台北101/世貿站,南京復興站,3,1,23.016666666666666,3.0,1,12.216666666666669,5.0,1,10.799999999999997,2.0,0,Same transfers
台北101/世貿站,南京復興站,4,1,24.78333333333333,2.0,1,12.216666666666669,5.0,1,12.566666666666663,3.0,0,Same transfers
台北101/世貿站,南港展覽館站,2,1,31.266666666666666,4.0,2,30.55,10.0,2,0.716666666666665,6.0,0,Same transfers
台北101/世貿站,南港展覽館站,3,1,39.0,5.0,1,30.55,10.0,2,8.45,5.0,1,Fewer transfers
台北101/世貿站,南港展覽館站,4,1,39.083333333333336,4.0,1,30.55,10.0,2,8.533333333333335,6.0,1,Fewer transfers
台北101/世貿站,南港站,2,1,29.0,4.0,2,28.28333333333333,10.0,2,0.7166666666666686,6.0,0,Same transfers
台北101/世貿站,南港站,3,1,36.81666666666667,4.0,1,28.28333333333333,10.0,2,8.533333333333339,6.0,1,Fewer transfers
台北101/世貿站,南港軟體園區站,2,1,37.28333333333333,5.0,1,36.85,15.0,3,0.43333333333333,10.0,2,Fewer transfers
台北101/世貿站,台北小巨蛋站,2,1,19.98333333333333,4.0,2,19.166666666666668,10.0,2,0.8166666666666629,6.0,0,Same transfers
台北101/世貿站,台北小巨蛋站,3,1,24.966666666666665,3.0,1,19.166666666666668,10.0,2,5.799999999999997,7.0,1,Fewer transfers
台北101/世貿站,台北小巨蛋站,4,1,26.73333333333333,2.0,1,19.166666666666668,10.0,2,7.566666666666663,8.0,1,Fewer transfers
台北101/世貿站,善導寺站,2,1,19.633333333333333,4.0,1,15.6,4.0,2,4.033333333333333,0.0,1,Fewer transfers
台北101/世貿站,國父紀念館站,2,1,19.15,4.0,2,18.433333333333334,10.0,2,0.716666666666665,6.0,0,Same transfers
台北101/世貿站,國父紀念館站,3,1,26.966666666666665,4.0,1,18.433333333333334,10.0,2,8.533333333333331,6.0,1,Fewer transfers
台北101/世貿站,土城站,2,1,39.38333333333333,4.0,1,36.766666666666666,4.0,2,2.616666666666667,0.0,1,Fewer transfers
台北101/世貿站,市政府站,2,1,20.9,4.0,2,20.183333333333334,10.0,2,0.716666666666665,6.0,0,Same transfers
台北101/世貿站,市政府站,3,1,28.716666666666665,4.0,1,20.183333333333334,10.0,2,8.533333333333331,6.0,1,Fewer transfers
台北101/世貿站,幸福站,2,1,40.833333333333336,8.0,2,39.73333333333333,13.0,3,1.1000000000000085,5.0,1,Fewer transfers
台北101/世貿站,幸福站,3,1,57.28333333333333,5.0,2,39.73333333333333,13.0,3,17.550000000000004,8.0,1,Fewer transfers
台北101/世貿站,府中站,2,1,32.21666666666667,4.0,1,29.6,4.0,2,2.616666666666667,0.0,1,Fewer transfers
台北101/世貿站,後山埤站,2,1,24.5,4.0,2,23.78333333333333,10.0,2,0.7166666666666686,6.0,0,Same transfers
台北101/世貿站,後山埤站,3,1,32.31666666666667,4.0,1,23.78333333333333,10.0,2,8.533333333333339,6.0,1,Fewer transfers
台北101/世貿站,忠孝復興站,2,1,15.75,4.0,2,10.033333333333331,5.0,1,5.716666666666669,1.0,-1,More transfers
台北101/世貿站,忠孝復興站,3,1,23.566666666666663,4.0,1,10.033333333333331,5.0,1,13.533333333333331,1.0,0,Same transfers
台北101/世貿站,忠孝敦化站,2,1,17.5,4.0,2,16.783333333333335,10.0,2,0.716666666666665,6.0,0,Same transfers
台北101/世貿站,忠孝敦化站,3,1,25.316666666666663,4.0,1,16.783333333333335,10.0,2,8.533333333333328,6.0,1,Fewer transfers
台北101/世貿站,新北產業園區站,2,1,43.46666666666667,8.0,2,42.36666666666667,13.0,3,1.1000000000000014,5.0,1,Fewer transfers
台北101/世貿站,新北產業園區站,3,1,59.91666666666666,5.0,2,42.36666666666667,13.0,3,17.54999999999999,8.0,1,Fewer transfers
台北101/世貿站,新埔民生站,2,1,37.38333333333333,13.0,2,34.766666666666666,13.0,3,2.616666666666667,0.0,1,Fewer transfers
台北101/世貿站,新埔民生站,3,1,41.63333333333333,8.0,2,34.766666666666666,13.0,3,6.866666666666667,5.0,1,Fewer transfers
台北101/世貿站,新埔民生站,4,1,52.31666666666667,5.0,2,34.766666666666666,13.0,3,17.550000000000004,8.0,1,Fewer transfers
台北101/世貿站,新埔站,2,1,28.383333333333333,4.0,1,25.766666666666666,4.0,2,2.616666666666667,0.0,1,Fewer transfers
台北101/世貿站,昆陽站,2,1,26.766666666666666,4.0,2,26.05,10.0,2,0.716666666666665,6.0,0,Same transfers
台北101/世貿站,昆陽站,3,1,34.583333333333336,4.0,1,26.05,10.0,2,8.533333333333335,6.0,1,Fewer transfers
台北101/世貿站,景平站,2,1,33.833333333333336,5.0,2,28.616666666666667,8.0,2,5.216666666666669,3.0,0,Same transfers
台北101/世貿站,松山站,2,1,24.883333333333333,4.0,2,24.066666666666663,10.0,2,0.81666666666667,6.0,0,Same transfers
台北101/世貿站,松山站,3,1,29.866666666666667,3.0,1,24.066666666666663,10.0,2,5.800000000000004,7.0,1,Fewer transfers
台北101/世貿站,松山站,4,1,31.633333333333333,2.0,1,24.066666666666663,10.0,2,7.56666666666667,8.0,1,Fewer transfers
台北101/世貿站,板新站,2,1,45.5,5.0,2,36.48333333333333,8.0,2,9.016666666666673,3.0,0,Same transfers
台北101/世貿站,板橋站,2,1,30.633333333333333,4.0,1,28.016666666666666,4.0,2,2.616666666666667,0.0,1,Fewer transfers
台北101/世貿站,橋和站,2,1,41.61666666666667,5.0,2,32.6,8.0,2,9.016666666666666,3.0,0,Same transfers
台北101/世貿站,永寧站,2,1,41.4,4.0,1,38.78333333333333,4.0,2,2.616666666666667,0.0,1,Fewer transfers
台北101/世貿站,永春站,2,1,22.816666666666663,4.0,2,22.1,10.0,2,0.7166666666666615,6.0,0,Same transfers
台北101/世貿站,永春站,3,1,30.633333333333333,4.0,1,22.1,10.0,2,8.533333333333331,6.0,1,Fewer transfers
台北101/世貿站,江子翠站,2,1,26.633333333333333,4.0,1,24.016666666666666,4.0,2,2.616666666666667,0.0,1,Fewer transfers
台北101/世貿站,海山站,2,1,37.18333333333333,4.0,1,34.56666666666667,4.0,2,2.61666666666666,0.0,1,Fewer transfers
台北101/世貿站,秀朗橋站,2,1,32.13333333333333,5.0,2,30.35,8.0,2,1.7833333333333314,3.0,0,Same transfers
台北101/世貿站,頂埔站,2,1,44.86666666666667,4.0,1,42.25,4.0,2,2.616666666666667,0.0,1,Fewer transfers
台北101/世貿站,龍山寺站,2,1,22.95,4.0,1,20.33333333333333,4.0,2,2.6166666666666707,0.0,1,Fewer transfers
台北小巨蛋站,中原站,2,1,44.96666666666667,3.0,1,36.03333333333333,8.0,2,8.933333333333337,5.0,1,Fewer transfers
台北小巨蛋站,中和站,2,1,41.2,3.0,1,32.266666666666666,8.0,2,8.933333333333337,5.0,1,Fewer transfers
台北小巨蛋站,信義安和站,2,1,18.016666666666666,4.0,2,17.283333333333335,10.0,2,0.7333333333333307,6.0,0,Same transfers
台北小巨蛋站,信義安和站,3,1,23.05,3.0,1,17.283333333333335,10.0,2,5.766666666666666,7.0,1,Fewer transfers
台北小巨蛋站,信義安和站,4,1,24.766666666666666,2.0,1,17.283333333333335,10.0,2,7.483333333333331,8.0,1,Fewer transfers
台北小巨蛋站,劍潭站,2,1,28.666666666666668,2.0,1,16.216666666666665,3.0,1,12.450000000000003,1.0,0,Same transfers
台北小巨蛋站,北投站,2,1,42.016666666666666,2.0,1,29.566666666666663,3.0,1,12.450000000000003,1.0,0,Same transfers
台北小巨蛋站,南港展覽館站,2,1,33.18333333333333,5.0,1,27.366666666666667,4.0,2,5.816666666666663,-1.0,1,Fewer transfers
台北小巨蛋站,南港展覽館站,3,1,36.083333333333336,2.0,1,27.366666666666667,4.0,2,8.716666666666669,2.0,1,Fewer transfers
台北小巨蛋站,南港站,2,1,33.81666666666667,2.0,1,25.1,4.0,2,8.716666666666669,2.0,1,Fewer transfers
台北小巨蛋站,古亭站,2,1,16.0,0.0,0,14.6,2.0,1,1.4000000000000004,2.0,1,Fewer transfers
台北小巨蛋站,台北101/世貿站,2,1,19.85,4.0,2,19.116666666666667,10.0,2,0.7333333333333343,6.0,0,Same transfers
台北小巨蛋站,台北101/世貿站,3,1,24.883333333333333,3.0,1,19.116666666666667,10.0,2,5.766666666666666,7.0,1,Fewer transfers
台北小巨蛋站,台北101/世貿站,4,1,26.6,2.0,1,19.116666666666667,10.0,2,7.483333333333334,8.0,1,Fewer transfers
台北小巨蛋站,台北車站,2,1,14.833333333333334,2.0,1,10.466666666666669,3.0,1,4.366666666666665,1.0,0,Same transfers
台北小巨蛋站,台大醫院站,2,1,18.0,2.0,1,12.166666666666666,3.0,1,5.833333333333334,1.0,0,Same transfers
台北小巨蛋站,唭哩岸站,2,1,38.35,2.0,1,25.9,3.0,1,12.450000000000003,1.0,0,Same transfers
台北小巨蛋站,善導寺站,2,1,16.633333333333333,2.0,1,11.7,4.0,2,4.933333333333334,2.0,1,Fewer transfers
台北小巨蛋站,國父紀念館站,2,1,23.966666666666665,2.0,1,15.25,4.0,2,8.716666666666665,2.0,1,Fewer transfers
台北小巨蛋站,圓山站,2,1,26.316666666666663,2.0,1,13.866666666666667,3.0,1,12.449999999999996,1.0,0,Same transfers
台北小巨蛋站,士林站,2,1,30.8,2.0,1,18.35,3.0,1,12.45,1.0,0,Same transfers
台北小巨蛋站,大安森林公園站,2,1,19.366666666666667,3.0,1,14.333333333333334,4.0,2,5.033333333333333,1.0,1,Fewer transfers
台北小巨蛋站,大安森林公園站,3,1,21.08333333333333,2.0,1,14.333333333333334,4.0,2,6.749999999999995,2.0,1,Fewer transfers
台北小巨蛋站,大安站,2,1,16.016666666666666,4.0,2,10.283333333333331,5.0,1,5.733333333333334,1.0,-1,More transfers
台北小巨蛋站,大安站,3,1,21.05,3.0,1,10.283333333333331,5.0,1,10.76666666666667,2.0,0,Same transfers
台北小巨蛋站,大安站,4,1,22.766666666666666,2.0,1,10.283333333333331,5.0,1,12.483333333333334,3.0,0,Same transfers
台北小巨蛋站,奇岩站,2,1,40.05,2.0,1,27.6,3.0,1,12.449999999999996,1.0,0,Same transfers
台北小巨蛋站,市政府站,2,1,25.716666666666665,2.0,1,17.0,4.0,2,8.716666666666665,2.0,1,Fewer transfers
台北小巨蛋站,幸福站,2,1,59.016666666666666,3.0,1,32.4,8.0,2,26.616666666666667,5.0,1,Fewer transfers
台北小巨蛋站,廣慈/奉天宮站,2,1,24.4,4.0,2,23.666666666666668,10.0,2,0.7333333333333307,6.0,0,Same transfers
台北小巨蛋站,廣慈/奉天宮站,3,1,29.433333333333334,3.0,1,23.666666666666668,10.0,2,5.766666666666666,7.0,1,Fewer transfers
台北小巨蛋站,廣慈/奉天宮站,4,1,31.15,2.0,1,23.666666666666668,10.0,2,7.483333333333331,8.0,1,Fewer transfers
台北小巨蛋站,後山埤站,2,1,29.316666666666663,2.0,1,20.6,4.0,2,8.716666666666661,2.0,1,Fewer transfers
台北小巨蛋站,復興崗站,2,1,44.71666666666667,2.0,1,32.266666666666666,3.0,1,12.450000000000003,1.0,0,Same transfers
台北小巨蛋站,忠孝復興站,2,1,11.85,4.0,2,8.416666666666666,5.0,1,3.4333333333333336,1.0,-1,More transfers
台北小巨蛋站,忠孝復興站,3,1,20.566666666666663,2.0,1,8.416666666666666,5.0,1,12.149999999999997,3.0,0,Same transfers
台北小巨蛋站,忠孝敦化站,2,1,22.316666666666663,2.0,1,13.6,4.0,2,8.716666666666663,2.0,1,Fewer transfers
台北小巨蛋站,忠義站,2,1,47.11666666666667,2.0,1,34.666666666666664,3.0,1,12.450000000000003,1.0,0,Same transfers
台北小巨蛋站,新北投站,2,1,47.63333333333333,5.0,2,35.18333333333333,6.0,2,12.450000000000003,1.0,0,Same transfers
台北小巨蛋站,新北產業園區站,2,1,61.65,3.0,1,35.03333333333333,8.0,2,26.616666666666667,5.0,1,Fewer transfers
台北小巨蛋站,新埔民生站,2,1,33.2,8.0,2,29.1,11.0,2,4.100000000000001,3.0,0,Same transfers
台北小巨蛋站,新埔民生站,3,1,54.05,3.0,1,29.1,11.0,2,24.949999999999996,8.0,1,Fewer transfers
台北小巨蛋站,昆陽站,2,1,31.58333333333333,2.0,1,22.866666666666667,4.0,2,8.716666666666661,2.0,1,Fewer transfers
台北小巨蛋站,明德站,2,1,34.583333333333336,2.0,1,22.133333333333333,3.0,1,12.450000000000003,1.0,0,Same transfers
台北小巨蛋站,景平站,2,1,35.56666666666667,3.0,1,30.433333333333334,8.0,2,5.133333333333336,5.0,1,Fewer transfers
台北小巨蛋站,板新站,2,1,38.3,8.0,2,35.916666666666664,11.0,2,2.383333333333333,3.0,0,Same transfers
台北小巨蛋站,板新站,3,1,47.23333333333333,3.0,1,35.916666666666664,11.0,2,11.316666666666663,8.0,1,Fewer transfers
台北小巨蛋站,橋和站,2,1,43.35,3.0,1,34.416666666666664,8.0,2,8.933333333333337,5.0,1,Fewer transfers
台北小巨蛋站,永春站,2,1,27.633333333333333,2.0,1,18.916666666666668,4.0,2,8.716666666666665,2.0,1,Fewer transfers
台北小巨蛋站,淡水站,2,1,58.03333333333333,2.0,1,45.583333333333336,3.0,1,12.449999999999996,1.0,0,Same transfers
台北小巨蛋站,石牌站,2,1,36.083333333333336,2.0,1,23.633333333333333,3.0,1,12.450000000000003,1.0,0,Same transfers
台北小巨蛋站,秀朗橋站,2,1,33.86666666666667,3.0,1,32.166666666666664,8.0,2,1.7000000000000028,5.0,1,Fewer transfers
台北小巨蛋站,竹圍站,2,1,51.85,2.0,1,39.4,3.0,1,12.450000000000003,1.0,0,Same transfers
台北小巨蛋站,紅樹林站,2,1,54.66666666666666,2.0,1,42.21666666666667,3.0,1,12.449999999999989,1.0,0,Same transfers
台北小巨蛋站,芝山站,2,1,32.81666666666667,2.0,1,20.366666666666667,3.0,1,12.450000000000003,1.0,0,Same transfers
台北小巨蛋站,象山站,2,1,21.45,4.0,2,20.716666666666665,10.0,2,0.7333333333333343,6.0,0,Same transfers
台北小巨蛋站,象山站,3,1,26.48333333333333,3.0,1,20.716666666666665,10.0,2,5.766666666666666,7.0,1,Fewer transfers
台北小巨蛋站,象山站,4,1,28.2,2.0,1,20.716666666666665,10.0,2,7.483333333333334,8.0,1,Fewer transfers
台北小巨蛋站,關渡站,2,1,48.9,2.0,1,36.45,3.0,1,12.449999999999996,1.0,0,Same transfers
台北小巨蛋站,雙連站,2,1,22.816666666666663,2.0,1,10.366666666666667,3.0,1,12.449999999999996,1.0,0,Same transfers
台北橋站,七張站,2,1,32.483333333333334,2.0,1,31.2,5.0,2,1.283333333333335,3.0,1,Fewer transfers
台北橋站,中原站,2,1,49.48333333333333,5.0,2,26.48333333333333,6.0,1,22.999999999999996,1.0,-1,More transfers
台北橋站,中和站,2,1,45.71666666666667,5.0,2,30.25,6.0,1,15.466666666666669,1.0,-1,More transfers
台北橋站,中山站,2,1,13.75,2.0,1,9.783333333333331,3.0,1,3.9666666666666686,1.0,0,Same transfers
台北橋站,中正紀念堂站,2,1,19.916666666666668,2.0,1,15.15,3.0,1,4.7666666666666675,1.0,0,Same transfers
台北橋站,亞東醫院站,2,1,33.68333333333333,2.0,1,31.966666666666665,7.0,2,1.716666666666665,5.0,1,Fewer transfers
台北橋站,公館站,2,1,24.3,2.0,1,23.016666666666666,5.0,2,1.283333333333335,3.0,1,Fewer transfers
台北橋站,劍潭站,2,1,32.666666666666664,2.0,1,11.1,3.0,1,21.566666666666663,1.0,0,Same transfers
台北橋站,北投站,2,1,46.016666666666666,2.0,1,24.45,3.0,1,21.566666666666666,1.0,0,Same transfers
台北橋站,北門站,2,1,16.266666666666666,2.0,1,15.3,6.0,2,0.966666666666665,4.0,1,Fewer transfers
台北橋站,十四張站,2,1,36.15,5.0,2,34.86666666666667,8.0,3,1.2833333333333314,3.0,1,Fewer transfers
台北橋站,十四張站,3,1,38.31666666666667,6.0,1,34.86666666666667,8.0,3,3.450000000000003,2.0,2,Fewer transfers
台北橋站,台北車站,2,1,17.133333333333333,2.0,1,11.416666666666666,3.0,1,5.716666666666667,1.0,0,Same transfers
台北橋站,台大醫院站,2,1,22.0,2.0,1,13.116666666666667,3.0,1,8.883333333333333,1.0,0,Same transfers
台北橋站,台電大樓站,2,1,22.48333333333333,2.0,1,21.2,5.0,2,1.2833333333333314,3.0,1,Fewer transfers
台北橋站,唭哩岸站,2,1,42.35,2.0,1,20.78333333333333,3.0,1,21.56666666666667,1.0,0,Same transfers
台北橋站,圓山站,2,1,30.316666666666663,2.0,1,8.75,3.0,1,21.566666666666663,1.0,0,Same transfers
台北橋站,土城站,2,1,38.68333333333333,2.0,1,36.96666666666667,7.0,2,1.7166666666666615,5.0,1,Fewer transfers
台北橋站,士林站,2,1,34.8,2.0,1,13.233333333333333,3.0,1,21.566666666666663,1.0,0,Same transfers
台北橋站,大坪林站,2,1,30.73333333333333,2.0,1,29.45,5.0,2,1.2833333333333314,3.0,1,Fewer transfers
台北橋站,奇岩站,2,1,44.05,2.0,1,22.48333333333333,3.0,1,21.566666666666666,1.0,0,Same transfers
台北橋站,小南門站,2,1,20.116666666666667,2.0,1,19.05,5.0,2,1.0666666666666664,3.0,1,Fewer transfers
台北橋站,小碧潭站,2,1,38.86666666666667,5.0,2,37.583333333333336,8.0,3,1.2833333333333314,3.0,1,Fewer transfers
台北橋站,幸福站,2,1,63.53333333333333,5.0,2,16.6,6.0,1,46.93333333333333,1.0,-1,More transfers
台北橋站,府中站,2,1,31.516666666666666,2.0,1,29.8,7.0,2,1.716666666666665,5.0,1,Fewer transfers
台北橋站,復興崗站,2,1,48.71666666666667,2.0,1,27.15,3.0,1,21.56666666666667,1.0,0,Same transfers
台北橋站,忠義站,2,1,51.11666666666667,2.0,1,29.55,3.0,1,21.566666666666666,1.0,0,Same transfers
台北橋站,新北投站,2,1,51.63333333333333,5.0,2,30.066666666666663,6.0,2,21.56666666666667,1.0,0,Same transfers
台北橋站,新北產業園區站,2,1,66.16666666666667,5.0,2,19.23333333333333,6.0,1,46.93333333333334,1.0,-1,More transfers
台北橋站,新埔民生站,2,1,58.56666666666667,5.0,2,17.4,6.0,1,41.16666666666667,1.0,-1,More transfers
台北橋站,新埔站,2,1,27.683333333333334,2.0,1,25.966666666666665,7.0,2,1.7166666666666686,5.0,1,Fewer transfers
台北橋站,新店區公所站,2,1,34.233333333333334,2.0,1,32.95,5.0,2,1.2833333333333314,3.0,1,Fewer transfers
台北橋站,新店站,2,1,36.5,2.0,1,35.21666666666667,5.0,2,1.2833333333333314,3.0,1,Fewer transfers
台北橋站,明德站,2,1,38.583333333333336,2.0,1,17.016666666666666,3.0,1,21.56666666666667,1.0,0,Same transfers
台北橋站,景平站,2,1,40.083333333333336,5.0,2,34.35,6.0,1,5.733333333333334,1.0,-1,More transfers
台北橋站,景美站,2,1,28.75,2.0,1,27.466666666666665,5.0,2,1.283333333333335,3.0,1,Fewer transfers
台北橋站,板新站,2,1,51.75,5.0,2,24.216666666666665,6.0,1,27.533333333333335,1.0,-1,More transfers
台北橋站,板橋站,2,1,29.933333333333334,2.0,1,21.0,6.0,1,8.933333333333334,4.0,0,Same transfers
台北橋站,橋和站,2,1,47.86666666666667,5.0,2,28.1,6.0,1,19.766666666666666,1.0,-1,More transfers
台北橋站,永寧站,2,1,40.7,2.0,1,38.98333333333333,7.0,2,1.7166666666666757,5.0,1,Fewer transfers
台北橋站,江子翠站,2,1,25.933333333333334,2.0,1,24.216666666666665,7.0,2,1.7166666666666686,5.0,1,Fewer transfers
台北橋站,海山站,2,1,36.48333333333333,2.0,1,34.766666666666666,7.0,2,1.7166666666666615,5.0,1,Fewer transfers
台北橋站,淡水站,2,1,62.03333333333333,2.0,1,40.46666666666667,3.0,1,21.566666666666663,1.0,0,Same transfers
台北橋站,石牌站,2,1,40.083333333333336,2.0,1,18.516666666666666,3.0,1,21.56666666666667,1.0,0,Same transfers
台北橋站,秀朗橋站,2,1,38.38333333333333,5.0,2,36.083333333333336,6.0,1,2.299999999999997,1.0,-1,More transfers
台北橋站,竹圍站,2,1,55.85,2.0,1,34.28333333333333,3.0,1,21.56666666666667,1.0,0,Same transfers
台北橋站,紅樹林站,2,1,58.66666666666666,2.0,1,37.1,3.0,1,21.566666666666656,1.0,0,Same transfers
台北橋站,芝山站,2,1,36.81666666666667,2.0,1,15.25,3.0,1,21.56666666666667,1.0,0,Same transfers
台北橋站,萬隆站,2,1,26.816666666666663,2.0,1,25.53333333333333,5.0,2,1.2833333333333314,3.0,1,Fewer transfers
台北橋站,西門站,2,1,18.166666666666668,2.0,1,17.2,6.0,2,0.9666666666666686,4.0,1,Fewer transfers
台北橋站,關渡站,2,1,52.9,2.0,1,31.33333333333333,3.0,1,21.56666666666667,1.0,0,Same transfers
台北橋站,雙連站,2,1,26.816666666666663,2.0,1,8.25,3.0,1,18.566666666666663,1.0,0,Same transfers
台北橋站,頂埔站,2,1,44.16666666666666,2.0,1,42.45,7.0,2,1.7166666666666544,5.0,1,Fewer transfers
台北橋站,龍山寺站,2,1,22.25,2.0,1,20.53333333333333,7.0,2,1.7166666666666686,5.0,1,Fewer transfers
台北車站,三和國中站,2,1,19.7,2.0,1,14.066666666666666,3.0,1,5.633333333333333,1.0,0,Same transfers
台北車站,三民高中站,2,1,23.433333333333334,2.0,1,17.8,3.0,1,5.633333333333333,1.0,0,Same transfers
台北車站,三重國小站,2,1,17.5,2.0,1,11.866666666666667,3.0,1,5.633333333333333,1.0,0,Same transfers
台北車站,三重站,2,1,20.95,2.0,1,15.316666666666666,3.0,1,5.633333333333333,1.0,0,Same transfers
台北車站,中原站,2,1,33.21666666666667,8.0,2,27.933333333333334,9.0,1,5.283333333333335,1.0,-1,More transfers
台北車站,中原站,3,1,36.2,5.0,2,27.933333333333334,9.0,1,8.26666666666667,4.0,-1,More transfers
台北車站,中和站,2,1,29.45,8.0,2,26.9,10.0,3,2.5500000000000007,2.0,1,Fewer transfers
台北車站,中和站,3,1,31.7,9.0,1,26.9,10.0,3,4.800000000000001,1.0,2,Fewer transfers
台北車站,中和站,4,1,32.43333333333333,5.0,2,26.9,10.0,3,5.533333333333331,5.0,1,Fewer transfers
台北車站,中山國小站,2,1,11.1,2.0,1,8.916666666666666,3.0,1,2.1833333333333336,1.0,0,Same transfers
台北車站,丹鳳站,2,1,32.93333333333333,2.0,1,27.3,3.0,1,5.633333333333329,1.0,0,Same transfers
台北車站,先嗇宮站,2,1,23.73333333333333,2.0,1,18.1,3.0,1,5.633333333333329,1.0,0,Same transfers
台北車站,十四張站,2,1,41.3,9.0,1,22.866666666666667,5.0,2,18.43333333333333,-4.0,1,Fewer transfers
台北車站,南京三民站,2,1,16.966666666666665,2.0,1,12.7,3.0,1,4.266666666666666,1.0,0,Same transfers
台北車站,南京復興站,2,1,12.866666666666667,2.0,1,8.6,3.0,1,4.2666666666666675,1.0,0,Same transfers
台北車站,南勢角站,2,1,21.716666666666665,2.0,1,19.166666666666668,4.0,2,2.549999999999997,2.0,1,Fewer transfers
台北車站,台北小巨蛋站,2,1,14.816666666666666,2.0,1,10.55,3.0,1,4.266666666666666,1.0,0,Same transfers
台北車站,台北橋站,2,1,17.1,2.0,1,11.466666666666669,3.0,1,5.633333333333333,1.0,0,Same transfers
台北車站,大橋頭站,2,1,14.55,2.0,1,8.916666666666666,3.0,1,5.633333333333335,1.0,0,Same transfers
台北車站,幸福站,2,1,34.11666666666667,8.0,2,23.816666666666663,9.0,1,10.300000000000004,1.0,-1,More transfers
台北車站,幸福站,3,1,50.25,5.0,2,23.816666666666663,9.0,1,26.433333333333337,4.0,-1,More transfers
台北車站,徐匯中學站,2,1,21.48333333333333,2.0,1,15.85,3.0,1,5.633333333333331,1.0,0,Same transfers
台北車站,新北產業園區站,2,1,36.75,8.0,2,26.45,9.0,1,10.3,1.0,-1,More transfers
台北車站,新北產業園區站,3,1,52.88333333333333,5.0,2,26.45,9.0,1,26.433333333333334,4.0,-1,More transfers
台北車站,新埔民生站,2,1,34.916666666666664,8.0,2,18.85,9.0,1,16.066666666666663,1.0,-1,More transfers
台北車站,新埔民生站,3,1,45.28333333333333,5.0,2,18.85,9.0,1,26.43333333333333,4.0,-1,More transfers
台北車站,新莊站,2,1,27.933333333333334,2.0,1,22.3,3.0,1,5.633333333333333,1.0,0,Same transfers
台北車站,景安站,2,1,19.633333333333333,2.0,1,17.083333333333332,4.0,2,2.5500000000000007,2.0,1,Fewer transfers
台北車站,景平站,2,1,26.8,5.0,2,25.066666666666663,10.0,3,1.7333333333333378,5.0,1,Fewer transfers
台北車站,景平站,3,1,37.333333333333336,9.0,1,25.066666666666663,10.0,3,12.266666666666673,1.0,2,Fewer transfers
台北車站,松山站,2,1,19.716666666666665,2.0,1,15.45,3.0,1,4.266666666666666,1.0,0,Same transfers
台北車站,松江南京站,2,1,7.2,2.0,1,6.483333333333333,3.0,1,0.7166666666666668,1.0,0,Same transfers
台北車站,板新站,2,1,35.483333333333334,8.0,2,25.666666666666668,9.0,1,9.816666666666666,1.0,-1,More transfers
台北車站,板新站,3,1,38.46666666666667,5.0,2,25.666666666666668,9.0,1,12.8,4.0,-1,More transfers
台北車站,橋和站,2,1,29.55,9.0,1,29.05,10.0,3,0.5,1.0,2,Fewer transfers
台北車站,橋和站,3,1,31.6,8.0,2,29.05,10.0,3,2.5500000000000007,2.0,1,Fewer transfers
台北車站,橋和站,4,1,34.583333333333336,5.0,2,29.05,10.0,3,5.533333333333335,5.0,1,Fewer transfers
台北車站,永安市場站,2,1,17.65,2.0,1,15.1,4.0,2,2.549999999999999,2.0,1,Fewer transfers
台北車站,秀朗橋站,2,1,39.06666666666667,9.0,1,25.1,5.0,2,13.966666666666669,-4.0,1,Fewer transfers
台北車站,菜寮站,2,1,19.133333333333333,2.0,1,13.5,3.0,1,5.633333333333333,1.0,0,Same transfers
台北車站,蘆洲站,2,1,25.7,2.0,1,20.066666666666663,3.0,1,5.633333333333336,1.0,0,Same transfers
台北車站,輔大站,2,1,30.633333333333333,2.0,1,25.0,3.0,1,5.633333333333333,1.0,0,Same transfers
台北車站,迴龍站,2,1,36.15,2.0,1,30.516666666666666,3.0,1,5.633333333333333,1.0,0,Same transfers
台北車站,頂溪站,2,1,15.45,2.0,1,12.9,4.0,2,2.549999999999999,2.0,1,Fewer transfers
台北車站,頭前庄站,2,1,25.95,2.0,1,20.316666666666663,3.0,1,5.633333333333336,1.0,0,Same transfers
台大醫院站,三和國中站,2,1,24.65,2.0,1,15.766666666666667,3.0,1,8.883333333333331,1.0,0,Same transfers
台大醫院站,三民高中站,2,1,28.383333333333333,2.0,1,19.5,3.0,1,8.883333333333333,1.0,0,Same transfers
台大醫院站,三重國小站,2,1,22.45,2.0,1,13.566666666666666,3.0,1,8.883333333333333,1.0,0,Same transfers
台大醫院站,三重站,2,1,25.9,2.0,1,17.016666666666666,3.0,1,8.883333333333333,1.0,0,Same transfers
台大醫院站,中原站,2,1,32.45,8.0,2,29.1,10.0,3,3.3500000000000014,2.0,1,Fewer transfers
台大醫院站,中原站,3,1,34.63333333333333,5.0,2,29.1,10.0,3,5.533333333333331,5.0,1,Fewer transfers
台大醫院站,中和站,2,1,28.683333333333334,8.0,2,25.33333333333333,10.0,3,3.350000000000005,2.0,1,Fewer transfers
台大醫院站,中和站,3,1,30.866666666666667,5.0,2,25.33333333333333,10.0,3,5.5333333333333385,5.0,1,Fewer transfers
台大醫院站,中山國中站,2,1,19.0,5.0,1,16.983333333333334,8.0,2,2.0166666666666657,3.0,1,Fewer transfers
台大醫院站,中山國小站,2,1,16.05,2.0,1,10.616666666666667,3.0,1,5.433333333333334,1.0,0,Same transfers
台大醫院站,丹鳳站,2,1,37.88333333333333,2.0,1,29.0,3.0,1,8.883333333333333,1.0,0,Same transfers
台大醫院站,先嗇宮站,2,1,28.683333333333334,2.0,1,19.8,3.0,1,8.883333333333333,1.0,0,Same transfers
台大醫院站,內湖站,2,1,34.8,5.0,1,32.78333333333333,8.0,2,2.0166666666666657,3.0,1,Fewer transfers
台大醫院站,劍南路站,2,1,27.716666666666665,5.0,1,25.7,8.0,2,2.0166666666666657,3.0,1,Fewer transfers
台大醫院站,北門站,2,1,9.316666666666666,2.0,1,8.35,3.0,1,0.9666666666666668,1.0,0,Same transfers
台大醫院站,南京三民站,2,1,20.28333333333333,2.0,1,14.4,3.0,1,5.883333333333331,1.0,0,Same transfers
台大醫院站,南京復興站,2,1,16.183333333333334,2.0,1,10.3,3.0,1,5.883333333333333,1.0,0,Same transfers
台大醫院站,南勢角站,2,1,20.95,2.0,1,17.6,4.0,2,3.349999999999998,2.0,1,Fewer transfers
台大醫院站,南港軟體園區站,2,1,40.36666666666667,8.0,2,32.666666666666664,9.0,2,7.700000000000003,1.0,0,Same transfers
台大醫院站,南港軟體園區站,3,1,42.38333333333333,5.0,1,32.666666666666664,9.0,2,9.716666666666669,4.0,1,Fewer transfers
台大醫院站,台北小巨蛋站,2,1,18.133333333333333,2.0,1,12.25,3.0,1,5.883333333333333,1.0,0,Same transfers
台大醫院站,台北橋站,2,1,22.05,2.0,1,13.166666666666666,3.0,1,8.883333333333335,1.0,0,Same transfers
台大醫院站,大橋頭站,2,1,19.5,2.0,1,10.616666666666667,3.0,1,8.883333333333333,1.0,0,Same transfers
台大醫院站,大湖公園站,2,1,36.4,5.0,1,34.38333333333333,8.0,2,2.0166666666666657,3.0,1,Fewer transfers
台大醫院站,大直站,2,1,25.566666666666663,5.0,1,23.55,8.0,2,2.016666666666662,3.0,1,Fewer transfers
台大醫院站,幸福站,2,1,30.183333333333334,9.0,2,29.633333333333333,13.0,2,0.5500000000000007,4.0,0,Same transfers
台大醫院站,幸福站,3,1,39.06666666666667,8.0,2,29.633333333333333,13.0,2,9.433333333333337,5.0,0,Same transfers
台大醫院站,幸福站,4,1,48.68333333333333,5.0,2,29.633333333333333,13.0,2,19.049999999999997,8.0,0,Same transfers
台大醫院站,徐匯中學站,2,1,26.433333333333334,2.0,1,17.55,3.0,1,8.883333333333333,1.0,0,Same transfers
台大醫院站,忠孝新生站,2,1,9.816666666666666,2.0,1,8.683333333333334,4.0,1,1.1333333333333329,2.0,0,Same transfers
台大醫院站,文德站,2,1,33.083333333333336,5.0,1,31.066666666666663,8.0,2,2.016666666666673,3.0,1,Fewer transfers
台大醫院站,新北產業園區站,2,1,32.81666666666667,9.0,2,32.266666666666666,13.0,2,0.5500000000000043,4.0,0,Same transfers
台大醫院站,新北產業園區站,3,1,41.7,8.0,2,32.266666666666666,13.0,2,9.433333333333337,5.0,0,Same transfers
台大醫院站,新北產業園區站,4,1,51.31666666666667,5.0,2,32.266666666666666,13.0,2,19.050000000000004,8.0,0,Same transfers
台大醫院站,新埔民生站,2,1,30.98333333333333,9.0,2,24.666666666666668,13.0,2,6.316666666666663,4.0,0,Same transfers
台大醫院站,新埔民生站,3,1,39.86666666666667,8.0,2,24.666666666666668,13.0,2,15.2,5.0,0,Same transfers
台大醫院站,新埔民生站,4,1,43.71666666666667,5.0,2,24.666666666666668,13.0,2,19.05,8.0,0,Same transfers
台大醫院站,新莊站,2,1,32.88333333333333,2.0,1,24.0,3.0,1,8.883333333333333,1.0,0,Same transfers
台大醫院站,景安站,2,1,18.866666666666667,2.0,1,15.516666666666667,4.0,2,3.3499999999999996,2.0,1,Fewer transfers
台大醫院站,景平站,2,1,25.23333333333333,5.0,2,23.5,10.0,3,1.7333333333333307,5.0,1,Fewer transfers
台大醫院站,東湖站,2,1,38.53333333333333,8.0,2,34.5,9.0,2,4.033333333333331,1.0,0,Same transfers
台大醫院站,東湖站,3,1,40.55,5.0,1,34.5,9.0,2,6.049999999999997,4.0,1,Fewer transfers
台大醫院站,松山機場站,2,1,22.2,5.0,1,20.183333333333334,8.0,2,2.0166666666666657,3.0,1,Fewer transfers
台大醫院站,松山站,2,1,23.03333333333333,2.0,1,17.15,3.0,1,5.883333333333333,1.0,0,Same transfers
台大醫院站,松江南京站,2,1,12.15,2.0,1,8.183333333333334,3.0,1,3.966666666666667,1.0,0,Same transfers
台大醫院站,板新站,2,1,31.48333333333333,13.0,2,31.366666666666667,10.0,3,0.11666666666666359,-3.0,1,Fewer transfers
台大醫院站,板新站,3,1,34.71666666666667,8.0,2,31.366666666666667,10.0,3,3.3500000000000014,2.0,1,Fewer transfers
台大醫院站,板新站,4,1,36.9,5.0,2,31.366666666666667,10.0,3,5.533333333333331,5.0,1,Fewer transfers
台大醫院站,橋和站,2,1,30.83333333333333,8.0,2,27.48333333333333,10.0,3,3.349999999999998,2.0,1,Fewer transfers
台大醫院站,橋和站,3,1,33.016666666666666,5.0,2,27.48333333333333,10.0,3,5.533333333333335,5.0,1,Fewer transfers
台大醫院站,永安市場站,2,1,16.883333333333333,2.0,1,13.533333333333331,4.0,2,3.3500000000000014,2.0,1,Fewer transfers
台大醫院站,港墘站,2,1,31.466666666666665,5.0,1,29.45,8.0,2,2.0166666666666657,3.0,1,Fewer transfers
台大醫院站,菜寮站,2,1,24.08333333333333,2.0,1,15.2,3.0,1,8.88333333333333,1.0,0,Same transfers
台大醫院站,葫洲站,2,1,36.81666666666667,8.0,2,36.21666666666667,9.0,2,0.6000000000000014,1.0,0,Same transfers
台大醫院站,葫洲站,3,1,38.833333333333336,5.0,1,36.21666666666667,9.0,2,2.616666666666667,4.0,1,Fewer transfers
台大醫院站,蘆洲站,2,1,30.65,2.0,1,21.766666666666666,3.0,1,8.883333333333333,1.0,0,Same transfers
台大醫院站,行天宮站,2,1,12.716666666666669,3.0,1,11.983333333333333,5.0,2,0.7333333333333361,2.0,1,Fewer transfers
台大醫院站,行天宮站,3,1,13.95,2.0,1,11.983333333333333,5.0,2,1.9666666666666668,3.0,1,Fewer transfers
台大醫院站,西湖站,2,1,29.966666666666665,5.0,1,27.95,8.0,2,2.0166666666666657,3.0,1,Fewer transfers
台大醫院站,輔大站,2,1,35.583333333333336,2.0,1,26.7,3.0,1,8.883333333333336,1.0,0,Same transfers
台大醫院站,迴龍站,2,1,41.1,2.0,1,32.21666666666667,3.0,1,8.883333333333333,1.0,0,Same transfers
台大醫院站,頂溪站,2,1,14.683333333333334,2.0,1,11.333333333333334,4.0,2,3.3499999999999996,2.0,1,Fewer transfers
台大醫院站,頭前庄站,2,1,30.9,2.0,1,22.016666666666666,3.0,1,8.883333333333333,1.0,0,Same transfers
台電大樓站,三和國中站,2,1,25.08333333333333,2.0,1,23.716666666666665,5.0,2,1.3666666666666636,3.0,1,Fewer transfers
台電大樓站,三民高中站,2,1,28.816666666666663,2.0,1,27.45,5.0,2,1.3666666666666636,3.0,1,Fewer transfers
台電大樓站,三重國小站,2,1,22.883333333333333,2.0,1,21.516666666666666,5.0,2,1.3666666666666671,3.0,1,Fewer transfers
台電大樓站,三重站,2,1,26.33333333333333,2.0,1,24.966666666666665,5.0,2,1.3666666666666636,3.0,1,Fewer transfers
台電大樓站,中原站,2,1,26.5,3.0,1,24.85,8.0,2,1.6499999999999986,5.0,1,Fewer transfers
台電大樓站,中和站,2,1,22.73333333333333,3.0,1,21.08333333333333,8.0,2,1.6500000000000021,5.0,1,Fewer transfers
台電大樓站,中山站,2,1,11.55,0.0,0,10.783333333333331,2.0,1,0.7666666666666693,2.0,1,Fewer transfers
台電大樓站,丹鳳站,2,1,38.31666666666667,2.0,1,36.95,5.0,2,1.3666666666666671,3.0,1,Fewer transfers
台電大樓站,先嗇宮站,2,1,29.116666666666667,2.0,1,27.75,5.0,2,1.3666666666666671,3.0,1,Fewer transfers
台電大樓站,六張犁站,2,1,29.08333333333333,5.0,1,21.45,7.0,2,7.633333333333329,2.0,1,Fewer transfers
台電大樓站,動物園站,2,1,40.45,5.0,1,32.81666666666667,7.0,2,7.633333333333333,2.0,1,Fewer transfers
台電大樓站,南港展覽館站,2,1,32.983333333333334,2.0,1,29.933333333333334,4.0,2,3.0500000000000007,2.0,1,Fewer transfers
台電大樓站,南港站,2,1,30.716666666666665,2.0,1,27.666666666666668,4.0,2,3.049999999999997,2.0,1,Fewer transfers
台電大樓站,南港軟體園區站,2,1,39.28333333333333,7.0,2,36.23333333333333,9.0,3,3.0500000000000043,2.0,1,Fewer transfers
台電大樓站,南港軟體園區站,3,1,46.083333333333336,5.0,1,36.23333333333333,9.0,3,9.850000000000009,4.0,2,Fewer transfers
台電大樓站,台北橋站,2,1,22.48333333333333,2.0,1,21.116666666666667,5.0,2,1.3666666666666636,3.0,1,Fewer transfers
台電大樓站,國父紀念館站,2,1,20.866666666666667,2.0,1,17.816666666666666,4.0,2,3.0500000000000007,2.0,1,Fewer transfers
台電大樓站,大橋頭站,2,1,19.933333333333334,2.0,1,18.566666666666663,5.0,2,1.3666666666666707,3.0,1,Fewer transfers
台電大樓站,市政府站,2,1,22.616666666666667,2.0,1,19.566666666666663,4.0,2,3.0500000000000043,2.0,1,Fewer transfers
台電大樓站,幸福站,2,1,38.9,8.0,2,30.966666666666665,11.0,2,7.933333333333334,3.0,0,Same transfers
台電大樓站,幸福站,3,1,40.55,3.0,1,30.966666666666665,11.0,2,9.583333333333332,8.0,1,Fewer transfers
台電大樓站,後山埤站,2,1,26.216666666666665,2.0,1,23.166666666666668,4.0,2,3.049999999999997,2.0,1,Fewer transfers
台電大樓站,徐匯中學站,2,1,26.866666666666667,2.0,1,25.5,5.0,2,1.3666666666666671,3.0,1,Fewer transfers
台電大樓站,忠孝復興站,2,1,17.466666666666665,2.0,1,14.416666666666666,4.0,2,3.049999999999999,2.0,1,Fewer transfers
台電大樓站,忠孝敦化站,2,1,19.216666666666665,2.0,1,16.166666666666668,4.0,2,3.049999999999997,2.0,1,Fewer transfers
台電大樓站,新北產業園區站,2,1,41.53333333333333,8.0,2,33.6,11.0,2,7.93333333333333,3.0,0,Same transfers
台電大樓站,新北產業園區站,3,1,43.18333333333333,3.0,1,33.6,11.0,2,9.583333333333329,8.0,1,Fewer transfers
台電大樓站,新埔民生站,2,1,33.93333333333333,8.0,2,26.0,11.0,2,7.93333333333333,3.0,0,Same transfers
台電大樓站,新埔民生站,3,1,35.583333333333336,3.0,1,26.0,11.0,2,9.583333333333336,8.0,1,Fewer transfers
台電大樓站,新莊站,2,1,33.31666666666667,2.0,1,31.95,5.0,2,1.3666666666666707,3.0,1,Fewer transfers
台電大樓站,昆陽站,2,1,28.48333333333333,2.0,1,25.433333333333334,4.0,2,3.049999999999997,2.0,1,Fewer transfers
台電大樓站,木柵站,2,1,38.91666666666666,5.0,1,31.28333333333333,7.0,2,7.633333333333326,2.0,1,Fewer transfers
台電大樓站,東湖站,2,1,41.11666666666667,7.0,2,38.06666666666667,9.0,3,3.049999999999997,2.0,1,Fewer transfers
台電大樓站,東湖站,3,1,44.25,5.0,1,38.06666666666667,9.0,3,6.18333333333333,4.0,2,Fewer transfers
台電大樓站,松江南京站,2,1,13.9,0.0,0,12.583333333333334,2.0,1,1.3166666666666664,2.0,1,Fewer transfers
台電大樓站,板新站,2,1,28.766666666666666,3.0,1,27.116666666666667,8.0,2,1.6499999999999986,5.0,1,Fewer transfers
台電大樓站,橋和站,2,1,24.883333333333333,3.0,1,23.23333333333333,8.0,2,1.6500000000000021,5.0,1,Fewer transfers
台電大樓站,永春站,2,1,24.53333333333333,2.0,1,21.48333333333333,4.0,2,3.0500000000000007,2.0,1,Fewer transfers
台電大樓站,科技大樓站,2,1,26.633333333333333,5.0,1,19.0,7.0,2,7.633333333333333,2.0,1,Fewer transfers
台電大樓站,菜寮站,2,1,24.516666666666666,2.0,1,23.15,5.0,2,1.3666666666666671,3.0,1,Fewer transfers
台電大樓站,萬芳社區站,2,1,37.71666666666667,5.0,1,30.08333333333333,7.0,2,7.63333333333334,2.0,1,Fewer transfers
台電大樓站,萬芳醫院站,2,1,35.65,5.0,1,28.016666666666666,7.0,2,7.633333333333333,2.0,1,Fewer transfers
台電大樓站,葫洲站,2,1,42.53333333333333,5.0,1,39.78333333333333,9.0,3,2.75,4.0,2,Fewer transfers
台電大樓站,蘆洲站,2,1,31.08333333333333,2.0,1,29.716666666666665,5.0,2,1.3666666666666636,3.0,1,Fewer transfers
台電大樓站,輔大站,2,1,36.016666666666666,2.0,1,34.65,5.0,2,1.3666666666666671,3.0,1,Fewer transfers
台電大樓站,辛亥站,2,1,33.46666666666667,5.0,1,25.83333333333333,7.0,2,7.63333333333334,2.0,1,Fewer transfers
台電大樓站,迴龍站,2,1,41.53333333333333,2.0,1,40.16666666666666,5.0,2,1.3666666666666742,3.0,1,Fewer transfers
台電大樓站,頭前庄站,2,1,29.966666666666665,5.0,2,28.8,11.0,2,1.1666666666666643,6.0,0,Same transfers
台電大樓站,頭前庄站,3,1,31.33333333333333,2.0,1,28.8,11.0,2,2.533333333333328,9.0,1,Fewer transfers
台電大樓站,麟光站,2,1,30.7,5.0,1,23.066666666666663,7.0,2,7.633333333333336,2.0,1,Fewer transfers
唭哩岸站,三和國中站,2,1,45.0,2.0,1,23.433333333333334,3.0,1,21.566666666666666,1.0,0,Same transfers
唭哩岸站,三民高中站,2,1,48.73333333333333,2.0,1,27.166666666666668,3.0,1,21.56666666666666,1.0,0,Same transfers
唭哩岸站,三重國小站,2,1,42.8,2.0,1,21.23333333333333,3.0,1,21.566666666666666,1.0,0,Same transfers
唭哩岸站,三重站,2,1,46.25,2.0,1,24.683333333333334,3.0,1,21.566666666666666,1.0,0,Same transfers
唭哩岸站,中原站,2,1,52.8,8.0,2,47.73333333333333,9.0,2,5.06666666666667,1.0,0,Same transfers
唭哩岸站,中原站,3,1,54.98333333333333,5.0,2,47.73333333333333,9.0,2,7.25,4.0,0,Same transfers
唭哩岸站,中和站,2,1,48.96666666666667,9.0,2,45.68333333333333,10.0,3,3.2833333333333385,1.0,1,Fewer transfers
唭哩岸站,中和站,3,1,49.03333333333333,8.0,2,45.68333333333333,10.0,3,3.3500000000000014,2.0,1,Fewer transfers
唭哩岸站,中和站,4,1,51.21666666666667,5.0,2,45.68333333333333,10.0,3,5.5333333333333385,5.0,1,Fewer transfers
唭哩岸站,中山國中站,2,1,39.35,5.0,1,30.716666666666665,8.0,2,8.633333333333336,3.0,1,Fewer transfers
唭哩岸站,中山國小站,2,1,36.4,2.0,1,18.28333333333333,3.0,1,18.116666666666667,1.0,0,Same transfers
唭哩岸站,丹鳳站,2,1,58.23333333333333,2.0,1,36.66666666666666,3.0,1,21.56666666666667,1.0,0,Same transfers
唭哩岸站,先嗇宮站,2,1,49.03333333333333,2.0,1,27.466666666666665,3.0,1,21.566666666666666,1.0,0,Same transfers
唭哩岸站,內湖站,2,1,55.15,5.0,1,46.516666666666666,8.0,2,8.633333333333333,3.0,1,Fewer transfers
唭哩岸站,六張犁站,2,1,37.96666666666667,5.0,1,37.1,8.0,2,0.8666666666666671,3.0,1,Fewer transfers
唭哩岸站,劍南路站,2,1,48.06666666666667,5.0,1,39.43333333333333,8.0,2,8.63333333333334,3.0,1,Fewer transfers
唭哩岸站,動物園站,2,1,49.333333333333336,5.0,1,48.46666666666667,8.0,2,0.8666666666666671,3.0,1,Fewer transfers
唭哩岸站,北門站,2,1,29.666666666666668,2.0,1,22.08333333333333,3.0,1,7.583333333333339,1.0,0,Same transfers
唭哩岸站,南京三民站,2,1,40.63333333333333,2.0,1,28.133333333333333,3.0,1,12.5,1.0,0,Same transfers
唭哩岸站,南京復興站,2,1,36.53333333333333,2.0,1,24.03333333333333,3.0,1,12.5,1.0,0,Same transfers
唭哩岸站,南勢角站,2,1,41.23333333333333,3.0,1,37.95,4.0,2,3.2833333333333243,1.0,1,Fewer transfers
唭哩岸站,南勢角站,3,1,41.3,2.0,1,37.95,4.0,2,3.3499999999999943,2.0,1,Fewer transfers
唭哩岸站,南港軟體園區站,2,1,54.1,8.0,2,49.75,9.0,2,4.350000000000001,1.0,0,Same transfers
唭哩岸站,南港軟體園區站,3,1,62.73333333333333,5.0,1,49.75,9.0,2,12.983333333333327,4.0,1,Fewer transfers
唭哩岸站,台北小巨蛋站,2,1,38.48333333333333,2.0,1,25.98333333333333,3.0,1,12.499999999999996,1.0,0,Same transfers
唭哩岸站,台北橋站,2,1,42.4,2.0,1,20.83333333333333,3.0,1,21.56666666666667,1.0,0,Same transfers
唭哩岸站,大橋頭站,2,1,39.85,2.0,1,18.28333333333333,3.0,1,21.56666666666667,1.0,0,Same transfers
唭哩岸站,大湖公園站,2,1,56.75,5.0,1,48.11666666666667,8.0,2,8.633333333333333,3.0,1,Fewer transfers
唭哩岸站,大直站,2,1,45.91666666666666,5.0,1,37.28333333333333,8.0,2,8.633333333333326,3.0,1,Fewer transfers
唭哩岸站,幸福站,2,1,59.41666666666666,8.0,2,37.85,9.0,2,21.566666666666656,1.0,0,Same transfers
唭哩岸站,幸福站,3,1,69.03333333333333,5.0,2,37.85,9.0,2,31.18333333333333,4.0,0,Same transfers
唭哩岸站,徐匯中學站,2,1,46.78333333333333,2.0,1,25.216666666666665,3.0,1,21.566666666666666,1.0,0,Same transfers
唭哩岸站,忠孝新生站,2,1,30.166666666666668,2.0,1,24.383333333333333,3.0,1,5.783333333333335,1.0,0,Same transfers
唭哩岸站,文德站,2,1,53.43333333333333,5.0,1,44.8,8.0,2,8.633333333333333,3.0,1,Fewer transfers
唭哩岸站,新北產業園區站,2,1,62.05,8.0,2,40.48333333333333,9.0,2,21.56666666666667,1.0,0,Same transfers
唭哩岸站,新北產業園區站,3,1,71.66666666666667,5.0,2,40.48333333333333,9.0,2,31.183333333333344,4.0,0,Same transfers
唭哩岸站,新埔民生站,2,1,60.21666666666667,8.0,2,38.65,9.0,2,21.56666666666667,1.0,0,Same transfers
唭哩岸站,新埔民生站,3,1,64.06666666666666,5.0,2,38.65,9.0,2,25.416666666666664,4.0,0,Same transfers
唭哩岸站,新莊站,2,1,53.23333333333333,2.0,1,31.666666666666668,3.0,1,21.56666666666666,1.0,0,Same transfers
唭哩岸站,景安站,2,1,39.15,3.0,1,35.86666666666667,4.0,2,3.2833333333333314,1.0,1,Fewer transfers
唭哩岸站,景安站,3,1,39.21666666666667,2.0,1,35.86666666666667,4.0,2,3.3500000000000014,2.0,1,Fewer transfers
唭哩岸站,景平站,2,1,45.583333333333336,5.0,2,43.85,10.0,3,1.7333333333333343,5.0,1,Fewer transfers
唭哩岸站,木柵站,2,1,47.8,5.0,1,46.93333333333333,8.0,2,0.8666666666666671,3.0,1,Fewer transfers
唭哩岸站,東湖站,2,1,52.266666666666666,8.0,2,51.583333333333336,9.0,2,0.68333333333333,1.0,0,Same transfers
唭哩岸站,東湖站,3,1,60.9,5.0,1,51.583333333333336,9.0,2,9.316666666666663,4.0,1,Fewer transfers
唭哩岸站,松山機場站,2,1,42.55,5.0,1,33.916666666666664,8.0,2,8.633333333333333,3.0,1,Fewer transfers
唭哩岸站,松山站,2,1,43.38333333333333,2.0,1,30.883333333333333,3.0,1,12.5,1.0,0,Same transfers
唭哩岸站,松江南京站,2,1,32.5,2.0,1,21.916666666666668,3.0,1,10.583333333333332,1.0,0,Same transfers
唭哩岸站,板新站,2,1,55.06666666666667,8.0,2,45.46666666666667,9.0,2,9.600000000000001,1.0,0,Same transfers
唭哩岸站,板新站,3,1,57.25,5.0,2,45.46666666666667,9.0,2,11.783333333333331,4.0,0,Same transfers
唭哩岸站,橋和站,2,1,49.35,9.0,2,47.833333333333336,10.0,3,1.5166666666666657,1.0,1,Fewer transfers
唭哩岸站,橋和站,3,1,51.18333333333333,8.0,2,47.833333333333336,10.0,3,3.3499999999999943,2.0,1,Fewer transfers
唭哩岸站,橋和站,4,1,53.36666666666667,5.0,2,47.833333333333336,10.0,3,5.533333333333331,5.0,1,Fewer transfers
唭哩岸站,永安市場站,2,1,37.16666666666666,3.0,1,33.88333333333333,4.0,2,3.2833333333333243,1.0,1,Fewer transfers
唭哩岸站,永安市場站,3,1,37.23333333333333,2.0,1,33.88333333333333,4.0,2,3.3499999999999943,2.0,1,Fewer transfers
唭哩岸站,港墘站,2,1,51.81666666666667,5.0,1,43.18333333333333,8.0,2,8.63333333333334,3.0,1,Fewer transfers
唭哩岸站,科技大樓站,2,1,35.516666666666666,5.0,1,34.65,8.0,2,0.8666666666666671,3.0,1,Fewer transfers
唭哩岸站,菜寮站,2,1,44.43333333333333,2.0,1,22.866666666666667,3.0,1,21.566666666666663,1.0,0,Same transfers
唭哩岸站,萬芳社區站,2,1,46.6,5.0,1,45.73333333333333,8.0,2,0.8666666666666742,3.0,1,Fewer transfers
唭哩岸站,萬芳醫院站,2,1,44.53333333333333,5.0,1,43.66666666666666,8.0,2,0.8666666666666742,3.0,1,Fewer transfers
唭哩岸站,葫洲站,2,1,59.18333333333333,5.0,1,50.55,8.0,2,8.633333333333333,3.0,1,Fewer transfers
唭哩岸站,蘆洲站,2,1,51.0,2.0,1,29.433333333333334,3.0,1,21.566666666666666,1.0,0,Same transfers
唭哩岸站,行天宮站,2,1,34.3,2.0,1,20.383333333333333,3.0,1,13.916666666666664,1.0,0,Same transfers
唭哩岸站,西湖站,2,1,50.31666666666667,5.0,1,41.68333333333333,8.0,2,8.63333333333334,3.0,1,Fewer transfers
唭哩岸站,西門站,2,1,27.666666666666668,2.0,1,23.98333333333333,3.0,1,3.683333333333337,1.0,0,Same transfers
唭哩岸站,輔大站,2,1,55.93333333333333,2.0,1,34.36666666666667,3.0,1,21.566666666666663,1.0,0,Same transfers
唭哩岸站,辛亥站,2,1,42.35,5.0,1,41.48333333333333,8.0,2,0.8666666666666742,3.0,1,Fewer transfers
唭哩岸站,迴龍站,2,1,61.45,2.0,1,39.88333333333333,3.0,1,21.56666666666667,1.0,0,Same transfers
唭哩岸站,頂溪站,2,1,34.96666666666667,3.0,1,31.683333333333334,4.0,2,3.283333333333335,1.0,1,Fewer transfers
唭哩岸站,頂溪站,3,1,35.03333333333333,2.0,1,31.683333333333334,4.0,2,3.349999999999998,2.0,1,Fewer transfers
唭哩岸站,頭前庄站,2,1,51.25,2.0,1,29.683333333333334,3.0,1,21.566666666666666,1.0,0,Same transfers
唭哩岸站,麟光站,2,1,39.583333333333336,5.0,1,38.71666666666667,8.0,2,0.8666666666666671,3.0,1,Fewer transfers
善導寺站,中原站,2,1,31.7,8.0,2,29.73333333333333,9.0,1,1.9666666666666686,1.0,-1,More transfers
善導寺站,中原站,3,1,40.516666666666666,5.0,2,29.73333333333333,9.0,1,10.783333333333335,4.0,-1,More transfers
善導寺站,中和站,2,1,33.5,9.0,1,27.933333333333334,8.0,2,5.566666666666666,-1.0,1,Fewer transfers
善導寺站,中和站,3,1,36.75,5.0,2,27.933333333333334,8.0,2,8.816666666666666,3.0,0,Same transfers
善導寺站,中山站,2,1,10.2,2.0,1,6.816666666666666,4.0,1,3.383333333333333,2.0,0,Same transfers
善導寺站,中正紀念堂站,2,1,9.466666666666669,2.0,1,8.833333333333334,4.0,1,0.6333333333333346,2.0,0,Same transfers
善導寺站,信義安和站,2,1,17.683333333333334,4.0,1,13.683333333333334,4.0,2,4.0,0.0,1,Fewer transfers
善導寺站,十四張站,2,1,43.1,9.0,1,27.183333333333334,5.0,2,15.916666666666668,-4.0,1,Fewer transfers
善導寺站,南京三民站,2,1,18.766666666666666,2.0,1,13.9,4.0,2,4.866666666666665,2.0,1,Fewer transfers
善導寺站,南京復興站,2,1,10.7,5.0,1,9.8,4.0,2,0.8999999999999986,-1.0,1,Fewer transfers
善導寺站,南京復興站,3,1,14.666666666666666,2.0,1,9.8,4.0,2,4.866666666666665,2.0,1,Fewer transfers
善導寺站,台北101/世貿站,2,1,19.516666666666666,4.0,1,15.516666666666667,4.0,2,3.9999999999999982,0.0,1,Fewer transfers
善導寺站,台北小巨蛋站,2,1,16.616666666666667,2.0,1,11.75,4.0,2,4.866666666666667,2.0,1,Fewer transfers
善導寺站,大安森林公園站,2,1,14.0,4.0,1,10.0,4.0,2,4.0,0.0,1,Fewer transfers
善導寺站,大安站,2,1,11.683333333333334,4.0,2,10.383333333333333,5.0,1,1.3000000000000007,1.0,-1,More transfers
善導寺站,大安站,3,1,15.683333333333334,4.0,1,10.383333333333333,5.0,1,5.300000000000001,1.0,0,Same transfers
善導寺站,幸福站,2,1,32.6,8.0,2,25.616666666666667,9.0,1,6.983333333333334,1.0,-1,More transfers
善導寺站,幸福站,3,1,54.56666666666667,5.0,2,25.616666666666667,9.0,1,28.950000000000003,4.0,-1,More transfers
善導寺站,廣慈/奉天宮站,2,1,24.066666666666663,4.0,1,20.066666666666663,4.0,2,4.0,0.0,1,Fewer transfers
善導寺站,新北產業園區站,2,1,35.233333333333334,8.0,2,28.25,9.0,1,6.983333333333334,1.0,-1,More transfers
善導寺站,新北產業園區站,3,1,57.2,5.0,2,28.25,9.0,1,28.950000000000003,4.0,-1,More transfers
善導寺站,新埔民生站,2,1,33.4,8.0,2,20.65,9.0,1,12.75,1.0,-1,More transfers
善導寺站,新埔民生站,3,1,49.6,5.0,2,20.65,9.0,1,28.950000000000003,4.0,-1,More transfers
善導寺站,景平站,2,1,31.116666666666667,5.0,2,26.1,8.0,2,5.016666666666666,3.0,0,Same transfers
善導寺站,景平站,3,1,39.13333333333333,9.0,1,26.1,8.0,2,13.033333333333331,-1.0,1,Fewer transfers
善導寺站,松山站,2,1,21.516666666666666,2.0,1,16.65,4.0,2,4.866666666666667,2.0,1,Fewer transfers
善導寺站,板新站,2,1,33.96666666666667,8.0,2,27.466666666666665,9.0,1,6.5000000000000036,1.0,-1,More transfers
善導寺站,板新站,3,1,42.78333333333333,5.0,2,27.466666666666665,9.0,1,15.316666666666666,4.0,-1,More transfers
善導寺站,橋和站,2,1,31.35,9.0,1,30.08333333333333,8.0,2,1.2666666666666728,-1.0,1,Fewer transfers
善導寺站,橋和站,3,1,38.9,5.0,2,30.08333333333333,8.0,2,8.81666666666667,3.0,0,Same transfers
善導寺站,民權西路站,2,1,11.283333333333331,2.0,1,9.85,4.0,1,1.4333333333333318,2.0,0,Same transfers
善導寺站,秀朗橋站,2,1,29.416666666666668,5.0,2,27.83333333333333,8.0,2,1.5833333333333393,3.0,0,Same transfers
善導寺站,秀朗橋站,3,1,40.86666666666667,9.0,1,27.83333333333333,8.0,2,13.033333333333339,-1.0,1,Fewer transfers
善導寺站,象山站,2,1,21.116666666666667,4.0,1,17.116666666666667,4.0,2,4.0,0.0,1,Fewer transfers
善導寺站,頭前庄站,2,1,24.433333333333334,2.0,1,23.45,9.0,1,0.9833333333333343,7.0,0,Same transfers
國父紀念館站,七張站,2,1,30.85,2.0,1,27.78333333333333,4.0,2,3.06666666666667,2.0,1,Fewer transfers
國父紀念館站,中原站,2,1,37.06666666666667,9.0,1,35.25,8.0,2,1.81666666666667,-1.0,1,Fewer transfers
國父紀念館站,中原站,3,1,44.78333333333333,7.0,3,35.25,8.0,2,9.533333333333331,1.0,-1,More transfers
國父紀念館站,中原站,4,1,47.85,5.0,2,35.25,8.0,2,12.600000000000001,3.0,0,Same transfers
國父紀念館站,中和站,2,1,40.833333333333336,9.0,1,31.48333333333333,8.0,2,9.350000000000005,-1.0,1,Fewer transfers
國父紀念館站,中和站,3,1,41.016666666666666,7.0,3,31.48333333333333,8.0,2,9.533333333333335,1.0,-1,More transfers
國父紀念館站,中和站,4,1,44.083333333333336,5.0,2,31.48333333333333,8.0,2,12.600000000000005,3.0,0,Same transfers
國父紀念館站,中山站,2,1,14.15,4.0,1,13.583333333333334,4.0,2,0.5666666666666664,0.0,1,Fewer transfers
國父紀念館站,中山站,3,1,17.533333333333335,2.0,1,13.583333333333334,4.0,2,3.950000000000001,2.0,1,Fewer transfers
國父紀念館站,中正紀念堂站,2,1,16.166666666666668,4.0,1,15.216666666666669,4.0,2,0.9499999999999993,0.0,1,Fewer transfers
國父紀念館站,中正紀念堂站,3,1,16.8,2.0,1,15.216666666666669,4.0,2,1.5833333333333321,2.0,1,Fewer transfers
國父紀念館站,信義安和站,2,1,17.233333333333334,4.0,2,16.6,10.0,2,0.6333333333333329,6.0,0,Same transfers
國父紀念館站,信義安和站,3,1,25.016666666666666,4.0,1,16.6,10.0,2,8.416666666666664,6.0,1,Fewer transfers
國父紀念館站,公館站,2,1,22.666666666666668,2.0,1,19.6,4.0,2,3.0666666666666664,2.0,1,Fewer transfers
國父紀念館站,十四張站,2,1,33.61666666666667,8.0,2,31.45,7.0,3,2.166666666666668,-1.0,1,Fewer transfers
國父紀念館站,十四張站,3,1,34.516666666666666,5.0,2,31.45,7.0,3,3.0666666666666664,2.0,1,Fewer transfers
國父紀念館站,十四張站,4,1,50.43333333333333,9.0,1,31.45,7.0,3,18.98333333333333,-2.0,2,Fewer transfers
國父紀念館站,南京三民站,2,1,26.1,2.0,1,17.45,4.0,2,8.650000000000002,2.0,1,Fewer transfers
國父紀念館站,南京復興站,2,1,13.35,4.0,2,9.916666666666666,5.0,1,3.4333333333333336,1.0,-1,More transfers
國父紀念館站,南京復興站,3,1,22.0,2.0,1,9.916666666666666,5.0,1,12.083333333333334,3.0,0,Same transfers
國父紀念館站,台北101/世貿站,2,1,19.066666666666663,4.0,2,18.433333333333334,10.0,2,0.6333333333333293,6.0,0,Same transfers
國父紀念館站,台北101/世貿站,3,1,26.85,4.0,1,18.433333333333334,10.0,2,8.416666666666668,6.0,1,Fewer transfers
國父紀念館站,台北小巨蛋站,2,1,23.95,2.0,1,15.3,4.0,2,8.649999999999999,2.0,1,Fewer transfers
國父紀念館站,台電大樓站,2,1,20.85,2.0,1,17.783333333333335,4.0,2,3.0666666666666664,2.0,1,Fewer transfers
國父紀念館站,大坪林站,2,1,29.1,2.0,1,26.03333333333333,4.0,2,3.06666666666667,2.0,1,Fewer transfers
國父紀念館站,大安森林公園站,2,1,21.33333333333333,4.0,1,13.55,4.0,2,7.783333333333328,0.0,1,Fewer transfers
國父紀念館站,大安站,2,1,15.233333333333333,4.0,2,9.6,5.0,1,5.633333333333333,1.0,-1,More transfers
國父紀念館站,大安站,3,1,23.016666666666666,4.0,1,9.6,5.0,1,13.416666666666666,1.0,0,Same transfers
國父紀念館站,小碧潭站,2,1,37.23333333333333,5.0,2,34.166666666666664,7.0,3,3.066666666666663,2.0,1,Fewer transfers
國父紀念館站,幸福站,2,1,36.15,8.0,2,32.95,9.0,1,3.1999999999999957,1.0,-1,More transfers
國父紀念館站,幸福站,3,1,58.833333333333336,7.0,3,32.95,9.0,1,25.883333333333333,2.0,-2,More transfers
國父紀念館站,幸福站,4,1,61.9,5.0,2,32.95,9.0,1,28.949999999999996,4.0,-1,More transfers
國父紀念館站,廣慈/奉天宮站,2,1,23.616666666666667,4.0,2,22.98333333333333,10.0,2,0.6333333333333364,6.0,0,Same transfers
國父紀念館站,廣慈/奉天宮站,3,1,31.4,4.0,1,22.98333333333333,10.0,2,8.416666666666668,6.0,1,Fewer transfers
國父紀念館站,新北產業園區站,2,1,38.78333333333333,8.0,2,35.583333333333336,9.0,1,3.1999999999999957,1.0,-1,More transfers
國父紀念館站,新北產業園區站,3,1,61.46666666666667,7.0,3,35.583333333333336,9.0,1,25.883333333333333,2.0,-2,More transfers
國父紀念館站,新北產業園區站,4,1,64.53333333333333,5.0,2,35.583333333333336,9.0,1,28.949999999999996,4.0,-1,More transfers
國父紀念館站,新埔民生站,2,1,36.95,8.0,2,27.98333333333333,9.0,1,8.966666666666672,1.0,-1,More transfers
國父紀念館站,新埔民生站,3,1,53.86666666666667,7.0,3,27.98333333333333,9.0,1,25.883333333333336,2.0,-2,More transfers
國父紀念館站,新埔民生站,4,1,56.93333333333333,5.0,2,27.98333333333333,9.0,1,28.95,4.0,-1,More transfers
國父紀念館站,新店區公所站,2,1,32.6,2.0,1,29.53333333333333,4.0,2,3.06666666666667,2.0,1,Fewer transfers
國父紀念館站,新店站,2,1,34.86666666666667,2.0,1,31.8,4.0,2,3.0666666666666664,2.0,1,Fewer transfers
國父紀念館站,景平站,2,1,35.38333333333333,7.0,3,29.65,8.0,2,5.733333333333334,1.0,-1,More transfers
國父紀念館站,景平站,3,1,38.45,5.0,2,29.65,8.0,2,8.800000000000004,3.0,0,Same transfers
國父紀念館站,景平站,4,1,46.46666666666667,9.0,1,29.65,8.0,2,16.81666666666667,-1.0,1,Fewer transfers
國父紀念館站,景美站,2,1,27.116666666666667,2.0,1,24.05,4.0,2,3.0666666666666664,2.0,1,Fewer transfers
國父紀念館站,松山站,2,1,28.85,2.0,1,20.2,4.0,2,8.650000000000002,2.0,1,Fewer transfers
國父紀念館站,板新站,2,1,37.516666666666666,8.0,2,34.8,9.0,1,2.7166666666666686,1.0,-1,More transfers
國父紀念館站,板新站,3,1,47.05,7.0,3,34.8,9.0,1,12.25,2.0,-2,More transfers
國父紀念館站,板新站,4,1,50.11666666666667,5.0,2,34.8,9.0,1,15.31666666666667,4.0,-1,More transfers
國父紀念館站,橋和站,2,1,38.68333333333333,9.0,1,33.63333333333333,8.0,2,5.049999999999997,-1.0,1,Fewer transfers
國父紀念館站,橋和站,3,1,43.16666666666666,7.0,3,33.63333333333333,8.0,2,9.533333333333324,1.0,-1,More transfers
國父紀念館站,橋和站,4,1,46.23333333333333,5.0,2,33.63333333333333,8.0,2,12.599999999999994,3.0,0,Same transfers
國父紀念館站,秀朗橋站,2,1,33.68333333333333,7.0,3,31.383333333333333,8.0,2,2.299999999999997,1.0,-1,More transfers
國父紀念館站,秀朗橋站,3,1,36.75,5.0,2,31.383333333333333,8.0,2,5.366666666666667,3.0,0,Same transfers
國父紀念館站,秀朗橋站,4,1,48.2,9.0,1,31.383333333333333,8.0,2,16.81666666666667,-1.0,1,Fewer transfers
國父紀念館站,萬隆站,2,1,25.183333333333334,2.0,1,22.116666666666667,4.0,2,3.0666666666666664,2.0,1,Fewer transfers
國父紀念館站,象山站,2,1,20.666666666666668,4.0,2,20.03333333333333,10.0,2,0.6333333333333364,6.0,0,Same transfers
國父紀念館站,象山站,3,1,28.45,4.0,1,20.03333333333333,10.0,2,8.416666666666668,6.0,1,Fewer transfers
圓山站,三和國中站,2,1,32.96666666666667,2.0,1,11.4,3.0,1,21.56666666666667,1.0,0,Same transfers
圓山站,三民高中站,2,1,36.7,2.0,1,15.133333333333333,3.0,1,21.56666666666667,1.0,0,Same transfers
圓山站,三重國小站,2,1,30.766666666666666,2.0,1,9.2,3.0,1,21.566666666666666,1.0,0,Same transfers
圓山站,三重站,2,1,34.21666666666667,2.0,1,12.65,3.0,1,21.56666666666667,1.0,0,Same transfers
圓山站,中原站,2,1,40.766666666666666,8.0,2,35.7,9.0,2,5.066666666666663,1.0,0,Same transfers
圓山站,中原站,3,1,42.95,5.0,2,35.7,9.0,2,7.25,4.0,0,Same transfers
圓山站,中和站,2,1,36.93333333333333,9.0,2,33.65,10.0,3,3.2833333333333314,1.0,1,Fewer transfers
圓山站,中和站,3,1,37.0,8.0,2,33.65,10.0,3,3.3500000000000014,2.0,1,Fewer transfers
圓山站,中和站,4,1,39.18333333333333,5.0,2,33.65,10.0,3,5.533333333333331,5.0,1,Fewer transfers
圓山站,中山國中站,2,1,27.316666666666663,5.0,1,18.683333333333334,8.0,2,8.63333333333333,3.0,1,Fewer transfers
圓山站,中山國小站,2,1,24.366666666666667,2.0,1,6.25,3.0,1,18.116666666666667,1.0,0,Same transfers
圓山站,丹鳳站,2,1,46.2,2.0,1,24.633333333333333,3.0,1,21.56666666666667,1.0,0,Same transfers
圓山站,先嗇宮站,2,1,37.0,2.0,1,15.433333333333334,3.0,1,21.566666666666666,1.0,0,Same transfers
圓山站,內湖站,2,1,43.11666666666667,5.0,1,34.483333333333334,8.0,2,8.633333333333333,3.0,1,Fewer transfers
圓山站,六張犁站,2,1,25.933333333333334,5.0,1,25.066666666666663,8.0,2,0.8666666666666707,3.0,1,Fewer transfers
圓山站,劍南路站,2,1,36.03333333333333,5.0,1,27.4,8.0,2,8.633333333333333,3.0,1,Fewer transfers
圓山站,動物園站,2,1,37.3,5.0,1,36.43333333333333,8.0,2,0.8666666666666671,3.0,1,Fewer transfers
圓山站,北門站,2,1,17.633333333333333,2.0,1,10.05,3.0,1,7.583333333333332,1.0,0,Same transfers
圓山站,南京三民站,2,1,28.6,2.0,1,16.1,3.0,1,12.5,1.0,0,Same transfers
圓山站,南京復興站,2,1,24.5,2.0,1,12.0,3.0,1,12.5,1.0,0,Same transfers
圓山站,南勢角站,2,1,29.2,3.0,1,25.916666666666668,4.0,2,3.2833333333333314,1.0,1,Fewer transfers
圓山站,南勢角站,3,1,29.266666666666666,2.0,1,25.916666666666668,4.0,2,3.349999999999998,2.0,1,Fewer transfers
圓山站,南港軟體園區站,2,1,42.06666666666667,8.0,2,37.71666666666667,9.0,2,4.350000000000001,1.0,0,Same transfers
圓山站,南港軟體園區站,3,1,50.7,5.0,1,37.71666666666667,9.0,2,12.983333333333334,4.0,1,Fewer transfers
圓山站,台北小巨蛋站,2,1,26.45,2.0,1,13.95,3.0,1,12.5,1.0,0,Same transfers
圓山站,台北橋站,2,1,30.366666666666667,2.0,1,8.8,3.0,1,21.566666666666666,1.0,0,Same transfers
圓山站,大橋頭站,2,1,27.816666666666663,2.0,1,6.25,3.0,1,21.566666666666663,1.0,0,Same transfers
圓山站,大湖公園站,2,1,44.71666666666667,5.0,1,36.083333333333336,8.0,2,8.633333333333333,3.0,1,Fewer transfers
圓山站,大直站,2,1,33.88333333333333,5.0,1,25.25,8.0,2,8.633333333333333,3.0,1,Fewer transfers
圓山站,幸福站,2,1,47.38333333333333,8.0,2,25.816666666666663,9.0,2,21.56666666666667,1.0,0,Same transfers
圓山站,幸福站,3,1,57.0,5.0,2,25.816666666666663,9.0,2,31.183333333333337,4.0,0,Same transfers
圓山站,徐匯中學站,2,1,34.75,2.0,1,13.183333333333334,3.0,1,21.566666666666666,1.0,0,Same transfers
圓山站,忠孝新生站,2,1,18.133333333333333,2.0,1,12.35,3.0,1,5.783333333333333,1.0,0,Same transfers
圓山站,文德站,2,1,41.4,5.0,1,32.766666666666666,8.0,2,8.633333333333333,3.0,1,Fewer transfers
圓山站,新北產業園區站,2,1,50.016666666666666,8.0,2,28.45,9.0,2,21.566666666666666,1.0,0,Same transfers
圓山站,新北產業園區站,3,1,59.63333333333333,5.0,2,28.45,9.0,2,31.183333333333334,4.0,0,Same transfers
圓山站,新埔民生站,2,1,48.18333333333333,8.0,2,26.616666666666667,9.0,2,21.566666666666663,1.0,0,Same transfers
圓山站,新埔民生站,3,1,52.03333333333333,5.0,2,26.616666666666667,9.0,2,25.416666666666664,4.0,0,Same transfers
圓山站,新莊站,2,1,41.2,2.0,1,19.633333333333333,3.0,1,21.56666666666667,1.0,0,Same transfers
圓山站,景安站,2,1,27.116666666666667,3.0,1,23.83333333333333,4.0,2,3.2833333333333385,1.0,1,Fewer transfers
圓山站,景安站,3,1,27.183333333333334,2.0,1,23.83333333333333,4.0,2,3.350000000000005,2.0,1,Fewer transfers
圓山站,景平站,2,1,33.55,5.0,2,31.816666666666663,10.0,3,1.7333333333333343,5.0,1,Fewer transfers
圓山站,木柵站,2,1,35.766666666666666,5.0,1,34.9,8.0,2,0.8666666666666671,3.0,1,Fewer transfers
圓山站,東湖站,2,1,40.23333333333333,8.0,2,39.55,9.0,2,0.68333333333333,1.0,0,Same transfers
圓山站,東湖站,3,1,48.86666666666667,5.0,1,39.55,9.0,2,9.31666666666667,4.0,1,Fewer transfers
圓山站,松山機場站,2,1,30.516666666666666,5.0,1,21.883333333333333,8.0,2,8.633333333333333,3.0,1,Fewer transfers
圓山站,松山站,2,1,31.35,2.0,1,18.85,3.0,1,12.5,1.0,0,Same transfers
圓山站,松江南京站,2,1,20.466666666666665,2.0,1,9.883333333333333,3.0,1,10.583333333333332,1.0,0,Same transfers
圓山站,板新站,2,1,43.03333333333333,8.0,2,33.43333333333333,9.0,2,9.600000000000001,1.0,0,Same transfers
圓山站,板新站,3,1,45.21666666666667,5.0,2,33.43333333333333,9.0,2,11.783333333333339,4.0,0,Same transfers
圓山站,橋和站,2,1,37.31666666666667,9.0,2,35.8,10.0,3,1.5166666666666728,1.0,1,Fewer transfers
圓山站,橋和站,3,1,39.15,8.0,2,35.8,10.0,3,3.3500000000000014,2.0,1,Fewer transfers
圓山站,橋和站,4,1,41.333333333333336,5.0,2,35.8,10.0,3,5.5333333333333385,5.0,1,Fewer transfers
圓山站,永安市場站,2,1,25.133333333333333,3.0,1,21.85,4.0,2,3.2833333333333314,1.0,1,Fewer transfers
圓山站,永安市場站,3,1,25.2,2.0,1,21.85,4.0,2,3.349999999999998,2.0,1,Fewer transfers
圓山站,港墘站,2,1,39.78333333333333,5.0,1,31.15,8.0,2,8.633333333333333,3.0,1,Fewer transfers
圓山站,科技大樓站,2,1,23.48333333333333,5.0,1,22.616666666666667,8.0,2,0.8666666666666636,3.0,1,Fewer transfers
圓山站,菜寮站,2,1,32.4,2.0,1,10.833333333333334,3.0,1,21.566666666666663,1.0,0,Same transfers
圓山站,萬芳社區站,2,1,34.56666666666667,5.0,1,33.7,8.0,2,0.8666666666666671,3.0,1,Fewer transfers
圓山站,萬芳醫院站,2,1,32.5,5.0,1,31.633333333333333,8.0,2,0.8666666666666671,3.0,1,Fewer transfers
圓山站,葫洲站,2,1,47.15,5.0,1,38.516666666666666,8.0,2,8.633333333333333,3.0,1,Fewer transfers
圓山站,蘆洲站,2,1,38.96666666666667,2.0,1,17.4,3.0,1,21.56666666666667,1.0,0,Same transfers
圓山站,行天宮站,2,1,22.266666666666666,2.0,1,8.35,3.0,1,13.916666666666666,1.0,0,Same transfers
圓山站,西湖站,2,1,38.28333333333333,5.0,1,29.65,8.0,2,8.633333333333333,3.0,1,Fewer transfers
圓山站,西門站,2,1,15.633333333333333,2.0,1,11.95,3.0,1,3.6833333333333336,1.0,0,Same transfers
圓山站,輔大站,2,1,43.9,2.0,1,22.33333333333333,3.0,1,21.56666666666667,1.0,0,Same transfers
圓山站,辛亥站,2,1,30.316666666666663,5.0,1,29.45,8.0,2,0.8666666666666636,3.0,1,Fewer transfers
圓山站,迴龍站,2,1,49.41666666666666,2.0,1,27.85,3.0,1,21.566666666666656,1.0,0,Same transfers
圓山站,頂溪站,2,1,22.933333333333334,3.0,1,19.65,4.0,2,3.283333333333335,1.0,1,Fewer transfers
圓山站,頂溪站,3,1,23.0,2.0,1,19.65,4.0,2,3.3500000000000014,2.0,1,Fewer transfers
圓山站,頭前庄站,2,1,39.21666666666667,2.0,1,17.65,3.0,1,21.56666666666667,1.0,0,Same transfers
圓山站,麟光站,2,1,27.55,5.0,1,26.683333333333334,8.0,2,0.8666666666666671,3.0,1,Fewer transfers
土城站,三和國中站,2,1,41.25,2.0,1,39.5,7.0,2,1.75,5.0,1,Fewer transfers
土城站,三民高中站,2,1,44.98333333333333,2.0,1,43.23333333333333,7.0,2,1.75,5.0,1,Fewer transfers
土城站,三重國小站,2,1,39.05,2.0,1,37.3,7.0,2,1.75,5.0,1,Fewer transfers
土城站,三重站,2,1,40.75,7.0,2,33.333333333333336,15.0,2,7.416666666666664,8.0,0,Same transfers
土城站,三重站,3,1,42.5,2.0,1,33.333333333333336,15.0,2,9.166666666666664,13.0,1,Fewer transfers
土城站,中原站,2,1,28.616666666666667,9.0,1,24.766666666666666,11.0,1,3.8500000000000014,2.0,0,Same transfers
土城站,中原站,3,1,54.766666666666666,8.0,2,24.766666666666666,11.0,1,30.0,3.0,-1,More transfers
土城站,中原站,4,1,54.98333333333333,5.0,2,24.766666666666666,11.0,1,30.21666666666666,6.0,-1,More transfers
土城站,中和站,2,1,32.38333333333333,9.0,1,28.53333333333333,11.0,1,3.8500000000000014,2.0,0,Same transfers
土城站,中和站,3,1,51.0,8.0,2,28.53333333333333,11.0,1,22.46666666666667,3.0,-1,More transfers
土城站,中和站,4,1,51.21666666666667,5.0,2,28.53333333333333,11.0,1,22.683333333333337,6.0,-1,More transfers
土城站,丹鳳站,2,1,52.73333333333333,7.0,2,35.31666666666667,15.0,2,17.416666666666657,8.0,0,Same transfers
土城站,丹鳳站,3,1,54.48333333333333,2.0,1,35.31666666666667,15.0,2,19.166666666666657,13.0,1,Fewer transfers
土城站,信義安和站,2,1,37.43333333333333,4.0,1,34.78333333333333,4.0,2,2.6499999999999986,0.0,1,Fewer transfers
土城站,先嗇宮站,2,1,43.53333333333333,7.0,2,30.55,15.0,2,12.98333333333333,8.0,0,Same transfers
土城站,先嗇宮站,3,1,45.28333333333333,2.0,1,30.55,15.0,2,14.73333333333333,13.0,1,Fewer transfers
土城站,十四張站,2,1,41.65,5.0,2,38.13333333333333,11.0,1,3.5166666666666657,6.0,-1,More transfers
土城站,十四張站,3,1,41.98333333333333,9.0,1,38.13333333333333,11.0,1,3.8499999999999943,2.0,0,Same transfers
土城站,南勢角站,2,1,43.266666666666666,2.0,1,37.95,4.0,2,5.316666666666663,2.0,1,Fewer transfers
土城站,台北101/世貿站,2,1,39.266666666666666,4.0,1,36.61666666666667,4.0,2,2.6499999999999986,0.0,1,Fewer transfers
土城站,台北橋站,2,1,38.65,2.0,1,36.9,7.0,2,1.75,5.0,1,Fewer transfers
土城站,大安森林公園站,2,1,33.75,4.0,1,31.1,4.0,2,2.6499999999999986,0.0,1,Fewer transfers
土城站,大安站,2,1,33.45,5.0,1,32.78333333333333,4.0,2,0.6666666666666714,-1.0,1,Fewer transfers
土城站,大安站,3,1,35.43333333333333,4.0,1,32.78333333333333,4.0,2,2.6499999999999986,0.0,1,Fewer transfers
土城站,大橋頭站,2,1,36.1,2.0,1,34.35,7.0,2,1.75,5.0,1,Fewer transfers
土城站,幸福站,2,1,55.66666666666666,8.0,2,24.5,9.0,1,31.166666666666657,1.0,-1,More transfers
土城站,幸福站,3,1,69.03333333333333,5.0,2,24.5,9.0,1,44.53333333333333,4.0,-1,More transfers
土城站,廣慈/奉天宮站,2,1,43.81666666666667,4.0,1,41.16666666666666,4.0,2,2.650000000000013,0.0,1,Fewer transfers
土城站,徐匯中學站,2,1,43.03333333333333,2.0,1,41.28333333333333,7.0,2,1.75,5.0,1,Fewer transfers
土城站,新北產業園區站,2,1,58.3,8.0,2,27.133333333333333,9.0,1,31.166666666666664,1.0,-1,More transfers
土城站,新北產業園區站,3,1,71.66666666666667,5.0,2,27.133333333333333,9.0,1,44.53333333333334,4.0,-1,More transfers
土城站,新埔民生站,2,1,56.46666666666667,8.0,2,19.53333333333333,9.0,1,36.93333333333334,1.0,-1,More transfers
土城站,新埔民生站,3,1,64.06666666666666,5.0,2,19.53333333333333,9.0,1,44.53333333333333,4.0,-1,More transfers
土城站,新莊站,2,1,47.73333333333333,7.0,2,30.316666666666663,15.0,2,17.416666666666664,8.0,0,Same transfers
土城站,新莊站,3,1,49.48333333333333,2.0,1,30.316666666666663,15.0,2,19.166666666666664,13.0,1,Fewer transfers
土城站,景安站,2,1,35.86666666666667,4.0,2,32.18333333333333,11.0,1,3.683333333333337,7.0,-1,More transfers
土城站,景安站,3,1,36.03333333333333,9.0,1,32.18333333333333,11.0,1,3.8500000000000014,2.0,0,Same transfers
土城站,景安站,4,1,41.18333333333333,2.0,1,32.18333333333333,11.0,1,9.0,9.0,0,Same transfers
土城站,景平站,2,1,38.016666666666666,9.0,1,34.166666666666664,11.0,1,3.8500000000000014,2.0,0,Same transfers
土城站,景平站,3,1,45.583333333333336,5.0,2,34.166666666666664,11.0,1,11.416666666666671,6.0,-1,More transfers
土城站,板新站,2,1,26.35,9.0,1,22.5,11.0,1,3.8500000000000014,2.0,0,Same transfers
土城站,板新站,3,1,57.03333333333333,8.0,2,22.5,11.0,1,34.53333333333333,3.0,-1,More transfers
土城站,板新站,4,1,57.25,5.0,2,22.5,11.0,1,34.75,6.0,-1,More transfers
土城站,橋和站,2,1,30.23333333333333,9.0,1,26.383333333333333,11.0,1,3.849999999999998,2.0,0,Same transfers
土城站,橋和站,3,1,53.15,8.0,2,26.383333333333333,11.0,1,26.766666666666666,3.0,-1,More transfers
土城站,橋和站,4,1,53.36666666666667,5.0,2,26.383333333333333,11.0,1,26.983333333333334,6.0,-1,More transfers
土城站,民權西路站,2,1,34.35,2.0,1,29.6,4.0,1,4.75,2.0,0,Same transfers
土城站,永安市場站,2,1,39.2,2.0,1,33.88333333333333,4.0,2,5.31666666666667,2.0,1,Fewer transfers
土城站,秀朗橋站,2,1,39.75,9.0,1,35.9,11.0,1,3.8500000000000014,2.0,0,Same transfers
土城站,秀朗橋站,3,1,43.88333333333333,5.0,2,35.9,11.0,1,7.983333333333334,6.0,-1,More transfers
土城站,菜寮站,2,1,38.93333333333333,7.0,2,35.15,15.0,2,3.7833333333333314,8.0,0,Same transfers
土城站,菜寮站,3,1,40.68333333333333,2.0,1,35.15,15.0,2,5.533333333333331,13.0,1,Fewer transfers
土城站,蘆洲站,2,1,47.25,2.0,1,45.5,7.0,2,1.75,5.0,1,Fewer transfers
土城站,象山站,2,1,40.86666666666667,4.0,1,38.21666666666667,4.0,2,2.6499999999999986,0.0,1,Fewer transfers
土城站,輔大站,2,1,50.43333333333333,7.0,2,33.016666666666666,15.0,2,17.416666666666664,8.0,0,Same transfers
土城站,輔大站,3,1,52.18333333333333,2.0,1,33.016666666666666,15.0,2,19.166666666666664,13.0,1,Fewer transfers
土城站,迴龍站,2,1,55.95,7.0,2,38.53333333333333,15.0,2,17.41666666666667,8.0,0,Same transfers
土城站,迴龍站,3,1,57.7,2.0,1,38.53333333333333,15.0,2,19.16666666666667,13.0,1,Fewer transfers
土城站,頂溪站,2,1,37.0,2.0,1,31.683333333333334,4.0,2,5.316666666666666,2.0,1,Fewer transfers
土城站,頭前庄站,2,1,45.75,7.0,2,22.33333333333333,9.0,1,23.41666666666667,2.0,-1,More transfers
土城站,頭前庄站,3,1,47.5,2.0,1,22.33333333333333,9.0,1,25.16666666666667,7.0,0,Same transfers
士林站,三和國中站,2,1,37.45,2.0,1,15.883333333333333,3.0,1,21.56666666666667,1.0,0,Same transfers
士林站,三民高中站,2,1,41.18333333333333,2.0,1,19.616666666666667,3.0,1,21.566666666666663,1.0,0,Same transfers
士林站,三重國小站,2,1,35.25,2.0,1,13.683333333333334,3.0,1,21.566666666666666,1.0,0,Same transfers
士林站,三重站,2,1,38.7,2.0,1,17.133333333333333,3.0,1,21.56666666666667,1.0,0,Same transfers
士林站,中原站,2,1,45.25,8.0,2,40.18333333333333,9.0,2,5.06666666666667,1.0,0,Same transfers
士林站,中原站,3,1,47.43333333333333,5.0,2,40.18333333333333,9.0,2,7.25,4.0,0,Same transfers
士林站,中和站,2,1,41.41666666666666,9.0,2,38.13333333333333,10.0,3,3.2833333333333243,1.0,1,Fewer transfers
士林站,中和站,3,1,41.48333333333333,8.0,2,38.13333333333333,10.0,3,3.3499999999999943,2.0,1,Fewer transfers
士林站,中和站,4,1,43.66666666666666,5.0,2,38.13333333333333,10.0,3,5.533333333333324,5.0,1,Fewer transfers
士林站,中山國中站,2,1,31.8,5.0,1,23.166666666666668,8.0,2,8.633333333333333,3.0,1,Fewer transfers
士林站,中山國小站,2,1,28.85,2.0,1,10.733333333333333,3.0,1,18.116666666666667,1.0,0,Same transfers
士林站,丹鳳站,2,1,50.68333333333333,2.0,1,29.116666666666667,3.0,1,21.566666666666663,1.0,0,Same transfers
士林站,先嗇宮站,2,1,41.48333333333333,2.0,1,19.916666666666668,3.0,1,21.56666666666666,1.0,0,Same transfers
士林站,內湖站,2,1,47.6,5.0,1,38.96666666666667,8.0,2,8.633333333333333,3.0,1,Fewer transfers
士林站,六張犁站,2,1,30.416666666666668,5.0,1,29.55,8.0,2,0.8666666666666671,3.0,1,Fewer transfers
士林站,劍南路站,2,1,40.516666666666666,5.0,1,31.883333333333333,8.0,2,8.633333333333333,3.0,1,Fewer transfers
士林站,動物園站,2,1,41.78333333333333,5.0,1,40.91666666666666,8.0,2,0.8666666666666742,3.0,1,Fewer transfers
士林站,北門站,2,1,22.116666666666667,2.0,1,14.533333333333331,3.0,1,7.583333333333336,1.0,0,Same transfers
士林站,南京三民站,2,1,33.083333333333336,2.0,1,20.58333333333333,3.0,1,12.500000000000007,1.0,0,Same transfers
士林站,南京復興站,2,1,28.98333333333333,2.0,1,16.483333333333334,3.0,1,12.499999999999996,1.0,0,Same transfers
士林站,南勢角站,2,1,33.68333333333333,3.0,1,30.4,4.0,2,3.2833333333333314,1.0,1,Fewer transfers
士林站,南勢角站,3,1,33.75,2.0,1,30.4,4.0,2,3.3500000000000014,2.0,1,Fewer transfers
士林站,南港軟體園區站,2,1,46.55,8.0,2,42.2,9.0,2,4.349999999999994,1.0,0,Same transfers
士林站,南港軟體園區站,3,1,55.18333333333333,5.0,1,42.2,9.0,2,12.983333333333327,4.0,1,Fewer transfers
士林站,台北小巨蛋站,2,1,30.933333333333334,2.0,1,18.433333333333334,3.0,1,12.5,1.0,0,Same transfers
士林站,台北橋站,2,1,34.85,2.0,1,13.283333333333331,3.0,1,21.56666666666667,1.0,0,Same transfers
士林站,大橋頭站,2,1,32.3,2.0,1,10.733333333333333,3.0,1,21.566666666666663,1.0,0,Same transfers
士林站,大湖公園站,2,1,49.2,5.0,1,40.56666666666667,8.0,2,8.633333333333333,3.0,1,Fewer transfers
士林站,大直站,2,1,38.36666666666667,5.0,1,29.73333333333333,8.0,2,8.633333333333336,3.0,1,Fewer transfers
士林站,幸福站,2,1,51.86666666666667,8.0,2,30.3,9.0,2,21.566666666666666,1.0,0,Same transfers
士林站,幸福站,3,1,61.48333333333333,5.0,2,30.3,9.0,2,31.183333333333326,4.0,0,Same transfers
士林站,徐匯中學站,2,1,39.23333333333333,2.0,1,17.666666666666668,3.0,1,21.56666666666666,1.0,0,Same transfers
士林站,忠孝新生站,2,1,22.616666666666667,2.0,1,16.833333333333332,3.0,1,5.783333333333335,1.0,0,Same transfers
士林站,文德站,2,1,45.88333333333333,5.0,1,37.25,8.0,2,8.633333333333333,3.0,1,Fewer transfers
士林站,新北產業園區站,2,1,54.5,8.0,2,32.93333333333333,9.0,2,21.56666666666667,1.0,0,Same transfers
士林站,新北產業園區站,3,1,64.11666666666666,5.0,2,32.93333333333333,9.0,2,31.18333333333333,4.0,0,Same transfers
士林站,新埔民生站,2,1,52.66666666666666,8.0,2,31.1,9.0,2,21.566666666666656,1.0,0,Same transfers
士林站,新埔民生站,3,1,56.516666666666666,5.0,2,31.1,9.0,2,25.416666666666664,4.0,0,Same transfers
士林站,新莊站,2,1,45.68333333333333,2.0,1,24.116666666666667,3.0,1,21.566666666666663,1.0,0,Same transfers
士林站,景安站,2,1,31.6,3.0,1,28.316666666666663,4.0,2,3.2833333333333385,1.0,1,Fewer transfers
士林站,景安站,3,1,31.666666666666668,2.0,1,28.316666666666663,4.0,2,3.350000000000005,2.0,1,Fewer transfers
士林站,景平站,2,1,38.03333333333333,5.0,2,36.3,10.0,3,1.7333333333333343,5.0,1,Fewer transfers
士林站,木柵站,2,1,40.25,5.0,1,39.38333333333333,8.0,2,0.8666666666666671,3.0,1,Fewer transfers
士林站,東湖站,2,1,44.71666666666667,8.0,2,44.03333333333333,9.0,2,0.6833333333333371,1.0,0,Same transfers
士林站,東湖站,3,1,53.35,5.0,1,44.03333333333333,9.0,2,9.31666666666667,4.0,1,Fewer transfers
士林站,松山機場站,2,1,35.0,5.0,1,26.366666666666667,8.0,2,8.633333333333333,3.0,1,Fewer transfers
士林站,松山站,2,1,35.833333333333336,2.0,1,23.33333333333333,3.0,1,12.500000000000007,1.0,0,Same transfers
士林站,松江南京站,2,1,24.95,2.0,1,14.366666666666667,3.0,1,10.583333333333332,1.0,0,Same transfers
士林站,板新站,2,1,47.516666666666666,8.0,2,37.91666666666666,9.0,2,9.600000000000009,1.0,0,Same transfers
士林站,板新站,3,1,49.7,5.0,2,37.91666666666666,9.0,2,11.783333333333346,4.0,0,Same transfers
士林站,橋和站,2,1,41.8,9.0,2,40.28333333333333,10.0,3,1.5166666666666657,1.0,1,Fewer transfers
士林站,橋和站,3,1,43.63333333333333,8.0,2,40.28333333333333,10.0,3,3.3500000000000014,2.0,1,Fewer transfers
士林站,橋和站,4,1,45.81666666666667,5.0,2,40.28333333333333,10.0,3,5.5333333333333385,5.0,1,Fewer transfers
士林站,永安市場站,2,1,29.616666666666667,3.0,1,26.33333333333333,4.0,2,3.2833333333333385,1.0,1,Fewer transfers
士林站,永安市場站,3,1,29.683333333333334,2.0,1,26.33333333333333,4.0,2,3.350000000000005,2.0,1,Fewer transfers
士林站,港墘站,2,1,44.266666666666666,5.0,1,35.63333333333333,8.0,2,8.633333333333333,3.0,1,Fewer transfers
士林站,科技大樓站,2,1,27.966666666666665,5.0,1,27.1,8.0,2,0.8666666666666636,3.0,1,Fewer transfers
士林站,菜寮站,2,1,36.88333333333333,2.0,1,15.316666666666666,3.0,1,21.566666666666666,1.0,0,Same transfers
士林站,萬芳社區站,2,1,39.05,5.0,1,38.18333333333333,8.0,2,0.8666666666666671,3.0,1,Fewer transfers
士林站,萬芳醫院站,2,1,36.98333333333333,5.0,1,36.11666666666667,8.0,2,0.86666666666666,3.0,1,Fewer transfers
士林站,葫洲站,2,1,51.63333333333333,5.0,1,43.0,8.0,2,8.633333333333333,3.0,1,Fewer transfers
士林站,蘆洲站,2,1,43.45,2.0,1,21.883333333333333,3.0,1,21.56666666666667,1.0,0,Same transfers
士林站,行天宮站,2,1,26.75,2.0,1,12.833333333333334,3.0,1,13.916666666666666,1.0,0,Same transfers
士林站,西湖站,2,1,42.766666666666666,5.0,1,34.13333333333333,8.0,2,8.633333333333333,3.0,1,Fewer transfers
士林站,西門站,2,1,20.116666666666667,2.0,1,16.433333333333334,3.0,1,3.6833333333333336,1.0,0,Same transfers
士林站,輔大站,2,1,48.38333333333333,2.0,1,26.816666666666663,3.0,1,21.56666666666667,1.0,0,Same transfers
士林站,辛亥站,2,1,34.8,5.0,1,33.93333333333333,8.0,2,0.8666666666666671,3.0,1,Fewer transfers
士林站,迴龍站,2,1,53.9,2.0,1,32.333333333333336,3.0,1,21.566666666666663,1.0,0,Same transfers
士林站,頂溪站,2,1,27.416666666666668,3.0,1,24.133333333333333,4.0,2,3.283333333333335,1.0,1,Fewer transfers
士林站,頂溪站,3,1,27.48333333333333,2.0,1,24.133333333333333,4.0,2,3.349999999999998,2.0,1,Fewer transfers
士林站,頭前庄站,2,1,43.7,2.0,1,22.133333333333333,3.0,1,21.56666666666667,1.0,0,Same transfers
士林站,麟光站,2,1,32.03333333333333,5.0,1,31.166666666666668,8.0,2,0.8666666666666636,3.0,1,Fewer transfers
大坪林站,三和國中站,2,1,33.333333333333336,2.0,1,31.966666666666665,5.0,2,1.3666666666666707,3.0,1,Fewer transfers
大坪林站,三民高中站,2,1,37.06666666666667,2.0,1,35.7,5.0,2,1.3666666666666671,3.0,1,Fewer transfers
大坪林站,三重國小站,2,1,31.133333333333333,2.0,1,29.766666666666666,5.0,2,1.3666666666666671,3.0,1,Fewer transfers
大坪林站,三重站,2,1,34.583333333333336,2.0,1,33.21666666666667,5.0,2,1.3666666666666671,3.0,1,Fewer transfers
大坪林站,中山站,2,1,19.8,0.0,0,19.03333333333333,2.0,1,0.7666666666666693,2.0,1,Fewer transfers
大坪林站,丹鳳站,2,1,45.2,5.0,2,40.61666666666667,6.0,1,4.583333333333336,1.0,-1,More transfers
大坪林站,丹鳳站,3,1,46.56666666666667,2.0,1,40.61666666666667,6.0,1,5.950000000000003,4.0,0,Same transfers
大坪林站,先嗇宮站,2,1,36.0,5.0,2,35.85,6.0,1,0.14999999999999858,1.0,-1,More transfers
大坪林站,先嗇宮站,3,1,37.36666666666667,2.0,1,35.85,6.0,1,1.5166666666666657,4.0,0,Same transfers
大坪林站,六張犁站,2,1,37.333333333333336,5.0,1,29.7,7.0,2,7.633333333333336,2.0,1,Fewer transfers
大坪林站,動物園站,2,1,48.7,5.0,1,41.06666666666667,7.0,2,7.633333333333333,2.0,1,Fewer transfers
大坪林站,南勢角站,2,1,21.6,2.0,1,16.25,6.0,1,5.350000000000001,4.0,0,Same transfers
大坪林站,南港展覽館站,2,1,41.23333333333333,2.0,1,38.18333333333333,4.0,2,3.049999999999997,2.0,1,Fewer transfers
大坪林站,南港站,2,1,38.96666666666667,2.0,1,35.916666666666664,4.0,2,3.0500000000000043,2.0,1,Fewer transfers
大坪林站,南港軟體園區站,2,1,47.53333333333333,7.0,2,44.48333333333333,9.0,3,3.0500000000000043,2.0,1,Fewer transfers
大坪林站,南港軟體園區站,3,1,54.333333333333336,5.0,1,44.48333333333333,9.0,3,9.850000000000009,4.0,2,Fewer transfers
大坪林站,台北橋站,2,1,30.73333333333333,2.0,1,29.366666666666667,5.0,2,1.3666666666666636,3.0,1,Fewer transfers
大坪林站,國父紀念館站,2,1,29.116666666666667,2.0,1,26.066666666666663,4.0,2,3.0500000000000043,2.0,1,Fewer transfers
大坪林站,大橋頭站,2,1,28.183333333333334,2.0,1,26.816666666666663,5.0,2,1.3666666666666707,3.0,1,Fewer transfers
大坪林站,市政府站,2,1,30.866666666666667,2.0,1,27.816666666666663,4.0,2,3.0500000000000043,2.0,1,Fewer transfers
大坪林站,後山埤站,2,1,34.46666666666667,2.0,1,31.416666666666668,4.0,2,3.0500000000000007,2.0,1,Fewer transfers
大坪林站,徐匯中學站,2,1,35.11666666666667,2.0,1,33.75,5.0,2,1.3666666666666671,3.0,1,Fewer transfers
大坪林站,忠孝復興站,2,1,25.716666666666665,2.0,1,22.666666666666668,4.0,2,3.049999999999997,2.0,1,Fewer transfers
大坪林站,忠孝敦化站,2,1,27.466666666666665,2.0,1,24.416666666666668,4.0,2,3.049999999999997,2.0,1,Fewer transfers
大坪林站,新莊站,2,1,40.2,5.0,2,35.61666666666667,6.0,1,4.583333333333336,1.0,-1,More transfers
大坪林站,新莊站,3,1,41.56666666666667,2.0,1,35.61666666666667,6.0,1,5.950000000000003,4.0,0,Same transfers
大坪林站,昆陽站,2,1,36.73333333333333,2.0,1,33.68333333333333,4.0,2,3.049999999999997,2.0,1,Fewer transfers
大坪林站,木柵站,2,1,47.16666666666666,5.0,1,39.53333333333333,7.0,2,7.633333333333326,2.0,1,Fewer transfers
大坪林站,東湖站,2,1,49.36666666666667,7.0,2,46.31666666666667,9.0,3,3.049999999999997,2.0,1,Fewer transfers
大坪林站,東湖站,3,1,52.5,5.0,1,46.31666666666667,9.0,3,6.18333333333333,4.0,2,Fewer transfers
大坪林站,松江南京站,2,1,22.15,0.0,0,20.83333333333333,2.0,1,1.31666666666667,2.0,1,Fewer transfers
大坪林站,永安市場站,2,1,17.533333333333335,2.0,1,16.133333333333333,6.0,1,1.4000000000000021,4.0,0,Same transfers
大坪林站,永春站,2,1,32.78333333333333,2.0,1,29.73333333333333,4.0,2,3.0500000000000007,2.0,1,Fewer transfers
大坪林站,科技大樓站,2,1,34.88333333333333,5.0,1,27.25,7.0,2,7.633333333333333,2.0,1,Fewer transfers
大坪林站,菜寮站,2,1,32.766666666666666,2.0,1,31.4,5.0,2,1.3666666666666671,3.0,1,Fewer transfers
大坪林站,萬芳社區站,2,1,45.96666666666667,5.0,1,38.333333333333336,7.0,2,7.633333333333333,2.0,1,Fewer transfers
大坪林站,萬芳醫院站,2,1,43.9,5.0,1,36.266666666666666,7.0,2,7.633333333333333,2.0,1,Fewer transfers
大坪林站,葫洲站,2,1,50.78333333333333,5.0,1,48.03333333333333,9.0,3,2.75,4.0,2,Fewer transfers
大坪林站,蘆洲站,2,1,39.333333333333336,2.0,1,37.96666666666667,5.0,2,1.3666666666666671,3.0,1,Fewer transfers
大坪林站,輔大站,2,1,42.9,5.0,2,38.31666666666667,6.0,1,4.583333333333329,1.0,-1,More transfers
大坪林站,輔大站,3,1,44.266666666666666,2.0,1,38.31666666666667,6.0,1,5.949999999999996,4.0,0,Same transfers
大坪林站,辛亥站,2,1,41.71666666666667,5.0,1,34.083333333333336,7.0,2,7.633333333333333,2.0,1,Fewer transfers
大坪林站,迴龍站,2,1,48.41666666666666,5.0,2,43.833333333333336,6.0,1,4.5833333333333215,1.0,-1,More transfers
大坪林站,迴龍站,3,1,49.78333333333333,2.0,1,43.833333333333336,6.0,1,5.949999999999996,4.0,0,Same transfers
大坪林站,麟光站,2,1,38.95,5.0,1,31.316666666666663,7.0,2,7.63333333333334,2.0,1,Fewer transfers
大安森林公園站,中原站,2,1,37.71666666666667,5.0,2,28.7,8.0,2,9.01666666666667,3.0,0,Same transfers
大安森林公園站,中和站,2,1,33.95,5.0,2,24.933333333333334,8.0,2,9.01666666666667,3.0,0,Same transfers
大安森林公園站,亞東醫院站,2,1,28.866666666666667,4.0,1,26.25,4.0,2,2.616666666666667,0.0,1,Fewer transfers
大安森林公園站,南京三民站,2,1,21.6,3.0,1,16.616666666666667,4.0,2,4.983333333333334,1.0,1,Fewer transfers
大安森林公園站,南京三民站,3,1,23.366666666666667,2.0,1,16.616666666666667,4.0,2,6.75,2.0,1,Fewer transfers
大安森林公園站,南京復興站,2,1,12.516666666666667,4.0,2,10.116666666666667,5.0,1,2.4000000000000004,1.0,-1,More transfers
大安森林公園站,南京復興站,3,1,17.5,3.0,1,10.116666666666667,5.0,1,7.383333333333333,2.0,0,Same transfers
大安森林公園站,南京復興站,4,1,19.266666666666666,2.0,1,10.116666666666667,5.0,1,9.149999999999999,3.0,0,Same transfers
大安森林公園站,南港展覽館站,2,1,33.56666666666667,4.0,1,25.75,4.0,2,7.81666666666667,0.0,1,Fewer transfers
大安森林公園站,南港站,2,1,31.3,4.0,1,23.48333333333333,4.0,2,7.81666666666667,0.0,1,Fewer transfers
大安森林公園站,南港軟體園區站,2,1,35.18333333333333,5.0,1,32.05,9.0,3,3.133333333333333,4.0,2,Fewer transfers
大安森林公園站,台北小巨蛋站,2,1,19.45,3.0,1,14.466666666666669,4.0,2,4.983333333333331,1.0,1,Fewer transfers
大安森林公園站,台北小巨蛋站,3,1,21.216666666666665,2.0,1,14.466666666666669,4.0,2,6.7499999999999964,2.0,1,Fewer transfers
大安森林公園站,善導寺站,2,1,14.116666666666667,4.0,1,10.083333333333334,4.0,2,4.033333333333333,0.0,1,Fewer transfers
大安森林公園站,國父紀念館站,2,1,21.45,4.0,1,13.633333333333333,4.0,2,7.816666666666666,0.0,1,Fewer transfers
大安森林公園站,土城站,2,1,33.86666666666667,4.0,1,31.25,4.0,2,2.616666666666667,0.0,1,Fewer transfers
大安森林公園站,市政府站,2,1,23.2,4.0,1,15.383333333333333,4.0,2,7.816666666666666,0.0,1,Fewer transfers
大安森林公園站,幸福站,2,1,35.31666666666667,8.0,2,34.21666666666667,13.0,3,1.1000000000000014,5.0,1,Fewer transfers
大安森林公園站,幸福站,3,1,51.766666666666666,5.0,2,34.21666666666667,13.0,3,17.549999999999997,8.0,1,Fewer transfers
大安森林公園站,府中站,2,1,26.7,4.0,1,24.08333333333333,4.0,2,2.6166666666666707,0.0,1,Fewer transfers
大安森林公園站,後山埤站,2,1,26.8,4.0,1,18.98333333333333,4.0,2,7.81666666666667,0.0,1,Fewer transfers
大安森林公園站,忠孝復興站,2,1,10.233333333333333,4.0,2,7.933333333333334,5.0,1,2.299999999999999,1.0,-1,More transfers
大安森林公園站,忠孝復興站,3,1,18.05,4.0,1,7.933333333333334,5.0,1,10.116666666666667,1.0,0,Same transfers
大安森林公園站,忠孝敦化站,2,1,19.8,4.0,1,11.983333333333333,4.0,2,7.816666666666668,0.0,1,Fewer transfers
大安森林公園站,新北產業園區站,2,1,37.95,8.0,2,36.85,13.0,3,1.1000000000000014,5.0,1,Fewer transfers
大安森林公園站,新北產業園區站,3,1,54.4,5.0,2,36.85,13.0,3,17.549999999999997,8.0,1,Fewer transfers
大安森林公園站,新埔民生站,2,1,31.866666666666667,13.0,2,29.25,13.0,3,2.616666666666667,0.0,1,Fewer transfers
大安森林公園站,新埔民生站,3,1,36.11666666666667,8.0,2,29.25,13.0,3,6.866666666666667,5.0,1,Fewer transfers
大安森林公園站,新埔民生站,4,1,46.8,5.0,2,29.25,13.0,3,17.549999999999997,8.0,1,Fewer transfers
大安森林公園站,新埔站,2,1,22.866666666666667,4.0,1,20.25,4.0,2,2.616666666666667,0.0,1,Fewer transfers
大安森林公園站,昆陽站,2,1,29.066666666666663,4.0,1,21.25,4.0,2,7.816666666666663,0.0,1,Fewer transfers
大安森林公園站,景平站,2,1,28.316666666666663,5.0,2,23.1,8.0,2,5.2166666666666615,3.0,0,Same transfers
大安森林公園站,松山站,2,1,24.35,3.0,1,19.366666666666667,4.0,2,4.983333333333334,1.0,1,Fewer transfers
大安森林公園站,松山站,3,1,26.116666666666667,2.0,1,19.366666666666667,4.0,2,6.75,2.0,1,Fewer transfers
大安森林公園站,板新站,2,1,39.98333333333333,5.0,2,30.966666666666665,8.0,2,9.016666666666662,3.0,0,Same transfers
大安森林公園站,板橋站,2,1,25.116666666666667,4.0,1,22.5,4.0,2,2.616666666666667,0.0,1,Fewer transfers
大安森林公園站,橋和站,2,1,36.1,5.0,2,27.08333333333333,8.0,2,9.016666666666673,3.0,0,Same transfers
大安森林公園站,永寧站,2,1,35.88333333333333,4.0,1,33.266666666666666,4.0,2,2.616666666666667,0.0,1,Fewer transfers
大安森林公園站,永春站,2,1,25.116666666666667,4.0,1,17.3,4.0,2,7.816666666666666,0.0,1,Fewer transfers
大安森林公園站,江子翠站,2,1,21.116666666666667,4.0,1,18.5,4.0,2,2.616666666666667,0.0,1,Fewer transfers
大安森林公園站,海山站,2,1,31.666666666666668,4.0,1,29.05,4.0,2,2.616666666666667,0.0,1,Fewer transfers
大安森林公園站,秀朗橋站,2,1,26.616666666666667,5.0,2,24.83333333333333,8.0,2,1.7833333333333385,3.0,0,Same transfers
大安森林公園站,頂埔站,2,1,39.35,4.0,1,36.73333333333333,4.0,2,2.6166666666666742,0.0,1,Fewer transfers
大安森林公園站,龍山寺站,2,1,17.433333333333334,4.0,1,14.816666666666666,4.0,2,2.616666666666667,0.0,1,Fewer transfers
大安站,中原站,2,1,39.4,5.0,2,30.383333333333333,8.0,2,9.016666666666666,3.0,0,Same transfers
大安站,中和站,2,1,35.63333333333333,5.0,2,26.616666666666667,8.0,2,9.016666666666666,3.0,0,Same transfers
大安站,亞東醫院站,2,1,28.366666666666667,5.0,1,27.933333333333334,4.0,2,0.43333333333333357,-1.0,1,Fewer transfers
大安站,亞東醫院站,3,1,30.55,4.0,1,27.933333333333334,4.0,2,2.616666666666667,0.0,1,Fewer transfers
大安站,南京三民站,2,1,18.3,4.0,2,12.4,5.0,1,5.9,1.0,-1,More transfers
大安站,南京三民站,3,1,23.28333333333333,3.0,1,12.4,5.0,1,10.883333333333331,2.0,0,Same transfers
大安站,南京三民站,4,1,25.05,2.0,1,12.4,5.0,1,12.65,3.0,0,Same transfers
大安站,南港展覽館站,2,1,27.433333333333334,4.0,2,21.633333333333333,5.0,1,5.800000000000001,1.0,-1,More transfers
大安站,南港展覽館站,3,1,30.08333333333333,0.0,0,21.633333333333333,5.0,1,8.449999999999996,5.0,1,Fewer transfers
大安站,南港站,2,1,25.166666666666668,4.0,2,19.366666666666667,5.0,1,5.800000000000001,1.0,-1,More transfers
大安站,南港站,3,1,32.983333333333334,4.0,1,19.366666666666667,5.0,1,13.616666666666667,1.0,0,Same transfers
大安站,南港軟體園區站,2,1,28.366666666666667,0.0,0,27.933333333333334,10.0,2,0.43333333333333357,10.0,2,Fewer transfers
大安站,台北小巨蛋站,2,1,16.15,4.0,2,10.25,5.0,1,5.899999999999999,1.0,-1,More transfers
大安站,台北小巨蛋站,3,1,21.133333333333333,3.0,1,10.25,5.0,1,10.883333333333333,2.0,0,Same transfers
大安站,台北小巨蛋站,4,1,22.9,2.0,1,10.25,5.0,1,12.649999999999999,3.0,0,Same transfers
大安站,善導寺站,2,1,11.766666666666667,4.0,2,10.3,5.0,1,1.4666666666666668,1.0,-1,More transfers
大安站,善導寺站,3,1,15.8,4.0,1,10.3,5.0,1,5.5,1.0,0,Same transfers
大安站,國父紀念館站,2,1,15.316666666666666,4.0,2,9.516666666666667,5.0,1,5.799999999999999,1.0,-1,More transfers
大安站,國父紀念館站,3,1,23.133333333333333,4.0,1,9.516666666666667,5.0,1,13.616666666666665,1.0,0,Same transfers
大安站,土城站,2,1,33.36666666666667,5.0,1,32.93333333333333,4.0,2,0.4333333333333371,-1.0,1,Fewer transfers
大安站,土城站,3,1,35.55,4.0,1,32.93333333333333,4.0,2,2.616666666666667,0.0,1,Fewer transfers
大安站,市政府站,2,1,17.066666666666666,4.0,2,11.266666666666667,5.0,1,5.799999999999999,1.0,-1,More transfers
大安站,市政府站,3,1,24.883333333333333,4.0,1,11.266666666666667,5.0,1,13.616666666666665,1.0,0,Same transfers
大安站,幸福站,2,1,36.333333333333336,14.0,2,35.9,13.0,3,0.4333333333333371,-1.0,1,Fewer transfers
大安站,幸福站,3,1,37.0,8.0,2,35.9,13.0,3,1.1000000000000014,5.0,1,Fewer transfers
大安站,幸福站,4,1,53.45,5.0,2,35.9,13.0,3,17.550000000000004,8.0,1,Fewer transfers
大安站,府中站,2,1,26.2,5.0,1,25.766666666666666,4.0,2,0.43333333333333357,-1.0,1,Fewer transfers
大安站,府中站,3,1,28.383333333333333,4.0,1,25.766666666666666,4.0,2,2.616666666666667,0.0,1,Fewer transfers
大安站,後山埤站,2,1,20.666666666666668,4.0,2,14.866666666666667,5.0,1,5.800000000000001,1.0,-1,More transfers
大安站,後山埤站,3,1,28.48333333333333,4.0,1,14.866666666666667,5.0,1,13.616666666666664,1.0,0,Same transfers
大安站,忠孝敦化站,2,1,13.666666666666666,4.0,2,7.866666666666666,5.0,1,5.8,1.0,-1,More transfers
大安站,忠孝敦化站,3,1,21.48333333333333,4.0,1,7.866666666666666,5.0,1,13.616666666666664,1.0,0,Same transfers
大安站,新北產業園區站,2,1,38.96666666666667,14.0,2,38.53333333333333,13.0,3,0.4333333333333371,-1.0,1,Fewer transfers
大安站,新北產業園區站,3,1,39.63333333333333,8.0,2,38.53333333333333,13.0,3,1.1000000000000014,5.0,1,Fewer transfers
大安站,新北產業園區站,4,1,56.083333333333336,5.0,2,38.53333333333333,13.0,3,17.550000000000004,8.0,1,Fewer transfers
大安站,新埔民生站,2,1,31.366666666666667,14.0,2,30.933333333333334,13.0,3,0.43333333333333357,-1.0,1,Fewer transfers
大安站,新埔民生站,3,1,33.55,13.0,2,30.933333333333334,13.0,3,2.6166666666666636,0.0,1,Fewer transfers
大安站,新埔民生站,4,1,37.8,8.0,2,30.933333333333334,13.0,3,6.866666666666664,5.0,1,Fewer transfers
大安站,新埔民生站,5,1,48.48333333333333,5.0,2,30.933333333333334,13.0,3,17.549999999999994,8.0,1,Fewer transfers
大安站,新埔站,2,1,22.366666666666667,5.0,1,21.933333333333334,4.0,2,0.43333333333333357,-1.0,1,Fewer transfers
大安站,新埔站,3,1,24.55,4.0,1,21.933333333333334,4.0,2,2.616666666666667,0.0,1,Fewer transfers
大安站,昆陽站,2,1,22.933333333333334,4.0,2,17.133333333333333,5.0,1,5.800000000000001,1.0,-1,More transfers
大安站,昆陽站,3,1,30.75,4.0,1,17.133333333333333,5.0,1,13.616666666666667,1.0,0,Same transfers
大安站,景平站,2,1,30.0,5.0,2,24.78333333333333,8.0,2,5.216666666666669,3.0,0,Same transfers
大安站,松山站,2,1,21.05,4.0,2,15.15,5.0,1,5.9,1.0,-1,More transfers
大安站,松山站,3,1,26.03333333333333,3.0,1,15.15,5.0,1,10.883333333333331,2.0,0,Same transfers
大安站,松山站,4,1,27.8,2.0,1,15.15,5.0,1,12.65,3.0,0,Same transfers
大安站,板新站,2,1,41.66666666666666,5.0,2,32.65,8.0,2,9.016666666666659,3.0,0,Same transfers
大安站,板橋站,2,1,24.616666666666667,5.0,1,24.183333333333334,4.0,2,0.43333333333333357,-1.0,1,Fewer transfers
大安站,板橋站,3,1,26.8,4.0,1,24.183333333333334,4.0,2,2.616666666666667,0.0,1,Fewer transfers
大安站,橋和站,2,1,37.78333333333333,5.0,2,28.766666666666666,8.0,2,9.016666666666666,3.0,0,Same transfers
大安站,永寧站,2,1,35.38333333333333,5.0,1,34.95,4.0,2,0.43333333333333,-1.0,1,Fewer transfers
大安站,永寧站,3,1,37.56666666666667,4.0,1,34.95,4.0,2,2.616666666666667,0.0,1,Fewer transfers
大安站,永春站,2,1,18.98333333333333,4.0,2,13.183333333333334,5.0,1,5.799999999999997,1.0,-1,More transfers
大安站,永春站,3,1,26.8,4.0,1,13.183333333333334,5.0,1,13.616666666666667,1.0,0,Same transfers
大安站,江子翠站,2,1,20.616666666666667,5.0,1,20.183333333333334,4.0,2,0.43333333333333357,-1.0,1,Fewer transfers
大安站,江子翠站,3,1,22.8,4.0,1,20.183333333333334,4.0,2,2.616666666666667,0.0,1,Fewer transfers
大安站,海山站,2,1,31.166666666666668,5.0,1,30.73333333333333,4.0,2,0.4333333333333371,-1.0,1,Fewer transfers
大安站,海山站,3,1,33.35,4.0,1,30.73333333333333,4.0,2,2.6166666666666707,0.0,1,Fewer transfers
大安站,秀朗橋站,2,1,28.3,5.0,2,26.516666666666666,8.0,2,1.783333333333335,3.0,0,Same transfers
大安站,頂埔站,2,1,38.85,5.0,1,38.41666666666666,4.0,2,0.43333333333334423,-1.0,1,Fewer transfers
大安站,頂埔站,3,1,41.03333333333333,4.0,1,38.41666666666666,4.0,2,2.6166666666666742,0.0,1,Fewer transfers
大安站,龍山寺站,2,1,16.933333333333334,5.0,1,16.5,4.0,2,0.43333333333333357,-1.0,1,Fewer transfers
大安站,龍山寺站,3,1,19.116666666666667,4.0,1,16.5,4.0,2,2.616666666666667,0.0,1,Fewer transfers
大橋頭站,七張站,2,1,29.933333333333334,2.0,1,28.65,5.0,2,1.283333333333335,3.0,1,Fewer transfers
大橋頭站,中原站,2,1,46.93333333333333,5.0,2,29.016666666666666,6.0,1,17.916666666666664,1.0,-1,More transfers
大橋頭站,中和站,2,1,43.16666666666666,5.0,2,32.78333333333333,6.0,1,10.383333333333326,1.0,-1,More transfers
大橋頭站,中山站,2,1,11.2,2.0,1,7.233333333333333,3.0,1,3.966666666666666,1.0,0,Same transfers
大橋頭站,中正紀念堂站,2,1,17.366666666666667,2.0,1,12.6,3.0,1,4.7666666666666675,1.0,0,Same transfers
大橋頭站,亞東醫院站,2,1,31.133333333333333,2.0,1,29.416666666666668,7.0,2,1.716666666666665,5.0,1,Fewer transfers
大橋頭站,公館站,2,1,21.75,2.0,1,20.466666666666665,5.0,2,1.283333333333335,3.0,1,Fewer transfers
大橋頭站,劍潭站,2,1,30.116666666666667,2.0,1,8.55,3.0,1,21.566666666666666,1.0,0,Same transfers
大橋頭站,北投站,2,1,43.46666666666667,2.0,1,21.9,3.0,1,21.56666666666667,1.0,0,Same transfers
大橋頭站,北門站,2,1,13.716666666666669,2.0,1,12.75,6.0,2,0.9666666666666686,4.0,1,Fewer transfers
大橋頭站,十四張站,2,1,33.6,5.0,2,32.31666666666667,8.0,3,1.2833333333333314,3.0,1,Fewer transfers
大橋頭站,十四張站,3,1,35.766666666666666,6.0,1,32.31666666666667,8.0,3,3.4499999999999957,2.0,2,Fewer transfers
大橋頭站,台北車站,2,1,14.583333333333334,2.0,1,8.866666666666667,3.0,1,5.716666666666667,1.0,0,Same transfers
大橋頭站,台大醫院站,2,1,19.45,2.0,1,10.566666666666666,3.0,1,8.883333333333333,1.0,0,Same transfers
大橋頭站,台電大樓站,2,1,19.933333333333334,2.0,1,18.65,5.0,2,1.283333333333335,3.0,1,Fewer transfers
大橋頭站,唭哩岸站,2,1,39.8,2.0,1,18.23333333333333,3.0,1,21.566666666666666,1.0,0,Same transfers
大橋頭站,圓山站,2,1,27.766666666666666,2.0,1,6.2,3.0,1,21.566666666666666,1.0,0,Same transfers
大橋頭站,土城站,2,1,36.13333333333333,2.0,1,34.416666666666664,7.0,2,1.7166666666666686,5.0,1,Fewer transfers
大橋頭站,士林站,2,1,32.25,2.0,1,10.683333333333334,3.0,1,21.566666666666666,1.0,0,Same transfers
大橋頭站,大坪林站,2,1,28.183333333333334,2.0,1,26.9,5.0,2,1.283333333333335,3.0,1,Fewer transfers
大橋頭站,奇岩站,2,1,41.5,2.0,1,19.933333333333334,3.0,1,21.566666666666666,1.0,0,Same transfers
大橋頭站,小南門站,2,1,17.566666666666666,2.0,1,16.5,5.0,2,1.0666666666666664,3.0,1,Fewer transfers
大橋頭站,小碧潭站,2,1,36.31666666666667,5.0,2,35.03333333333333,8.0,3,1.2833333333333385,3.0,1,Fewer transfers
大橋頭站,幸福站,2,1,60.98333333333333,5.0,2,19.133333333333333,6.0,1,41.849999999999994,1.0,-1,More transfers
大橋頭站,府中站,2,1,28.966666666666665,2.0,1,27.25,7.0,2,1.716666666666665,5.0,1,Fewer transfers
大橋頭站,復興崗站,2,1,46.16666666666666,2.0,1,24.6,3.0,1,21.566666666666656,1.0,0,Same transfers
大橋頭站,忠義站,2,1,48.56666666666667,2.0,1,27.0,3.0,1,21.56666666666667,1.0,0,Same transfers
大橋頭站,新北投站,2,1,49.083333333333336,5.0,2,27.516666666666666,6.0,2,21.56666666666667,1.0,0,Same transfers
大橋頭站,新北產業園區站,2,1,63.61666666666667,5.0,2,21.766666666666666,6.0,1,41.85,1.0,-1,More transfers
大橋頭站,新埔民生站,2,1,56.016666666666666,5.0,2,19.933333333333334,6.0,1,36.08333333333333,1.0,-1,More transfers
大橋頭站,新埔站,2,1,25.133333333333333,2.0,1,23.416666666666668,7.0,2,1.716666666666665,5.0,1,Fewer transfers
大橋頭站,新店區公所站,2,1,31.683333333333334,2.0,1,30.4,5.0,2,1.283333333333335,3.0,1,Fewer transfers
大橋頭站,新店站,2,1,33.95,2.0,1,32.666666666666664,5.0,2,1.2833333333333385,3.0,1,Fewer transfers
大橋頭站,明德站,2,1,36.03333333333333,2.0,1,14.466666666666669,3.0,1,21.566666666666663,1.0,0,Same transfers
大橋頭站,景平站,2,1,37.53333333333333,5.0,2,31.8,6.0,1,5.733333333333331,1.0,-1,More transfers
大橋頭站,景美站,2,1,26.2,2.0,1,24.916666666666668,5.0,2,1.2833333333333314,3.0,1,Fewer transfers
大橋頭站,板新站,2,1,49.2,5.0,2,26.75,6.0,1,22.450000000000003,1.0,-1,More transfers
大橋頭站,板橋站,2,1,27.383333333333333,2.0,1,23.53333333333333,6.0,1,3.8500000000000014,4.0,0,Same transfers
大橋頭站,橋和站,2,1,45.31666666666667,5.0,2,30.633333333333333,6.0,1,14.683333333333337,1.0,-1,More transfers
大橋頭站,永寧站,2,1,38.15,2.0,1,36.43333333333333,7.0,2,1.7166666666666686,5.0,1,Fewer transfers
大橋頭站,江子翠站,2,1,23.383333333333333,2.0,1,21.666666666666668,7.0,2,1.716666666666665,5.0,1,Fewer transfers
大橋頭站,海山站,2,1,33.93333333333333,2.0,1,32.21666666666667,7.0,2,1.7166666666666615,5.0,1,Fewer transfers
大橋頭站,淡水站,2,1,59.48333333333333,2.0,1,37.91666666666666,3.0,1,21.56666666666667,1.0,0,Same transfers
大橋頭站,石牌站,2,1,37.53333333333333,2.0,1,15.966666666666669,3.0,1,21.566666666666663,1.0,0,Same transfers
大橋頭站,秀朗橋站,2,1,35.833333333333336,5.0,2,33.53333333333333,6.0,1,2.3000000000000043,1.0,-1,More transfers
大橋頭站,竹圍站,2,1,53.3,2.0,1,31.73333333333333,3.0,1,21.566666666666666,1.0,0,Same transfers
大橋頭站,紅樹林站,2,1,56.11666666666667,2.0,1,34.55,3.0,1,21.56666666666667,1.0,0,Same transfers
大橋頭站,芝山站,2,1,34.266666666666666,2.0,1,12.7,3.0,1,21.566666666666666,1.0,0,Same transfers
大橋頭站,萬隆站,2,1,24.266666666666666,2.0,1,22.98333333333333,5.0,2,1.283333333333335,3.0,1,Fewer transfers
大橋頭站,西門站,2,1,15.616666666666667,2.0,1,14.65,6.0,2,0.9666666666666668,4.0,1,Fewer transfers
大橋頭站,關渡站,2,1,50.35,2.0,1,28.78333333333333,3.0,1,21.56666666666667,1.0,0,Same transfers
大橋頭站,雙連站,2,1,24.266666666666666,2.0,1,5.7,3.0,1,18.566666666666666,1.0,0,Same transfers
大橋頭站,頂埔站,2,1,41.61666666666667,2.0,1,39.9,7.0,2,1.7166666666666686,5.0,1,Fewer transfers
大橋頭站,龍山寺站,2,1,19.7,2.0,1,17.983333333333334,7.0,2,1.716666666666665,5.0,1,Fewer transfers
大湖公園站,中原站,2,1,59.85,14.0,2,58.03333333333333,13.0,3,1.81666666666667,-1.0,1,Fewer transfers
大湖公園站,中原站,3,1,67.06666666666666,8.0,2,58.03333333333333,13.0,3,9.033333333333331,5.0,1,Fewer transfers
大湖公園站,中和站,2,1,63.3,8.0,2,54.266666666666666,13.0,3,9.033333333333331,5.0,1,Fewer transfers
大湖公園站,劍潭站,2,1,46.98333333333333,5.0,1,38.31666666666667,8.0,2,8.666666666666657,3.0,1,Fewer transfers
大湖公園站,北投站,2,1,60.333333333333336,5.0,1,51.66666666666666,8.0,2,8.666666666666679,3.0,1,Fewer transfers
大湖公園站,古亭站,2,1,38.1,5.0,1,36.6,7.0,2,1.5,2.0,1,Fewer transfers
大湖公園站,台大醫院站,2,1,36.31666666666667,5.0,1,34.266666666666666,8.0,2,2.0500000000000043,3.0,1,Fewer transfers
大湖公園站,唭哩岸站,2,1,56.66666666666666,5.0,1,48.0,8.0,2,8.666666666666657,3.0,1,Fewer transfers
大湖公園站,圓山站,2,1,44.63333333333333,5.0,1,35.96666666666667,8.0,2,8.666666666666664,3.0,1,Fewer transfers
大湖公園站,士林站,2,1,49.11666666666667,5.0,1,40.45,8.0,2,8.666666666666664,3.0,1,Fewer transfers
大湖公園站,奇岩站,2,1,58.36666666666667,5.0,1,49.7,8.0,2,8.666666666666664,3.0,1,Fewer transfers
大湖公園站,幸福站,2,1,55.73333333333333,14.0,2,54.5,13.0,3,1.2333333333333272,-1.0,1,Fewer transfers
大湖公園站,幸福站,3,1,81.11666666666666,8.0,2,54.5,13.0,3,26.61666666666666,5.0,1,Fewer transfers
大湖公園站,復興崗站,2,1,63.03333333333333,5.0,1,54.36666666666667,8.0,2,8.666666666666664,3.0,1,Fewer transfers
大湖公園站,忠義站,2,1,65.43333333333334,5.0,1,56.766666666666666,8.0,2,8.666666666666671,3.0,1,Fewer transfers
大湖公園站,新北投站,2,1,65.95,8.0,2,57.28333333333333,11.0,3,8.666666666666671,3.0,1,Fewer transfers
大湖公園站,新北產業園區站,2,1,58.36666666666667,14.0,2,57.13333333333333,13.0,3,1.2333333333333343,-1.0,1,Fewer transfers
大湖公園站,新北產業園區站,3,1,83.75,8.0,2,57.13333333333333,13.0,3,26.616666666666667,5.0,1,Fewer transfers
大湖公園站,新埔民生站,2,1,55.3,13.0,3,50.766666666666666,14.0,2,4.533333333333331,1.0,-1,More transfers
大湖公園站,新埔民生站,3,1,76.15,8.0,2,50.766666666666666,14.0,2,25.38333333333334,6.0,0,Same transfers
大湖公園站,明德站,2,1,52.9,5.0,1,44.23333333333333,8.0,2,8.666666666666671,3.0,1,Fewer transfers
大湖公園站,景平站,2,1,57.66666666666666,8.0,2,52.43333333333333,13.0,3,5.233333333333327,5.0,1,Fewer transfers
大湖公園站,板新站,2,1,60.3,13.0,3,57.583333333333336,14.0,2,2.7166666666666615,1.0,-1,More transfers
大湖公園站,板新站,3,1,69.33333333333333,8.0,2,57.583333333333336,14.0,2,11.749999999999993,6.0,0,Same transfers
大湖公園站,橋和站,2,1,61.46666666666667,14.0,2,56.41666666666666,13.0,3,5.050000000000011,-1.0,1,Fewer transfers
大湖公園站,橋和站,3,1,65.45,8.0,2,56.41666666666666,13.0,3,9.033333333333346,5.0,1,Fewer transfers
大湖公園站,民權西路站,2,1,42.63333333333333,5.0,1,33.18333333333333,7.0,2,9.450000000000003,2.0,1,Fewer transfers
大湖公園站,淡水站,2,1,76.35,5.0,1,67.68333333333334,8.0,2,8.666666666666657,3.0,1,Fewer transfers
大湖公園站,石牌站,2,1,54.4,5.0,1,45.73333333333333,8.0,2,8.666666666666671,3.0,1,Fewer transfers
大湖公園站,秀朗橋站,2,1,55.96666666666667,8.0,2,54.16666666666666,13.0,3,1.8000000000000114,5.0,1,Fewer transfers
大湖公園站,竹圍站,2,1,70.16666666666667,5.0,1,61.5,8.0,2,8.666666666666671,3.0,1,Fewer transfers
大湖公園站,紅樹林站,2,1,72.98333333333333,5.0,1,64.31666666666666,8.0,2,8.666666666666671,3.0,1,Fewer transfers
大湖公園站,芝山站,2,1,51.13333333333333,5.0,1,42.46666666666667,8.0,2,8.666666666666664,3.0,1,Fewer transfers
大湖公園站,關渡站,2,1,67.21666666666667,5.0,1,58.55,8.0,2,8.666666666666671,3.0,1,Fewer transfers
大湖公園站,雙連站,2,1,41.13333333333333,5.0,1,32.46666666666667,8.0,2,8.666666666666664,3.0,1,Fewer transfers
大直站,中原站,2,1,49.016666666666666,14.0,2,47.2,13.0,3,1.8166666666666629,-1.0,1,Fewer transfers
大直站,中原站,3,1,56.23333333333333,8.0,2,47.2,13.0,3,9.033333333333324,5.0,1,Fewer transfers
大直站,中和站,2,1,52.46666666666667,8.0,2,43.43333333333333,13.0,3,9.033333333333339,5.0,1,Fewer transfers
大直站,劍潭站,2,1,36.15,5.0,1,27.48333333333333,8.0,2,8.666666666666668,3.0,1,Fewer transfers
大直站,北投站,2,1,49.5,5.0,1,40.833333333333336,8.0,2,8.666666666666664,3.0,1,Fewer transfers
大直站,古亭站,2,1,27.266666666666666,5.0,1,25.766666666666666,7.0,2,1.5,2.0,1,Fewer transfers
大直站,台大醫院站,2,1,25.48333333333333,5.0,1,23.433333333333334,8.0,2,2.049999999999997,3.0,1,Fewer transfers
大直站,唭哩岸站,2,1,45.833333333333336,5.0,1,37.16666666666666,8.0,2,8.666666666666679,3.0,1,Fewer transfers
大直站,圓山站,2,1,33.8,5.0,1,25.133333333333333,8.0,2,8.666666666666664,3.0,1,Fewer transfers
大直站,士林站,2,1,38.28333333333333,5.0,1,29.616666666666667,8.0,2,8.666666666666664,3.0,1,Fewer transfers
大直站,奇岩站,2,1,47.53333333333333,5.0,1,38.86666666666667,8.0,2,8.666666666666664,3.0,1,Fewer transfers
大直站,幸福站,2,1,44.9,14.0,2,43.66666666666666,13.0,3,1.2333333333333414,-1.0,1,Fewer transfers
大直站,幸福站,3,1,70.28333333333333,8.0,2,43.66666666666666,13.0,3,26.616666666666674,5.0,1,Fewer transfers
大直站,復興崗站,2,1,52.2,5.0,1,43.53333333333333,8.0,2,8.666666666666671,3.0,1,Fewer transfers
大直站,忠義站,2,1,54.6,5.0,1,45.93333333333333,8.0,2,8.666666666666671,3.0,1,Fewer transfers
大直站,新北投站,2,1,55.11666666666667,8.0,2,46.45,11.0,3,8.666666666666664,3.0,1,Fewer transfers
大直站,新北產業園區站,2,1,47.53333333333333,14.0,2,46.3,13.0,3,1.2333333333333343,-1.0,1,Fewer transfers
大直站,新北產業園區站,3,1,72.91666666666667,8.0,2,46.3,13.0,3,26.616666666666674,5.0,1,Fewer transfers
大直站,新埔民生站,2,1,44.46666666666667,13.0,3,39.93333333333333,14.0,2,4.5333333333333385,1.0,-1,More transfers
大直站,新埔民生站,3,1,65.31666666666666,8.0,2,39.93333333333333,14.0,2,25.383333333333333,6.0,0,Same transfers
大直站,明德站,2,1,42.06666666666667,5.0,1,33.4,8.0,2,8.666666666666671,3.0,1,Fewer transfers
大直站,景平站,2,1,46.833333333333336,8.0,2,41.6,13.0,3,5.233333333333334,5.0,1,Fewer transfers
大直站,板新站,2,1,49.46666666666667,13.0,3,46.75,14.0,2,2.7166666666666686,1.0,-1,More transfers
大直站,板新站,3,1,58.5,8.0,2,46.75,14.0,2,11.75,6.0,0,Same transfers
大直站,橋和站,2,1,50.63333333333333,14.0,2,45.583333333333336,13.0,3,5.049999999999997,-1.0,1,Fewer transfers
大直站,橋和站,3,1,54.61666666666667,8.0,2,45.583333333333336,13.0,3,9.033333333333331,5.0,1,Fewer transfers
大直站,民權西路站,2,1,31.8,5.0,1,22.35,7.0,2,9.45,2.0,1,Fewer transfers
大直站,淡水站,2,1,65.51666666666667,5.0,1,56.85,8.0,2,8.666666666666664,3.0,1,Fewer transfers
大直站,石牌站,2,1,43.56666666666667,5.0,1,34.9,8.0,2,8.666666666666671,3.0,1,Fewer transfers
大直站,秀朗橋站,2,1,45.13333333333333,8.0,2,43.333333333333336,13.0,3,1.7999999999999972,5.0,1,Fewer transfers
大直站,竹圍站,2,1,59.333333333333336,5.0,1,50.66666666666666,8.0,2,8.666666666666679,3.0,1,Fewer transfers
大直站,紅樹林站,2,1,62.15,5.0,1,53.48333333333333,8.0,2,8.666666666666671,3.0,1,Fewer transfers
大直站,芝山站,2,1,40.3,5.0,1,31.633333333333333,8.0,2,8.666666666666664,3.0,1,Fewer transfers
大直站,關渡站,2,1,56.38333333333333,5.0,1,47.71666666666667,8.0,2,8.666666666666664,3.0,1,Fewer transfers
大直站,雙連站,2,1,30.3,5.0,1,21.633333333333333,8.0,2,8.666666666666668,3.0,1,Fewer transfers
奇岩站,三和國中站,2,1,46.7,2.0,1,25.133333333333333,3.0,1,21.56666666666667,1.0,0,Same transfers
奇岩站,三民高中站,2,1,50.43333333333333,2.0,1,28.866666666666667,3.0,1,21.566666666666663,1.0,0,Same transfers
奇岩站,三重國小站,2,1,44.5,2.0,1,22.933333333333334,3.0,1,21.566666666666666,1.0,0,Same transfers
奇岩站,三重站,2,1,47.95,2.0,1,26.383333333333333,3.0,1,21.56666666666667,1.0,0,Same transfers
奇岩站,中原站,2,1,54.5,8.0,2,49.43333333333333,9.0,2,5.06666666666667,1.0,0,Same transfers
奇岩站,中原站,3,1,56.68333333333333,5.0,2,49.43333333333333,9.0,2,7.25,4.0,0,Same transfers
奇岩站,中和站,2,1,50.66666666666666,9.0,2,47.38333333333333,10.0,3,3.2833333333333243,1.0,1,Fewer transfers
奇岩站,中和站,3,1,50.73333333333333,8.0,2,47.38333333333333,10.0,3,3.3499999999999943,2.0,1,Fewer transfers
奇岩站,中和站,4,1,52.91666666666666,5.0,2,47.38333333333333,10.0,3,5.533333333333324,5.0,1,Fewer transfers
奇岩站,中山國中站,2,1,41.05,5.0,1,32.416666666666664,8.0,2,8.633333333333333,3.0,1,Fewer transfers
奇岩站,中山國小站,2,1,38.1,2.0,1,19.98333333333333,3.0,1,18.11666666666667,1.0,0,Same transfers
奇岩站,丹鳳站,2,1,59.93333333333333,2.0,1,38.36666666666667,3.0,1,21.566666666666663,1.0,0,Same transfers
奇岩站,先嗇宮站,2,1,50.73333333333333,2.0,1,29.166666666666668,3.0,1,21.56666666666666,1.0,0,Same transfers
奇岩站,內湖站,2,1,56.85,5.0,1,48.21666666666667,8.0,2,8.633333333333333,3.0,1,Fewer transfers
奇岩站,六張犁站,2,1,39.66666666666666,5.0,1,38.8,8.0,2,0.86666666666666,3.0,1,Fewer transfers
奇岩站,劍南路站,2,1,49.766666666666666,5.0,1,41.13333333333333,8.0,2,8.633333333333333,3.0,1,Fewer transfers
奇岩站,動物園站,2,1,51.03333333333333,5.0,1,50.16666666666666,8.0,2,0.8666666666666742,3.0,1,Fewer transfers
奇岩站,北門站,2,1,31.366666666666667,2.0,1,23.78333333333333,3.0,1,7.583333333333336,1.0,0,Same transfers
奇岩站,南京三民站,2,1,42.333333333333336,2.0,1,29.83333333333333,3.0,1,12.500000000000007,1.0,0,Same transfers
奇岩站,南京復興站,2,1,38.23333333333333,2.0,1,25.73333333333333,3.0,1,12.499999999999996,1.0,0,Same transfers
奇岩站,南勢角站,2,1,42.93333333333333,3.0,1,39.65,4.0,2,3.2833333333333314,1.0,1,Fewer transfers
奇岩站,南勢角站,3,1,43.0,2.0,1,39.65,4.0,2,3.3500000000000014,2.0,1,Fewer transfers
奇岩站,南港軟體園區站,2,1,55.8,8.0,2,51.45,9.0,2,4.349999999999994,1.0,0,Same transfers
奇岩站,南港軟體園區站,3,1,64.43333333333334,5.0,1,51.45,9.0,2,12.983333333333334,4.0,1,Fewer transfers
奇岩站,台北小巨蛋站,2,1,40.18333333333333,2.0,1,27.683333333333334,3.0,1,12.499999999999996,1.0,0,Same transfers
奇岩站,台北橋站,2,1,44.1,2.0,1,22.53333333333333,3.0,1,21.56666666666667,1.0,0,Same transfers
奇岩站,大橋頭站,2,1,41.55,2.0,1,19.98333333333333,3.0,1,21.566666666666666,1.0,0,Same transfers
奇岩站,大湖公園站,2,1,58.45,5.0,1,49.81666666666667,8.0,2,8.633333333333333,3.0,1,Fewer transfers
奇岩站,大直站,2,1,47.61666666666667,5.0,1,38.98333333333333,8.0,2,8.63333333333334,3.0,1,Fewer transfers
奇岩站,幸福站,2,1,61.11666666666667,8.0,2,39.55,9.0,2,21.56666666666667,1.0,0,Same transfers
奇岩站,幸福站,3,1,70.73333333333333,5.0,2,39.55,9.0,2,31.183333333333337,4.0,0,Same transfers
奇岩站,徐匯中學站,2,1,48.48333333333333,2.0,1,26.916666666666668,3.0,1,21.56666666666666,1.0,0,Same transfers
奇岩站,忠孝新生站,2,1,31.866666666666667,2.0,1,26.08333333333333,3.0,1,5.7833333333333385,1.0,0,Same transfers
奇岩站,文德站,2,1,55.13333333333333,5.0,1,46.5,8.0,2,8.633333333333333,3.0,1,Fewer transfers
奇岩站,新北產業園區站,2,1,63.75,8.0,2,42.18333333333333,9.0,2,21.56666666666667,1.0,0,Same transfers
奇岩站,新北產業園區站,3,1,73.36666666666666,5.0,2,42.18333333333333,9.0,2,31.18333333333333,4.0,0,Same transfers
奇岩站,新埔民生站,2,1,61.91666666666666,8.0,2,40.35,9.0,2,21.566666666666656,1.0,0,Same transfers
奇岩站,新埔民生站,3,1,65.76666666666667,5.0,2,40.35,9.0,2,25.416666666666664,4.0,0,Same transfers
奇岩站,新莊站,2,1,54.93333333333333,2.0,1,33.36666666666667,3.0,1,21.566666666666663,1.0,0,Same transfers
奇岩站,景安站,2,1,40.85,3.0,1,37.56666666666667,4.0,2,3.2833333333333314,1.0,1,Fewer transfers
奇岩站,景安站,3,1,40.91666666666666,2.0,1,37.56666666666667,4.0,2,3.349999999999987,2.0,1,Fewer transfers
奇岩站,景平站,2,1,47.28333333333333,5.0,2,45.55,10.0,3,1.7333333333333343,5.0,1,Fewer transfers
奇岩站,木柵站,2,1,49.5,5.0,1,48.63333333333333,8.0,2,0.8666666666666671,3.0,1,Fewer transfers
奇岩站,東湖站,2,1,53.96666666666667,8.0,2,53.28333333333333,9.0,2,0.6833333333333371,1.0,0,Same transfers
奇岩站,東湖站,3,1,62.6,5.0,1,53.28333333333333,9.0,2,9.31666666666667,4.0,1,Fewer transfers
奇岩站,松山機場站,2,1,44.25,5.0,1,35.61666666666667,8.0,2,8.633333333333333,3.0,1,Fewer transfers
奇岩站,松山站,2,1,45.083333333333336,2.0,1,32.583333333333336,3.0,1,12.5,1.0,0,Same transfers
奇岩站,松江南京站,2,1,34.2,2.0,1,23.616666666666667,3.0,1,10.583333333333336,1.0,0,Same transfers
奇岩站,板新站,2,1,56.766666666666666,8.0,2,47.16666666666666,9.0,2,9.600000000000009,1.0,0,Same transfers
奇岩站,板新站,3,1,58.95,5.0,2,47.16666666666666,9.0,2,11.783333333333346,4.0,0,Same transfers
奇岩站,橋和站,2,1,51.05,9.0,2,49.53333333333333,10.0,3,1.5166666666666657,1.0,1,Fewer transfers
奇岩站,橋和站,3,1,52.88333333333333,8.0,2,49.53333333333333,10.0,3,3.3500000000000014,2.0,1,Fewer transfers
奇岩站,橋和站,4,1,55.06666666666667,5.0,2,49.53333333333333,10.0,3,5.5333333333333385,5.0,1,Fewer transfers
奇岩站,永安市場站,2,1,38.86666666666667,3.0,1,35.583333333333336,4.0,2,3.2833333333333314,1.0,1,Fewer transfers
奇岩站,永安市場站,3,1,38.93333333333333,2.0,1,35.583333333333336,4.0,2,3.3499999999999943,2.0,1,Fewer transfers
奇岩站,港墘站,2,1,53.516666666666666,5.0,1,44.88333333333333,8.0,2,8.633333333333333,3.0,1,Fewer transfers
奇岩站,科技大樓站,2,1,37.21666666666667,5.0,1,36.35,8.0,2,0.8666666666666671,3.0,1,Fewer transfers
奇岩站,菜寮站,2,1,46.13333333333333,2.0,1,24.566666666666663,3.0,1,21.56666666666667,1.0,0,Same transfers
奇岩站,萬芳社區站,2,1,48.3,5.0,1,47.43333333333333,8.0,2,0.8666666666666671,3.0,1,Fewer transfers
奇岩站,萬芳醫院站,2,1,46.23333333333333,5.0,1,45.36666666666667,8.0,2,0.86666666666666,3.0,1,Fewer transfers
奇岩站,葫洲站,2,1,60.88333333333333,5.0,1,52.25,8.0,2,8.633333333333333,3.0,1,Fewer transfers
奇岩站,蘆洲站,2,1,52.7,2.0,1,31.133333333333333,3.0,1,21.56666666666667,1.0,0,Same transfers
奇岩站,行天宮站,2,1,36.0,2.0,1,22.08333333333333,3.0,1,13.916666666666671,1.0,0,Same transfers
奇岩站,西湖站,2,1,52.016666666666666,5.0,1,43.38333333333333,8.0,2,8.633333333333333,3.0,1,Fewer transfers
奇岩站,西門站,2,1,29.366666666666667,2.0,1,25.683333333333334,3.0,1,3.6833333333333336,1.0,0,Same transfers
奇岩站,輔大站,2,1,57.63333333333333,2.0,1,36.06666666666667,3.0,1,21.566666666666663,1.0,0,Same transfers
奇岩站,辛亥站,2,1,44.05,5.0,1,43.18333333333333,8.0,2,0.8666666666666671,3.0,1,Fewer transfers
奇岩站,迴龍站,2,1,63.15,2.0,1,41.583333333333336,3.0,1,21.566666666666663,1.0,0,Same transfers
奇岩站,頂溪站,2,1,36.66666666666666,3.0,1,33.38333333333333,4.0,2,3.2833333333333243,1.0,1,Fewer transfers
奇岩站,頂溪站,3,1,36.73333333333333,2.0,1,33.38333333333333,4.0,2,3.3499999999999943,2.0,1,Fewer transfers
奇岩站,頭前庄站,2,1,52.95,2.0,1,31.383333333333333,3.0,1,21.56666666666667,1.0,0,Same transfers
奇岩站,麟光站,2,1,41.28333333333333,5.0,1,40.41666666666666,8.0,2,0.8666666666666742,3.0,1,Fewer transfers
小南門站,三和國中站,2,1,22.633333333333333,2.0,1,21.566666666666663,5.0,2,1.06666666666667,3.0,1,Fewer transfers
小南門站,三民高中站,2,1,26.366666666666667,2.0,1,25.3,5.0,2,1.0666666666666664,3.0,1,Fewer transfers
小南門站,三重國小站,2,1,20.433333333333334,2.0,1,19.366666666666667,5.0,2,1.0666666666666664,3.0,1,Fewer transfers
小南門站,三重站,2,1,23.883333333333333,2.0,1,22.816666666666663,5.0,2,1.06666666666667,3.0,1,Fewer transfers
小南門站,中原站,2,1,32.31666666666667,3.0,1,26.78333333333333,8.0,2,5.5333333333333385,5.0,1,Fewer transfers
小南門站,中和站,2,1,28.55,3.0,1,23.016666666666666,8.0,2,5.533333333333335,5.0,1,Fewer transfers
小南門站,丹鳳站,2,1,35.86666666666667,2.0,1,34.8,5.0,2,1.06666666666667,3.0,1,Fewer transfers
小南門站,先嗇宮站,2,1,26.666666666666668,2.0,1,25.6,5.0,2,1.0666666666666664,3.0,1,Fewer transfers
小南門站,六張犁站,2,1,23.316666666666663,5.0,1,19.3,7.0,2,4.016666666666662,2.0,1,Fewer transfers
小南門站,動物園站,2,1,34.68333333333333,5.0,1,30.666666666666668,7.0,2,4.016666666666662,2.0,1,Fewer transfers
小南門站,南港軟體園區站,2,1,40.31666666666667,5.0,1,33.516666666666666,7.0,2,6.800000000000004,2.0,1,Fewer transfers
小南門站,台北橋站,2,1,20.03333333333333,2.0,1,18.966666666666665,5.0,2,1.0666666666666664,3.0,1,Fewer transfers
小南門站,大橋頭站,2,1,17.483333333333334,2.0,1,16.416666666666668,5.0,2,1.0666666666666664,3.0,1,Fewer transfers
小南門站,幸福站,2,1,37.05,8.0,2,25.2,11.0,2,11.849999999999998,3.0,0,Same transfers
小南門站,幸福站,3,1,46.36666666666667,3.0,1,25.2,11.0,2,21.166666666666668,8.0,1,Fewer transfers
小南門站,徐匯中學站,2,1,24.416666666666668,2.0,1,23.35,5.0,2,1.0666666666666664,3.0,1,Fewer transfers
小南門站,新北產業園區站,2,1,39.68333333333333,8.0,2,27.83333333333333,11.0,2,11.850000000000001,3.0,0,Same transfers
小南門站,新北產業園區站,3,1,49.0,3.0,1,27.83333333333333,11.0,2,21.16666666666667,8.0,1,Fewer transfers
小南門站,新埔民生站,2,1,35.86666666666667,8.0,2,20.23333333333333,11.0,2,15.633333333333336,3.0,0,Same transfers
小南門站,新埔民生站,3,1,41.4,3.0,1,20.23333333333333,11.0,2,21.166666666666668,8.0,1,Fewer transfers
小南門站,新莊站,2,1,30.866666666666667,2.0,1,29.8,5.0,2,1.0666666666666664,3.0,1,Fewer transfers
小南門站,景平站,2,1,22.916666666666668,3.0,1,21.183333333333334,8.0,2,1.7333333333333343,5.0,1,Fewer transfers
小南門站,木柵站,2,1,33.15,5.0,1,29.133333333333333,7.0,2,4.016666666666666,2.0,1,Fewer transfers
小南門站,東湖站,2,1,38.48333333333333,5.0,1,35.35,7.0,2,3.1333333333333258,2.0,1,Fewer transfers
小南門站,板新站,2,1,29.05,8.0,2,27.05,11.0,2,2.0,3.0,0,Same transfers
小南門站,板新站,3,1,34.583333333333336,3.0,1,27.05,11.0,2,7.533333333333335,8.0,1,Fewer transfers
小南門站,橋和站,2,1,30.7,3.0,1,25.166666666666668,8.0,2,5.533333333333331,5.0,1,Fewer transfers
小南門站,科技大樓站,2,1,20.866666666666667,5.0,1,16.85,7.0,2,4.016666666666666,2.0,1,Fewer transfers
小南門站,菜寮站,2,1,22.066666666666663,2.0,1,21.0,5.0,2,1.0666666666666629,3.0,1,Fewer transfers
小南門站,萬芳社區站,2,1,31.95,5.0,1,27.933333333333334,7.0,2,4.016666666666666,2.0,1,Fewer transfers
小南門站,萬芳醫院站,2,1,29.883333333333333,5.0,1,25.866666666666667,7.0,2,4.016666666666666,2.0,1,Fewer transfers
小南門站,蘆洲站,2,1,28.633333333333333,2.0,1,27.566666666666663,5.0,2,1.06666666666667,3.0,1,Fewer transfers
小南門站,輔大站,2,1,33.56666666666667,2.0,1,32.5,5.0,2,1.06666666666667,3.0,1,Fewer transfers
小南門站,辛亥站,2,1,27.7,5.0,1,23.683333333333334,7.0,2,4.016666666666666,2.0,1,Fewer transfers
小南門站,迴龍站,2,1,39.083333333333336,2.0,1,38.016666666666666,5.0,2,1.06666666666667,3.0,1,Fewer transfers
小南門站,頭前庄站,2,1,27.816666666666663,5.0,2,23.03333333333333,11.0,2,4.783333333333331,6.0,0,Same transfers
小南門站,頭前庄站,3,1,28.883333333333333,2.0,1,23.03333333333333,11.0,2,5.850000000000001,9.0,1,Fewer transfers
小南門站,麟光站,2,1,24.933333333333334,5.0,1,20.916666666666668,7.0,2,4.016666666666666,2.0,1,Fewer transfers
小碧潭站,三和國中站,2,1,41.86666666666667,5.0,2,40.5,8.0,3,1.3666666666666671,3.0,1,Fewer transfers
小碧潭站,三民高中站,2,1,45.6,5.0,2,44.23333333333333,8.0,3,1.3666666666666742,3.0,1,Fewer transfers
小碧潭站,三重國小站,2,1,39.66666666666666,5.0,2,38.3,8.0,3,1.36666666666666,3.0,1,Fewer transfers
小碧潭站,三重站,2,1,43.11666666666667,5.0,2,41.75,8.0,3,1.3666666666666671,3.0,1,Fewer transfers
小碧潭站,中山站,2,1,28.33333333333333,3.0,1,27.566666666666663,5.0,2,0.7666666666666657,2.0,1,Fewer transfers
小碧潭站,丹鳳站,2,1,53.73333333333333,8.0,3,51.7,12.0,3,2.0333333333333243,4.0,0,Same transfers
小碧潭站,丹鳳站,3,1,55.1,5.0,2,51.7,12.0,3,3.3999999999999986,7.0,1,Fewer transfers
小碧潭站,先嗇宮站,2,1,45.9,5.0,2,44.53333333333333,8.0,3,1.3666666666666671,3.0,1,Fewer transfers
小碧潭站,六張犁站,2,1,45.86666666666667,8.0,2,38.23333333333333,10.0,3,7.63333333333334,2.0,1,Fewer transfers
小碧潭站,動物園站,2,1,57.23333333333333,8.0,2,49.6,10.0,3,7.633333333333326,2.0,1,Fewer transfers
小碧潭站,南勢角站,2,1,30.133333333333333,5.0,2,27.33333333333333,12.0,3,2.8000000000000043,7.0,1,Fewer transfers
小碧潭站,南港展覽館站,2,1,49.766666666666666,5.0,2,46.71666666666667,7.0,3,3.049999999999997,2.0,1,Fewer transfers
小碧潭站,南港站,2,1,47.5,5.0,2,44.45,7.0,3,3.049999999999997,2.0,1,Fewer transfers
小碧潭站,南港軟體園區站,2,1,56.06666666666667,10.0,3,53.016666666666666,12.0,4,3.0500000000000043,2.0,1,Fewer transfers
小碧潭站,南港軟體園區站,3,1,62.86666666666667,8.0,2,53.016666666666666,12.0,4,9.850000000000001,4.0,2,Fewer transfers
小碧潭站,台北橋站,2,1,39.266666666666666,5.0,2,37.9,8.0,3,1.3666666666666671,3.0,1,Fewer transfers
小碧潭站,國父紀念館站,2,1,37.65,5.0,2,34.6,7.0,3,3.049999999999997,2.0,1,Fewer transfers
小碧潭站,大橋頭站,2,1,36.71666666666667,5.0,2,35.35,8.0,3,1.3666666666666671,3.0,1,Fewer transfers
小碧潭站,市政府站,2,1,39.4,5.0,2,36.35,7.0,3,3.049999999999997,2.0,1,Fewer transfers
小碧潭站,後山埤站,2,1,43.0,5.0,2,39.95,7.0,3,3.049999999999997,2.0,1,Fewer transfers
小碧潭站,徐匯中學站,2,1,43.65,5.0,2,42.28333333333333,8.0,3,1.3666666666666671,3.0,1,Fewer transfers
小碧潭站,忠孝復興站,2,1,34.25,5.0,2,31.2,7.0,3,3.0500000000000007,2.0,1,Fewer transfers
小碧潭站,忠孝敦化站,2,1,36.0,5.0,2,32.95,7.0,3,3.049999999999997,2.0,1,Fewer transfers
小碧潭站,新莊站,2,1,48.73333333333333,8.0,3,46.7,12.0,3,2.0333333333333243,4.0,0,Same transfers
小碧潭站,新莊站,3,1,50.1,5.0,2,46.7,12.0,3,3.3999999999999986,7.0,1,Fewer transfers
小碧潭站,昆陽站,2,1,45.266666666666666,5.0,2,42.21666666666667,7.0,3,3.049999999999997,2.0,1,Fewer transfers
小碧潭站,景安站,2,1,28.05,5.0,2,19.25,6.0,2,8.8,1.0,0,Same transfers
小碧潭站,木柵站,2,1,55.7,8.0,2,48.06666666666667,10.0,3,7.633333333333333,2.0,1,Fewer transfers
小碧潭站,東湖站,2,1,57.9,10.0,3,54.85,12.0,4,3.049999999999997,2.0,1,Fewer transfers
小碧潭站,東湖站,3,1,61.03333333333333,8.0,2,54.85,12.0,4,6.18333333333333,4.0,2,Fewer transfers
小碧潭站,松江南京站,2,1,30.683333333333334,3.0,1,29.366666666666667,5.0,2,1.3166666666666664,2.0,1,Fewer transfers
小碧潭站,板橋站,2,1,36.03333333333333,5.0,2,32.06666666666667,6.0,2,3.9666666666666615,1.0,0,Same transfers
小碧潭站,永春站,2,1,41.31666666666667,5.0,2,38.266666666666666,7.0,3,3.0500000000000043,2.0,1,Fewer transfers
小碧潭站,科技大樓站,2,1,43.41666666666666,8.0,2,35.78333333333333,10.0,3,7.633333333333326,2.0,1,Fewer transfers
小碧潭站,菜寮站,2,1,41.3,5.0,2,39.93333333333333,8.0,3,1.3666666666666671,3.0,1,Fewer transfers
小碧潭站,萬芳社區站,2,1,54.5,8.0,2,46.86666666666667,10.0,3,7.633333333333333,2.0,1,Fewer transfers
小碧潭站,萬芳醫院站,2,1,52.43333333333333,8.0,2,44.8,10.0,3,7.633333333333333,2.0,1,Fewer transfers
小碧潭站,葫洲站,2,1,59.31666666666667,8.0,2,56.56666666666667,12.0,4,2.75,4.0,2,Fewer transfers
小碧潭站,蘆洲站,2,1,47.86666666666667,5.0,2,46.5,8.0,3,1.3666666666666671,3.0,1,Fewer transfers
小碧潭站,輔大站,2,1,51.43333333333333,8.0,3,49.4,12.0,3,2.0333333333333314,4.0,0,Same transfers
小碧潭站,輔大站,3,1,52.8,5.0,2,49.4,12.0,3,3.3999999999999986,7.0,1,Fewer transfers
小碧潭站,辛亥站,2,1,50.25,8.0,2,42.61666666666667,10.0,3,7.633333333333333,2.0,1,Fewer transfers
小碧潭站,迴龍站,2,1,56.95,8.0,3,54.91666666666666,12.0,3,2.0333333333333456,4.0,0,Same transfers
小碧潭站,迴龍站,3,1,58.31666666666667,5.0,2,54.91666666666666,12.0,3,3.400000000000013,7.0,1,Fewer transfers
小碧潭站,頭前庄站,2,1,48.11666666666667,5.0,2,38.71666666666667,6.0,2,9.399999999999999,1.0,0,Same transfers
小碧潭站,麟光站,2,1,47.48333333333333,8.0,2,39.85,10.0,3,7.633333333333326,2.0,1,Fewer transfers
市政府站,七張站,2,1,32.6,2.0,1,29.53333333333333,4.0,2,3.06666666666667,2.0,1,Fewer transfers
市政府站,中原站,2,1,38.81666666666667,9.0,1,37.0,8.0,2,1.81666666666667,-1.0,1,Fewer transfers
市政府站,中原站,3,1,46.53333333333333,7.0,3,37.0,8.0,2,9.533333333333331,1.0,-1,More transfers
市政府站,中原站,4,1,49.6,5.0,2,37.0,8.0,2,12.600000000000001,3.0,0,Same transfers
市政府站,中和站,2,1,42.583333333333336,9.0,1,33.233333333333334,8.0,2,9.350000000000001,-1.0,1,Fewer transfers
市政府站,中和站,3,1,42.766666666666666,7.0,3,33.233333333333334,8.0,2,9.533333333333331,1.0,-1,More transfers
市政府站,中和站,4,1,45.833333333333336,5.0,2,33.233333333333334,8.0,2,12.600000000000001,3.0,0,Same transfers
市政府站,中山站,2,1,15.9,4.0,1,15.333333333333334,4.0,2,0.5666666666666664,0.0,1,Fewer transfers
市政府站,中山站,3,1,19.28333333333333,2.0,1,15.333333333333334,4.0,2,3.9499999999999975,2.0,1,Fewer transfers
市政府站,中正紀念堂站,2,1,17.916666666666668,4.0,1,16.966666666666665,4.0,2,0.9500000000000028,0.0,1,Fewer transfers
市政府站,中正紀念堂站,3,1,18.55,2.0,1,16.966666666666665,4.0,2,1.5833333333333357,2.0,1,Fewer transfers
市政府站,信義安和站,2,1,18.98333333333333,4.0,2,18.35,10.0,2,0.6333333333333293,6.0,0,Same transfers
市政府站,信義安和站,3,1,26.766666666666666,4.0,1,18.35,10.0,2,8.416666666666664,6.0,1,Fewer transfers
市政府站,公館站,2,1,24.416666666666668,2.0,1,21.35,4.0,2,3.0666666666666664,2.0,1,Fewer transfers
市政府站,十四張站,2,1,35.36666666666667,8.0,2,33.2,7.0,3,2.1666666666666643,-1.0,1,Fewer transfers
市政府站,十四張站,3,1,36.266666666666666,5.0,2,33.2,7.0,3,3.066666666666663,2.0,1,Fewer transfers
市政府站,十四張站,4,1,52.18333333333333,9.0,1,33.2,7.0,3,18.983333333333327,-2.0,2,Fewer transfers
市政府站,南京三民站,2,1,27.85,2.0,1,19.2,4.0,2,8.650000000000002,2.0,1,Fewer transfers
市政府站,南京復興站,2,1,15.1,4.0,2,11.666666666666666,5.0,1,3.4333333333333336,1.0,-1,More transfers
市政府站,南京復興站,3,1,23.75,2.0,1,11.666666666666666,5.0,1,12.083333333333334,3.0,0,Same transfers
市政府站,台北101/世貿站,2,1,20.816666666666663,4.0,2,20.183333333333334,10.0,2,0.6333333333333293,6.0,0,Same transfers
市政府站,台北101/世貿站,3,1,28.6,4.0,1,20.183333333333334,10.0,2,8.416666666666668,6.0,1,Fewer transfers
市政府站,台北小巨蛋站,2,1,25.7,2.0,1,17.05,4.0,2,8.649999999999999,2.0,1,Fewer transfers
市政府站,台電大樓站,2,1,22.6,2.0,1,19.53333333333333,4.0,2,3.06666666666667,2.0,1,Fewer transfers
市政府站,大坪林站,2,1,30.85,2.0,1,27.78333333333333,4.0,2,3.06666666666667,2.0,1,Fewer transfers
市政府站,大安森林公園站,2,1,23.08333333333333,4.0,1,15.3,4.0,2,7.783333333333328,0.0,1,Fewer transfers
市政府站,大安站,2,1,16.983333333333334,4.0,2,11.35,5.0,1,5.633333333333335,1.0,-1,More transfers
市政府站,大安站,3,1,24.766666666666666,4.0,1,11.35,5.0,1,13.416666666666666,1.0,0,Same transfers
市政府站,小碧潭站,2,1,38.98333333333333,5.0,2,35.916666666666664,7.0,3,3.066666666666663,2.0,1,Fewer transfers
市政府站,幸福站,2,1,37.9,8.0,2,34.7,9.0,1,3.1999999999999957,1.0,-1,More transfers
市政府站,幸福站,3,1,60.583333333333336,7.0,3,34.7,9.0,1,25.883333333333333,2.0,-2,More transfers
市政府站,幸福站,4,1,63.65,5.0,2,34.7,9.0,1,28.949999999999996,4.0,-1,More transfers
市政府站,廣慈/奉天宮站,2,1,25.366666666666667,4.0,2,24.73333333333333,10.0,2,0.6333333333333364,6.0,0,Same transfers
市政府站,廣慈/奉天宮站,3,1,33.15,4.0,1,24.73333333333333,10.0,2,8.416666666666668,6.0,1,Fewer transfers
市政府站,新北產業園區站,2,1,40.53333333333333,8.0,2,37.333333333333336,9.0,1,3.1999999999999957,1.0,-1,More transfers
市政府站,新北產業園區站,3,1,63.21666666666667,7.0,3,37.333333333333336,9.0,1,25.883333333333333,2.0,-2,More transfers
市政府站,新北產業園區站,4,1,66.28333333333333,5.0,2,37.333333333333336,9.0,1,28.949999999999996,4.0,-1,More transfers
市政府站,新埔民生站,2,1,38.7,8.0,2,29.73333333333333,9.0,1,8.966666666666672,1.0,-1,More transfers
市政府站,新埔民生站,3,1,55.61666666666667,7.0,3,29.73333333333333,9.0,1,25.883333333333336,2.0,-2,More transfers
市政府站,新埔民生站,4,1,58.68333333333333,5.0,2,29.73333333333333,9.0,1,28.95,4.0,-1,More transfers
市政府站,新店區公所站,2,1,34.35,2.0,1,31.28333333333333,4.0,2,3.06666666666667,2.0,1,Fewer transfers
市政府站,新店站,2,1,36.61666666666667,2.0,1,33.55,4.0,2,3.06666666666667,2.0,1,Fewer transfers
市政府站,景平站,2,1,37.13333333333333,7.0,3,31.4,8.0,2,5.733333333333334,1.0,-1,More transfers
市政府站,景平站,3,1,40.2,5.0,2,31.4,8.0,2,8.800000000000004,3.0,0,Same transfers
市政府站,景平站,4,1,48.21666666666667,9.0,1,31.4,8.0,2,16.81666666666667,-1.0,1,Fewer transfers
市政府站,景美站,2,1,28.866666666666667,2.0,1,25.8,4.0,2,3.0666666666666664,2.0,1,Fewer transfers
市政府站,松山站,2,1,30.6,2.0,1,21.95,4.0,2,8.650000000000002,2.0,1,Fewer transfers
市政府站,板新站,2,1,39.266666666666666,8.0,2,36.55,9.0,1,2.7166666666666686,1.0,-1,More transfers
市政府站,板新站,3,1,48.8,7.0,3,36.55,9.0,1,12.25,2.0,-2,More transfers
市政府站,板新站,4,1,51.86666666666667,5.0,2,36.55,9.0,1,15.31666666666667,4.0,-1,More transfers
市政府站,橋和站,2,1,40.43333333333333,9.0,1,35.38333333333333,8.0,2,5.049999999999997,-1.0,1,Fewer transfers
市政府站,橋和站,3,1,44.91666666666666,7.0,3,35.38333333333333,8.0,2,9.533333333333324,1.0,-1,More transfers
市政府站,橋和站,4,1,47.98333333333333,5.0,2,35.38333333333333,8.0,2,12.599999999999994,3.0,0,Same transfers
市政府站,秀朗橋站,2,1,35.43333333333333,7.0,3,33.13333333333333,8.0,2,2.299999999999997,1.0,-1,More transfers
市政府站,秀朗橋站,3,1,38.5,5.0,2,33.13333333333333,8.0,2,5.366666666666667,3.0,0,Same transfers
市政府站,秀朗橋站,4,1,49.95,9.0,1,33.13333333333333,8.0,2,16.81666666666667,-1.0,1,Fewer transfers
市政府站,萬隆站,2,1,26.933333333333334,2.0,1,23.866666666666667,4.0,2,3.0666666666666664,2.0,1,Fewer transfers
市政府站,象山站,2,1,22.416666666666668,4.0,2,21.78333333333333,10.0,2,0.6333333333333364,6.0,0,Same transfers
市政府站,象山站,3,1,30.2,4.0,1,21.78333333333333,10.0,2,8.416666666666668,6.0,1,Fewer transfers
幸福站,三和國中站,2,1,56.48333333333333,6.0,1,25.116666666666667,7.0,2,31.36666666666666,1.0,1,Fewer transfers
幸福站,三和國中站,3,1,66.58333333333333,5.0,2,25.116666666666667,7.0,2,41.46666666666666,2.0,0,Same transfers
幸福站,三民高中站,2,1,60.21666666666667,6.0,1,28.85,7.0,2,31.366666666666667,1.0,1,Fewer transfers
幸福站,三民高中站,3,1,70.31666666666666,5.0,2,28.85,7.0,2,41.46666666666666,2.0,0,Same transfers
幸福站,三重國小站,2,1,54.28333333333333,6.0,1,22.916666666666668,7.0,2,31.366666666666664,1.0,1,Fewer transfers
幸福站,三重國小站,3,1,64.38333333333334,5.0,2,22.916666666666668,7.0,2,41.46666666666667,2.0,0,Same transfers
幸福站,三重站,2,1,67.83333333333333,5.0,2,12.583333333333334,6.0,1,55.24999999999999,1.0,-1,More transfers
幸福站,中山國中站,2,1,38.46666666666667,14.0,2,37.05,13.0,3,1.4166666666666714,-1.0,1,Fewer transfers
幸福站,中山國中站,3,1,64.2,8.0,2,37.05,13.0,3,27.150000000000006,5.0,1,Fewer transfers
幸福站,中山國小站,2,1,57.98333333333333,5.0,2,22.35,6.0,1,35.633333333333326,1.0,-1,More transfers
幸福站,中山站,2,1,30.6,8.0,2,26.633333333333333,9.0,2,3.9666666666666686,1.0,0,Same transfers
幸福站,中山站,3,1,52.28333333333333,5.0,2,26.633333333333333,9.0,2,25.65,4.0,0,Same transfers
幸福站,中山站,4,1,53.05,3.0,1,26.633333333333333,9.0,2,26.416666666666664,6.0,1,Fewer transfers
幸福站,中正紀念堂站,2,1,32.0,9.0,2,26.95,11.0,2,5.050000000000001,2.0,0,Same transfers
幸福站,中正紀念堂站,3,1,36.766666666666666,8.0,2,26.95,11.0,2,9.816666666666666,3.0,0,Same transfers
幸福站,中正紀念堂站,4,1,44.91666666666666,3.0,1,26.95,11.0,2,17.966666666666658,8.0,1,Fewer transfers
幸福站,丹鳳站,2,1,79.81666666666666,5.0,2,14.566666666666666,6.0,1,65.25,1.0,-1,More transfers
幸福站,亞東醫院站,2,1,50.53333333333333,8.0,2,19.55,9.0,1,30.98333333333333,1.0,-1,More transfers
幸福站,亞東醫院站,3,1,64.5,5.0,2,19.55,9.0,1,44.95,4.0,-1,More transfers
幸福站,信義安和站,2,1,38.78333333333333,8.0,2,37.8,13.0,3,0.9833333333333343,5.0,1,Fewer transfers
幸福站,信義安和站,3,1,55.766666666666666,5.0,2,37.8,13.0,3,17.96666666666667,8.0,1,Fewer transfers
幸福站,先嗇宮站,2,1,70.61666666666666,5.0,2,9.8,6.0,1,60.81666666666666,1.0,-1,More transfers
幸福站,內湖站,2,1,54.266666666666666,14.0,2,52.85,13.0,3,1.4166666666666643,-1.0,1,Fewer transfers
幸福站,內湖站,3,1,80.0,8.0,2,52.85,13.0,3,27.15,5.0,1,Fewer transfers
幸福站,公館站,2,1,39.2,3.0,1,32.81666666666667,11.0,2,6.383333333333333,8.0,1,Fewer transfers
幸福站,六張犁站,2,1,43.43333333333333,13.0,3,40.65,14.0,2,2.7833333333333314,1.0,-1,More transfers
幸福站,六張犁站,3,1,62.95,10.0,3,40.65,14.0,2,22.300000000000004,4.0,-1,More transfers
幸福站,六張犁站,4,1,70.58333333333333,8.0,2,40.65,14.0,2,29.93333333333333,6.0,0,Same transfers
幸福站,劍南路站,2,1,47.18333333333333,14.0,2,45.766666666666666,13.0,3,1.4166666666666643,-1.0,1,Fewer transfers
幸福站,劍南路站,3,1,72.91666666666667,8.0,2,45.766666666666666,13.0,3,27.150000000000006,5.0,1,Fewer transfers
幸福站,劍潭站,2,1,49.516666666666666,8.0,2,27.95,9.0,2,21.566666666666666,1.0,0,Same transfers
幸福站,劍潭站,3,1,59.66666666666666,5.0,2,27.95,9.0,2,31.716666666666658,4.0,0,Same transfers
幸福站,動物園站,2,1,54.8,13.0,3,52.016666666666666,14.0,2,2.7833333333333314,1.0,-1,More transfers
幸福站,動物園站,3,1,74.31666666666666,10.0,3,52.016666666666666,14.0,2,22.299999999999997,4.0,-1,More transfers
幸福站,動物園站,4,1,81.95,8.0,2,52.016666666666666,14.0,2,29.933333333333337,6.0,0,Same transfers
幸福站,北投站,2,1,62.86666666666667,8.0,2,41.3,9.0,2,21.56666666666667,1.0,0,Same transfers
幸福站,北投站,3,1,73.01666666666667,5.0,2,41.3,9.0,2,31.71666666666667,4.0,0,Same transfers
幸福站,北門站,2,1,33.11666666666667,8.0,2,25.28333333333333,11.0,2,7.833333333333336,3.0,0,Same transfers
幸福站,北門站,3,1,50.65,3.0,1,25.28333333333333,11.0,2,25.366666666666667,8.0,1,Fewer transfers
幸福站,南京三民站,2,1,61.61666666666667,3.0,1,34.46666666666667,8.0,2,27.15,5.0,1,Fewer transfers
幸福站,南京復興站,2,1,57.516666666666666,3.0,1,30.366666666666667,8.0,2,27.15,5.0,1,Fewer transfers
幸福站,南勢角站,2,1,54.85,5.0,2,29.133333333333333,6.0,1,25.71666666666667,1.0,-1,More transfers
幸福站,南港展覽館站,2,1,48.13333333333333,8.0,2,45.11666666666667,9.0,1,3.0166666666666657,1.0,-1,More transfers
幸福站,南港展覽館站,3,1,71.43333333333334,7.0,3,45.11666666666667,9.0,1,26.31666666666667,2.0,-2,More transfers
幸福站,南港展覽館站,4,1,74.48333333333333,5.0,2,45.11666666666667,9.0,1,29.366666666666667,4.0,-1,More transfers
幸福站,南港站,2,1,45.86666666666667,8.0,2,42.85,9.0,1,3.0166666666666657,1.0,-1,More transfers
幸福站,南港站,3,1,69.16666666666667,7.0,3,42.85,9.0,1,26.31666666666667,2.0,-2,More transfers
幸福站,南港站,4,1,72.21666666666667,5.0,2,42.85,9.0,1,29.366666666666667,4.0,-1,More transfers
幸福站,南港軟體園區站,2,1,54.43333333333333,13.0,3,51.41666666666666,14.0,2,3.016666666666673,1.0,-1,More transfers
幸福站,南港軟體園區站,3,1,77.73333333333333,12.0,4,51.41666666666666,14.0,2,26.316666666666677,2.0,-2,More transfers
幸福站,南港軟體園區站,4,1,80.78333333333333,10.0,3,51.41666666666666,14.0,2,29.366666666666674,4.0,-1,More transfers
幸福站,南港軟體園區站,5,1,87.58333333333333,8.0,2,51.41666666666666,14.0,2,36.16666666666667,6.0,0,Same transfers
幸福站,古亭站,2,1,34.81666666666667,6.0,1,29.03333333333333,11.0,2,5.7833333333333385,5.0,1,Fewer transfers
幸福站,古亭站,3,1,42.91666666666666,3.0,1,29.03333333333333,11.0,2,13.883333333333326,8.0,1,Fewer transfers
幸福站,台北101/世貿站,2,1,40.61666666666667,8.0,2,39.63333333333333,13.0,3,0.9833333333333343,5.0,1,Fewer transfers
幸福站,台北101/世貿站,3,1,57.6,5.0,2,39.63333333333333,13.0,3,17.96666666666667,8.0,1,Fewer transfers
幸福站,台北小巨蛋站,2,1,59.46666666666667,3.0,1,32.31666666666667,8.0,2,27.15,5.0,1,Fewer transfers
幸福站,台北橋站,2,1,63.98333333333333,5.0,2,16.433333333333334,6.0,1,47.55,1.0,-1,More transfers
幸福站,台北車站,2,1,33.983333333333334,8.0,2,23.866666666666667,9.0,1,10.116666666666667,1.0,-1,More transfers
幸福站,台北車站,3,1,50.56666666666667,5.0,2,23.866666666666667,9.0,1,26.700000000000003,4.0,-1,More transfers
幸福站,台大醫院站,2,1,29.966666666666665,9.0,2,29.566666666666663,13.0,2,0.40000000000000213,4.0,0,Same transfers
幸福站,台大醫院站,3,1,38.85,8.0,2,29.566666666666663,13.0,2,9.283333333333339,5.0,0,Same transfers
幸福站,台大醫院站,4,1,49.0,5.0,2,29.566666666666663,13.0,2,19.433333333333337,8.0,0,Same transfers
幸福站,台電大樓站,2,1,38.78333333333333,8.0,2,31.0,11.0,2,7.783333333333331,3.0,0,Same transfers
幸福站,台電大樓站,3,1,41.0,3.0,1,31.0,11.0,2,10.0,8.0,1,Fewer transfers
幸福站,唭哩岸站,2,1,59.2,8.0,2,37.63333333333333,9.0,2,21.56666666666667,1.0,0,Same transfers
幸福站,唭哩岸站,3,1,69.35,5.0,2,37.63333333333333,9.0,2,31.71666666666666,4.0,0,Same transfers
幸福站,善導寺站,2,1,32.46666666666667,8.0,2,25.666666666666668,9.0,1,6.800000000000001,1.0,-1,More transfers
幸福站,善導寺站,3,1,55.03333333333333,5.0,2,25.666666666666668,9.0,1,29.366666666666664,4.0,-1,More transfers
幸福站,國父紀念館站,2,1,36.016666666666666,8.0,2,33.0,9.0,1,3.0166666666666657,1.0,-1,More transfers
幸福站,國父紀念館站,3,1,59.31666666666667,7.0,3,33.0,9.0,1,26.31666666666667,2.0,-2,More transfers
幸福站,國父紀念館站,4,1,62.36666666666667,5.0,2,33.0,9.0,1,29.366666666666667,4.0,-1,More transfers
幸福站,圓山站,2,1,47.16666666666666,8.0,2,25.6,9.0,2,21.566666666666656,1.0,0,Same transfers
幸福站,圓山站,3,1,57.31666666666667,5.0,2,25.6,9.0,2,31.71666666666667,4.0,0,Same transfers
幸福站,土城站,2,1,55.53333333333333,8.0,2,24.55,9.0,1,30.98333333333333,1.0,-1,More transfers
幸福站,土城站,3,1,69.5,5.0,2,24.55,9.0,1,44.95,4.0,-1,More transfers
幸福站,士林站,2,1,51.65,8.0,2,30.08333333333333,9.0,2,21.56666666666667,1.0,0,Same transfers
幸福站,士林站,3,1,61.8,5.0,2,30.08333333333333,9.0,2,31.71666666666667,4.0,0,Same transfers
幸福站,大安森林公園站,2,1,35.1,8.0,2,34.11666666666667,13.0,3,0.9833333333333343,5.0,1,Fewer transfers
幸福站,大安森林公園站,3,1,52.083333333333336,5.0,2,34.11666666666667,13.0,3,17.96666666666667,8.0,1,Fewer transfers
幸福站,大安站,2,1,36.46666666666667,14.0,2,35.8,13.0,3,0.6666666666666714,-1.0,1,Fewer transfers
幸福站,大安站,3,1,36.78333333333333,8.0,2,35.8,13.0,3,0.9833333333333343,5.0,1,Fewer transfers
幸福站,大安站,4,1,53.766666666666666,5.0,2,35.8,13.0,3,17.96666666666667,8.0,1,Fewer transfers
幸福站,大橋頭站,2,1,61.43333333333333,5.0,2,18.966666666666665,6.0,1,42.46666666666667,1.0,-1,More transfers
幸福站,大湖公園站,2,1,55.86666666666667,14.0,2,54.45,13.0,3,1.4166666666666643,-1.0,1,Fewer transfers
幸福站,大湖公園站,3,1,81.6,8.0,2,54.45,13.0,3,27.14999999999999,5.0,1,Fewer transfers
幸福站,大直站,2,1,45.03333333333333,14.0,2,43.61666666666667,13.0,3,1.4166666666666643,-1.0,1,Fewer transfers
幸福站,大直站,3,1,70.76666666666667,8.0,2,43.61666666666667,13.0,3,27.15,5.0,1,Fewer transfers
幸福站,奇岩站,2,1,60.9,8.0,2,39.333333333333336,9.0,2,21.566666666666663,1.0,0,Same transfers
幸福站,奇岩站,3,1,71.05,5.0,2,39.333333333333336,9.0,2,31.71666666666666,4.0,0,Same transfers
幸福站,小南門站,2,1,36.96666666666667,8.0,2,25.23333333333333,11.0,2,11.733333333333338,3.0,0,Same transfers
幸福站,小南門站,3,1,46.81666666666667,3.0,1,25.23333333333333,11.0,2,21.58333333333334,8.0,1,Fewer transfers
幸福站,市政府站,2,1,37.766666666666666,8.0,2,34.75,9.0,1,3.0166666666666657,1.0,-1,More transfers
幸福站,市政府站,3,1,61.06666666666667,7.0,3,34.75,9.0,1,26.31666666666667,2.0,-2,More transfers
幸福站,市政府站,4,1,64.11666666666666,5.0,2,34.75,9.0,1,29.36666666666666,4.0,-1,More transfers
幸福站,府中站,2,1,48.36666666666667,8.0,2,17.383333333333333,9.0,1,30.983333333333334,1.0,-1,More transfers
幸福站,府中站,3,1,62.333333333333336,5.0,2,17.383333333333333,9.0,1,44.95,4.0,-1,More transfers
幸福站,廣慈/奉天宮站,2,1,45.16666666666666,8.0,2,44.18333333333333,13.0,3,0.9833333333333272,5.0,1,Fewer transfers
幸福站,廣慈/奉天宮站,3,1,62.15,5.0,2,44.18333333333333,13.0,3,17.96666666666667,8.0,1,Fewer transfers
幸福站,後山埤站,2,1,41.36666666666667,8.0,2,38.35,9.0,1,3.0166666666666657,1.0,-1,More transfers
幸福站,後山埤站,3,1,64.66666666666667,7.0,3,38.35,9.0,1,26.31666666666667,2.0,-2,More transfers
幸福站,後山埤站,4,1,67.71666666666667,5.0,2,38.35,9.0,1,29.366666666666667,4.0,-1,More transfers
幸福站,徐匯中學站,2,1,58.266666666666666,6.0,1,26.9,7.0,2,31.366666666666667,1.0,1,Fewer transfers
幸福站,徐匯中學站,3,1,68.36666666666666,5.0,2,26.9,7.0,2,41.46666666666666,2.0,0,Same transfers
幸福站,復興崗站,2,1,65.56666666666666,8.0,2,44.0,9.0,2,21.566666666666663,1.0,0,Same transfers
幸福站,復興崗站,3,1,75.71666666666667,5.0,2,44.0,9.0,2,31.71666666666667,4.0,0,Same transfers
幸福站,忠孝復興站,2,1,32.61666666666667,8.0,2,29.6,9.0,1,3.0166666666666657,1.0,-1,More transfers
幸福站,忠孝復興站,3,1,55.91666666666666,7.0,3,29.6,9.0,1,26.316666666666656,2.0,-2,More transfers
幸福站,忠孝復興站,4,1,58.96666666666667,5.0,2,29.6,9.0,1,29.366666666666667,4.0,-1,More transfers
幸福站,忠孝敦化站,2,1,34.36666666666667,8.0,2,31.35,9.0,1,3.0166666666666657,1.0,-1,More transfers
幸福站,忠孝敦化站,3,1,57.66666666666666,7.0,3,31.35,9.0,1,26.316666666666656,2.0,-2,More transfers
幸福站,忠孝敦化站,4,1,60.71666666666667,5.0,2,31.35,9.0,1,29.366666666666667,4.0,-1,More transfers
幸福站,忠孝新生站,2,1,28.45,6.0,1,27.433333333333334,9.0,1,1.0166666666666657,3.0,0,Same transfers
幸福站,忠孝新生站,3,1,51.75,5.0,2,27.433333333333334,9.0,1,24.316666666666666,4.0,-1,More transfers
幸福站,忠義站,2,1,67.96666666666667,8.0,2,46.4,9.0,2,21.56666666666667,1.0,0,Same transfers
幸福站,忠義站,3,1,78.11666666666666,5.0,2,46.4,9.0,2,31.71666666666666,4.0,0,Same transfers
幸福站,文德站,2,1,52.55,14.0,2,51.13333333333333,13.0,3,1.4166666666666643,-1.0,1,Fewer transfers
幸福站,文德站,3,1,78.28333333333333,8.0,2,51.13333333333333,13.0,3,27.15,5.0,1,Fewer transfers
幸福站,新北投站,2,1,68.48333333333333,11.0,3,46.91666666666666,12.0,3,21.566666666666677,1.0,0,Same transfers
幸福站,新北投站,3,1,78.63333333333334,8.0,3,46.91666666666666,12.0,3,31.716666666666683,4.0,0,Same transfers
幸福站,新埔站,2,1,44.53333333333333,8.0,2,13.55,9.0,1,30.98333333333333,1.0,-1,More transfers
幸福站,新埔站,3,1,58.5,5.0,2,13.55,9.0,1,44.95,4.0,-1,More transfers
幸福站,新莊站,2,1,74.81666666666666,5.0,2,9.566666666666666,6.0,1,65.25,1.0,-1,More transfers
幸福站,昆陽站,2,1,43.63333333333333,8.0,2,40.61666666666667,9.0,1,3.0166666666666657,1.0,-1,More transfers
幸福站,昆陽站,3,1,66.93333333333334,7.0,3,40.61666666666667,9.0,1,26.31666666666667,2.0,-2,More transfers
幸福站,昆陽站,4,1,69.98333333333333,5.0,2,40.61666666666667,9.0,1,29.366666666666667,4.0,-1,More transfers
幸福站,明德站,2,1,55.43333333333333,8.0,2,33.86666666666667,9.0,2,21.566666666666663,1.0,0,Same transfers
幸福站,明德站,3,1,65.58333333333333,5.0,2,33.86666666666667,9.0,2,31.71666666666666,4.0,0,Same transfers
幸福站,木柵站,2,1,53.266666666666666,13.0,3,50.48333333333333,14.0,2,2.7833333333333385,1.0,-1,More transfers
幸福站,木柵站,3,1,72.78333333333333,10.0,3,50.48333333333333,14.0,2,22.300000000000004,4.0,-1,More transfers
幸福站,木柵站,4,1,80.41666666666667,8.0,2,50.48333333333333,14.0,2,29.933333333333344,6.0,0,Same transfers
幸福站,東湖站,2,1,56.266666666666666,13.0,3,53.25,14.0,2,3.0166666666666657,1.0,-1,More transfers
幸福站,東湖站,3,1,79.56666666666666,12.0,4,53.25,14.0,2,26.316666666666663,2.0,-2,More transfers
幸福站,東湖站,4,1,82.61666666666666,10.0,3,53.25,14.0,2,29.36666666666666,4.0,-1,More transfers
幸福站,東湖站,5,1,85.75,8.0,2,53.25,14.0,2,32.5,6.0,0,Same transfers
幸福站,東門站,2,1,48.93333333333333,5.0,2,31.35,6.0,1,17.58333333333333,1.0,-1,More transfers
幸福站,松山機場站,2,1,41.66666666666666,14.0,2,40.25,13.0,3,1.4166666666666572,-1.0,1,Fewer transfers
幸福站,松山機場站,3,1,67.4,8.0,2,40.25,13.0,3,27.150000000000006,5.0,1,Fewer transfers
幸福站,松山站,2,1,64.36666666666666,3.0,1,37.21666666666667,8.0,2,27.14999999999999,5.0,1,Fewer transfers
幸福站,松江南京站,2,1,54.083333333333336,5.0,2,26.25,6.0,1,27.833333333333336,1.0,-1,More transfers
幸福站,松江南京站,3,1,55.4,3.0,1,26.25,6.0,1,29.15,3.0,0,Same transfers
幸福站,民權西路站,2,1,55.31666666666667,5.0,2,20.6,6.0,1,34.71666666666667,1.0,-1,More transfers
幸福站,永安市場站,2,1,50.78333333333333,5.0,2,29.016666666666666,6.0,1,21.766666666666666,1.0,-1,More transfers
幸福站,永寧站,2,1,57.55,8.0,2,26.566666666666663,9.0,1,30.983333333333334,1.0,-1,More transfers
幸福站,永寧站,3,1,71.51666666666667,5.0,2,26.566666666666663,9.0,1,44.95,4.0,-1,More transfers
幸福站,永春站,2,1,39.68333333333333,8.0,2,36.66666666666666,9.0,1,3.016666666666673,1.0,-1,More transfers
幸福站,永春站,3,1,62.98333333333333,7.0,3,36.66666666666666,9.0,1,26.31666666666667,2.0,-2,More transfers
幸福站,永春站,4,1,66.03333333333333,5.0,2,36.66666666666666,9.0,1,29.366666666666674,4.0,-1,More transfers
幸福站,江子翠站,2,1,42.78333333333333,8.0,2,15.3,9.0,1,27.48333333333333,1.0,-1,More transfers
幸福站,江子翠站,3,1,56.75,5.0,2,15.3,9.0,1,41.45,4.0,-1,More transfers
幸福站,海山站,2,1,53.333333333333336,8.0,2,22.35,9.0,1,30.983333333333334,1.0,-1,More transfers
幸福站,海山站,3,1,67.3,5.0,2,22.35,9.0,1,44.949999999999996,4.0,-1,More transfers
幸福站,淡水站,2,1,78.88333333333334,8.0,2,57.31666666666667,9.0,2,21.56666666666667,1.0,0,Same transfers
幸福站,淡水站,3,1,89.03333333333333,5.0,2,57.31666666666667,9.0,2,31.71666666666666,4.0,0,Same transfers
幸福站,港墘站,2,1,50.93333333333333,14.0,2,49.516666666666666,13.0,3,1.4166666666666643,-1.0,1,Fewer transfers
幸福站,港墘站,3,1,76.66666666666667,8.0,2,49.516666666666666,13.0,3,27.150000000000006,5.0,1,Fewer transfers
幸福站,石牌站,2,1,56.93333333333333,8.0,2,35.36666666666667,9.0,2,21.566666666666663,1.0,0,Same transfers
幸福站,石牌站,3,1,67.08333333333333,5.0,2,35.36666666666667,9.0,2,31.71666666666666,4.0,0,Same transfers
幸福站,科技大樓站,2,1,40.98333333333333,13.0,3,38.2,14.0,2,2.7833333333333243,1.0,-1,More transfers
幸福站,科技大樓站,3,1,60.5,10.0,3,38.2,14.0,2,22.299999999999997,4.0,-1,More transfers
幸福站,科技大樓站,4,1,68.13333333333334,8.0,2,38.2,14.0,2,29.933333333333337,6.0,0,Same transfers
幸福站,竹圍站,2,1,72.7,8.0,2,51.13333333333333,9.0,2,21.56666666666667,1.0,0,Same transfers
幸福站,竹圍站,3,1,82.85,5.0,2,51.13333333333333,9.0,2,31.71666666666666,4.0,0,Same transfers
幸福站,紅樹林站,2,1,75.51666666666667,8.0,2,53.95,9.0,2,21.566666666666663,1.0,0,Same transfers
幸福站,紅樹林站,3,1,85.66666666666667,5.0,2,53.95,9.0,2,31.71666666666667,4.0,0,Same transfers
幸福站,芝山站,2,1,53.66666666666666,8.0,2,32.1,9.0,2,21.566666666666656,1.0,0,Same transfers
幸福站,芝山站,3,1,63.81666666666667,5.0,2,32.1,9.0,2,31.71666666666667,4.0,0,Same transfers
幸福站,菜寮站,2,1,66.01666666666667,5.0,2,14.4,6.0,1,51.61666666666667,1.0,-1,More transfers
幸福站,萬芳社區站,2,1,52.06666666666667,13.0,3,49.28333333333333,14.0,2,2.7833333333333385,1.0,-1,More transfers
幸福站,萬芳社區站,3,1,71.58333333333333,10.0,3,49.28333333333333,14.0,2,22.299999999999997,4.0,-1,More transfers
幸福站,萬芳社區站,4,1,79.21666666666667,8.0,2,49.28333333333333,14.0,2,29.933333333333337,6.0,0,Same transfers
幸福站,萬芳醫院站,2,1,50.0,13.0,3,47.21666666666667,14.0,2,2.7833333333333314,1.0,-1,More transfers
幸福站,萬芳醫院站,3,1,69.51666666666667,10.0,3,47.21666666666667,14.0,2,22.299999999999997,4.0,-1,More transfers
幸福站,萬芳醫院站,4,1,77.15,8.0,2,47.21666666666667,14.0,2,29.933333333333337,6.0,0,Same transfers
幸福站,萬隆站,2,1,36.71666666666667,3.0,1,35.333333333333336,11.0,2,1.3833333333333329,8.0,1,Fewer transfers
幸福站,葫洲站,2,1,56.88333333333333,13.0,3,54.96666666666667,14.0,2,1.9166666666666643,1.0,-1,More transfers
幸福站,葫洲站,3,1,81.28333333333333,12.0,4,54.96666666666667,14.0,2,26.316666666666663,2.0,-2,More transfers
幸福站,葫洲站,4,1,84.03333333333333,8.0,2,54.96666666666667,14.0,2,29.066666666666663,6.0,0,Same transfers
幸福站,蘆洲站,2,1,62.48333333333333,6.0,1,31.116666666666667,7.0,2,31.36666666666666,1.0,1,Fewer transfers
幸福站,蘆洲站,3,1,72.58333333333333,5.0,2,31.116666666666667,7.0,2,41.46666666666666,2.0,0,Same transfers
幸福站,行天宮站,2,1,55.88333333333333,5.0,2,24.45,6.0,1,31.433333333333334,1.0,-1,More transfers
幸福站,西湖站,2,1,49.43333333333333,14.0,2,48.016666666666666,13.0,3,1.4166666666666643,-1.0,1,Fewer transfers
幸福站,西湖站,3,1,75.16666666666667,8.0,2,48.016666666666666,13.0,3,27.150000000000006,5.0,1,Fewer transfers
幸福站,西門站,2,1,35.016666666666666,8.0,2,21.28333333333333,9.0,1,13.733333333333334,1.0,-1,More transfers
幸福站,西門站,3,1,48.65,3.0,1,21.28333333333333,9.0,1,27.366666666666667,6.0,0,Same transfers
幸福站,象山站,2,1,42.21666666666667,8.0,2,41.23333333333333,13.0,3,0.9833333333333414,5.0,1,Fewer transfers
幸福站,象山站,3,1,59.2,5.0,2,41.23333333333333,13.0,3,17.966666666666676,8.0,1,Fewer transfers
幸福站,輔大站,2,1,77.51666666666667,5.0,2,12.266666666666667,6.0,1,65.25,1.0,-1,More transfers
幸福站,辛亥站,2,1,47.81666666666667,13.0,3,45.03333333333333,14.0,2,2.7833333333333385,1.0,-1,More transfers
幸福站,辛亥站,3,1,67.33333333333333,10.0,3,45.03333333333333,14.0,2,22.299999999999997,4.0,-1,More transfers
幸福站,辛亥站,4,1,74.96666666666667,8.0,2,45.03333333333333,14.0,2,29.933333333333337,6.0,0,Same transfers
幸福站,迴龍站,2,1,83.03333333333333,5.0,2,17.783333333333335,6.0,1,65.25,1.0,-1,More transfers
幸福站,關渡站,2,1,69.75,8.0,2,48.18333333333333,9.0,2,21.56666666666667,1.0,0,Same transfers
幸福站,關渡站,3,1,79.9,5.0,2,48.18333333333333,9.0,2,31.716666666666676,4.0,0,Same transfers
幸福站,雙連站,2,1,43.66666666666666,8.0,2,25.1,9.0,2,18.566666666666656,1.0,0,Same transfers
幸福站,雙連站,3,1,53.81666666666667,5.0,2,25.1,9.0,2,28.71666666666667,4.0,0,Same transfers
幸福站,頂埔站,2,1,61.016666666666666,8.0,2,30.03333333333333,9.0,1,30.983333333333334,1.0,-1,More transfers
幸福站,頂埔站,3,1,74.98333333333333,5.0,2,30.03333333333333,9.0,1,44.95,4.0,-1,More transfers
幸福站,頂溪站,2,1,48.583333333333336,5.0,2,31.216666666666665,6.0,1,17.36666666666667,1.0,-1,More transfers
幸福站,麟光站,2,1,45.05,13.0,3,42.266666666666666,14.0,2,2.7833333333333314,1.0,-1,More transfers
幸福站,麟光站,3,1,64.56666666666666,10.0,3,42.266666666666666,14.0,2,22.299999999999997,4.0,-1,More transfers
幸福站,麟光站,4,1,72.2,8.0,2,42.266666666666666,14.0,2,29.933333333333337,6.0,0,Same transfers
幸福站,龍山寺站,2,1,39.1,8.0,2,18.966666666666665,9.0,1,20.133333333333336,1.0,-1,More transfers
幸福站,龍山寺站,3,1,53.06666666666667,5.0,2,18.966666666666665,9.0,1,34.10000000000001,4.0,-1,More transfers
府中站,三和國中站,2,1,34.083333333333336,2.0,1,32.333333333333336,7.0,2,1.75,5.0,1,Fewer transfers
府中站,三民高中站,2,1,37.81666666666667,2.0,1,36.06666666666667,7.0,2,1.75,5.0,1,Fewer transfers
府中站,三重國小站,2,1,31.883333333333333,2.0,1,30.133333333333333,7.0,2,1.75,5.0,1,Fewer transfers
府中站,三重站,2,1,33.583333333333336,7.0,2,26.166666666666668,15.0,2,7.416666666666668,8.0,0,Same transfers
府中站,三重站,3,1,35.333333333333336,2.0,1,26.166666666666668,15.0,2,9.166666666666668,13.0,1,Fewer transfers
府中站,中原站,2,1,21.45,9.0,1,17.6,11.0,1,3.849999999999998,2.0,0,Same transfers
府中站,中原站,3,1,47.6,8.0,2,17.6,11.0,1,30.0,3.0,-1,More transfers
府中站,中原站,4,1,47.81666666666667,5.0,2,17.6,11.0,1,30.21666666666667,6.0,-1,More transfers
府中站,中和站,2,1,25.216666666666665,9.0,1,21.366666666666667,11.0,1,3.849999999999998,2.0,0,Same transfers
府中站,中和站,3,1,43.833333333333336,8.0,2,21.366666666666667,11.0,1,22.46666666666667,3.0,-1,More transfers
府中站,中和站,4,1,44.05,5.0,2,21.366666666666667,11.0,1,22.68333333333333,6.0,-1,More transfers
府中站,丹鳳站,2,1,45.56666666666667,7.0,2,28.15,15.0,2,17.41666666666667,8.0,0,Same transfers
府中站,丹鳳站,3,1,47.31666666666667,2.0,1,28.15,15.0,2,19.16666666666667,13.0,1,Fewer transfers
府中站,信義安和站,2,1,30.266666666666666,4.0,1,27.616666666666667,4.0,2,2.6499999999999986,0.0,1,Fewer transfers
府中站,先嗇宮站,2,1,36.36666666666667,7.0,2,23.383333333333333,15.0,2,12.983333333333334,8.0,0,Same transfers
府中站,先嗇宮站,3,1,38.11666666666667,2.0,1,23.383333333333333,15.0,2,14.733333333333334,13.0,1,Fewer transfers
府中站,十四張站,2,1,34.483333333333334,5.0,2,30.966666666666665,11.0,1,3.5166666666666693,6.0,-1,More transfers
府中站,十四張站,3,1,34.81666666666667,9.0,1,30.966666666666665,11.0,1,3.850000000000005,2.0,0,Same transfers
府中站,南勢角站,2,1,36.1,2.0,1,30.78333333333333,4.0,2,5.31666666666667,2.0,1,Fewer transfers
府中站,台北101/世貿站,2,1,32.1,4.0,1,29.45,4.0,2,2.650000000000002,0.0,1,Fewer transfers
府中站,台北橋站,2,1,31.48333333333333,2.0,1,29.73333333333333,7.0,2,1.75,5.0,1,Fewer transfers
府中站,大安森林公園站,2,1,26.58333333333333,4.0,1,23.933333333333334,4.0,2,2.649999999999995,0.0,1,Fewer transfers
府中站,大安站,2,1,26.28333333333333,5.0,1,25.616666666666667,4.0,2,0.6666666666666643,-1.0,1,Fewer transfers
府中站,大安站,3,1,28.266666666666666,4.0,1,25.616666666666667,4.0,2,2.6499999999999986,0.0,1,Fewer transfers
府中站,大橋頭站,2,1,28.933333333333334,2.0,1,27.183333333333334,7.0,2,1.75,5.0,1,Fewer transfers
府中站,幸福站,2,1,48.5,8.0,2,17.333333333333332,9.0,1,31.166666666666668,1.0,-1,More transfers
府中站,幸福站,3,1,61.86666666666667,5.0,2,17.333333333333332,9.0,1,44.53333333333333,4.0,-1,More transfers
府中站,廣慈/奉天宮站,2,1,36.65,4.0,1,34.0,4.0,2,2.6499999999999986,0.0,1,Fewer transfers
府中站,徐匯中學站,2,1,35.86666666666667,2.0,1,34.11666666666667,7.0,2,1.75,5.0,1,Fewer transfers
府中站,新北產業園區站,2,1,51.13333333333333,8.0,2,19.966666666666665,9.0,1,31.166666666666668,1.0,-1,More transfers
府中站,新北產業園區站,3,1,64.5,5.0,2,19.966666666666665,9.0,1,44.53333333333333,4.0,-1,More transfers
府中站,新埔民生站,2,1,49.3,8.0,2,12.366666666666667,9.0,1,36.93333333333333,1.0,-1,More transfers
府中站,新埔民生站,3,1,56.9,5.0,2,12.366666666666667,9.0,1,44.53333333333333,4.0,-1,More transfers
府中站,新莊站,2,1,40.56666666666667,7.0,2,23.15,15.0,2,17.41666666666667,8.0,0,Same transfers
府中站,新莊站,3,1,42.31666666666667,2.0,1,23.15,15.0,2,19.16666666666667,13.0,1,Fewer transfers
府中站,景安站,2,1,28.7,4.0,2,25.016666666666666,11.0,1,3.6833333333333336,7.0,-1,More transfers
府中站,景安站,3,1,28.866666666666667,9.0,1,25.016666666666666,11.0,1,3.8500000000000014,2.0,0,Same transfers
府中站,景安站,4,1,34.016666666666666,2.0,1,25.016666666666666,11.0,1,9.0,9.0,0,Same transfers
府中站,景平站,2,1,30.85,9.0,1,27.0,11.0,1,3.8500000000000014,2.0,0,Same transfers
府中站,景平站,3,1,38.41666666666666,5.0,2,27.0,11.0,1,11.416666666666657,6.0,-1,More transfers
府中站,板新站,2,1,19.183333333333334,9.0,1,15.333333333333334,11.0,1,3.8499999999999996,2.0,0,Same transfers
府中站,板新站,3,1,49.86666666666667,8.0,2,15.333333333333334,11.0,1,34.53333333333333,3.0,-1,More transfers
府中站,板新站,4,1,50.083333333333336,5.0,2,15.333333333333334,11.0,1,34.75,6.0,-1,More transfers
府中站,橋和站,2,1,23.066666666666663,9.0,1,19.216666666666665,11.0,1,3.849999999999998,2.0,0,Same transfers
府中站,橋和站,3,1,45.98333333333333,8.0,2,19.216666666666665,11.0,1,26.766666666666662,3.0,-1,More transfers
府中站,橋和站,4,1,46.2,5.0,2,19.216666666666665,11.0,1,26.983333333333338,6.0,-1,More transfers
府中站,民權西路站,2,1,27.183333333333334,2.0,1,22.433333333333334,4.0,1,4.75,2.0,0,Same transfers
府中站,永安市場站,2,1,32.03333333333333,2.0,1,26.716666666666665,4.0,2,5.316666666666666,2.0,1,Fewer transfers
府中站,秀朗橋站,2,1,32.583333333333336,9.0,1,28.73333333333333,11.0,1,3.850000000000005,2.0,0,Same transfers
府中站,秀朗橋站,3,1,36.71666666666667,5.0,2,28.73333333333333,11.0,1,7.983333333333338,6.0,-1,More transfers
府中站,菜寮站,2,1,31.766666666666666,7.0,2,27.98333333333333,15.0,2,3.783333333333335,8.0,0,Same transfers
府中站,菜寮站,3,1,33.516666666666666,2.0,1,27.98333333333333,15.0,2,5.533333333333335,13.0,1,Fewer transfers
府中站,蘆洲站,2,1,40.083333333333336,2.0,1,38.333333333333336,7.0,2,1.75,5.0,1,Fewer transfers
府中站,象山站,2,1,33.7,4.0,1,31.05,4.0,2,2.650000000000002,0.0,1,Fewer transfers
府中站,輔大站,2,1,43.266666666666666,7.0,2,25.85,15.0,2,17.416666666666664,8.0,0,Same transfers
府中站,輔大站,3,1,45.016666666666666,2.0,1,25.85,15.0,2,19.166666666666664,13.0,1,Fewer transfers
府中站,迴龍站,2,1,48.78333333333333,7.0,2,31.366666666666667,15.0,2,17.416666666666664,8.0,0,Same transfers
府中站,迴龍站,3,1,50.53333333333333,2.0,1,31.366666666666667,15.0,2,19.166666666666664,13.0,1,Fewer transfers
府中站,頂溪站,2,1,29.83333333333333,2.0,1,24.516666666666666,4.0,2,5.316666666666663,2.0,1,Fewer transfers
府中站,頭前庄站,2,1,38.583333333333336,7.0,2,15.166666666666666,9.0,1,23.41666666666667,2.0,-1,More transfers
府中站,頭前庄站,3,1,40.333333333333336,2.0,1,15.166666666666666,9.0,1,25.16666666666667,7.0,0,Same transfers
廣慈/奉天宮站,中原站,2,1,47.78333333333333,5.0,2,38.766666666666666,8.0,2,9.016666666666666,3.0,0,Same transfers
廣慈/奉天宮站,中和站,2,1,44.016666666666666,5.0,2,35.0,8.0,2,9.016666666666666,3.0,0,Same transfers
廣慈/奉天宮站,亞東醫院站,2,1,38.93333333333333,4.0,1,36.31666666666667,4.0,2,2.61666666666666,0.0,1,Fewer transfers
廣慈/奉天宮站,南京三民站,2,1,26.683333333333334,4.0,2,25.866666666666667,10.0,2,0.8166666666666664,6.0,0,Same transfers
廣慈/奉天宮站,南京三民站,3,1,31.666666666666668,3.0,1,25.866666666666667,10.0,2,5.800000000000001,7.0,1,Fewer transfers
廣慈/奉天宮站,南京三民站,4,1,33.43333333333333,2.0,1,25.866666666666667,10.0,2,7.566666666666663,8.0,1,Fewer transfers
廣慈/奉天宮站,南京復興站,2,1,22.58333333333333,4.0,2,16.766666666666666,5.0,1,5.816666666666663,1.0,-1,More transfers
廣慈/奉天宮站,南京復興站,3,1,27.566666666666663,3.0,1,16.766666666666666,5.0,1,10.799999999999997,2.0,0,Same transfers
廣慈/奉天宮站,南京復興站,4,1,29.33333333333333,2.0,1,16.766666666666666,5.0,1,12.566666666666663,3.0,0,Same transfers
廣慈/奉天宮站,南港展覽館站,2,1,35.81666666666667,4.0,2,35.1,10.0,2,0.7166666666666686,6.0,0,Same transfers
廣慈/奉天宮站,南港展覽館站,3,1,43.55,5.0,1,35.1,10.0,2,8.449999999999996,5.0,1,Fewer transfers
廣慈/奉天宮站,南港展覽館站,4,1,43.63333333333333,4.0,1,35.1,10.0,2,8.533333333333331,6.0,1,Fewer transfers
廣慈/奉天宮站,南港站,2,1,33.55,4.0,2,32.833333333333336,10.0,2,0.7166666666666615,6.0,0,Same transfers
廣慈/奉天宮站,南港站,3,1,41.36666666666667,4.0,1,32.833333333333336,10.0,2,8.533333333333331,6.0,1,Fewer transfers
廣慈/奉天宮站,南港軟體園區站,2,1,41.833333333333336,5.0,1,41.4,15.0,3,0.4333333333333371,10.0,2,Fewer transfers
廣慈/奉天宮站,台北小巨蛋站,2,1,24.53333333333333,4.0,2,23.716666666666665,10.0,2,0.8166666666666664,6.0,0,Same transfers
廣慈/奉天宮站,台北小巨蛋站,3,1,29.516666666666666,3.0,1,23.716666666666665,10.0,2,5.800000000000001,7.0,1,Fewer transfers
廣慈/奉天宮站,台北小巨蛋站,4,1,31.28333333333333,2.0,1,23.716666666666665,10.0,2,7.566666666666666,8.0,1,Fewer transfers
廣慈/奉天宮站,善導寺站,2,1,24.183333333333334,4.0,1,20.15,4.0,2,4.033333333333335,0.0,1,Fewer transfers
廣慈/奉天宮站,國父紀念館站,2,1,23.7,4.0,2,22.98333333333333,10.0,2,0.7166666666666686,6.0,0,Same transfers
廣慈/奉天宮站,國父紀念館站,3,1,31.516666666666666,4.0,1,22.98333333333333,10.0,2,8.533333333333335,6.0,1,Fewer transfers
廣慈/奉天宮站,土城站,2,1,43.93333333333333,4.0,1,41.31666666666667,4.0,2,2.61666666666666,0.0,1,Fewer transfers
廣慈/奉天宮站,市政府站,2,1,25.45,4.0,2,24.73333333333333,10.0,2,0.7166666666666686,6.0,0,Same transfers
廣慈/奉天宮站,市政府站,3,1,33.266666666666666,4.0,1,24.73333333333333,10.0,2,8.533333333333335,6.0,1,Fewer transfers
廣慈/奉天宮站,幸福站,2,1,45.38333333333333,8.0,2,44.28333333333333,13.0,3,1.1000000000000014,5.0,1,Fewer transfers
廣慈/奉天宮站,幸福站,3,1,61.833333333333336,5.0,2,44.28333333333333,13.0,3,17.550000000000004,8.0,1,Fewer transfers
廣慈/奉天宮站,府中站,2,1,36.766666666666666,4.0,1,34.15,4.0,2,2.616666666666667,0.0,1,Fewer transfers
廣慈/奉天宮站,後山埤站,2,1,29.05,4.0,2,28.33333333333333,10.0,2,0.7166666666666721,6.0,0,Same transfers
廣慈/奉天宮站,後山埤站,3,1,36.86666666666667,4.0,1,28.33333333333333,10.0,2,8.533333333333339,6.0,1,Fewer transfers
廣慈/奉天宮站,忠孝復興站,2,1,20.3,4.0,2,14.583333333333334,5.0,1,5.716666666666667,1.0,-1,More transfers
廣慈/奉天宮站,忠孝復興站,3,1,28.116666666666667,4.0,1,14.583333333333334,5.0,1,13.533333333333333,1.0,0,Same transfers
廣慈/奉天宮站,忠孝敦化站,2,1,22.05,4.0,2,21.33333333333333,10.0,2,0.7166666666666721,6.0,0,Same transfers
廣慈/奉天宮站,忠孝敦化站,3,1,29.866666666666667,4.0,1,21.33333333333333,10.0,2,8.533333333333339,6.0,1,Fewer transfers
廣慈/奉天宮站,新北產業園區站,2,1,48.016666666666666,8.0,2,46.91666666666666,13.0,3,1.1000000000000085,5.0,1,Fewer transfers
廣慈/奉天宮站,新北產業園區站,3,1,64.46666666666667,5.0,2,46.91666666666666,13.0,3,17.55000000000001,8.0,1,Fewer transfers
廣慈/奉天宮站,新埔民生站,2,1,41.93333333333333,13.0,2,39.31666666666667,13.0,3,2.61666666666666,0.0,1,Fewer transfers
廣慈/奉天宮站,新埔民生站,3,1,46.18333333333333,8.0,2,39.31666666666667,13.0,3,6.86666666666666,5.0,1,Fewer transfers
廣慈/奉天宮站,新埔民生站,4,1,56.86666666666667,5.0,2,39.31666666666667,13.0,3,17.549999999999997,8.0,1,Fewer transfers
廣慈/奉天宮站,新埔站,2,1,32.93333333333333,4.0,1,30.316666666666663,4.0,2,2.616666666666667,0.0,1,Fewer transfers
廣慈/奉天宮站,昆陽站,2,1,31.316666666666663,4.0,2,30.6,10.0,2,0.7166666666666615,6.0,0,Same transfers
廣慈/奉天宮站,昆陽站,3,1,39.13333333333333,4.0,1,30.6,10.0,2,8.533333333333331,6.0,1,Fewer transfers
廣慈/奉天宮站,景平站,2,1,38.38333333333333,5.0,2,33.166666666666664,8.0,2,5.216666666666669,3.0,0,Same transfers
廣慈/奉天宮站,松山站,2,1,29.433333333333334,4.0,2,28.616666666666667,10.0,2,0.8166666666666664,6.0,0,Same transfers
廣慈/奉天宮站,松山站,3,1,34.416666666666664,3.0,1,28.616666666666667,10.0,2,5.799999999999997,7.0,1,Fewer transfers
廣慈/奉天宮站,松山站,4,1,36.18333333333333,2.0,1,28.616666666666667,10.0,2,7.566666666666663,8.0,1,Fewer transfers
廣慈/奉天宮站,板新站,2,1,50.05,5.0,2,41.03333333333333,8.0,2,9.016666666666666,3.0,0,Same transfers
廣慈/奉天宮站,板橋站,2,1,35.18333333333333,4.0,1,32.56666666666667,4.0,2,2.61666666666666,0.0,1,Fewer transfers
廣慈/奉天宮站,橋和站,2,1,46.16666666666666,5.0,2,37.15,8.0,2,9.016666666666659,3.0,0,Same transfers
廣慈/奉天宮站,永寧站,2,1,45.95,4.0,1,43.333333333333336,4.0,2,2.616666666666667,0.0,1,Fewer transfers
廣慈/奉天宮站,永春站,2,1,27.366666666666667,4.0,2,26.65,10.0,2,0.7166666666666686,6.0,0,Same transfers
廣慈/奉天宮站,永春站,3,1,35.18333333333333,4.0,1,26.65,10.0,2,8.533333333333331,6.0,1,Fewer transfers
廣慈/奉天宮站,江子翠站,2,1,31.183333333333334,4.0,1,28.566666666666663,4.0,2,2.6166666666666707,0.0,1,Fewer transfers
廣慈/奉天宮站,海山站,2,1,41.73333333333333,4.0,1,39.11666666666667,4.0,2,2.61666666666666,0.0,1,Fewer transfers
廣慈/奉天宮站,秀朗橋站,2,1,36.68333333333333,5.0,2,34.9,8.0,2,1.7833333333333314,3.0,0,Same transfers
廣慈/奉天宮站,頂埔站,2,1,49.41666666666666,4.0,1,46.8,4.0,2,2.61666666666666,0.0,1,Fewer transfers
廣慈/奉天宮站,龍山寺站,2,1,27.5,4.0,1,24.883333333333333,4.0,2,2.616666666666667,0.0,1,Fewer transfers
後山埤站,七張站,2,1,36.2,2.0,1,33.13333333333333,4.0,2,3.06666666666667,2.0,1,Fewer transfers
後山埤站,中原站,2,1,42.41666666666666,9.0,1,40.6,8.0,2,1.8166666666666558,-1.0,1,Fewer transfers
後山埤站,中原站,3,1,50.13333333333333,7.0,3,40.6,8.0,2,9.533333333333331,1.0,-1,More transfers
後山埤站,中原站,4,1,53.2,5.0,2,40.6,8.0,2,12.600000000000001,3.0,0,Same transfers
後山埤站,中和站,2,1,46.18333333333333,9.0,1,36.833333333333336,8.0,2,9.349999999999994,-1.0,1,Fewer transfers
後山埤站,中和站,3,1,46.36666666666667,7.0,3,36.833333333333336,8.0,2,9.533333333333331,1.0,-1,More transfers
後山埤站,中和站,4,1,49.43333333333333,5.0,2,36.833333333333336,8.0,2,12.599999999999994,3.0,0,Same transfers
後山埤站,中山站,2,1,19.5,4.0,1,18.933333333333334,4.0,2,0.5666666666666664,0.0,1,Fewer transfers
後山埤站,中山站,3,1,22.883333333333333,2.0,1,18.933333333333334,4.0,2,3.9499999999999993,2.0,1,Fewer transfers
後山埤站,中正紀念堂站,2,1,21.516666666666666,4.0,1,20.566666666666663,4.0,2,0.9500000000000028,0.0,1,Fewer transfers
後山埤站,中正紀念堂站,3,1,22.15,2.0,1,20.566666666666663,4.0,2,1.5833333333333357,2.0,1,Fewer transfers
後山埤站,信義安和站,2,1,22.58333333333333,4.0,2,21.95,10.0,2,0.6333333333333293,6.0,0,Same transfers
後山埤站,信義安和站,3,1,30.366666666666667,4.0,1,21.95,10.0,2,8.416666666666668,6.0,1,Fewer transfers
後山埤站,公館站,2,1,28.016666666666666,2.0,1,24.95,4.0,2,3.0666666666666664,2.0,1,Fewer transfers
後山埤站,十四張站,2,1,38.96666666666667,8.0,2,36.8,7.0,3,2.1666666666666714,-1.0,1,Fewer transfers
後山埤站,十四張站,3,1,39.86666666666667,5.0,2,36.8,7.0,3,3.06666666666667,2.0,1,Fewer transfers
後山埤站,十四張站,4,1,55.78333333333333,9.0,1,36.8,7.0,3,18.983333333333334,-2.0,2,Fewer transfers
後山埤站,南京三民站,2,1,31.45,2.0,1,22.8,4.0,2,8.649999999999999,2.0,1,Fewer transfers
後山埤站,南京復興站,2,1,18.7,4.0,2,15.266666666666667,5.0,1,3.433333333333332,1.0,-1,More transfers
後山埤站,南京復興站,3,1,27.35,2.0,1,15.266666666666667,5.0,1,12.083333333333334,3.0,0,Same transfers
後山埤站,台北101/世貿站,2,1,24.416666666666668,4.0,2,23.78333333333333,10.0,2,0.6333333333333364,6.0,0,Same transfers
後山埤站,台北101/世貿站,3,1,32.2,4.0,1,23.78333333333333,10.0,2,8.416666666666671,6.0,1,Fewer transfers
後山埤站,台北小巨蛋站,2,1,29.3,2.0,1,20.65,4.0,2,8.650000000000002,2.0,1,Fewer transfers
後山埤站,台電大樓站,2,1,26.2,2.0,1,23.133333333333333,4.0,2,3.0666666666666664,2.0,1,Fewer transfers
後山埤站,大坪林站,2,1,34.45,2.0,1,31.383333333333333,4.0,2,3.06666666666667,2.0,1,Fewer transfers
後山埤站,大安森林公園站,2,1,26.683333333333334,4.0,1,18.9,4.0,2,7.783333333333335,0.0,1,Fewer transfers
後山埤站,大安站,2,1,20.58333333333333,4.0,2,14.95,5.0,1,5.633333333333329,1.0,-1,More transfers
後山埤站,大安站,3,1,28.366666666666667,4.0,1,14.95,5.0,1,13.416666666666668,1.0,0,Same transfers
後山埤站,小碧潭站,2,1,42.583333333333336,5.0,2,39.516666666666666,7.0,3,3.06666666666667,2.0,1,Fewer transfers
後山埤站,幸福站,2,1,41.5,8.0,2,38.3,9.0,1,3.200000000000003,1.0,-1,More transfers
後山埤站,幸福站,3,1,64.18333333333334,7.0,3,38.3,9.0,1,25.88333333333334,2.0,-2,More transfers
後山埤站,幸福站,4,1,67.25,5.0,2,38.3,9.0,1,28.950000000000003,4.0,-1,More transfers
後山埤站,廣慈/奉天宮站,2,1,28.966666666666665,4.0,2,28.33333333333333,10.0,2,0.6333333333333364,6.0,0,Same transfers
後山埤站,廣慈/奉天宮站,3,1,36.75,4.0,1,28.33333333333333,10.0,2,8.416666666666671,6.0,1,Fewer transfers
後山埤站,新北產業園區站,2,1,44.13333333333333,8.0,2,40.93333333333333,9.0,1,3.200000000000003,1.0,-1,More transfers
後山埤站,新北產業園區站,3,1,66.81666666666666,7.0,3,40.93333333333333,9.0,1,25.883333333333333,2.0,-2,More transfers
後山埤站,新北產業園區站,4,1,69.88333333333334,5.0,2,40.93333333333333,9.0,1,28.95000000000001,4.0,-1,More transfers
後山埤站,新埔民生站,2,1,42.3,8.0,2,33.333333333333336,9.0,1,8.966666666666661,1.0,-1,More transfers
後山埤站,新埔民生站,3,1,59.21666666666667,7.0,3,33.333333333333336,9.0,1,25.883333333333333,2.0,-2,More transfers
後山埤站,新埔民生站,4,1,62.28333333333333,5.0,2,33.333333333333336,9.0,1,28.949999999999996,4.0,-1,More transfers
後山埤站,新店區公所站,2,1,37.95,2.0,1,34.88333333333333,4.0,2,3.06666666666667,2.0,1,Fewer transfers
後山埤站,新店站,2,1,40.21666666666667,2.0,1,37.15,4.0,2,3.06666666666667,2.0,1,Fewer transfers
後山埤站,景平站,2,1,40.73333333333333,7.0,3,35.0,8.0,2,5.733333333333327,1.0,-1,More transfers
後山埤站,景平站,3,1,43.8,5.0,2,35.0,8.0,2,8.799999999999997,3.0,0,Same transfers
後山埤站,景平站,4,1,51.81666666666667,9.0,1,35.0,8.0,2,16.81666666666667,-1.0,1,Fewer transfers
後山埤站,景美站,2,1,32.46666666666667,2.0,1,29.4,4.0,2,3.06666666666667,2.0,1,Fewer transfers
後山埤站,松山站,2,1,34.2,2.0,1,25.55,4.0,2,8.650000000000002,2.0,1,Fewer transfers
後山埤站,板新站,2,1,42.86666666666667,8.0,2,40.15,9.0,1,2.7166666666666686,1.0,-1,More transfers
後山埤站,板新站,3,1,52.4,7.0,3,40.15,9.0,1,12.25,2.0,-2,More transfers
後山埤站,板新站,4,1,55.46666666666667,5.0,2,40.15,9.0,1,15.31666666666667,4.0,-1,More transfers
後山埤站,橋和站,2,1,44.03333333333333,9.0,1,38.98333333333333,8.0,2,5.050000000000004,-1.0,1,Fewer transfers
後山埤站,橋和站,3,1,48.516666666666666,7.0,3,38.98333333333333,8.0,2,9.533333333333339,1.0,-1,More transfers
後山埤站,橋和站,4,1,51.583333333333336,5.0,2,38.98333333333333,8.0,2,12.600000000000009,3.0,0,Same transfers
後山埤站,秀朗橋站,2,1,39.03333333333333,7.0,3,36.73333333333333,8.0,2,2.3000000000000043,1.0,-1,More transfers
後山埤站,秀朗橋站,3,1,42.1,5.0,2,36.73333333333333,8.0,2,5.366666666666674,3.0,0,Same transfers
後山埤站,秀朗橋站,4,1,53.55,9.0,1,36.73333333333333,8.0,2,16.81666666666667,-1.0,1,Fewer transfers
後山埤站,萬隆站,2,1,30.53333333333333,2.0,1,27.466666666666665,4.0,2,3.0666666666666664,2.0,1,Fewer transfers
後山埤站,象山站,2,1,26.016666666666666,4.0,2,25.383333333333333,10.0,2,0.6333333333333329,6.0,0,Same transfers
後山埤站,象山站,3,1,33.8,4.0,1,25.383333333333333,10.0,2,8.416666666666664,6.0,1,Fewer transfers
徐匯中學站,七張站,2,1,36.86666666666667,2.0,1,35.583333333333336,5.0,2,1.2833333333333314,3.0,1,Fewer transfers
徐匯中學站,中原站,2,1,44.333333333333336,6.0,1,36.95,7.0,2,7.383333333333333,1.0,1,Fewer transfers
徐匯中學站,中原站,3,1,53.86666666666667,5.0,2,36.95,7.0,2,16.916666666666664,2.0,0,Same transfers
徐匯中學站,中和站,2,1,50.1,5.0,2,40.56666666666667,6.0,1,9.533333333333331,1.0,-1,More transfers
徐匯中學站,中山站,2,1,18.133333333333333,2.0,1,14.166666666666666,3.0,1,3.966666666666667,1.0,0,Same transfers
徐匯中學站,中正紀念堂站,2,1,24.3,2.0,1,19.53333333333333,3.0,1,4.766666666666669,1.0,0,Same transfers
徐匯中學站,亞東醫院站,2,1,38.06666666666667,2.0,1,36.35,7.0,2,1.7166666666666686,5.0,1,Fewer transfers
徐匯中學站,公館站,2,1,28.683333333333334,2.0,1,27.4,5.0,2,1.283333333333335,3.0,1,Fewer transfers
徐匯中學站,劍潭站,2,1,37.05,2.0,1,15.483333333333333,3.0,1,21.566666666666663,1.0,0,Same transfers
徐匯中學站,北投站,2,1,50.4,2.0,1,28.83333333333333,3.0,1,21.56666666666667,1.0,0,Same transfers
徐匯中學站,北門站,2,1,20.65,2.0,1,19.683333333333334,6.0,2,0.966666666666665,4.0,1,Fewer transfers
徐匯中學站,十四張站,2,1,40.53333333333333,5.0,2,39.25,8.0,3,1.2833333333333314,3.0,1,Fewer transfers
徐匯中學站,十四張站,3,1,42.7,6.0,1,39.25,8.0,3,3.450000000000003,2.0,2,Fewer transfers
徐匯中學站,台北車站,2,1,21.516666666666666,2.0,1,15.8,3.0,1,5.716666666666665,1.0,0,Same transfers
徐匯中學站,台大醫院站,2,1,26.383333333333333,2.0,1,17.5,3.0,1,8.883333333333333,1.0,0,Same transfers
徐匯中學站,台電大樓站,2,1,26.866666666666667,2.0,1,25.58333333333333,5.0,2,1.2833333333333385,3.0,1,Fewer transfers
徐匯中學站,唭哩岸站,2,1,46.73333333333333,2.0,1,25.166666666666668,3.0,1,21.56666666666666,1.0,0,Same transfers
徐匯中學站,圓山站,2,1,34.7,2.0,1,13.133333333333333,3.0,1,21.56666666666667,1.0,0,Same transfers
徐匯中學站,土城站,2,1,43.06666666666667,2.0,1,41.35,7.0,2,1.7166666666666686,5.0,1,Fewer transfers
徐匯中學站,士林站,2,1,39.18333333333333,2.0,1,17.616666666666667,3.0,1,21.566666666666663,1.0,0,Same transfers
徐匯中學站,大坪林站,2,1,35.11666666666667,2.0,1,33.833333333333336,5.0,2,1.2833333333333314,3.0,1,Fewer transfers
徐匯中學站,奇岩站,2,1,48.43333333333333,2.0,1,26.866666666666667,3.0,1,21.566666666666663,1.0,0,Same transfers
徐匯中學站,小南門站,2,1,24.5,2.0,1,23.433333333333334,5.0,2,1.0666666666666664,3.0,1,Fewer transfers
徐匯中學站,小碧潭站,2,1,43.25,5.0,2,41.96666666666667,8.0,3,1.2833333333333314,3.0,1,Fewer transfers
徐匯中學站,幸福站,2,1,58.38333333333333,6.0,1,27.066666666666663,7.0,2,31.31666666666667,1.0,1,Fewer transfers
徐匯中學站,幸福站,3,1,67.91666666666667,5.0,2,27.066666666666663,7.0,2,40.85000000000001,2.0,0,Same transfers
徐匯中學站,府中站,2,1,35.9,2.0,1,34.18333333333333,7.0,2,1.7166666666666686,5.0,1,Fewer transfers
徐匯中學站,復興崗站,2,1,53.1,2.0,1,31.53333333333333,3.0,1,21.56666666666667,1.0,0,Same transfers
徐匯中學站,忠義站,2,1,55.5,2.0,1,33.93333333333333,3.0,1,21.56666666666667,1.0,0,Same transfers
徐匯中學站,新北投站,2,1,56.016666666666666,5.0,2,34.45,6.0,2,21.566666666666663,1.0,0,Same transfers
徐匯中學站,新北產業園區站,2,1,61.016666666666666,6.0,1,29.7,7.0,2,31.316666666666666,1.0,1,Fewer transfers
徐匯中學站,新北產業園區站,3,1,70.55,5.0,2,29.7,7.0,2,40.849999999999994,2.0,0,Same transfers
徐匯中學站,新埔民生站,2,1,53.41666666666666,6.0,1,27.866666666666667,7.0,2,25.54999999999999,1.0,1,Fewer transfers
徐匯中學站,新埔民生站,3,1,62.95,5.0,2,27.866666666666667,7.0,2,35.083333333333336,2.0,0,Same transfers
徐匯中學站,新埔站,2,1,32.06666666666667,2.0,1,30.35,7.0,2,1.7166666666666686,5.0,1,Fewer transfers
徐匯中學站,新店區公所站,2,1,38.61666666666667,2.0,1,37.333333333333336,5.0,2,1.2833333333333314,3.0,1,Fewer transfers
徐匯中學站,新店站,2,1,40.88333333333333,2.0,1,39.6,5.0,2,1.2833333333333314,3.0,1,Fewer transfers
徐匯中學站,明德站,2,1,42.96666666666667,2.0,1,21.4,3.0,1,21.56666666666667,1.0,0,Same transfers
徐匯中學站,景平站,2,1,44.46666666666667,5.0,2,38.73333333333333,6.0,1,5.733333333333341,1.0,-1,More transfers
徐匯中學站,景美站,2,1,33.13333333333333,2.0,1,31.85,5.0,2,1.2833333333333314,3.0,1,Fewer transfers
徐匯中學站,板新站,2,1,46.6,6.0,1,34.68333333333333,7.0,2,11.916666666666671,1.0,1,Fewer transfers
徐匯中學站,板新站,3,1,56.13333333333333,5.0,2,34.68333333333333,7.0,2,21.450000000000003,2.0,0,Same transfers
徐匯中學站,板橋站,2,1,34.31666666666667,2.0,1,31.466666666666665,7.0,2,2.850000000000005,5.0,1,Fewer transfers
徐匯中學站,橋和站,2,1,42.71666666666667,6.0,1,38.56666666666667,7.0,2,4.149999999999999,1.0,1,Fewer transfers
徐匯中學站,橋和站,3,1,52.25,5.0,2,38.56666666666667,7.0,2,13.68333333333333,2.0,0,Same transfers
徐匯中學站,永寧站,2,1,45.083333333333336,2.0,1,43.36666666666667,7.0,2,1.7166666666666686,5.0,1,Fewer transfers
徐匯中學站,江子翠站,2,1,30.316666666666663,2.0,1,28.6,7.0,2,1.7166666666666615,5.0,1,Fewer transfers
徐匯中學站,海山站,2,1,40.86666666666667,2.0,1,39.15,7.0,2,1.7166666666666686,5.0,1,Fewer transfers
徐匯中學站,淡水站,2,1,66.41666666666667,2.0,1,44.85,3.0,1,21.56666666666667,1.0,0,Same transfers
徐匯中學站,石牌站,2,1,44.46666666666667,2.0,1,22.9,3.0,1,21.56666666666667,1.0,0,Same transfers
徐匯中學站,秀朗橋站,2,1,42.766666666666666,5.0,2,40.46666666666667,6.0,1,2.299999999999997,1.0,-1,More transfers
徐匯中學站,竹圍站,2,1,60.23333333333333,2.0,1,38.66666666666666,3.0,1,21.56666666666667,1.0,0,Same transfers
徐匯中學站,紅樹林站,2,1,63.05,2.0,1,41.48333333333333,3.0,1,21.56666666666667,1.0,0,Same transfers
徐匯中學站,芝山站,2,1,41.2,2.0,1,19.633333333333333,3.0,1,21.56666666666667,1.0,0,Same transfers
徐匯中學站,萬隆站,2,1,31.2,2.0,1,29.916666666666668,5.0,2,1.2833333333333314,3.0,1,Fewer transfers
徐匯中學站,西門站,2,1,22.55,2.0,1,21.58333333333333,6.0,2,0.9666666666666721,4.0,1,Fewer transfers
徐匯中學站,關渡站,2,1,57.28333333333333,2.0,1,35.71666666666667,3.0,1,21.566666666666663,1.0,0,Same transfers
徐匯中學站,雙連站,2,1,31.2,2.0,1,12.633333333333333,3.0,1,18.566666666666666,1.0,0,Same transfers
徐匯中學站,頂埔站,2,1,48.55,2.0,1,46.833333333333336,7.0,2,1.7166666666666615,5.0,1,Fewer transfers
徐匯中學站,龍山寺站,2,1,26.633333333333333,2.0,1,24.916666666666668,7.0,2,1.716666666666665,5.0,1,Fewer transfers
復興崗站,三和國中站,2,1,51.36666666666667,2.0,1,29.8,3.0,1,21.566666666666666,1.0,0,Same transfers
復興崗站,三民高中站,2,1,55.1,2.0,1,33.53333333333333,3.0,1,21.56666666666667,1.0,0,Same transfers
復興崗站,三重國小站,2,1,49.16666666666666,2.0,1,27.6,3.0,1,21.566666666666656,1.0,0,Same transfers
復興崗站,三重站,2,1,52.61666666666667,2.0,1,31.05,3.0,1,21.566666666666666,1.0,0,Same transfers
復興崗站,中原站,2,1,59.16666666666666,8.0,2,54.1,9.0,2,5.066666666666656,1.0,0,Same transfers
復興崗站,中原站,3,1,61.35,5.0,2,54.1,9.0,2,7.25,4.0,0,Same transfers
復興崗站,中和站,2,1,55.333333333333336,9.0,2,52.05,10.0,3,3.2833333333333385,1.0,1,Fewer transfers
復興崗站,中和站,3,1,55.4,8.0,2,52.05,10.0,3,3.3500000000000014,2.0,1,Fewer transfers
復興崗站,中和站,4,1,57.583333333333336,5.0,2,52.05,10.0,3,5.5333333333333385,5.0,1,Fewer transfers
復興崗站,中山國中站,2,1,45.71666666666667,5.0,1,37.083333333333336,8.0,2,8.633333333333333,3.0,1,Fewer transfers
復興崗站,中山國小站,2,1,42.766666666666666,2.0,1,24.65,3.0,1,18.116666666666667,1.0,0,Same transfers
復興崗站,丹鳳站,2,1,64.6,2.0,1,43.03333333333333,3.0,1,21.566666666666663,1.0,0,Same transfers
復興崗站,先嗇宮站,2,1,55.4,2.0,1,33.833333333333336,3.0,1,21.566666666666663,1.0,0,Same transfers
復興崗站,內湖站,2,1,61.516666666666666,5.0,1,52.88333333333333,8.0,2,8.633333333333333,3.0,1,Fewer transfers
復興崗站,六張犁站,2,1,44.333333333333336,5.0,1,43.46666666666667,8.0,2,0.8666666666666671,3.0,1,Fewer transfers
復興崗站,劍南路站,2,1,54.43333333333333,5.0,1,45.8,8.0,2,8.633333333333333,3.0,1,Fewer transfers
復興崗站,動物園站,2,1,55.7,5.0,1,54.833333333333336,8.0,2,0.8666666666666671,3.0,1,Fewer transfers
復興崗站,北門站,2,1,36.03333333333333,2.0,1,28.45,3.0,1,7.583333333333332,1.0,0,Same transfers
復興崗站,南京三民站,2,1,47.0,2.0,1,34.5,3.0,1,12.5,1.0,0,Same transfers
復興崗站,南京復興站,2,1,42.9,2.0,1,30.4,3.0,1,12.5,1.0,0,Same transfers
復興崗站,南勢角站,2,1,47.6,3.0,1,44.31666666666667,4.0,2,3.2833333333333314,1.0,1,Fewer transfers
復興崗站,南勢角站,3,1,47.66666666666666,2.0,1,44.31666666666667,4.0,2,3.349999999999987,2.0,1,Fewer transfers
復興崗站,南港軟體園區站,2,1,60.46666666666667,8.0,2,56.11666666666667,9.0,2,4.350000000000001,1.0,0,Same transfers
復興崗站,南港軟體園區站,3,1,69.1,5.0,1,56.11666666666667,9.0,2,12.983333333333327,4.0,1,Fewer transfers
復興崗站,台北小巨蛋站,2,1,44.85,2.0,1,32.35,3.0,1,12.5,1.0,0,Same transfers
復興崗站,台北橋站,2,1,48.766666666666666,2.0,1,27.2,3.0,1,21.566666666666666,1.0,0,Same transfers
復興崗站,大橋頭站,2,1,46.21666666666667,2.0,1,24.65,3.0,1,21.56666666666667,1.0,0,Same transfers
復興崗站,大湖公園站,2,1,63.11666666666667,5.0,1,54.48333333333333,8.0,2,8.63333333333334,3.0,1,Fewer transfers
復興崗站,大直站,2,1,52.28333333333333,5.0,1,43.65,8.0,2,8.633333333333333,3.0,1,Fewer transfers
復興崗站,幸福站,2,1,65.78333333333333,8.0,2,44.21666666666667,9.0,2,21.566666666666663,1.0,0,Same transfers
復興崗站,幸福站,3,1,75.4,5.0,2,44.21666666666667,9.0,2,31.183333333333337,4.0,0,Same transfers
復興崗站,徐匯中學站,2,1,53.15,2.0,1,31.58333333333333,3.0,1,21.56666666666667,1.0,0,Same transfers
復興崗站,忠孝新生站,2,1,36.53333333333333,2.0,1,30.75,3.0,1,5.783333333333331,1.0,0,Same transfers
復興崗站,文德站,2,1,59.8,5.0,1,51.16666666666666,8.0,2,8.63333333333334,3.0,1,Fewer transfers
復興崗站,新北產業園區站,2,1,68.41666666666667,8.0,2,46.85,9.0,2,21.56666666666667,1.0,0,Same transfers
復興崗站,新北產業園區站,3,1,78.03333333333333,5.0,2,46.85,9.0,2,31.18333333333333,4.0,0,Same transfers
復興崗站,新埔民生站,2,1,66.58333333333333,8.0,2,45.016666666666666,9.0,2,21.566666666666663,1.0,0,Same transfers
復興崗站,新埔民生站,3,1,70.43333333333334,5.0,2,45.016666666666666,9.0,2,25.41666666666667,4.0,0,Same transfers
復興崗站,新莊站,2,1,59.6,2.0,1,38.03333333333333,3.0,1,21.56666666666667,1.0,0,Same transfers
復興崗站,景安站,2,1,45.516666666666666,3.0,1,42.23333333333333,4.0,2,3.2833333333333385,1.0,1,Fewer transfers
復興崗站,景安站,3,1,45.583333333333336,2.0,1,42.23333333333333,4.0,2,3.3500000000000085,2.0,1,Fewer transfers
復興崗站,景平站,2,1,51.95,5.0,2,50.21666666666667,10.0,3,1.7333333333333343,5.0,1,Fewer transfers
復興崗站,木柵站,2,1,54.16666666666666,5.0,1,53.3,8.0,2,0.86666666666666,3.0,1,Fewer transfers
復興崗站,東湖站,2,1,58.63333333333333,8.0,2,57.95,9.0,2,0.68333333333333,1.0,0,Same transfers
復興崗站,東湖站,3,1,67.26666666666667,5.0,1,57.95,9.0,2,9.316666666666663,4.0,1,Fewer transfers
復興崗站,松山機場站,2,1,48.91666666666666,5.0,1,40.28333333333333,8.0,2,8.633333333333326,3.0,1,Fewer transfers
復興崗站,松山站,2,1,49.75,2.0,1,37.25,3.0,1,12.5,1.0,0,Same transfers
復興崗站,松江南京站,2,1,38.86666666666667,2.0,1,28.28333333333333,3.0,1,10.583333333333336,1.0,0,Same transfers
復興崗站,板新站,2,1,61.43333333333333,8.0,2,51.833333333333336,9.0,2,9.599999999999994,1.0,0,Same transfers
復興崗站,板新站,3,1,63.61666666666667,5.0,2,51.833333333333336,9.0,2,11.783333333333331,4.0,0,Same transfers
復興崗站,橋和站,2,1,55.71666666666667,9.0,2,54.2,10.0,3,1.5166666666666657,1.0,1,Fewer transfers
復興崗站,橋和站,3,1,57.55,8.0,2,54.2,10.0,3,3.3499999999999943,2.0,1,Fewer transfers
復興崗站,橋和站,4,1,59.73333333333333,5.0,2,54.2,10.0,3,5.533333333333324,5.0,1,Fewer transfers
復興崗站,永安市場站,2,1,43.53333333333333,3.0,1,40.25,4.0,2,3.2833333333333314,1.0,1,Fewer transfers
復興崗站,永安市場站,3,1,43.6,2.0,1,40.25,4.0,2,3.3500000000000014,2.0,1,Fewer transfers
復興崗站,港墘站,2,1,58.18333333333333,5.0,1,49.55,8.0,2,8.633333333333333,3.0,1,Fewer transfers
復興崗站,科技大樓站,2,1,41.88333333333333,5.0,1,41.016666666666666,8.0,2,0.8666666666666671,3.0,1,Fewer transfers
復興崗站,菜寮站,2,1,50.8,2.0,1,29.23333333333333,3.0,1,21.566666666666666,1.0,0,Same transfers
復興崗站,萬芳社區站,2,1,52.96666666666667,5.0,1,52.1,8.0,2,0.8666666666666671,3.0,1,Fewer transfers
復興崗站,萬芳醫院站,2,1,50.9,5.0,1,50.03333333333333,8.0,2,0.8666666666666671,3.0,1,Fewer transfers
復興崗站,葫洲站,2,1,65.55,5.0,1,56.91666666666666,8.0,2,8.63333333333334,3.0,1,Fewer transfers
復興崗站,蘆洲站,2,1,57.36666666666667,2.0,1,35.8,3.0,1,21.56666666666667,1.0,0,Same transfers
復興崗站,行天宮站,2,1,40.66666666666666,2.0,1,26.75,3.0,1,13.916666666666657,1.0,0,Same transfers
復興崗站,西湖站,2,1,56.68333333333333,5.0,1,48.05,8.0,2,8.633333333333333,3.0,1,Fewer transfers
復興崗站,西門站,2,1,34.03333333333333,2.0,1,30.35,3.0,1,3.68333333333333,1.0,0,Same transfers
復興崗站,輔大站,2,1,62.3,2.0,1,40.73333333333333,3.0,1,21.56666666666667,1.0,0,Same transfers
復興崗站,辛亥站,2,1,48.71666666666667,5.0,1,47.85,8.0,2,0.8666666666666671,3.0,1,Fewer transfers
復興崗站,迴龍站,2,1,67.81666666666666,2.0,1,46.25,3.0,1,21.566666666666663,1.0,0,Same transfers
復興崗站,頂溪站,2,1,41.333333333333336,3.0,1,38.05,4.0,2,3.2833333333333385,1.0,1,Fewer transfers
復興崗站,頂溪站,3,1,41.4,2.0,1,38.05,4.0,2,3.3500000000000014,2.0,1,Fewer transfers
復興崗站,頭前庄站,2,1,57.61666666666667,2.0,1,36.05,3.0,1,21.56666666666667,1.0,0,Same transfers
復興崗站,麟光站,2,1,45.95,5.0,1,45.083333333333336,8.0,2,0.8666666666666671,3.0,1,Fewer transfers
忠孝復興站,七張站,2,1,27.45,2.0,1,24.383333333333333,4.0,2,3.0666666666666664,2.0,1,Fewer transfers
忠孝復興站,中原站,2,1,33.666666666666664,9.0,1,31.85,8.0,2,1.8166666666666629,-1.0,1,Fewer transfers
忠孝復興站,中原站,3,1,41.38333333333333,7.0,3,31.85,8.0,2,9.533333333333331,1.0,-1,More transfers
忠孝復興站,中原站,4,1,44.45,5.0,2,31.85,8.0,2,12.600000000000001,3.0,0,Same transfers
忠孝復興站,中和站,2,1,37.43333333333333,9.0,1,28.08333333333333,8.0,2,9.350000000000001,-1.0,1,Fewer transfers
忠孝復興站,中和站,3,1,37.61666666666667,7.0,3,28.08333333333333,8.0,2,9.533333333333339,1.0,-1,More transfers
忠孝復興站,中和站,4,1,40.68333333333333,5.0,2,28.08333333333333,8.0,2,12.600000000000001,3.0,0,Same transfers
忠孝復興站,中山站,2,1,10.75,4.0,1,10.183333333333334,4.0,2,0.5666666666666664,0.0,1,Fewer transfers
忠孝復興站,中山站,3,1,14.133333333333333,2.0,1,10.183333333333334,4.0,2,3.9499999999999993,2.0,1,Fewer transfers
忠孝復興站,中正紀念堂站,2,1,12.766666666666667,4.0,1,11.816666666666666,4.0,2,0.9500000000000011,0.0,1,Fewer transfers
忠孝復興站,中正紀念堂站,3,1,13.4,2.0,1,11.816666666666666,4.0,2,1.583333333333334,2.0,1,Fewer transfers
忠孝復興站,信義安和站,2,1,13.833333333333334,4.0,2,8.116666666666667,5.0,1,5.716666666666667,1.0,-1,More transfers
忠孝復興站,信義安和站,3,1,21.616666666666667,4.0,1,8.116666666666667,5.0,1,13.5,1.0,0,Same transfers
忠孝復興站,公館站,2,1,19.266666666666666,2.0,1,16.2,4.0,2,3.0666666666666664,2.0,1,Fewer transfers
忠孝復興站,十四張站,2,1,30.216666666666665,8.0,2,28.05,7.0,3,2.1666666666666643,-1.0,1,Fewer transfers
忠孝復興站,十四張站,3,1,31.116666666666667,5.0,2,28.05,7.0,3,3.0666666666666664,2.0,1,Fewer transfers
忠孝復興站,十四張站,4,1,47.03333333333333,9.0,1,28.05,7.0,3,18.98333333333333,-2.0,2,Fewer transfers
忠孝復興站,南京三民站,2,1,14.05,4.0,2,10.533333333333331,5.0,1,3.5166666666666693,1.0,-1,More transfers
忠孝復興站,南京三民站,3,1,22.7,2.0,1,10.533333333333331,5.0,1,12.166666666666668,3.0,0,Same transfers
忠孝復興站,南港軟體園區站,2,1,26.5,0.0,0,21.15,5.0,1,5.350000000000001,5.0,1,Fewer transfers
忠孝復興站,台北101/世貿站,2,1,15.666666666666666,4.0,2,9.95,5.0,1,5.716666666666667,1.0,-1,More transfers
忠孝復興站,台北101/世貿站,3,1,23.45,4.0,1,9.95,5.0,1,13.5,1.0,0,Same transfers
忠孝復興站,台北小巨蛋站,2,1,11.9,4.0,2,8.383333333333333,5.0,1,3.5166666666666675,1.0,-1,More transfers
忠孝復興站,台北小巨蛋站,3,1,20.55,2.0,1,8.383333333333333,5.0,1,12.166666666666668,3.0,0,Same transfers
忠孝復興站,台電大樓站,2,1,17.45,2.0,1,14.383333333333333,4.0,2,3.0666666666666664,2.0,1,Fewer transfers
忠孝復興站,大坪林站,2,1,25.7,2.0,1,22.633333333333333,4.0,2,3.0666666666666664,2.0,1,Fewer transfers
忠孝復興站,大安森林公園站,2,1,10.15,4.0,2,7.85,5.0,1,2.3000000000000007,1.0,-1,More transfers
忠孝復興站,大安森林公園站,3,1,17.933333333333334,4.0,1,7.85,5.0,1,10.083333333333334,1.0,0,Same transfers
忠孝復興站,小碧潭站,2,1,33.833333333333336,5.0,2,30.766666666666666,7.0,3,3.06666666666667,2.0,1,Fewer transfers
忠孝復興站,幸福站,2,1,32.75,8.0,2,29.55,9.0,1,3.1999999999999993,1.0,-1,More transfers
忠孝復興站,幸福站,3,1,55.43333333333333,7.0,3,29.55,9.0,1,25.88333333333333,2.0,-2,More transfers
忠孝復興站,幸福站,4,1,58.5,5.0,2,29.55,9.0,1,28.95,4.0,-1,More transfers
忠孝復興站,廣慈/奉天宮站,2,1,20.216666666666665,4.0,2,14.5,5.0,1,5.716666666666665,1.0,-1,More transfers
忠孝復興站,廣慈/奉天宮站,3,1,28.0,4.0,1,14.5,5.0,1,13.5,1.0,0,Same transfers
忠孝復興站,新北產業園區站,2,1,35.38333333333333,8.0,2,32.18333333333333,9.0,1,3.200000000000003,1.0,-1,More transfers
忠孝復興站,新北產業園區站,3,1,58.06666666666667,7.0,3,32.18333333333333,9.0,1,25.88333333333334,2.0,-2,More transfers
忠孝復興站,新北產業園區站,4,1,61.13333333333333,5.0,2,32.18333333333333,9.0,1,28.950000000000003,4.0,-1,More transfers
忠孝復興站,新埔民生站,2,1,33.55,8.0,2,24.58333333333333,9.0,1,8.966666666666669,1.0,-1,More transfers
忠孝復興站,新埔民生站,3,1,50.46666666666667,7.0,3,24.58333333333333,9.0,1,25.88333333333334,2.0,-2,More transfers
忠孝復興站,新埔民生站,4,1,53.53333333333333,5.0,2,24.58333333333333,9.0,1,28.950000000000003,4.0,-1,More transfers
忠孝復興站,新店區公所站,2,1,29.2,2.0,1,26.133333333333333,4.0,2,3.0666666666666664,2.0,1,Fewer transfers
忠孝復興站,新店站,2,1,31.466666666666665,2.0,1,28.4,4.0,2,3.0666666666666664,2.0,1,Fewer transfers
忠孝復興站,景平站,2,1,31.98333333333333,7.0,3,26.25,8.0,2,5.733333333333331,1.0,-1,More transfers
忠孝復興站,景平站,3,1,35.05,5.0,2,26.25,8.0,2,8.799999999999997,3.0,0,Same transfers
忠孝復興站,景平站,4,1,43.06666666666667,9.0,1,26.25,8.0,2,16.81666666666667,-1.0,1,Fewer transfers
忠孝復興站,景美站,2,1,23.716666666666665,2.0,1,20.65,4.0,2,3.0666666666666664,2.0,1,Fewer transfers
忠孝復興站,東湖站,2,1,24.666666666666668,0.0,0,22.98333333333333,5.0,1,1.6833333333333371,5.0,1,Fewer transfers
忠孝復興站,松山站,2,1,16.8,4.0,2,13.283333333333331,5.0,1,3.5166666666666693,1.0,-1,More transfers
忠孝復興站,松山站,3,1,25.45,2.0,1,13.283333333333331,5.0,1,12.166666666666668,3.0,0,Same transfers
忠孝復興站,板新站,2,1,34.11666666666667,8.0,2,31.4,9.0,1,2.7166666666666686,1.0,-1,More transfers
忠孝復興站,板新站,3,1,43.65,7.0,3,31.4,9.0,1,12.25,2.0,-2,More transfers
忠孝復興站,板新站,4,1,46.71666666666667,5.0,2,31.4,9.0,1,15.31666666666667,4.0,-1,More transfers
忠孝復興站,橋和站,2,1,35.28333333333333,9.0,1,30.23333333333333,8.0,2,5.050000000000001,-1.0,1,Fewer transfers
忠孝復興站,橋和站,3,1,39.766666666666666,7.0,3,30.23333333333333,8.0,2,9.533333333333335,1.0,-1,More transfers
忠孝復興站,橋和站,4,1,42.833333333333336,5.0,2,30.23333333333333,8.0,2,12.600000000000005,3.0,0,Same transfers
忠孝復興站,秀朗橋站,2,1,30.28333333333333,7.0,3,27.98333333333333,8.0,2,2.3000000000000007,1.0,-1,More transfers
忠孝復興站,秀朗橋站,3,1,33.35,5.0,2,27.98333333333333,8.0,2,5.366666666666671,3.0,0,Same transfers
忠孝復興站,秀朗橋站,4,1,44.8,9.0,1,27.98333333333333,8.0,2,16.816666666666666,-1.0,1,Fewer transfers
忠孝復興站,萬隆站,2,1,21.78333333333333,2.0,1,18.716666666666665,4.0,2,3.0666666666666664,2.0,1,Fewer transfers
忠孝復興站,象山站,2,1,17.266666666666666,4.0,2,11.55,5.0,1,5.716666666666665,1.0,-1,More transfers
忠孝復興站,象山站,3,1,25.05,4.0,1,11.55,5.0,1,13.5,1.0,0,Same transfers
忠孝敦化站,七張站,2,1,29.2,2.0,1,26.133333333333333,4.0,2,3.0666666666666664,2.0,1,Fewer transfers
忠孝敦化站,中原站,2,1,35.416666666666664,9.0,1,33.6,8.0,2,1.8166666666666629,-1.0,1,Fewer transfers
忠孝敦化站,中原站,3,1,43.13333333333333,7.0,3,33.6,8.0,2,9.533333333333331,1.0,-1,More transfers
忠孝敦化站,中原站,4,1,46.2,5.0,2,33.6,8.0,2,12.600000000000001,3.0,0,Same transfers
忠孝敦化站,中和站,2,1,39.18333333333333,9.0,1,29.83333333333333,8.0,2,9.350000000000001,-1.0,1,Fewer transfers
忠孝敦化站,中和站,3,1,39.36666666666667,7.0,3,29.83333333333333,8.0,2,9.533333333333339,1.0,-1,More transfers
忠孝敦化站,中和站,4,1,42.43333333333333,5.0,2,29.83333333333333,8.0,2,12.600000000000001,3.0,0,Same transfers
忠孝敦化站,中山站,2,1,12.5,4.0,1,11.933333333333334,4.0,2,0.5666666666666664,0.0,1,Fewer transfers
忠孝敦化站,中山站,3,1,15.883333333333333,2.0,1,11.933333333333334,4.0,2,3.9499999999999993,2.0,1,Fewer transfers
忠孝敦化站,中正紀念堂站,2,1,14.516666666666667,4.0,1,13.566666666666666,4.0,2,0.9500000000000011,0.0,1,Fewer transfers
忠孝敦化站,中正紀念堂站,3,1,15.15,2.0,1,13.566666666666666,4.0,2,1.583333333333334,2.0,1,Fewer transfers
忠孝敦化站,信義安和站,2,1,15.583333333333334,4.0,2,14.95,10.0,2,0.6333333333333346,6.0,0,Same transfers
忠孝敦化站,信義安和站,3,1,23.366666666666667,4.0,1,14.95,10.0,2,8.416666666666668,6.0,1,Fewer transfers
忠孝敦化站,公館站,2,1,21.016666666666666,2.0,1,17.95,4.0,2,3.0666666666666664,2.0,1,Fewer transfers
忠孝敦化站,十四張站,2,1,31.966666666666665,8.0,2,29.8,7.0,3,2.1666666666666643,-1.0,1,Fewer transfers
忠孝敦化站,十四張站,3,1,32.86666666666667,5.0,2,29.8,7.0,3,3.0666666666666664,2.0,1,Fewer transfers
忠孝敦化站,十四張站,4,1,48.78333333333333,9.0,1,29.8,7.0,3,18.98333333333333,-2.0,2,Fewer transfers
忠孝敦化站,南京三民站,2,1,24.45,2.0,1,15.8,4.0,2,8.649999999999999,2.0,1,Fewer transfers
忠孝敦化站,南京復興站,2,1,11.7,4.0,2,8.266666666666667,5.0,1,3.433333333333332,1.0,-1,More transfers
忠孝敦化站,南京復興站,3,1,20.35,2.0,1,8.266666666666667,5.0,1,12.083333333333334,3.0,0,Same transfers
忠孝敦化站,台北101/世貿站,2,1,17.416666666666668,4.0,2,16.783333333333335,10.0,2,0.6333333333333329,6.0,0,Same transfers
忠孝敦化站,台北101/世貿站,3,1,25.2,4.0,1,16.783333333333335,10.0,2,8.416666666666664,6.0,1,Fewer transfers
忠孝敦化站,台北小巨蛋站,2,1,22.3,2.0,1,13.65,4.0,2,8.65,2.0,1,Fewer transfers
忠孝敦化站,台電大樓站,2,1,19.2,2.0,1,16.133333333333333,4.0,2,3.0666666666666664,2.0,1,Fewer transfers
忠孝敦化站,大坪林站,2,1,27.45,2.0,1,24.383333333333333,4.0,2,3.0666666666666664,2.0,1,Fewer transfers
忠孝敦化站,大安森林公園站,2,1,19.683333333333334,4.0,1,11.9,4.0,2,7.783333333333333,0.0,1,Fewer transfers
忠孝敦化站,大安站,2,1,13.583333333333334,4.0,2,7.95,5.0,1,5.633333333333334,1.0,-1,More transfers
忠孝敦化站,大安站,3,1,21.366666666666667,4.0,1,7.95,5.0,1,13.416666666666668,1.0,0,Same transfers
忠孝敦化站,小碧潭站,2,1,35.583333333333336,5.0,2,32.516666666666666,7.0,3,3.06666666666667,2.0,1,Fewer transfers
忠孝敦化站,幸福站,2,1,34.5,8.0,2,31.3,9.0,1,3.1999999999999993,1.0,-1,More transfers
忠孝敦化站,幸福站,3,1,57.18333333333333,7.0,3,31.3,9.0,1,25.88333333333333,2.0,-2,More transfers
忠孝敦化站,幸福站,4,1,60.25,5.0,2,31.3,9.0,1,28.95,4.0,-1,More transfers
忠孝敦化站,廣慈/奉天宮站,2,1,21.966666666666665,4.0,2,21.33333333333333,10.0,2,0.6333333333333364,6.0,0,Same transfers
忠孝敦化站,廣慈/奉天宮站,3,1,29.75,4.0,1,21.33333333333333,10.0,2,8.416666666666671,6.0,1,Fewer transfers
忠孝敦化站,新北產業園區站,2,1,37.13333333333333,8.0,2,33.93333333333333,9.0,1,3.200000000000003,1.0,-1,More transfers
忠孝敦化站,新北產業園區站,3,1,59.81666666666667,7.0,3,33.93333333333333,9.0,1,25.88333333333334,2.0,-2,More transfers
忠孝敦化站,新北產業園區站,4,1,62.88333333333333,5.0,2,33.93333333333333,9.0,1,28.950000000000003,4.0,-1,More transfers
忠孝敦化站,新埔民生站,2,1,35.3,8.0,2,26.33333333333333,9.0,1,8.966666666666669,1.0,-1,More transfers
忠孝敦化站,新埔民生站,3,1,52.21666666666667,7.0,3,26.33333333333333,9.0,1,25.88333333333334,2.0,-2,More transfers
忠孝敦化站,新埔民生站,4,1,55.28333333333333,5.0,2,26.33333333333333,9.0,1,28.950000000000003,4.0,-1,More transfers
忠孝敦化站,新店區公所站,2,1,30.95,2.0,1,27.883333333333333,4.0,2,3.0666666666666664,2.0,1,Fewer transfers
忠孝敦化站,新店站,2,1,33.21666666666667,2.0,1,30.15,4.0,2,3.06666666666667,2.0,1,Fewer transfers
忠孝敦化站,景平站,2,1,33.733333333333334,7.0,3,28.0,8.0,2,5.733333333333334,1.0,-1,More transfers
忠孝敦化站,景平站,3,1,36.8,5.0,2,28.0,8.0,2,8.799999999999997,3.0,0,Same transfers
忠孝敦化站,景平站,4,1,44.81666666666667,9.0,1,28.0,8.0,2,16.81666666666667,-1.0,1,Fewer transfers
忠孝敦化站,景美站,2,1,25.466666666666665,2.0,1,22.4,4.0,2,3.0666666666666664,2.0,1,Fewer transfers
忠孝敦化站,松山站,2,1,27.2,2.0,1,18.55,4.0,2,8.649999999999999,2.0,1,Fewer transfers
忠孝敦化站,板新站,2,1,35.86666666666667,8.0,2,33.15,9.0,1,2.7166666666666686,1.0,-1,More transfers
忠孝敦化站,板新站,3,1,45.4,7.0,3,33.15,9.0,1,12.25,2.0,-2,More transfers
忠孝敦化站,板新站,4,1,48.46666666666667,5.0,2,33.15,9.0,1,15.31666666666667,4.0,-1,More transfers
忠孝敦化站,橋和站,2,1,37.03333333333333,9.0,1,31.98333333333333,8.0,2,5.050000000000001,-1.0,1,Fewer transfers
忠孝敦化站,橋和站,3,1,41.516666666666666,7.0,3,31.98333333333333,8.0,2,9.533333333333335,1.0,-1,More transfers
忠孝敦化站,橋和站,4,1,44.583333333333336,5.0,2,31.98333333333333,8.0,2,12.600000000000005,3.0,0,Same transfers
忠孝敦化站,秀朗橋站,2,1,32.03333333333333,7.0,3,29.73333333333333,8.0,2,2.3000000000000007,1.0,-1,More transfers
忠孝敦化站,秀朗橋站,3,1,35.1,5.0,2,29.73333333333333,8.0,2,5.366666666666671,3.0,0,Same transfers
忠孝敦化站,秀朗橋站,4,1,46.55,9.0,1,29.73333333333333,8.0,2,16.816666666666666,-1.0,1,Fewer transfers
忠孝敦化站,萬隆站,2,1,23.53333333333333,2.0,1,20.466666666666665,4.0,2,3.0666666666666664,2.0,1,Fewer transfers
忠孝敦化站,象山站,2,1,19.016666666666666,4.0,2,18.383333333333333,10.0,2,0.6333333333333329,6.0,0,Same transfers
忠孝敦化站,象山站,3,1,26.8,4.0,1,18.383333333333333,10.0,2,8.416666666666668,6.0,1,Fewer transfers
忠孝新生站,中原站,2,1,37.25,5.0,2,27.716666666666665,6.0,1,9.533333333333335,1.0,-1,More transfers
忠孝新生站,中和站,2,1,33.483333333333334,5.0,2,23.95,6.0,1,9.533333333333335,1.0,-1,More transfers
忠孝新生站,劍潭站,2,1,20.433333333333334,2.0,1,14.65,3.0,1,5.783333333333333,1.0,0,Same transfers
忠孝新生站,北投站,2,1,33.78333333333333,2.0,1,28.0,3.0,1,5.783333333333331,1.0,0,Same transfers
忠孝新生站,十四張站,2,1,26.08333333333333,6.0,1,23.916666666666668,5.0,2,2.1666666666666607,-1.0,1,Fewer transfers
忠孝新生站,台大醫院站,2,1,9.766666666666667,2.0,1,8.566666666666666,4.0,1,1.200000000000001,2.0,0,Same transfers
忠孝新生站,唭哩岸站,2,1,30.116666666666667,2.0,1,24.33333333333333,3.0,1,5.7833333333333385,1.0,0,Same transfers
忠孝新生站,圓山站,2,1,18.08333333333333,2.0,1,12.3,3.0,1,5.783333333333328,1.0,0,Same transfers
忠孝新生站,士林站,2,1,22.566666666666663,2.0,1,16.783333333333335,3.0,1,5.783333333333328,1.0,0,Same transfers
忠孝新生站,奇岩站,2,1,31.816666666666663,2.0,1,26.03333333333333,3.0,1,5.783333333333331,1.0,0,Same transfers
忠孝新生站,幸福站,2,1,28.616666666666667,6.0,1,27.383333333333333,9.0,1,1.2333333333333343,3.0,0,Same transfers
忠孝新生站,幸福站,3,1,51.3,5.0,2,27.383333333333333,9.0,1,23.916666666666664,4.0,-1,More transfers
忠孝新生站,復興崗站,2,1,36.48333333333333,2.0,1,30.7,3.0,1,5.783333333333328,1.0,0,Same transfers
忠孝新生站,忠義站,2,1,38.88333333333333,2.0,1,33.1,3.0,1,5.783333333333331,1.0,0,Same transfers
忠孝新生站,新北投站,2,1,39.4,5.0,2,33.61666666666667,6.0,2,5.783333333333331,1.0,0,Same transfers
忠孝新生站,新北產業園區站,2,1,31.25,6.0,1,30.016666666666666,9.0,1,1.2333333333333343,3.0,0,Same transfers
忠孝新生站,新北產業園區站,3,1,53.93333333333333,5.0,2,30.016666666666666,9.0,1,23.916666666666664,4.0,-1,More transfers
忠孝新生站,新埔民生站,2,1,29.416666666666668,6.0,1,22.416666666666668,9.0,1,7.0,3.0,0,Same transfers
忠孝新生站,新埔民生站,3,1,46.333333333333336,5.0,2,22.416666666666668,9.0,1,23.916666666666668,4.0,-1,More transfers
忠孝新生站,明德站,2,1,26.35,2.0,1,20.566666666666663,3.0,1,5.7833333333333385,1.0,0,Same transfers
忠孝新生站,景平站,2,1,27.85,5.0,2,22.116666666666667,6.0,1,5.733333333333334,1.0,-1,More transfers
忠孝新生站,板新站,2,1,29.98333333333333,6.0,1,29.23333333333333,9.0,1,0.75,3.0,0,Same transfers
忠孝新生站,板新站,3,1,39.516666666666666,5.0,2,29.23333333333333,9.0,1,10.283333333333335,4.0,-1,More transfers
忠孝新生站,橋和站,2,1,35.63333333333333,5.0,2,26.1,6.0,1,9.533333333333331,1.0,-1,More transfers
忠孝新生站,淡水站,2,1,49.8,2.0,1,44.016666666666666,3.0,1,5.783333333333331,1.0,0,Same transfers
忠孝新生站,石牌站,2,1,27.85,2.0,1,22.066666666666663,3.0,1,5.7833333333333385,1.0,0,Same transfers
忠孝新生站,秀朗橋站,2,1,26.15,5.0,2,23.85,6.0,1,2.299999999999997,1.0,-1,More transfers
忠孝新生站,竹圍站,2,1,43.61666666666667,2.0,1,37.833333333333336,3.0,1,5.783333333333331,1.0,0,Same transfers
忠孝新生站,紅樹林站,2,1,46.43333333333333,2.0,1,40.65,3.0,1,5.783333333333331,1.0,0,Same transfers
忠孝新生站,芝山站,2,1,24.58333333333333,2.0,1,18.8,3.0,1,5.783333333333328,1.0,0,Same transfers
忠孝新生站,關渡站,2,1,40.66666666666666,2.0,1,34.88333333333333,3.0,1,5.783333333333324,1.0,0,Same transfers
忠孝新生站,雙連站,2,1,11.8,3.0,1,10.116666666666667,4.0,1,1.6833333333333336,1.0,0,Same transfers
忠孝新生站,雙連站,3,1,14.583333333333334,2.0,1,10.116666666666667,4.0,1,4.466666666666667,2.0,0,Same transfers
忠義站,三和國中站,2,1,53.766666666666666,2.0,1,32.2,3.0,1,21.566666666666663,1.0,0,Same transfers
忠義站,三民高中站,2,1,57.5,2.0,1,35.93333333333333,3.0,1,21.56666666666667,1.0,0,Same transfers
忠義站,三重國小站,2,1,51.56666666666667,2.0,1,30.0,3.0,1,21.56666666666667,1.0,0,Same transfers
忠義站,三重站,2,1,55.016666666666666,2.0,1,33.45,3.0,1,21.566666666666663,1.0,0,Same transfers
忠義站,中原站,2,1,61.56666666666667,8.0,2,56.5,9.0,2,5.06666666666667,1.0,0,Same transfers
忠義站,中原站,3,1,63.75,5.0,2,56.5,9.0,2,7.25,4.0,0,Same transfers
忠義站,中和站,2,1,57.73333333333333,9.0,2,54.45,10.0,3,3.2833333333333243,1.0,1,Fewer transfers
忠義站,中和站,3,1,57.8,8.0,2,54.45,10.0,3,3.3499999999999943,2.0,1,Fewer transfers
忠義站,中和站,4,1,59.98333333333333,5.0,2,54.45,10.0,3,5.533333333333324,5.0,1,Fewer transfers
忠義站,中山國中站,2,1,48.11666666666667,5.0,1,39.48333333333333,8.0,2,8.63333333333334,3.0,1,Fewer transfers
忠義站,中山國小站,2,1,45.16666666666666,2.0,1,27.05,3.0,1,18.116666666666656,1.0,0,Same transfers
忠義站,丹鳳站,2,1,67.0,2.0,1,45.43333333333333,3.0,1,21.56666666666667,1.0,0,Same transfers
忠義站,先嗇宮站,2,1,57.8,2.0,1,36.23333333333333,3.0,1,21.56666666666667,1.0,0,Same transfers
忠義站,內湖站,2,1,63.91666666666666,5.0,1,55.28333333333333,8.0,2,8.633333333333326,3.0,1,Fewer transfers
忠義站,六張犁站,2,1,46.73333333333333,5.0,1,45.86666666666667,8.0,2,0.86666666666666,3.0,1,Fewer transfers
忠義站,劍南路站,2,1,56.833333333333336,5.0,1,48.2,8.0,2,8.633333333333333,3.0,1,Fewer transfers
忠義站,動物園站,2,1,58.1,5.0,1,57.23333333333333,8.0,2,0.8666666666666742,3.0,1,Fewer transfers
忠義站,北門站,2,1,38.43333333333333,2.0,1,30.85,3.0,1,7.583333333333329,1.0,0,Same transfers
忠義站,南京三民站,2,1,49.4,2.0,1,36.9,3.0,1,12.5,1.0,0,Same transfers
忠義站,南京復興站,2,1,45.3,2.0,1,32.8,3.0,1,12.5,1.0,0,Same transfers
忠義站,南勢角站,2,1,50.0,3.0,1,46.71666666666667,4.0,2,3.2833333333333314,1.0,1,Fewer transfers
忠義站,南勢角站,3,1,50.06666666666667,2.0,1,46.71666666666667,4.0,2,3.3500000000000014,2.0,1,Fewer transfers
忠義站,南港軟體園區站,2,1,62.86666666666667,8.0,2,58.516666666666666,9.0,2,4.350000000000001,1.0,0,Same transfers
忠義站,南港軟體園區站,3,1,71.5,5.0,1,58.516666666666666,9.0,2,12.983333333333334,4.0,1,Fewer transfers
忠義站,台北小巨蛋站,2,1,47.25,2.0,1,34.75,3.0,1,12.5,1.0,0,Same transfers
忠義站,台北橋站,2,1,51.16666666666666,2.0,1,29.6,3.0,1,21.566666666666656,1.0,0,Same transfers
忠義站,大橋頭站,2,1,48.61666666666667,2.0,1,27.05,3.0,1,21.566666666666666,1.0,0,Same transfers
忠義站,大湖公園站,2,1,65.51666666666667,5.0,1,56.88333333333333,8.0,2,8.633333333333333,3.0,1,Fewer transfers
忠義站,大直站,2,1,54.68333333333333,5.0,1,46.05,8.0,2,8.633333333333333,3.0,1,Fewer transfers
忠義站,幸福站,2,1,68.18333333333334,8.0,2,46.61666666666667,9.0,2,21.56666666666667,1.0,0,Same transfers
忠義站,幸福站,3,1,77.8,5.0,2,46.61666666666667,9.0,2,31.18333333333333,4.0,0,Same transfers
忠義站,徐匯中學站,2,1,55.55,2.0,1,33.983333333333334,3.0,1,21.566666666666663,1.0,0,Same transfers
忠義站,忠孝新生站,2,1,38.93333333333333,2.0,1,33.15,3.0,1,5.783333333333331,1.0,0,Same transfers
忠義站,文德站,2,1,62.2,5.0,1,53.56666666666667,8.0,2,8.633333333333333,3.0,1,Fewer transfers
忠義站,新北產業園區站,2,1,70.81666666666666,8.0,2,49.25,9.0,2,21.566666666666663,1.0,0,Same transfers
忠義站,新北產業園區站,3,1,80.43333333333334,5.0,2,49.25,9.0,2,31.183333333333337,4.0,0,Same transfers
忠義站,新埔民生站,2,1,68.98333333333333,8.0,2,47.41666666666666,9.0,2,21.566666666666677,1.0,0,Same transfers
忠義站,新埔民生站,3,1,72.83333333333333,5.0,2,47.41666666666666,9.0,2,25.41666666666667,4.0,0,Same transfers
忠義站,新莊站,2,1,62.0,2.0,1,40.43333333333333,3.0,1,21.56666666666667,1.0,0,Same transfers
忠義站,景安站,2,1,47.91666666666666,3.0,1,44.63333333333333,4.0,2,3.2833333333333243,1.0,1,Fewer transfers
忠義站,景安站,3,1,47.98333333333333,2.0,1,44.63333333333333,4.0,2,3.3499999999999943,2.0,1,Fewer transfers
忠義站,景平站,2,1,54.35,5.0,2,52.61666666666667,10.0,3,1.7333333333333343,5.0,1,Fewer transfers
忠義站,木柵站,2,1,56.56666666666667,5.0,1,55.7,8.0,2,0.8666666666666671,3.0,1,Fewer transfers
忠義站,東湖站,2,1,61.03333333333333,8.0,2,60.35,9.0,2,0.68333333333333,1.0,0,Same transfers
忠義站,東湖站,3,1,69.66666666666667,5.0,1,60.35,9.0,2,9.31666666666667,4.0,1,Fewer transfers
忠義站,松山機場站,2,1,51.31666666666667,5.0,1,42.68333333333333,8.0,2,8.63333333333334,3.0,1,Fewer transfers
忠義站,松山站,2,1,52.15,2.0,1,39.65,3.0,1,12.5,1.0,0,Same transfers
忠義站,松江南京站,2,1,41.266666666666666,2.0,1,30.683333333333334,3.0,1,10.583333333333332,1.0,0,Same transfers
忠義站,板新站,2,1,63.833333333333336,8.0,2,54.23333333333333,9.0,2,9.600000000000009,1.0,0,Same transfers
忠義站,板新站,3,1,66.01666666666667,5.0,2,54.23333333333333,9.0,2,11.783333333333339,4.0,0,Same transfers
忠義站,橋和站,2,1,58.11666666666667,9.0,2,56.6,10.0,3,1.5166666666666657,1.0,1,Fewer transfers
忠義站,橋和站,3,1,59.95,8.0,2,56.6,10.0,3,3.3500000000000014,2.0,1,Fewer transfers
忠義站,橋和站,4,1,62.13333333333333,5.0,2,56.6,10.0,3,5.533333333333331,5.0,1,Fewer transfers
忠義站,永安市場站,2,1,45.93333333333333,3.0,1,42.65,4.0,2,3.2833333333333314,1.0,1,Fewer transfers
忠義站,永安市場站,3,1,46.0,2.0,1,42.65,4.0,2,3.3500000000000014,2.0,1,Fewer transfers
忠義站,港墘站,2,1,60.583333333333336,5.0,1,51.95,8.0,2,8.633333333333333,3.0,1,Fewer transfers
忠義站,科技大樓站,2,1,44.28333333333333,5.0,1,43.41666666666666,8.0,2,0.8666666666666742,3.0,1,Fewer transfers
忠義站,菜寮站,2,1,53.2,2.0,1,31.633333333333333,3.0,1,21.56666666666667,1.0,0,Same transfers
忠義站,萬芳社區站,2,1,55.36666666666667,5.0,1,54.5,8.0,2,0.8666666666666671,3.0,1,Fewer transfers
忠義站,萬芳醫院站,2,1,53.3,5.0,1,52.43333333333333,8.0,2,0.8666666666666671,3.0,1,Fewer transfers
忠義站,葫洲站,2,1,67.95,5.0,1,59.31666666666667,8.0,2,8.633333333333333,3.0,1,Fewer transfers
忠義站,蘆洲站,2,1,59.766666666666666,2.0,1,38.2,3.0,1,21.566666666666663,1.0,0,Same transfers
忠義站,行天宮站,2,1,43.06666666666667,2.0,1,29.15,3.0,1,13.916666666666671,1.0,0,Same transfers
忠義站,西湖站,2,1,59.083333333333336,5.0,1,50.45,8.0,2,8.633333333333333,3.0,1,Fewer transfers
忠義站,西門站,2,1,36.43333333333333,2.0,1,32.75,3.0,1,3.68333333333333,1.0,0,Same transfers
忠義站,輔大站,2,1,64.7,2.0,1,43.13333333333333,3.0,1,21.56666666666667,1.0,0,Same transfers
忠義站,辛亥站,2,1,51.11666666666667,5.0,1,50.25,8.0,2,0.8666666666666671,3.0,1,Fewer transfers
忠義站,迴龍站,2,1,70.21666666666667,2.0,1,48.65,3.0,1,21.56666666666667,1.0,0,Same transfers
忠義站,頂溪站,2,1,43.73333333333333,3.0,1,40.45,4.0,2,3.2833333333333243,1.0,1,Fewer transfers
忠義站,頂溪站,3,1,43.8,2.0,1,40.45,4.0,2,3.3499999999999943,2.0,1,Fewer transfers
忠義站,頭前庄站,2,1,60.016666666666666,2.0,1,38.45,3.0,1,21.566666666666663,1.0,0,Same transfers
忠義站,麟光站,2,1,48.35,5.0,1,47.48333333333333,8.0,2,0.8666666666666742,3.0,1,Fewer transfers
文德站,中原站,2,1,56.53333333333333,14.0,2,54.71666666666667,13.0,3,1.8166666666666629,-1.0,1,Fewer transfers
文德站,中原站,3,1,63.75,8.0,2,54.71666666666667,13.0,3,9.033333333333331,5.0,1,Fewer transfers
文德站,中和站,2,1,59.98333333333333,8.0,2,50.95,13.0,3,9.033333333333324,5.0,1,Fewer transfers
文德站,劍潭站,2,1,43.66666666666666,5.0,1,35.0,8.0,2,8.666666666666657,3.0,1,Fewer transfers
文德站,北投站,2,1,57.016666666666666,5.0,1,48.35,8.0,2,8.666666666666664,3.0,1,Fewer transfers
文德站,古亭站,2,1,34.78333333333333,5.0,1,33.28333333333333,7.0,2,1.5,2.0,1,Fewer transfers
文德站,台大醫院站,2,1,33.0,5.0,1,30.95,8.0,2,2.0500000000000007,3.0,1,Fewer transfers
文德站,唭哩岸站,2,1,53.35,5.0,1,44.68333333333333,8.0,2,8.666666666666671,3.0,1,Fewer transfers
文德站,圓山站,2,1,41.31666666666667,5.0,1,32.65,8.0,2,8.666666666666671,3.0,1,Fewer transfers
文德站,士林站,2,1,45.8,5.0,1,37.13333333333333,8.0,2,8.666666666666664,3.0,1,Fewer transfers
文德站,奇岩站,2,1,55.05,5.0,1,46.38333333333333,8.0,2,8.666666666666664,3.0,1,Fewer transfers
文德站,幸福站,2,1,52.41666666666666,14.0,2,51.18333333333333,13.0,3,1.2333333333333272,-1.0,1,Fewer transfers
文德站,幸福站,3,1,77.8,8.0,2,51.18333333333333,13.0,3,26.616666666666667,5.0,1,Fewer transfers
文德站,復興崗站,2,1,59.71666666666667,5.0,1,51.05,8.0,2,8.666666666666671,3.0,1,Fewer transfers
文德站,忠義站,2,1,62.11666666666667,5.0,1,53.45,8.0,2,8.666666666666664,3.0,1,Fewer transfers
文德站,新北投站,2,1,62.63333333333333,8.0,2,53.96666666666667,11.0,3,8.666666666666664,3.0,1,Fewer transfers
文德站,新北產業園區站,2,1,55.05,14.0,2,53.81666666666667,13.0,3,1.2333333333333272,-1.0,1,Fewer transfers
文德站,新北產業園區站,3,1,80.43333333333334,8.0,2,53.81666666666667,13.0,3,26.616666666666667,5.0,1,Fewer transfers
文德站,新埔民生站,2,1,51.98333333333333,13.0,3,47.45,14.0,2,4.533333333333324,1.0,-1,More transfers
文德站,新埔民生站,3,1,72.83333333333333,8.0,2,47.45,14.0,2,25.383333333333326,6.0,0,Same transfers
文德站,明德站,2,1,49.583333333333336,5.0,1,40.91666666666666,8.0,2,8.666666666666679,3.0,1,Fewer transfers
文德站,景平站,2,1,54.35,8.0,2,49.11666666666667,13.0,3,5.233333333333334,5.0,1,Fewer transfers
文德站,板新站,2,1,56.98333333333333,13.0,3,54.266666666666666,14.0,2,2.7166666666666615,1.0,-1,More transfers
文德站,板新站,3,1,66.01666666666667,8.0,2,54.266666666666666,14.0,2,11.75,6.0,0,Same transfers
文德站,橋和站,2,1,58.15,14.0,2,53.1,13.0,3,5.049999999999997,-1.0,1,Fewer transfers
文德站,橋和站,3,1,62.13333333333333,8.0,2,53.1,13.0,3,9.033333333333331,5.0,1,Fewer transfers
文德站,民權西路站,2,1,39.31666666666667,5.0,1,29.866666666666667,7.0,2,9.450000000000003,2.0,1,Fewer transfers
文德站,淡水站,2,1,73.03333333333333,5.0,1,64.36666666666666,8.0,2,8.666666666666671,3.0,1,Fewer transfers
文德站,石牌站,2,1,51.083333333333336,5.0,1,42.41666666666666,8.0,2,8.666666666666679,3.0,1,Fewer transfers
文德站,秀朗橋站,2,1,52.65,8.0,2,50.85,13.0,3,1.7999999999999972,5.0,1,Fewer transfers
文德站,竹圍站,2,1,66.85,5.0,1,58.18333333333333,8.0,2,8.666666666666664,3.0,1,Fewer transfers
文德站,紅樹林站,2,1,69.66666666666667,5.0,1,61.0,8.0,2,8.666666666666671,3.0,1,Fewer transfers
文德站,芝山站,2,1,47.81666666666667,5.0,1,39.15,8.0,2,8.666666666666671,3.0,1,Fewer transfers
文德站,關渡站,2,1,63.9,5.0,1,55.23333333333333,8.0,2,8.666666666666671,3.0,1,Fewer transfers
文德站,雙連站,2,1,37.81666666666667,5.0,1,29.15,8.0,2,8.666666666666671,3.0,1,Fewer transfers
新北投站,三和國中站,2,1,54.73333333333333,5.0,2,33.166666666666664,6.0,2,21.566666666666663,1.0,0,Same transfers
新北投站,三民高中站,2,1,58.46666666666667,5.0,2,36.9,6.0,2,21.56666666666667,1.0,0,Same transfers
新北投站,三重國小站,2,1,52.53333333333333,5.0,2,30.966666666666665,6.0,2,21.566666666666666,1.0,0,Same transfers
新北投站,三重站,2,1,55.98333333333333,5.0,2,34.416666666666664,6.0,2,21.566666666666663,1.0,0,Same transfers
新北投站,中原站,2,1,62.53333333333333,11.0,3,57.46666666666667,12.0,3,5.066666666666663,1.0,0,Same transfers
新北投站,中原站,3,1,64.71666666666667,8.0,3,57.46666666666667,12.0,3,7.25,4.0,0,Same transfers
新北投站,中和站,2,1,58.7,12.0,3,55.41666666666666,13.0,4,3.2833333333333456,1.0,1,Fewer transfers
新北投站,中和站,3,1,58.766666666666666,11.0,3,55.41666666666666,13.0,4,3.3500000000000085,2.0,1,Fewer transfers
新北投站,中和站,4,1,60.95,8.0,3,55.41666666666666,13.0,4,5.533333333333346,5.0,1,Fewer transfers
新北投站,中山國中站,2,1,49.083333333333336,8.0,2,40.45,11.0,3,8.633333333333333,3.0,1,Fewer transfers
新北投站,中山國小站,2,1,46.13333333333333,5.0,2,28.016666666666666,6.0,2,18.116666666666667,1.0,0,Same transfers
新北投站,丹鳳站,2,1,67.96666666666667,5.0,2,46.4,6.0,2,21.56666666666667,1.0,0,Same transfers
新北投站,先嗇宮站,2,1,58.766666666666666,5.0,2,37.2,6.0,2,21.566666666666663,1.0,0,Same transfers
新北投站,內湖站,2,1,64.88333333333334,8.0,2,56.25,11.0,3,8.63333333333334,3.0,1,Fewer transfers
新北投站,六張犁站,2,1,47.7,8.0,2,46.833333333333336,11.0,3,0.8666666666666671,3.0,1,Fewer transfers
新北投站,劍南路站,2,1,57.8,8.0,2,49.16666666666666,11.0,3,8.63333333333334,3.0,1,Fewer transfers
新北投站,動物園站,2,1,59.06666666666667,8.0,2,58.2,11.0,3,0.8666666666666671,3.0,1,Fewer transfers
新北投站,北門站,2,1,39.4,5.0,2,31.816666666666663,6.0,2,7.583333333333336,1.0,0,Same transfers
新北投站,南京三民站,2,1,50.36666666666667,5.0,2,37.86666666666667,6.0,2,12.5,1.0,0,Same transfers
新北投站,南京復興站,2,1,46.266666666666666,5.0,2,33.766666666666666,6.0,2,12.5,1.0,0,Same transfers
新北投站,南勢角站,2,1,50.96666666666667,6.0,2,47.68333333333333,7.0,3,3.2833333333333385,1.0,1,Fewer transfers
新北投站,南勢角站,3,1,51.03333333333333,5.0,2,47.68333333333333,7.0,3,3.3500000000000014,2.0,1,Fewer transfers
新北投站,南港軟體園區站,2,1,63.833333333333336,11.0,3,59.48333333333333,12.0,3,4.3500000000000085,1.0,0,Same transfers
新北投站,南港軟體園區站,3,1,72.46666666666667,8.0,2,59.48333333333333,12.0,3,12.983333333333341,4.0,1,Fewer transfers
新北投站,台北小巨蛋站,2,1,48.21666666666667,5.0,2,35.71666666666667,6.0,2,12.5,1.0,0,Same transfers
新北投站,台北橋站,2,1,52.13333333333333,5.0,2,30.566666666666663,6.0,2,21.56666666666667,1.0,0,Same transfers
新北投站,大橋頭站,2,1,49.583333333333336,5.0,2,28.016666666666666,6.0,2,21.56666666666667,1.0,0,Same transfers
新北投站,大湖公園站,2,1,66.48333333333333,8.0,2,57.85,11.0,3,8.633333333333333,3.0,1,Fewer transfers
新北投站,大直站,2,1,55.65,8.0,2,47.016666666666666,11.0,3,8.633333333333333,3.0,1,Fewer transfers
新北投站,幸福站,2,1,69.15,11.0,3,47.583333333333336,12.0,3,21.56666666666667,1.0,0,Same transfers
新北投站,幸福站,3,1,78.76666666666667,8.0,3,47.583333333333336,12.0,3,31.18333333333333,4.0,0,Same transfers
新北投站,徐匯中學站,2,1,56.516666666666666,5.0,2,34.95,6.0,2,21.566666666666663,1.0,0,Same transfers
新北投站,忠孝新生站,2,1,39.9,5.0,2,34.11666666666667,6.0,2,5.783333333333331,1.0,0,Same transfers
新北投站,文德站,2,1,63.16666666666666,8.0,2,54.53333333333333,11.0,3,8.633333333333326,3.0,1,Fewer transfers
新北投站,新北產業園區站,2,1,71.78333333333333,11.0,3,50.21666666666667,12.0,3,21.566666666666663,1.0,0,Same transfers
新北投站,新北產業園區站,3,1,81.4,8.0,3,50.21666666666667,12.0,3,31.183333333333337,4.0,0,Same transfers
新北投站,新埔民生站,2,1,69.95,11.0,3,48.38333333333333,12.0,3,21.56666666666667,1.0,0,Same transfers
新北投站,新埔民生站,3,1,73.8,8.0,3,48.38333333333333,12.0,3,25.416666666666664,4.0,0,Same transfers
新北投站,新莊站,2,1,62.96666666666667,5.0,2,41.4,6.0,2,21.56666666666667,1.0,0,Same transfers
新北投站,景安站,2,1,48.88333333333333,6.0,2,45.6,7.0,3,3.2833333333333314,1.0,1,Fewer transfers
新北投站,景安站,3,1,48.95,5.0,2,45.6,7.0,3,3.3500000000000014,2.0,1,Fewer transfers
新北投站,景平站,2,1,55.31666666666667,8.0,3,53.583333333333336,13.0,4,1.7333333333333343,5.0,1,Fewer transfers
新北投站,木柵站,2,1,57.53333333333333,8.0,2,56.66666666666666,11.0,3,0.8666666666666742,3.0,1,Fewer transfers
新北投站,東湖站,2,1,62.0,11.0,3,61.31666666666667,12.0,3,0.68333333333333,1.0,0,Same transfers
新北投站,東湖站,3,1,70.63333333333334,8.0,2,61.31666666666667,12.0,3,9.31666666666667,4.0,1,Fewer transfers
新北投站,松山機場站,2,1,52.28333333333333,8.0,2,43.65,11.0,3,8.633333333333333,3.0,1,Fewer transfers
新北投站,松山站,2,1,53.11666666666667,5.0,2,40.61666666666667,6.0,2,12.5,1.0,0,Same transfers
新北投站,松江南京站,2,1,42.23333333333333,5.0,2,31.65,6.0,2,10.583333333333329,1.0,0,Same transfers
新北投站,板新站,2,1,64.8,11.0,3,55.2,12.0,3,9.599999999999994,1.0,0,Same transfers
新北投站,板新站,3,1,66.98333333333333,8.0,3,55.2,12.0,3,11.783333333333331,4.0,0,Same transfers
新北投站,橋和站,2,1,59.083333333333336,12.0,3,57.56666666666667,13.0,4,1.5166666666666657,1.0,1,Fewer transfers
新北投站,橋和站,3,1,60.91666666666666,11.0,3,57.56666666666667,13.0,4,3.349999999999987,2.0,1,Fewer transfers
新北投站,橋和站,4,1,63.1,8.0,3,57.56666666666667,13.0,4,5.533333333333331,5.0,1,Fewer transfers
新北投站,永安市場站,2,1,46.9,6.0,2,43.61666666666667,7.0,3,3.2833333333333314,1.0,1,Fewer transfers
新北投站,永安市場站,3,1,46.96666666666667,5.0,2,43.61666666666667,7.0,3,3.3500000000000014,2.0,1,Fewer transfers
新北投站,港墘站,2,1,61.55,8.0,2,52.91666666666666,11.0,3,8.63333333333334,3.0,1,Fewer transfers
新北投站,科技大樓站,2,1,45.25,8.0,2,44.38333333333333,11.0,3,0.8666666666666671,3.0,1,Fewer transfers
新北投站,菜寮站,2,1,54.16666666666666,5.0,2,32.6,6.0,2,21.566666666666656,1.0,0,Same transfers
新北投站,萬芳社區站,2,1,56.333333333333336,8.0,2,55.46666666666667,11.0,3,0.8666666666666671,3.0,1,Fewer transfers
新北投站,萬芳醫院站,2,1,54.266666666666666,8.0,2,53.4,11.0,3,0.8666666666666671,3.0,1,Fewer transfers
新北投站,葫洲站,2,1,68.91666666666667,8.0,2,60.28333333333333,11.0,3,8.63333333333334,3.0,1,Fewer transfers
新北投站,蘆洲站,2,1,60.73333333333333,5.0,2,39.16666666666666,6.0,2,21.56666666666667,1.0,0,Same transfers
新北投站,行天宮站,2,1,44.03333333333333,5.0,2,30.116666666666667,6.0,2,13.916666666666664,1.0,0,Same transfers
新北投站,西湖站,2,1,60.05,8.0,2,51.41666666666666,11.0,3,8.63333333333334,3.0,1,Fewer transfers
新北投站,西門站,2,1,37.4,5.0,2,33.71666666666667,6.0,2,3.68333333333333,1.0,0,Same transfers
新北投站,輔大站,2,1,65.66666666666667,5.0,2,44.1,6.0,2,21.56666666666667,1.0,0,Same transfers
新北投站,辛亥站,2,1,52.083333333333336,8.0,2,51.21666666666667,11.0,3,0.8666666666666671,3.0,1,Fewer transfers
新北投站,迴龍站,2,1,71.18333333333334,5.0,2,49.61666666666667,6.0,2,21.56666666666667,1.0,0,Same transfers
新北投站,頂溪站,2,1,44.7,6.0,2,41.41666666666666,7.0,3,3.2833333333333456,1.0,1,Fewer transfers
新北投站,頂溪站,3,1,44.766666666666666,5.0,2,41.41666666666666,7.0,3,3.3500000000000085,2.0,1,Fewer transfers
新北投站,頭前庄站,2,1,60.98333333333333,5.0,2,39.41666666666666,6.0,2,21.56666666666667,1.0,0,Same transfers
新北投站,麟光站,2,1,49.31666666666667,8.0,2,48.45,11.0,3,0.8666666666666671,3.0,1,Fewer transfers
新北產業園區站,三和國中站,2,1,59.11666666666667,6.0,1,27.75,7.0,2,31.366666666666667,1.0,1,Fewer transfers
新北產業園區站,三和國中站,3,1,69.21666666666667,5.0,2,27.75,7.0,2,41.46666666666667,2.0,0,Same transfers
新北產業園區站,三民高中站,2,1,62.85,6.0,1,31.48333333333333,7.0,2,31.36666666666667,1.0,1,Fewer transfers
新北產業園區站,三民高中站,3,1,72.95,5.0,2,31.48333333333333,7.0,2,41.46666666666667,2.0,0,Same transfers
新北產業園區站,三重國小站,2,1,56.91666666666666,6.0,1,25.55,7.0,2,31.366666666666656,1.0,1,Fewer transfers
新北產業園區站,三重國小站,3,1,67.01666666666667,5.0,2,25.55,7.0,2,41.46666666666667,2.0,0,Same transfers
新北產業園區站,三重站,2,1,70.46666666666667,5.0,2,15.216666666666669,6.0,1,55.25,1.0,-1,More transfers
新北產業園區站,中山國中站,2,1,41.1,14.0,2,39.68333333333333,13.0,3,1.4166666666666714,-1.0,1,Fewer transfers
新北產業園區站,中山國中站,3,1,66.83333333333333,8.0,2,39.68333333333333,13.0,3,27.15,5.0,1,Fewer transfers
新北產業園區站,中山國小站,2,1,60.61666666666667,5.0,2,24.98333333333333,6.0,1,35.63333333333334,1.0,-1,More transfers
新北產業園區站,中山站,2,1,33.233333333333334,8.0,2,29.266666666666666,9.0,2,3.9666666666666686,1.0,0,Same transfers
新北產業園區站,中山站,3,1,54.91666666666666,5.0,2,29.266666666666666,9.0,2,25.64999999999999,4.0,0,Same transfers
新北產業園區站,中山站,4,1,55.68333333333333,3.0,1,29.266666666666666,9.0,2,26.416666666666664,6.0,1,Fewer transfers
新北產業園區站,中正紀念堂站,2,1,34.63333333333333,9.0,2,29.58333333333333,11.0,2,5.050000000000004,2.0,0,Same transfers
新北產業園區站,中正紀念堂站,3,1,39.4,8.0,2,29.58333333333333,11.0,2,9.81666666666667,3.0,0,Same transfers
新北產業園區站,中正紀念堂站,4,1,47.55,3.0,1,29.58333333333333,11.0,2,17.96666666666667,8.0,1,Fewer transfers
新北產業園區站,丹鳳站,2,1,82.45,5.0,2,17.2,6.0,1,65.25,1.0,-1,More transfers
新北產業園區站,亞東醫院站,2,1,53.16666666666666,8.0,2,22.183333333333334,9.0,1,30.983333333333324,1.0,-1,More transfers
新北產業園區站,亞東醫院站,3,1,67.13333333333334,5.0,2,22.183333333333334,9.0,1,44.95,4.0,-1,More transfers
新北產業園區站,信義安和站,2,1,41.41666666666666,8.0,2,40.43333333333333,13.0,3,0.9833333333333272,5.0,1,Fewer transfers
新北產業園區站,信義安和站,3,1,58.4,5.0,2,40.43333333333333,13.0,3,17.96666666666667,8.0,1,Fewer transfers
新北產業園區站,先嗇宮站,2,1,73.25,5.0,2,12.433333333333334,6.0,1,60.81666666666666,1.0,-1,More transfers
新北產業園區站,內湖站,2,1,56.9,14.0,2,55.48333333333333,13.0,3,1.4166666666666714,-1.0,1,Fewer transfers
新北產業園區站,內湖站,3,1,82.63333333333334,8.0,2,55.48333333333333,13.0,3,27.150000000000013,5.0,1,Fewer transfers
新北產業園區站,公館站,2,1,41.833333333333336,3.0,1,35.45,11.0,2,6.383333333333333,8.0,1,Fewer transfers
新北產業園區站,六張犁站,2,1,46.06666666666667,13.0,3,43.28333333333333,14.0,2,2.7833333333333385,1.0,-1,More transfers
新北產業園區站,六張犁站,3,1,65.58333333333333,10.0,3,43.28333333333333,14.0,2,22.299999999999997,4.0,-1,More transfers
新北產業園區站,六張犁站,4,1,73.21666666666667,8.0,2,43.28333333333333,14.0,2,29.933333333333337,6.0,0,Same transfers
新北產業園區站,劍南路站,2,1,49.81666666666667,14.0,2,48.4,13.0,3,1.4166666666666714,-1.0,1,Fewer transfers
新北產業園區站,劍南路站,3,1,75.55,8.0,2,48.4,13.0,3,27.15,5.0,1,Fewer transfers
新北產業園區站,劍潭站,2,1,52.15,8.0,2,30.58333333333333,9.0,2,21.56666666666667,1.0,0,Same transfers
新北產業園區站,劍潭站,3,1,62.3,5.0,2,30.58333333333333,9.0,2,31.71666666666667,4.0,0,Same transfers
新北產業園區站,動物園站,2,1,57.43333333333333,13.0,3,54.65,14.0,2,2.7833333333333314,1.0,-1,More transfers
新北產業園區站,動物園站,3,1,76.95,10.0,3,54.65,14.0,2,22.300000000000004,4.0,-1,More transfers
新北產業園區站,動物園站,4,1,84.58333333333333,8.0,2,54.65,14.0,2,29.93333333333333,6.0,0,Same transfers
新北產業園區站,北投站,2,1,65.5,8.0,2,43.93333333333333,9.0,2,21.56666666666667,1.0,0,Same transfers
新北產業園區站,北投站,3,1,75.65,5.0,2,43.93333333333333,9.0,2,31.716666666666676,4.0,0,Same transfers
新北產業園區站,北門站,2,1,35.75,8.0,2,27.916666666666668,11.0,2,7.833333333333332,3.0,0,Same transfers
新北產業園區站,北門站,3,1,53.28333333333333,3.0,1,27.916666666666668,11.0,2,25.366666666666664,8.0,1,Fewer transfers
新北產業園區站,南京三民站,2,1,64.25,3.0,1,37.1,8.0,2,27.15,5.0,1,Fewer transfers
新北產業園區站,南京復興站,2,1,60.15,3.0,1,33.0,8.0,2,27.15,5.0,1,Fewer transfers
新北產業園區站,南勢角站,2,1,57.48333333333333,5.0,2,31.766666666666666,6.0,1,25.71666666666666,1.0,-1,More transfers
新北產業園區站,南港展覽館站,2,1,50.766666666666666,8.0,2,47.75,9.0,1,3.0166666666666657,1.0,-1,More transfers
新北產業園區站,南港展覽館站,3,1,74.06666666666666,7.0,3,47.75,9.0,1,26.316666666666663,2.0,-2,More transfers
新北產業園區站,南港展覽館站,4,1,77.11666666666666,5.0,2,47.75,9.0,1,29.36666666666666,4.0,-1,More transfers
新北產業園區站,南港站,2,1,48.5,8.0,2,45.48333333333333,9.0,1,3.016666666666673,1.0,-1,More transfers
新北產業園區站,南港站,3,1,71.8,7.0,3,45.48333333333333,9.0,1,26.31666666666667,2.0,-2,More transfers
新北產業園區站,南港站,4,1,74.85,5.0,2,45.48333333333333,9.0,1,29.366666666666667,4.0,-1,More transfers
新北產業園區站,南港軟體園區站,2,1,57.06666666666667,13.0,3,54.05,14.0,2,3.016666666666673,1.0,-1,More transfers
新北產業園區站,南港軟體園區站,3,1,80.36666666666666,12.0,4,54.05,14.0,2,26.316666666666663,2.0,-2,More transfers
新北產業園區站,南港軟體園區站,4,1,83.41666666666667,10.0,3,54.05,14.0,2,29.366666666666674,4.0,-1,More transfers
新北產業園區站,南港軟體園區站,5,1,90.21666666666668,8.0,2,54.05,14.0,2,36.166666666666686,6.0,0,Same transfers
新北產業園區站,古亭站,2,1,37.45,6.0,1,31.666666666666668,11.0,2,5.783333333333335,5.0,1,Fewer transfers
新北產業園區站,古亭站,3,1,45.55,3.0,1,31.666666666666668,11.0,2,13.88333333333333,8.0,1,Fewer transfers
新北產業園區站,台北101/世貿站,2,1,43.25,8.0,2,42.266666666666666,13.0,3,0.9833333333333343,5.0,1,Fewer transfers
新北產業園區站,台北101/世貿站,3,1,60.23333333333333,5.0,2,42.266666666666666,13.0,3,17.96666666666666,8.0,1,Fewer transfers
新北產業園區站,台北小巨蛋站,2,1,62.1,3.0,1,34.95,8.0,2,27.15,5.0,1,Fewer transfers
新北產業園區站,台北橋站,2,1,66.61666666666666,5.0,2,19.066666666666663,6.0,1,47.55,1.0,-1,More transfers
新北產業園區站,台北車站,2,1,36.61666666666667,8.0,2,26.5,9.0,1,10.116666666666667,1.0,-1,More transfers
新北產業園區站,台北車站,3,1,53.2,5.0,2,26.5,9.0,1,26.700000000000003,4.0,-1,More transfers
新北產業園區站,台大醫院站,2,1,32.6,9.0,2,32.2,13.0,2,0.3999999999999986,4.0,0,Same transfers
新北產業園區站,台大醫院站,3,1,41.48333333333333,8.0,2,32.2,13.0,2,9.283333333333324,5.0,0,Same transfers
新北產業園區站,台大醫院站,4,1,51.63333333333333,5.0,2,32.2,13.0,2,19.43333333333333,8.0,0,Same transfers
新北產業園區站,台電大樓站,2,1,41.41666666666666,8.0,2,33.63333333333333,11.0,2,7.783333333333324,3.0,0,Same transfers
新北產業園區站,台電大樓站,3,1,43.63333333333333,3.0,1,33.63333333333333,11.0,2,10.0,8.0,1,Fewer transfers
新北產業園區站,唭哩岸站,2,1,61.833333333333336,8.0,2,40.266666666666666,9.0,2,21.56666666666667,1.0,0,Same transfers
新北產業園區站,唭哩岸站,3,1,71.98333333333333,5.0,2,40.266666666666666,9.0,2,31.71666666666667,4.0,0,Same transfers
新北產業園區站,善導寺站,2,1,35.1,8.0,2,28.3,9.0,1,6.800000000000001,1.0,-1,More transfers
新北產業園區站,善導寺站,3,1,57.66666666666666,5.0,2,28.3,9.0,1,29.366666666666656,4.0,-1,More transfers
新北產業園區站,國父紀念館站,2,1,38.65,8.0,2,35.63333333333333,9.0,1,3.0166666666666657,1.0,-1,More transfers
新北產業園區站,國父紀念館站,3,1,61.95,7.0,3,35.63333333333333,9.0,1,26.31666666666667,2.0,-2,More transfers
新北產業園區站,國父紀念館站,4,1,65.0,5.0,2,35.63333333333333,9.0,1,29.366666666666667,4.0,-1,More transfers
新北產業園區站,圓山站,2,1,49.8,8.0,2,28.23333333333333,9.0,2,21.566666666666666,1.0,0,Same transfers
新北產業園區站,圓山站,3,1,59.95,5.0,2,28.23333333333333,9.0,2,31.716666666666672,4.0,0,Same transfers
新北產業園區站,土城站,2,1,58.16666666666666,8.0,2,27.183333333333334,9.0,1,30.983333333333324,1.0,-1,More transfers
新北產業園區站,土城站,3,1,72.13333333333334,5.0,2,27.183333333333334,9.0,1,44.95,4.0,-1,More transfers
新北產業園區站,士林站,2,1,54.28333333333333,8.0,2,32.71666666666667,9.0,2,21.566666666666663,1.0,0,Same transfers
新北產業園區站,士林站,3,1,64.43333333333334,5.0,2,32.71666666666667,9.0,2,31.71666666666667,4.0,0,Same transfers
新北產業園區站,大安森林公園站,2,1,37.73333333333333,8.0,2,36.75,13.0,3,0.9833333333333272,5.0,1,Fewer transfers
新北產業園區站,大安森林公園站,3,1,54.71666666666667,5.0,2,36.75,13.0,3,17.96666666666667,8.0,1,Fewer transfers
新北產業園區站,大安站,2,1,39.1,14.0,2,38.43333333333333,13.0,3,0.6666666666666714,-1.0,1,Fewer transfers
新北產業園區站,大安站,3,1,39.41666666666666,8.0,2,38.43333333333333,13.0,3,0.9833333333333272,5.0,1,Fewer transfers
新北產業園區站,大安站,4,1,56.4,5.0,2,38.43333333333333,13.0,3,17.96666666666667,8.0,1,Fewer transfers
新北產業園區站,大橋頭站,2,1,64.06666666666666,5.0,2,21.6,6.0,1,42.46666666666666,1.0,-1,More transfers
新北產業園區站,大湖公園站,2,1,58.5,14.0,2,57.083333333333336,13.0,3,1.4166666666666643,-1.0,1,Fewer transfers
新北產業園區站,大湖公園站,3,1,84.23333333333333,8.0,2,57.083333333333336,13.0,3,27.15,5.0,1,Fewer transfers
新北產業園區站,大直站,2,1,47.66666666666666,14.0,2,46.25,13.0,3,1.4166666666666572,-1.0,1,Fewer transfers
新北產業園區站,大直站,3,1,73.4,8.0,2,46.25,13.0,3,27.150000000000006,5.0,1,Fewer transfers
新北產業園區站,奇岩站,2,1,63.53333333333333,8.0,2,41.96666666666667,9.0,2,21.566666666666663,1.0,0,Same transfers
新北產業園區站,奇岩站,3,1,73.68333333333334,5.0,2,41.96666666666667,9.0,2,31.71666666666667,4.0,0,Same transfers
新北產業園區站,小南門站,2,1,39.6,8.0,2,27.866666666666667,11.0,2,11.733333333333334,3.0,0,Same transfers
新北產業園區站,小南門站,3,1,49.45,3.0,1,27.866666666666667,11.0,2,21.583333333333336,8.0,1,Fewer transfers
新北產業園區站,市政府站,2,1,40.4,8.0,2,37.38333333333333,9.0,1,3.0166666666666657,1.0,-1,More transfers
新北產業園區站,市政府站,3,1,63.7,7.0,3,37.38333333333333,9.0,1,26.31666666666667,2.0,-2,More transfers
新北產業園區站,市政府站,4,1,66.75,5.0,2,37.38333333333333,9.0,1,29.366666666666667,4.0,-1,More transfers
新北產業園區站,府中站,2,1,51.0,8.0,2,20.016666666666666,9.0,1,30.983333333333334,1.0,-1,More transfers
新北產業園區站,府中站,3,1,64.96666666666667,5.0,2,20.016666666666666,9.0,1,44.95,4.0,-1,More transfers
新北產業園區站,廣慈/奉天宮站,2,1,47.8,8.0,2,46.81666666666667,13.0,3,0.9833333333333272,5.0,1,Fewer transfers
新北產業園區站,廣慈/奉天宮站,3,1,64.78333333333333,5.0,2,46.81666666666667,13.0,3,17.96666666666666,8.0,1,Fewer transfers
新北產業園區站,後山埤站,2,1,44.0,8.0,2,40.98333333333333,9.0,1,3.016666666666673,1.0,-1,More transfers
新北產業園區站,後山埤站,3,1,67.3,7.0,3,40.98333333333333,9.0,1,26.31666666666667,2.0,-2,More transfers
新北產業園區站,後山埤站,4,1,70.35,5.0,2,40.98333333333333,9.0,1,29.366666666666667,4.0,-1,More transfers
新北產業園區站,徐匯中學站,2,1,60.9,6.0,1,29.53333333333333,7.0,2,31.366666666666667,1.0,1,Fewer transfers
新北產業園區站,徐匯中學站,3,1,71.0,5.0,2,29.53333333333333,7.0,2,41.46666666666667,2.0,0,Same transfers
新北產業園區站,復興崗站,2,1,68.2,8.0,2,46.63333333333333,9.0,2,21.56666666666667,1.0,0,Same transfers
新北產業園區站,復興崗站,3,1,78.35,5.0,2,46.63333333333333,9.0,2,31.71666666666666,4.0,0,Same transfers
新北產業園區站,忠孝復興站,2,1,35.25,8.0,2,32.233333333333334,9.0,1,3.0166666666666657,1.0,-1,More transfers
新北產業園區站,忠孝復興站,3,1,58.55,7.0,3,32.233333333333334,9.0,1,26.316666666666663,2.0,-2,More transfers
新北產業園區站,忠孝復興站,4,1,61.6,5.0,2,32.233333333333334,9.0,1,29.366666666666667,4.0,-1,More transfers
新北產業園區站,忠孝敦化站,2,1,37.0,8.0,2,33.983333333333334,9.0,1,3.0166666666666657,1.0,-1,More transfers
新北產業園區站,忠孝敦化站,3,1,60.3,7.0,3,33.983333333333334,9.0,1,26.316666666666663,2.0,-2,More transfers
新北產業園區站,忠孝敦化站,4,1,63.35,5.0,2,33.983333333333334,9.0,1,29.366666666666667,4.0,-1,More transfers
新北產業園區站,忠孝新生站,2,1,31.08333333333333,6.0,1,30.066666666666663,9.0,1,1.0166666666666657,3.0,0,Same transfers
新北產業園區站,忠孝新生站,3,1,54.38333333333333,5.0,2,30.066666666666663,9.0,1,24.31666666666667,4.0,-1,More transfers
新北產業園區站,忠義站,2,1,70.6,8.0,2,49.03333333333333,9.0,2,21.566666666666663,1.0,0,Same transfers
新北產業園區站,忠義站,3,1,80.75,5.0,2,49.03333333333333,9.0,2,31.71666666666667,4.0,0,Same transfers
新北產業園區站,文德站,2,1,55.18333333333333,14.0,2,53.766666666666666,13.0,3,1.4166666666666643,-1.0,1,Fewer transfers
新北產業園區站,文德站,3,1,80.91666666666667,8.0,2,53.766666666666666,13.0,3,27.150000000000006,5.0,1,Fewer transfers
新北產業園區站,新北投站,2,1,71.11666666666666,11.0,3,49.55,12.0,3,21.566666666666663,1.0,0,Same transfers
新北產業園區站,新北投站,3,1,81.26666666666667,8.0,3,49.55,12.0,3,31.71666666666667,4.0,0,Same transfers
新北產業園區站,新埔站,2,1,47.16666666666666,8.0,2,16.183333333333334,9.0,1,30.983333333333324,1.0,-1,More transfers
新北產業園區站,新埔站,3,1,61.13333333333333,5.0,2,16.183333333333334,9.0,1,44.95,4.0,-1,More transfers
新北產業園區站,新莊站,2,1,77.45,5.0,2,12.2,6.0,1,65.25,1.0,-1,More transfers
新北產業園區站,昆陽站,2,1,46.266666666666666,8.0,2,43.25,9.0,1,3.0166666666666657,1.0,-1,More transfers
新北產業園區站,昆陽站,3,1,69.56666666666666,7.0,3,43.25,9.0,1,26.316666666666663,2.0,-2,More transfers
新北產業園區站,昆陽站,4,1,72.61666666666666,5.0,2,43.25,9.0,1,29.36666666666666,4.0,-1,More transfers
新北產業園區站,明德站,2,1,58.06666666666667,8.0,2,36.5,9.0,2,21.56666666666667,1.0,0,Same transfers
新北產業園區站,明德站,3,1,68.21666666666667,5.0,2,36.5,9.0,2,31.71666666666667,4.0,0,Same transfers
新北產業園區站,木柵站,2,1,55.9,13.0,3,53.11666666666667,14.0,2,2.7833333333333314,1.0,-1,More transfers
新北產業園區站,木柵站,3,1,75.41666666666667,10.0,3,53.11666666666667,14.0,2,22.300000000000004,4.0,-1,More transfers
新北產業園區站,木柵站,4,1,83.05,8.0,2,53.11666666666667,14.0,2,29.93333333333333,6.0,0,Same transfers
新北產業園區站,東湖站,2,1,58.9,13.0,3,55.88333333333333,14.0,2,3.0166666666666657,1.0,-1,More transfers
新北產業園區站,東湖站,3,1,82.2,12.0,4,55.88333333333333,14.0,2,26.31666666666667,2.0,-2,More transfers
新北產業園區站,東湖站,4,1,85.25,10.0,3,55.88333333333333,14.0,2,29.366666666666667,4.0,-1,More transfers
新北產業園區站,東湖站,5,1,88.38333333333334,8.0,2,55.88333333333333,14.0,2,32.50000000000001,6.0,0,Same transfers
新北產業園區站,東門站,2,1,51.56666666666667,5.0,2,33.983333333333334,6.0,1,17.583333333333336,1.0,-1,More transfers
新北產業園區站,松山機場站,2,1,44.3,14.0,2,42.88333333333333,13.0,3,1.4166666666666643,-1.0,1,Fewer transfers
新北產業園區站,松山機場站,3,1,70.03333333333333,8.0,2,42.88333333333333,13.0,3,27.15,5.0,1,Fewer transfers
新北產業園區站,松山站,2,1,67.0,3.0,1,39.85,8.0,2,27.15,5.0,1,Fewer transfers
新北產業園區站,松江南京站,2,1,56.71666666666667,5.0,2,28.883333333333333,6.0,1,27.833333333333336,1.0,-1,More transfers
新北產業園區站,松江南京站,3,1,58.03333333333333,3.0,1,28.883333333333333,6.0,1,29.15,3.0,0,Same transfers
新北產業園區站,民權西路站,2,1,57.95,5.0,2,23.23333333333333,6.0,1,34.71666666666667,1.0,-1,More transfers
新北產業園區站,永安市場站,2,1,53.41666666666666,5.0,2,31.65,6.0,1,21.76666666666666,1.0,-1,More transfers
新北產業園區站,永寧站,2,1,60.18333333333333,8.0,2,29.2,9.0,1,30.98333333333333,1.0,-1,More transfers
新北產業園區站,永寧站,3,1,74.15,5.0,2,29.2,9.0,1,44.95,4.0,-1,More transfers
新北產業園區站,永春站,2,1,42.31666666666667,8.0,2,39.3,9.0,1,3.016666666666673,1.0,-1,More transfers
新北產業園區站,永春站,3,1,65.61666666666666,7.0,3,39.3,9.0,1,26.316666666666663,2.0,-2,More transfers
新北產業園區站,永春站,4,1,68.66666666666667,5.0,2,39.3,9.0,1,29.366666666666674,4.0,-1,More transfers
新北產業園區站,江子翠站,2,1,45.41666666666666,8.0,2,17.933333333333334,9.0,1,27.483333333333324,1.0,-1,More transfers
新北產業園區站,江子翠站,3,1,59.38333333333333,5.0,2,17.933333333333334,9.0,1,41.45,4.0,-1,More transfers
新北產業園區站,海山站,2,1,55.96666666666667,8.0,2,24.98333333333333,9.0,1,30.983333333333338,1.0,-1,More transfers
新北產業園區站,海山站,3,1,69.93333333333334,5.0,2,24.98333333333333,9.0,1,44.95,4.0,-1,More transfers
新北產業園區站,淡水站,2,1,81.51666666666667,8.0,2,59.95,9.0,2,21.566666666666663,1.0,0,Same transfers
新北產業園區站,淡水站,3,1,91.66666666666669,5.0,2,59.95,9.0,2,31.716666666666683,4.0,0,Same transfers
新北產業園區站,港墘站,2,1,53.56666666666667,14.0,2,52.15,13.0,3,1.4166666666666714,-1.0,1,Fewer transfers
新北產業園區站,港墘站,3,1,79.3,8.0,2,52.15,13.0,3,27.15,5.0,1,Fewer transfers
新北產業園區站,石牌站,2,1,59.56666666666667,8.0,2,38.0,9.0,2,21.56666666666667,1.0,0,Same transfers
新北產業園區站,石牌站,3,1,69.71666666666667,5.0,2,38.0,9.0,2,31.71666666666667,4.0,0,Same transfers
新北產業園區站,科技大樓站,2,1,43.61666666666667,13.0,3,40.833333333333336,14.0,2,2.7833333333333314,1.0,-1,More transfers
新北產業園區站,科技大樓站,3,1,63.13333333333333,10.0,3,40.833333333333336,14.0,2,22.299999999999997,4.0,-1,More transfers
新北產業園區站,科技大樓站,4,1,70.76666666666667,8.0,2,40.833333333333336,14.0,2,29.93333333333333,6.0,0,Same transfers
新北產業園區站,竹圍站,2,1,75.33333333333333,8.0,2,53.766666666666666,9.0,2,21.566666666666663,1.0,0,Same transfers
新北產業園區站,竹圍站,3,1,85.48333333333333,5.0,2,53.766666666666666,9.0,2,31.71666666666667,4.0,0,Same transfers
新北產業園區站,紅樹林站,2,1,78.15,8.0,2,56.583333333333336,9.0,2,21.56666666666667,1.0,0,Same transfers
新北產業園區站,紅樹林站,3,1,88.3,5.0,2,56.583333333333336,9.0,2,31.71666666666666,4.0,0,Same transfers
新北產業園區站,芝山站,2,1,56.3,8.0,2,34.733333333333334,9.0,2,21.566666666666663,1.0,0,Same transfers
新北產業園區站,芝山站,3,1,66.45,5.0,2,34.733333333333334,9.0,2,31.71666666666667,4.0,0,Same transfers
新北產業園區站,菜寮站,2,1,68.65,5.0,2,17.033333333333335,6.0,1,51.616666666666674,1.0,-1,More transfers
新北產業園區站,萬芳社區站,2,1,54.7,13.0,3,51.91666666666666,14.0,2,2.7833333333333456,1.0,-1,More transfers
新北產業園區站,萬芳社區站,3,1,74.21666666666667,10.0,3,51.91666666666666,14.0,2,22.30000000000001,4.0,-1,More transfers
新北產業園區站,萬芳社區站,4,1,81.85,8.0,2,51.91666666666666,14.0,2,29.933333333333337,6.0,0,Same transfers
新北產業園區站,萬芳醫院站,2,1,52.63333333333333,13.0,3,49.85,14.0,2,2.7833333333333314,1.0,-1,More transfers
新北產業園區站,萬芳醫院站,3,1,72.15,10.0,3,49.85,14.0,2,22.300000000000004,4.0,-1,More transfers
新北產業園區站,萬芳醫院站,4,1,79.78333333333333,8.0,2,49.85,14.0,2,29.93333333333333,6.0,0,Same transfers
新北產業園區站,萬隆站,2,1,39.35,3.0,1,37.96666666666667,11.0,2,1.3833333333333329,8.0,1,Fewer transfers
新北產業園區站,葫洲站,2,1,59.516666666666666,13.0,3,57.6,14.0,2,1.9166666666666643,1.0,-1,More transfers
新北產業園區站,葫洲站,3,1,83.91666666666667,12.0,4,57.6,14.0,2,26.31666666666667,2.0,-2,More transfers
新北產業園區站,葫洲站,4,1,86.66666666666667,8.0,2,57.6,14.0,2,29.06666666666667,6.0,0,Same transfers
新北產業園區站,蘆洲站,2,1,65.11666666666666,6.0,1,33.75,7.0,2,31.36666666666666,1.0,1,Fewer transfers
新北產業園區站,蘆洲站,3,1,75.21666666666667,5.0,2,33.75,7.0,2,41.46666666666667,2.0,0,Same transfers
新北產業園區站,行天宮站,2,1,58.516666666666666,5.0,2,27.08333333333333,6.0,1,31.433333333333337,1.0,-1,More transfers
新北產業園區站,西湖站,2,1,52.06666666666667,14.0,2,50.65,13.0,3,1.4166666666666714,-1.0,1,Fewer transfers
新北產業園區站,西湖站,3,1,77.8,8.0,2,50.65,13.0,3,27.15,5.0,1,Fewer transfers
新北產業園區站,西門站,2,1,37.65,8.0,2,23.916666666666668,9.0,1,13.73333333333333,1.0,-1,More transfers
新北產業園區站,西門站,3,1,51.28333333333333,3.0,1,23.916666666666668,9.0,1,27.366666666666664,6.0,0,Same transfers
新北產業園區站,象山站,2,1,44.85,8.0,2,43.86666666666667,13.0,3,0.9833333333333343,5.0,1,Fewer transfers
新北產業園區站,象山站,3,1,61.833333333333336,5.0,2,43.86666666666667,13.0,3,17.96666666666667,8.0,1,Fewer transfers
新北產業園區站,輔大站,2,1,80.15,5.0,2,14.9,6.0,1,65.25,1.0,-1,More transfers
新北產業園區站,辛亥站,2,1,50.45,13.0,3,47.66666666666666,14.0,2,2.7833333333333456,1.0,-1,More transfers
新北產業園區站,辛亥站,3,1,69.96666666666667,10.0,3,47.66666666666666,14.0,2,22.30000000000001,4.0,-1,More transfers
新北產業園區站,辛亥站,4,1,77.6,8.0,2,47.66666666666666,14.0,2,29.933333333333337,6.0,0,Same transfers
新北產業園區站,迴龍站,2,1,85.66666666666667,5.0,2,20.416666666666668,6.0,1,65.25,1.0,-1,More transfers
新北產業園區站,關渡站,2,1,72.38333333333334,8.0,2,50.81666666666667,9.0,2,21.56666666666667,1.0,0,Same transfers
新北產業園區站,關渡站,3,1,82.53333333333333,5.0,2,50.81666666666667,9.0,2,31.71666666666666,4.0,0,Same transfers
新北產業園區站,雙連站,2,1,46.3,8.0,2,27.73333333333333,9.0,2,18.566666666666666,1.0,0,Same transfers
新北產業園區站,雙連站,3,1,56.45,5.0,2,27.73333333333333,9.0,2,28.716666666666672,4.0,0,Same transfers
新北產業園區站,頂埔站,2,1,63.65,8.0,2,32.666666666666664,9.0,1,30.983333333333334,1.0,-1,More transfers
新北產業園區站,頂埔站,3,1,77.61666666666666,5.0,2,32.666666666666664,9.0,1,44.949999999999996,4.0,-1,More transfers
新北產業園區站,頂溪站,2,1,51.21666666666667,5.0,2,33.85,6.0,1,17.366666666666667,1.0,-1,More transfers
新北產業園區站,麟光站,2,1,47.68333333333333,13.0,3,44.9,14.0,2,2.7833333333333314,1.0,-1,More transfers
新北產業園區站,麟光站,3,1,67.2,10.0,3,44.9,14.0,2,22.300000000000004,4.0,-1,More transfers
新北產業園區站,麟光站,4,1,74.83333333333333,8.0,2,44.9,14.0,2,29.93333333333333,6.0,0,Same transfers
新北產業園區站,龍山寺站,2,1,41.73333333333333,8.0,2,21.6,9.0,1,20.133333333333326,1.0,-1,More transfers
新北產業園區站,龍山寺站,3,1,55.7,5.0,2,21.6,9.0,1,34.1,4.0,-1,More transfers
新埔民生站,三和國中站,2,1,51.516666666666666,6.0,1,25.916666666666668,7.0,2,25.599999999999998,1.0,1,Fewer transfers
新埔民生站,三和國中站,3,1,61.61666666666667,5.0,2,25.916666666666668,7.0,2,35.7,2.0,0,Same transfers
新埔民生站,三民高中站,2,1,55.25,6.0,1,29.65,7.0,2,25.6,1.0,1,Fewer transfers
新埔民生站,三民高中站,3,1,65.35,5.0,2,29.65,7.0,2,35.699999999999996,2.0,0,Same transfers
新埔民生站,三重國小站,2,1,49.31666666666667,6.0,1,23.716666666666665,7.0,2,25.600000000000005,1.0,1,Fewer transfers
新埔民生站,三重國小站,3,1,59.41666666666666,5.0,2,23.716666666666665,7.0,2,35.69999999999999,2.0,0,Same transfers
新埔民生站,三重站,2,1,62.86666666666667,5.0,2,13.383333333333333,6.0,1,49.483333333333334,1.0,-1,More transfers
新埔民生站,中山國中站,2,1,37.85,13.0,3,33.916666666666664,14.0,2,3.933333333333337,1.0,-1,More transfers
新埔民生站,中山國中站,3,1,59.23333333333333,8.0,2,33.916666666666664,14.0,2,25.316666666666663,6.0,0,Same transfers
新埔民生站,中山國小站,2,1,53.016666666666666,5.0,2,23.15,6.0,1,29.866666666666667,1.0,-1,More transfers
新埔民生站,中山站,2,1,27.433333333333334,9.0,2,23.133333333333333,11.0,2,4.300000000000001,2.0,0,Same transfers
新埔民生站,中山站,3,1,31.4,8.0,2,23.133333333333333,11.0,2,8.266666666666666,3.0,0,Same transfers
新埔民生站,中山站,4,1,47.31666666666667,5.0,2,23.133333333333333,11.0,2,24.183333333333337,6.0,0,Same transfers
新埔民生站,中山站,5,1,48.083333333333336,3.0,1,23.133333333333333,11.0,2,24.950000000000003,8.0,1,Fewer transfers
新埔民生站,中正紀念堂站,2,1,32.8,9.0,2,22.4,11.0,2,10.399999999999999,2.0,0,Same transfers
新埔民生站,中正紀念堂站,3,1,33.85,8.0,2,22.4,11.0,2,11.450000000000003,3.0,0,Same transfers
新埔民生站,中正紀念堂站,4,1,39.95,3.0,1,22.4,11.0,2,17.550000000000004,8.0,1,Fewer transfers
新埔民生站,丹鳳站,2,1,74.85,5.0,2,15.366666666666667,6.0,1,59.48333333333333,1.0,-1,More transfers
新埔民生站,亞東醫院站,2,1,51.333333333333336,8.0,2,15.0,9.0,1,36.333333333333336,1.0,-1,More transfers
新埔民生站,亞東醫院站,3,1,59.53333333333333,5.0,2,15.0,9.0,1,44.53333333333333,4.0,-1,More transfers
新埔民生站,信義安和站,2,1,35.9,13.0,2,33.25,13.0,3,2.6499999999999986,0.0,1,Fewer transfers
新埔民生站,信義安和站,3,1,39.583333333333336,8.0,2,33.25,13.0,3,6.333333333333336,5.0,1,Fewer transfers
新埔民生站,信義安和站,4,1,50.8,5.0,2,33.25,13.0,3,17.549999999999997,8.0,1,Fewer transfers
新埔民生站,先嗇宮站,2,1,65.65,5.0,2,10.6,6.0,1,55.050000000000004,1.0,-1,More transfers
新埔民生站,內湖站,2,1,53.65,13.0,3,49.71666666666667,14.0,2,3.93333333333333,1.0,-1,More transfers
新埔民生站,內湖站,3,1,75.03333333333333,8.0,2,49.71666666666667,14.0,2,25.316666666666663,6.0,0,Same transfers
新埔民生站,公館站,2,1,34.233333333333334,3.0,1,28.266666666666666,11.0,2,5.966666666666669,8.0,1,Fewer transfers
新埔民生站,六張犁站,2,1,44.23333333333333,13.0,3,36.1,14.0,2,8.133333333333326,1.0,-1,More transfers
新埔民生站,六張犁站,3,1,57.98333333333333,10.0,3,36.1,14.0,2,21.883333333333326,4.0,-1,More transfers
新埔民生站,六張犁站,4,1,65.61666666666666,8.0,2,36.1,14.0,2,29.51666666666666,6.0,0,Same transfers
新埔民生站,劍南路站,2,1,46.56666666666667,13.0,3,42.63333333333333,14.0,2,3.933333333333337,1.0,-1,More transfers
新埔民生站,劍南路站,3,1,67.95,8.0,2,42.63333333333333,14.0,2,25.31666666666667,6.0,0,Same transfers
新埔民生站,劍潭站,2,1,50.31666666666667,8.0,2,28.75,9.0,2,21.56666666666667,1.0,0,Same transfers
新埔民生站,劍潭站,3,1,54.7,5.0,2,28.75,9.0,2,25.950000000000003,4.0,0,Same transfers
新埔民生站,動物園站,2,1,55.6,13.0,3,47.46666666666667,14.0,2,8.133333333333333,1.0,-1,More transfers
新埔民生站,動物園站,3,1,69.35,10.0,3,47.46666666666667,14.0,2,21.883333333333326,4.0,-1,More transfers
新埔民生站,動物園站,4,1,76.98333333333333,8.0,2,47.46666666666667,14.0,2,29.516666666666666,6.0,0,Same transfers
新埔民生站,北投站,2,1,63.66666666666666,8.0,2,42.1,9.0,2,21.566666666666656,1.0,0,Same transfers
新埔民生站,北投站,3,1,68.05,5.0,2,42.1,9.0,2,25.949999999999996,4.0,0,Same transfers
新埔民生站,北門站,2,1,33.916666666666664,8.0,2,20.73333333333333,11.0,2,13.183333333333334,3.0,0,Same transfers
新埔民生站,北門站,3,1,45.68333333333333,3.0,1,20.73333333333333,11.0,2,24.95,8.0,1,Fewer transfers
新埔民生站,南京三民站,2,1,35.266666666666666,8.0,2,31.7,11.0,2,3.5666666666666664,3.0,0,Same transfers
新埔民生站,南京三民站,3,1,56.65,3.0,1,31.7,11.0,2,24.95,8.0,1,Fewer transfers
新埔民生站,南京復興站,2,1,31.166666666666668,8.0,2,27.6,11.0,2,3.5666666666666664,3.0,0,Same transfers
新埔民生站,南京復興站,3,1,52.55,3.0,1,27.6,11.0,2,24.949999999999996,8.0,1,Fewer transfers
新埔民生站,南勢角站,2,1,49.88333333333333,5.0,2,24.166666666666668,6.0,1,25.716666666666665,1.0,-1,More transfers
新埔民生站,南港展覽館站,2,1,48.93333333333333,8.0,2,40.56666666666667,9.0,1,8.36666666666666,1.0,-1,More transfers
新埔民生站,南港展覽館站,3,1,66.46666666666667,7.0,3,40.56666666666667,9.0,1,25.9,2.0,-2,More transfers
新埔民生站,南港展覽館站,4,1,69.51666666666667,5.0,2,40.56666666666667,9.0,1,28.949999999999996,4.0,-1,More transfers
新埔民生站,南港站,2,1,46.66666666666666,8.0,2,38.3,9.0,1,8.36666666666666,1.0,-1,More transfers
新埔民生站,南港站,3,1,64.2,7.0,3,38.3,9.0,1,25.900000000000006,2.0,-2,More transfers
新埔民生站,南港站,4,1,67.25,5.0,2,38.3,9.0,1,28.950000000000003,4.0,-1,More transfers
新埔民生站,南港軟體園區站,2,1,55.23333333333333,13.0,3,46.86666666666667,14.0,2,8.36666666666666,1.0,-1,More transfers
新埔民生站,南港軟體園區站,3,1,72.76666666666667,12.0,4,46.86666666666667,14.0,2,25.9,2.0,-2,More transfers
新埔民生站,南港軟體園區站,4,1,75.81666666666666,10.0,3,46.86666666666667,14.0,2,28.949999999999996,4.0,-1,More transfers
新埔民生站,南港軟體園區站,5,1,82.61666666666666,8.0,2,46.86666666666667,14.0,2,35.74999999999999,6.0,0,Same transfers
新埔民生站,古亭站,2,1,29.85,6.0,1,24.48333333333333,11.0,2,5.366666666666671,5.0,1,Fewer transfers
新埔民生站,古亭站,3,1,37.95,3.0,1,24.48333333333333,11.0,2,13.466666666666672,8.0,1,Fewer transfers
新埔民生站,台北101/世貿站,2,1,37.73333333333333,13.0,2,35.083333333333336,13.0,3,2.6499999999999915,0.0,1,Fewer transfers
新埔民生站,台北101/世貿站,3,1,41.41666666666666,8.0,2,35.083333333333336,13.0,3,6.3333333333333215,5.0,1,Fewer transfers
新埔民生站,台北101/世貿站,4,1,52.63333333333333,5.0,2,35.083333333333336,13.0,3,17.549999999999997,8.0,1,Fewer transfers
新埔民生站,台北小巨蛋站,2,1,33.11666666666667,8.0,2,29.55,11.0,2,3.5666666666666664,3.0,0,Same transfers
新埔民生站,台北小巨蛋站,3,1,54.5,3.0,1,29.55,11.0,2,24.95,8.0,1,Fewer transfers
新埔民生站,台北橋站,2,1,59.016666666666666,5.0,2,17.233333333333334,6.0,1,41.78333333333333,1.0,-1,More transfers
新埔民生站,台北車站,2,1,34.78333333333333,8.0,2,19.316666666666663,9.0,1,15.466666666666669,1.0,-1,More transfers
新埔民生站,台北車站,3,1,45.6,5.0,2,19.316666666666663,9.0,1,26.28333333333334,4.0,-1,More transfers
新埔民生站,台大醫院站,2,1,30.766666666666666,9.0,2,25.016666666666666,13.0,2,5.75,4.0,0,Same transfers
新埔民生站,台大醫院站,3,1,39.65,8.0,2,25.016666666666666,13.0,2,14.633333333333333,5.0,0,Same transfers
新埔民生站,台大醫院站,4,1,44.03333333333333,5.0,2,25.016666666666666,13.0,2,19.016666666666666,8.0,0,Same transfers
新埔民生站,台電大樓站,2,1,33.81666666666667,8.0,2,26.45,11.0,2,7.366666666666671,3.0,0,Same transfers
新埔民生站,台電大樓站,3,1,36.03333333333333,3.0,1,26.45,11.0,2,9.583333333333332,8.0,1,Fewer transfers
新埔民生站,唭哩岸站,2,1,60.0,8.0,2,38.43333333333333,9.0,2,21.56666666666667,1.0,0,Same transfers
新埔民生站,唭哩岸站,3,1,64.38333333333334,5.0,2,38.43333333333333,9.0,2,25.95000000000001,4.0,0,Same transfers
新埔民生站,善導寺站,2,1,33.266666666666666,8.0,2,21.116666666666667,9.0,1,12.149999999999999,1.0,-1,More transfers
新埔民生站,善導寺站,3,1,50.06666666666667,5.0,2,21.116666666666667,9.0,1,28.950000000000003,4.0,-1,More transfers
新埔民生站,國父紀念館站,2,1,36.81666666666667,8.0,2,28.45,9.0,1,8.36666666666667,1.0,-1,More transfers
新埔民生站,國父紀念館站,3,1,54.35,7.0,3,28.45,9.0,1,25.900000000000002,2.0,-2,More transfers
新埔民生站,國父紀念館站,4,1,57.4,5.0,2,28.45,9.0,1,28.95,4.0,-1,More transfers
新埔民生站,圓山站,2,1,47.96666666666667,8.0,2,26.4,9.0,2,21.56666666666667,1.0,0,Same transfers
新埔民生站,圓山站,3,1,52.35,5.0,2,26.4,9.0,2,25.950000000000003,4.0,0,Same transfers
新埔民生站,土城站,2,1,56.333333333333336,8.0,2,20.0,9.0,1,36.333333333333336,1.0,-1,More transfers
新埔民生站,土城站,3,1,64.53333333333333,5.0,2,20.0,9.0,1,44.53333333333333,4.0,-1,More transfers
新埔民生站,士林站,2,1,52.45,8.0,2,30.883333333333333,9.0,2,21.56666666666667,1.0,0,Same transfers
新埔民生站,士林站,3,1,56.833333333333336,5.0,2,30.883333333333333,9.0,2,25.950000000000003,4.0,0,Same transfers
新埔民生站,大安森林公園站,2,1,32.21666666666667,13.0,2,29.566666666666663,13.0,3,2.6500000000000057,0.0,1,Fewer transfers
新埔民生站,大安森林公園站,3,1,35.9,8.0,2,29.566666666666663,13.0,3,6.333333333333336,5.0,1,Fewer transfers
新埔民生站,大安森林公園站,4,1,47.11666666666667,5.0,2,29.566666666666663,13.0,3,17.550000000000004,8.0,1,Fewer transfers
新埔民生站,大安站,2,1,31.916666666666668,14.0,2,31.25,13.0,3,0.6666666666666679,-1.0,1,Fewer transfers
新埔民生站,大安站,3,1,33.9,13.0,2,31.25,13.0,3,2.6499999999999986,0.0,1,Fewer transfers
新埔民生站,大安站,4,1,37.583333333333336,8.0,2,31.25,13.0,3,6.333333333333336,5.0,1,Fewer transfers
新埔民生站,大安站,5,1,48.8,5.0,2,31.25,13.0,3,17.549999999999997,8.0,1,Fewer transfers
新埔民生站,大橋頭站,2,1,56.46666666666667,5.0,2,19.766666666666666,6.0,1,36.7,1.0,-1,More transfers
新埔民生站,大湖公園站,2,1,55.25,13.0,3,51.31666666666667,14.0,2,3.93333333333333,1.0,-1,More transfers
新埔民生站,大湖公園站,3,1,76.63333333333334,8.0,2,51.31666666666667,14.0,2,25.31666666666667,6.0,0,Same transfers
新埔民生站,大直站,2,1,44.41666666666666,13.0,3,40.48333333333333,14.0,2,3.93333333333333,1.0,-1,More transfers
新埔民生站,大直站,3,1,65.8,8.0,2,40.48333333333333,14.0,2,25.31666666666667,6.0,0,Same transfers
新埔民生站,奇岩站,2,1,61.7,8.0,2,40.13333333333333,9.0,2,21.56666666666667,1.0,0,Same transfers
新埔民生站,奇岩站,3,1,66.08333333333333,5.0,2,40.13333333333333,9.0,2,25.949999999999996,4.0,0,Same transfers
新埔民生站,小南門站,2,1,35.75,8.0,2,20.683333333333334,11.0,2,15.066666666666666,3.0,0,Same transfers
新埔民生站,小南門站,3,1,41.85,3.0,1,20.683333333333334,11.0,2,21.166666666666668,8.0,1,Fewer transfers
新埔民生站,市政府站,2,1,38.56666666666667,8.0,2,30.2,9.0,1,8.36666666666667,1.0,-1,More transfers
新埔民生站,市政府站,3,1,56.1,7.0,3,30.2,9.0,1,25.900000000000002,2.0,-2,More transfers
新埔民生站,市政府站,4,1,59.15,5.0,2,30.2,9.0,1,28.95,4.0,-1,More transfers
新埔民生站,府中站,2,1,49.16666666666666,8.0,2,12.833333333333334,9.0,1,36.33333333333332,1.0,-1,More transfers
新埔民生站,府中站,3,1,57.36666666666667,5.0,2,12.833333333333334,9.0,1,44.53333333333333,4.0,-1,More transfers
新埔民生站,廣慈/奉天宮站,2,1,42.28333333333333,13.0,2,39.63333333333333,13.0,3,2.6499999999999986,0.0,1,Fewer transfers
新埔民生站,廣慈/奉天宮站,3,1,45.96666666666667,8.0,2,39.63333333333333,13.0,3,6.333333333333336,5.0,1,Fewer transfers
新埔民生站,廣慈/奉天宮站,4,1,57.18333333333333,5.0,2,39.63333333333333,13.0,3,17.549999999999997,8.0,1,Fewer transfers
新埔民生站,後山埤站,2,1,42.16666666666666,8.0,2,33.8,9.0,1,8.36666666666666,1.0,-1,More transfers
新埔民生站,後山埤站,3,1,59.7,7.0,3,33.8,9.0,1,25.900000000000006,2.0,-2,More transfers
新埔民生站,後山埤站,4,1,62.75,5.0,2,33.8,9.0,1,28.950000000000003,4.0,-1,More transfers
新埔民生站,徐匯中學站,2,1,53.3,6.0,1,27.7,7.0,2,25.599999999999998,1.0,1,Fewer transfers
新埔民生站,徐匯中學站,3,1,63.4,5.0,2,27.7,7.0,2,35.7,2.0,0,Same transfers
新埔民生站,復興崗站,2,1,66.36666666666666,8.0,2,44.8,9.0,2,21.566666666666663,1.0,0,Same transfers
新埔民生站,復興崗站,3,1,70.75,5.0,2,44.8,9.0,2,25.950000000000003,4.0,0,Same transfers
新埔民生站,忠孝復興站,2,1,33.416666666666664,8.0,2,25.05,9.0,1,8.366666666666664,1.0,-1,More transfers
新埔民生站,忠孝復興站,3,1,50.95,7.0,3,25.05,9.0,1,25.900000000000002,2.0,-2,More transfers
新埔民生站,忠孝復興站,4,1,54.0,5.0,2,25.05,9.0,1,28.95,4.0,-1,More transfers
新埔民生站,忠孝敦化站,2,1,35.166666666666664,8.0,2,26.8,9.0,1,8.366666666666664,1.0,-1,More transfers
新埔民生站,忠孝敦化站,3,1,52.7,7.0,3,26.8,9.0,1,25.900000000000002,2.0,-2,More transfers
新埔民生站,忠孝敦化站,4,1,55.75,5.0,2,26.8,9.0,1,28.95,4.0,-1,More transfers
新埔民生站,忠孝新生站,2,1,29.25,6.0,1,22.883333333333333,9.0,1,6.366666666666667,3.0,0,Same transfers
新埔民生站,忠孝新生站,3,1,46.78333333333333,5.0,2,22.883333333333333,9.0,1,23.9,4.0,-1,More transfers
新埔民生站,忠義站,2,1,68.76666666666667,8.0,2,47.2,9.0,2,21.566666666666663,1.0,0,Same transfers
新埔民生站,忠義站,3,1,73.15,5.0,2,47.2,9.0,2,25.950000000000003,4.0,0,Same transfers
新埔民生站,文德站,2,1,51.93333333333333,13.0,3,48.0,14.0,2,3.93333333333333,1.0,-1,More transfers
新埔民生站,文德站,3,1,73.31666666666666,8.0,2,48.0,14.0,2,25.316666666666663,6.0,0,Same transfers
新埔民生站,新北投站,2,1,69.28333333333333,11.0,3,47.71666666666667,12.0,3,21.566666666666663,1.0,0,Same transfers
新埔民生站,新北投站,3,1,73.66666666666667,8.0,3,47.71666666666667,12.0,3,25.950000000000003,4.0,0,Same transfers
新埔民生站,新埔站,2,1,45.333333333333336,8.0,2,9.0,9.0,1,36.333333333333336,1.0,-1,More transfers
新埔民生站,新埔站,3,1,53.53333333333333,5.0,2,9.0,9.0,1,44.53333333333333,4.0,-1,More transfers
新埔民生站,新莊站,2,1,69.85,5.0,2,10.366666666666667,6.0,1,59.48333333333333,1.0,-1,More transfers
新埔民生站,昆陽站,2,1,44.43333333333333,8.0,2,36.06666666666667,9.0,1,8.36666666666666,1.0,-1,More transfers
新埔民生站,昆陽站,3,1,61.96666666666667,7.0,3,36.06666666666667,9.0,1,25.9,2.0,-2,More transfers
新埔民生站,昆陽站,4,1,65.01666666666667,5.0,2,36.06666666666667,9.0,1,28.949999999999996,4.0,-1,More transfers
新埔民生站,明德站,2,1,56.23333333333333,8.0,2,34.666666666666664,9.0,2,21.566666666666663,1.0,0,Same transfers
新埔民生站,明德站,3,1,60.61666666666667,5.0,2,34.666666666666664,9.0,2,25.950000000000003,4.0,0,Same transfers
新埔民生站,木柵站,2,1,54.06666666666667,13.0,3,45.93333333333333,14.0,2,8.13333333333334,1.0,-1,More transfers
新埔民生站,木柵站,3,1,67.81666666666666,10.0,3,45.93333333333333,14.0,2,21.883333333333333,4.0,-1,More transfers
新埔民生站,木柵站,4,1,75.45,8.0,2,45.93333333333333,14.0,2,29.516666666666673,6.0,0,Same transfers
新埔民生站,東湖站,2,1,57.06666666666667,13.0,3,48.7,14.0,2,8.366666666666667,1.0,-1,More transfers
新埔民生站,東湖站,3,1,74.6,12.0,4,48.7,14.0,2,25.89999999999999,2.0,-2,More transfers
新埔民生站,東湖站,4,1,77.65,10.0,3,48.7,14.0,2,28.950000000000003,4.0,-1,More transfers
新埔民生站,東湖站,5,1,80.78333333333333,8.0,2,48.7,14.0,2,32.08333333333333,6.0,0,Same transfers
新埔民生站,東門站,2,1,32.15,6.0,1,27.78333333333333,11.0,2,4.366666666666667,5.0,1,Fewer transfers
新埔民生站,東門站,3,1,43.96666666666667,5.0,2,27.78333333333333,11.0,2,16.183333333333337,6.0,0,Same transfers
新埔民生站,松山機場站,2,1,41.05,13.0,3,37.11666666666667,14.0,2,3.93333333333333,1.0,-1,More transfers
新埔民生站,松山機場站,3,1,62.43333333333333,8.0,2,37.11666666666667,14.0,2,25.316666666666663,6.0,0,Same transfers
新埔民生站,松山站,2,1,38.016666666666666,8.0,2,34.45,11.0,2,3.566666666666663,3.0,0,Same transfers
新埔民生站,松山站,3,1,59.4,3.0,1,34.45,11.0,2,24.949999999999996,8.0,1,Fewer transfers
新埔民生站,松江南京站,2,1,27.05,6.0,1,25.48333333333333,11.0,2,1.56666666666667,5.0,1,Fewer transfers
新埔民生站,松江南京站,3,1,49.11666666666667,5.0,2,25.48333333333333,11.0,2,23.633333333333336,6.0,0,Same transfers
新埔民生站,松江南京站,4,1,50.43333333333333,3.0,1,25.48333333333333,11.0,2,24.95,8.0,1,Fewer transfers
新埔民生站,民權西路站,2,1,50.35,5.0,2,21.4,6.0,1,28.950000000000003,1.0,-1,More transfers
新埔民生站,永安市場站,2,1,45.81666666666667,5.0,2,24.05,6.0,1,21.76666666666667,1.0,-1,More transfers
新埔民生站,永寧站,2,1,58.35,8.0,2,22.016666666666666,9.0,1,36.333333333333336,1.0,-1,More transfers
新埔民生站,永寧站,3,1,66.55,5.0,2,22.016666666666666,9.0,1,44.53333333333333,4.0,-1,More transfers
新埔民生站,永春站,2,1,40.48333333333333,8.0,2,32.11666666666667,9.0,1,8.36666666666666,1.0,-1,More transfers
新埔民生站,永春站,3,1,58.016666666666666,7.0,3,32.11666666666667,9.0,1,25.9,2.0,-2,More transfers
新埔民生站,永春站,4,1,61.06666666666667,5.0,2,32.11666666666667,9.0,1,28.950000000000003,4.0,-1,More transfers
新埔民生站,江子翠站,2,1,43.583333333333336,8.0,2,10.75,9.0,1,32.833333333333336,1.0,-1,More transfers
新埔民生站,江子翠站,3,1,51.78333333333333,5.0,2,10.75,9.0,1,41.03333333333333,4.0,-1,More transfers
新埔民生站,海山站,2,1,54.13333333333333,8.0,2,17.8,9.0,1,36.33333333333333,1.0,-1,More transfers
新埔民生站,海山站,3,1,62.333333333333336,5.0,2,17.8,9.0,1,44.53333333333333,4.0,-1,More transfers
新埔民生站,淡水站,2,1,79.68333333333334,8.0,2,58.11666666666667,9.0,2,21.56666666666667,1.0,0,Same transfers
新埔民生站,淡水站,3,1,84.06666666666666,5.0,2,58.11666666666667,9.0,2,25.949999999999996,4.0,0,Same transfers
新埔民生站,港墘站,2,1,50.31666666666667,13.0,3,46.38333333333333,14.0,2,3.933333333333337,1.0,-1,More transfers
新埔民生站,港墘站,3,1,71.7,8.0,2,46.38333333333333,14.0,2,25.31666666666667,6.0,0,Same transfers
新埔民生站,石牌站,2,1,57.73333333333333,8.0,2,36.16666666666666,9.0,2,21.56666666666667,1.0,0,Same transfers
新埔民生站,石牌站,3,1,62.11666666666667,5.0,2,36.16666666666666,9.0,2,25.95000000000001,4.0,0,Same transfers
新埔民生站,科技大樓站,2,1,41.78333333333333,13.0,3,33.65,14.0,2,8.133333333333333,1.0,-1,More transfers
新埔民生站,科技大樓站,3,1,55.53333333333333,10.0,3,33.65,14.0,2,21.883333333333333,4.0,-1,More transfers
新埔民生站,科技大樓站,4,1,63.16666666666666,8.0,2,33.65,14.0,2,29.51666666666666,6.0,0,Same transfers
新埔民生站,竹圍站,2,1,73.5,8.0,2,51.93333333333333,9.0,2,21.56666666666667,1.0,0,Same transfers
新埔民生站,竹圍站,3,1,77.88333333333334,5.0,2,51.93333333333333,9.0,2,25.95000000000001,4.0,0,Same transfers
新埔民生站,紅樹林站,2,1,76.31666666666666,8.0,2,54.75,9.0,2,21.566666666666663,1.0,0,Same transfers
新埔民生站,紅樹林站,3,1,80.7,5.0,2,54.75,9.0,2,25.950000000000003,4.0,0,Same transfers
新埔民生站,芝山站,2,1,54.46666666666667,8.0,2,32.9,9.0,2,21.56666666666667,1.0,0,Same transfers
新埔民生站,芝山站,3,1,58.85,5.0,2,32.9,9.0,2,25.950000000000003,4.0,0,Same transfers
新埔民生站,菜寮站,2,1,61.05,5.0,2,15.2,6.0,1,45.849999999999994,1.0,-1,More transfers
新埔民生站,萬芳社區站,2,1,52.86666666666667,13.0,3,44.73333333333333,14.0,2,8.13333333333334,1.0,-1,More transfers
新埔民生站,萬芳社區站,3,1,66.61666666666666,10.0,3,44.73333333333333,14.0,2,21.883333333333333,4.0,-1,More transfers
新埔民生站,萬芳社區站,4,1,74.25,8.0,2,44.73333333333333,14.0,2,29.516666666666673,6.0,0,Same transfers
新埔民生站,萬芳醫院站,2,1,50.8,13.0,3,42.66666666666666,14.0,2,8.13333333333334,1.0,-1,More transfers
新埔民生站,萬芳醫院站,3,1,64.55,10.0,3,42.66666666666666,14.0,2,21.88333333333334,4.0,-1,More transfers
新埔民生站,萬芳醫院站,4,1,72.18333333333334,8.0,2,42.66666666666666,14.0,2,29.51666666666668,6.0,0,Same transfers
新埔民生站,萬隆站,2,1,31.75,3.0,1,30.78333333333333,11.0,2,0.9666666666666686,8.0,1,Fewer transfers
新埔民生站,葫洲站,2,1,57.68333333333333,13.0,3,50.41666666666666,14.0,2,7.266666666666673,1.0,-1,More transfers
新埔民生站,葫洲站,3,1,76.31666666666666,12.0,4,50.41666666666666,14.0,2,25.900000000000006,2.0,-2,More transfers
新埔民生站,葫洲站,4,1,79.06666666666666,8.0,2,50.41666666666666,14.0,2,28.650000000000006,6.0,0,Same transfers
新埔民生站,蘆洲站,2,1,57.516666666666666,6.0,1,31.916666666666668,7.0,2,25.599999999999998,1.0,1,Fewer transfers
新埔民生站,蘆洲站,3,1,67.61666666666666,5.0,2,31.916666666666668,7.0,2,35.69999999999999,2.0,0,Same transfers
新埔民生站,行天宮站,2,1,50.91666666666666,5.0,2,25.25,6.0,1,25.666666666666657,1.0,-1,More transfers
新埔民生站,西湖站,2,1,48.81666666666667,13.0,3,44.88333333333333,14.0,2,3.933333333333337,1.0,-1,More transfers
新埔民生站,西湖站,3,1,70.2,8.0,2,44.88333333333333,14.0,2,25.31666666666667,6.0,0,Same transfers
新埔民生站,西門站,2,1,35.81666666666667,8.0,2,16.733333333333334,9.0,1,19.083333333333336,1.0,-1,More transfers
新埔民生站,西門站,3,1,43.68333333333333,3.0,1,16.733333333333334,9.0,1,26.949999999999996,6.0,0,Same transfers
新埔民生站,象山站,2,1,39.333333333333336,13.0,2,36.68333333333333,13.0,3,2.6500000000000057,0.0,1,Fewer transfers
新埔民生站,象山站,3,1,43.016666666666666,8.0,2,36.68333333333333,13.0,3,6.333333333333336,5.0,1,Fewer transfers
新埔民生站,象山站,4,1,54.23333333333333,5.0,2,36.68333333333333,13.0,3,17.549999999999997,8.0,1,Fewer transfers
新埔民生站,輔大站,2,1,72.55,5.0,2,13.066666666666666,6.0,1,59.483333333333334,1.0,-1,More transfers
新埔民生站,辛亥站,2,1,48.61666666666667,13.0,3,40.48333333333333,14.0,2,8.13333333333334,1.0,-1,More transfers
新埔民生站,辛亥站,3,1,62.36666666666667,10.0,3,40.48333333333333,14.0,2,21.88333333333334,4.0,-1,More transfers
新埔民生站,辛亥站,4,1,70.0,8.0,2,40.48333333333333,14.0,2,29.516666666666673,6.0,0,Same transfers
新埔民生站,迴龍站,2,1,78.06666666666666,5.0,2,18.58333333333333,6.0,1,59.483333333333334,1.0,-1,More transfers
新埔民生站,關渡站,2,1,70.55,8.0,2,48.98333333333333,9.0,2,21.56666666666667,1.0,0,Same transfers
新埔民生站,關渡站,3,1,74.93333333333334,5.0,2,48.98333333333333,9.0,2,25.95000000000001,4.0,0,Same transfers
新埔民生站,雙連站,2,1,44.46666666666667,8.0,2,25.9,9.0,2,18.56666666666667,1.0,0,Same transfers
新埔民生站,雙連站,3,1,48.85,5.0,2,25.9,9.0,2,22.950000000000003,4.0,0,Same transfers
新埔民生站,頂埔站,2,1,61.81666666666667,8.0,2,25.48333333333333,9.0,1,36.33333333333334,1.0,-1,More transfers
新埔民生站,頂埔站,3,1,70.01666666666667,5.0,2,25.48333333333333,9.0,1,44.53333333333333,4.0,-1,More transfers
新埔民生站,頂溪站,2,1,43.61666666666667,5.0,2,26.25,6.0,1,17.366666666666667,1.0,-1,More transfers
新埔民生站,麟光站,2,1,45.85,13.0,3,37.71666666666667,14.0,2,8.133333333333333,1.0,-1,More transfers
新埔民生站,麟光站,3,1,59.6,10.0,3,37.71666666666667,14.0,2,21.883333333333333,4.0,-1,More transfers
新埔民生站,麟光站,4,1,67.23333333333333,8.0,2,37.71666666666667,14.0,2,29.516666666666666,6.0,0,Same transfers
新埔民生站,龍山寺站,2,1,39.9,8.0,2,14.416666666666666,9.0,1,25.483333333333334,1.0,-1,More transfers
新埔民生站,龍山寺站,3,1,48.1,5.0,2,14.416666666666666,9.0,1,33.68333333333334,4.0,-1,More transfers
新埔站,三和國中站,2,1,30.25,2.0,1,28.5,7.0,2,1.75,5.0,1,Fewer transfers
新埔站,三民高中站,2,1,33.983333333333334,2.0,1,32.233333333333334,7.0,2,1.75,5.0,1,Fewer transfers
新埔站,三重國小站,2,1,28.05,2.0,1,26.3,7.0,2,1.75,5.0,1,Fewer transfers
新埔站,三重站,2,1,29.75,7.0,2,22.8,15.0,2,6.949999999999999,8.0,0,Same transfers
新埔站,三重站,3,1,31.5,2.0,1,22.8,15.0,2,8.7,13.0,1,Fewer transfers
新埔站,中原站,2,1,43.766666666666666,8.0,2,18.08333333333333,9.0,1,25.683333333333337,1.0,-1,More transfers
新埔站,中原站,3,1,43.98333333333333,5.0,2,18.08333333333333,9.0,1,25.9,4.0,-1,More transfers
新埔站,中和站,2,1,40.0,8.0,2,21.85,9.0,1,18.15,1.0,-1,More transfers
新埔站,中和站,3,1,40.21666666666667,5.0,2,21.85,9.0,1,18.366666666666667,4.0,-1,More transfers
新埔站,丹鳳站,2,1,41.73333333333333,7.0,2,24.78333333333333,15.0,2,16.949999999999996,8.0,0,Same transfers
新埔站,丹鳳站,3,1,43.48333333333333,2.0,1,24.78333333333333,15.0,2,18.699999999999996,13.0,1,Fewer transfers
新埔站,信義安和站,2,1,26.433333333333334,4.0,1,23.78333333333333,4.0,2,2.650000000000002,0.0,1,Fewer transfers
新埔站,先嗇宮站,2,1,32.53333333333333,7.0,2,20.016666666666666,15.0,2,12.516666666666666,8.0,0,Same transfers
新埔站,先嗇宮站,3,1,34.28333333333333,2.0,1,20.016666666666666,15.0,2,14.266666666666666,13.0,1,Fewer transfers
新埔站,十四張站,2,1,31.45,9.0,1,30.65,5.0,2,0.8000000000000007,-4.0,1,Fewer transfers
新埔站,南勢角站,2,1,32.266666666666666,2.0,1,26.95,4.0,2,5.316666666666666,2.0,1,Fewer transfers
新埔站,台北101/世貿站,2,1,28.266666666666666,4.0,1,25.616666666666667,4.0,2,2.6499999999999986,0.0,1,Fewer transfers
新埔站,台北橋站,2,1,27.65,2.0,1,25.9,7.0,2,1.75,5.0,1,Fewer transfers
新埔站,大安森林公園站,2,1,22.75,4.0,1,20.1,4.0,2,2.6499999999999986,0.0,1,Fewer transfers
新埔站,大安站,2,1,22.45,5.0,1,21.78333333333333,4.0,2,0.6666666666666679,-1.0,1,Fewer transfers
新埔站,大安站,3,1,24.433333333333334,4.0,1,21.78333333333333,4.0,2,2.650000000000002,0.0,1,Fewer transfers
新埔站,大橋頭站,2,1,25.1,2.0,1,23.35,7.0,2,1.75,5.0,1,Fewer transfers
新埔站,幸福站,2,1,44.66666666666666,8.0,2,13.966666666666669,9.0,1,30.69999999999999,1.0,-1,More transfers
新埔站,幸福站,3,1,58.03333333333333,5.0,2,13.966666666666669,9.0,1,44.06666666666666,4.0,-1,More transfers
新埔站,廣慈/奉天宮站,2,1,32.81666666666667,4.0,1,30.166666666666668,4.0,2,2.650000000000002,0.0,1,Fewer transfers
新埔站,徐匯中學站,2,1,32.03333333333333,2.0,1,30.28333333333333,7.0,2,1.75,5.0,1,Fewer transfers
新埔站,新北產業園區站,2,1,47.3,8.0,2,16.6,9.0,1,30.699999999999996,1.0,-1,More transfers
新埔站,新北產業園區站,3,1,60.66666666666666,5.0,2,16.6,9.0,1,44.066666666666656,4.0,-1,More transfers
新埔站,新埔民生站,2,1,45.46666666666667,8.0,2,9.0,9.0,1,36.46666666666667,1.0,-1,More transfers
新埔站,新埔民生站,3,1,53.06666666666667,5.0,2,9.0,9.0,1,44.06666666666667,4.0,-1,More transfers
新埔站,新莊站,2,1,36.73333333333333,7.0,2,19.78333333333333,15.0,2,16.949999999999996,8.0,0,Same transfers
新埔站,新莊站,3,1,38.48333333333333,2.0,1,19.78333333333333,15.0,2,18.699999999999996,13.0,1,Fewer transfers
新埔站,景安站,2,1,25.5,9.0,1,24.866666666666667,4.0,2,0.6333333333333329,-5.0,1,Fewer transfers
新埔站,景安站,3,1,30.183333333333334,2.0,1,24.866666666666667,4.0,2,5.316666666666666,2.0,1,Fewer transfers
新埔站,景平站,2,1,34.583333333333336,5.0,2,27.48333333333333,9.0,1,7.100000000000005,4.0,-1,More transfers
新埔站,板新站,2,1,46.03333333333333,8.0,2,15.816666666666666,9.0,1,30.216666666666665,1.0,-1,More transfers
新埔站,板新站,3,1,46.25,5.0,2,15.816666666666666,9.0,1,30.433333333333334,4.0,-1,More transfers
新埔站,橋和站,2,1,42.15,8.0,2,19.7,9.0,1,22.45,1.0,-1,More transfers
新埔站,橋和站,3,1,42.36666666666667,5.0,2,19.7,9.0,1,22.666666666666668,4.0,-1,More transfers
新埔站,民權西路站,2,1,23.35,2.0,1,18.6,4.0,1,4.75,2.0,0,Same transfers
新埔站,永安市場站,2,1,28.2,2.0,1,22.883333333333333,4.0,2,5.316666666666666,2.0,1,Fewer transfers
新埔站,秀朗橋站,2,1,32.88333333333333,5.0,2,29.216666666666665,9.0,1,3.666666666666668,4.0,-1,More transfers
新埔站,菜寮站,2,1,27.933333333333334,7.0,2,24.616666666666667,15.0,2,3.3166666666666664,8.0,0,Same transfers
新埔站,菜寮站,3,1,29.683333333333334,2.0,1,24.616666666666667,15.0,2,5.066666666666666,13.0,1,Fewer transfers
新埔站,蘆洲站,2,1,36.25,2.0,1,34.5,7.0,2,1.75,5.0,1,Fewer transfers
新埔站,象山站,2,1,29.866666666666667,4.0,1,27.216666666666665,4.0,2,2.650000000000002,0.0,1,Fewer transfers
新埔站,輔大站,2,1,39.43333333333333,7.0,2,22.48333333333333,15.0,2,16.95,8.0,0,Same transfers
新埔站,輔大站,3,1,41.18333333333333,2.0,1,22.48333333333333,15.0,2,18.7,13.0,1,Fewer transfers
新埔站,迴龍站,2,1,44.95,7.0,2,28.0,15.0,2,16.950000000000003,8.0,0,Same transfers
新埔站,迴龍站,3,1,46.7,2.0,1,28.0,15.0,2,18.700000000000003,13.0,1,Fewer transfers
新埔站,頂溪站,2,1,26.0,2.0,1,20.683333333333334,4.0,2,5.316666666666666,2.0,1,Fewer transfers
新埔站,頭前庄站,2,1,34.75,7.0,2,11.8,9.0,1,22.95,2.0,-1,More transfers
新埔站,頭前庄站,3,1,36.5,2.0,1,11.8,9.0,1,24.7,7.0,0,Same transfers
新店區公所站,三和國中站,2,1,36.833333333333336,2.0,1,35.46666666666667,5.0,2,1.3666666666666671,3.0,1,Fewer transfers
新店區公所站,三民高中站,2,1,40.56666666666667,2.0,1,39.2,5.0,2,1.3666666666666671,3.0,1,Fewer transfers
新店區公所站,三重國小站,2,1,34.63333333333333,2.0,1,33.266666666666666,5.0,2,1.3666666666666671,3.0,1,Fewer transfers
新店區公所站,三重站,2,1,38.083333333333336,2.0,1,36.71666666666667,5.0,2,1.3666666666666671,3.0,1,Fewer transfers
新店區公所站,中山站,2,1,23.3,0.0,0,22.53333333333333,2.0,1,0.7666666666666693,2.0,1,Fewer transfers
新店區公所站,丹鳳站,2,1,48.7,5.0,2,46.66666666666666,9.0,2,2.0333333333333456,4.0,0,Same transfers
新店區公所站,丹鳳站,3,1,50.06666666666667,2.0,1,46.66666666666666,9.0,2,3.400000000000013,7.0,1,Fewer transfers
新店區公所站,先嗇宮站,2,1,40.86666666666667,2.0,1,39.5,5.0,2,1.3666666666666671,3.0,1,Fewer transfers
新店區公所站,六張犁站,2,1,40.833333333333336,5.0,1,33.2,7.0,2,7.633333333333333,2.0,1,Fewer transfers
新店區公所站,動物園站,2,1,52.2,5.0,1,44.56666666666667,7.0,2,7.633333333333333,2.0,1,Fewer transfers
新店區公所站,南勢角站,2,1,25.1,2.0,1,22.3,9.0,2,2.8000000000000007,7.0,1,Fewer transfers
新店區公所站,南港展覽館站,2,1,44.73333333333333,2.0,1,41.68333333333333,4.0,2,3.049999999999997,2.0,1,Fewer transfers
新店區公所站,南港站,2,1,42.46666666666667,2.0,1,39.41666666666666,4.0,2,3.0500000000000114,2.0,1,Fewer transfers
新店區公所站,南港軟體園區站,2,1,51.03333333333333,7.0,2,47.98333333333333,9.0,3,3.0500000000000043,2.0,1,Fewer transfers
新店區公所站,南港軟體園區站,3,1,57.833333333333336,5.0,1,47.98333333333333,9.0,3,9.850000000000009,4.0,2,Fewer transfers
新店區公所站,台北橋站,2,1,34.233333333333334,2.0,1,32.86666666666667,5.0,2,1.3666666666666671,3.0,1,Fewer transfers
新店區公所站,國父紀念館站,2,1,32.61666666666667,2.0,1,29.566666666666663,4.0,2,3.0500000000000043,2.0,1,Fewer transfers
新店區公所站,大橋頭站,2,1,31.683333333333334,2.0,1,30.316666666666663,5.0,2,1.3666666666666707,3.0,1,Fewer transfers
新店區公所站,市政府站,2,1,34.36666666666667,2.0,1,31.316666666666663,4.0,2,3.0500000000000043,2.0,1,Fewer transfers
新店區公所站,後山埤站,2,1,37.96666666666667,2.0,1,34.916666666666664,4.0,2,3.0500000000000043,2.0,1,Fewer transfers
新店區公所站,徐匯中學站,2,1,38.61666666666667,2.0,1,37.25,5.0,2,1.3666666666666671,3.0,1,Fewer transfers
新店區公所站,忠孝復興站,2,1,29.216666666666665,2.0,1,26.166666666666668,4.0,2,3.049999999999997,2.0,1,Fewer transfers
新店區公所站,忠孝敦化站,2,1,30.966666666666665,2.0,1,27.916666666666668,4.0,2,3.049999999999997,2.0,1,Fewer transfers
新店區公所站,新莊站,2,1,43.7,5.0,2,41.66666666666666,9.0,2,2.0333333333333456,4.0,0,Same transfers
新店區公所站,新莊站,3,1,45.06666666666667,2.0,1,41.66666666666666,9.0,2,3.400000000000013,7.0,1,Fewer transfers
新店區公所站,昆陽站,2,1,40.23333333333333,2.0,1,37.18333333333333,4.0,2,3.049999999999997,2.0,1,Fewer transfers
新店區公所站,景安站,2,1,23.016666666666666,2.0,1,14.216666666666669,3.0,1,8.799999999999997,1.0,0,Same transfers
新店區公所站,木柵站,2,1,50.66666666666666,5.0,1,43.03333333333333,7.0,2,7.633333333333326,2.0,1,Fewer transfers
新店區公所站,東湖站,2,1,52.86666666666667,7.0,2,49.81666666666667,9.0,3,3.049999999999997,2.0,1,Fewer transfers
新店區公所站,東湖站,3,1,56.0,5.0,1,49.81666666666667,9.0,3,6.18333333333333,4.0,2,Fewer transfers
新店區公所站,松江南京站,2,1,25.65,0.0,0,24.33333333333333,2.0,1,1.31666666666667,2.0,1,Fewer transfers
新店區公所站,板橋站,2,1,31.0,2.0,1,27.03333333333333,3.0,1,3.9666666666666686,1.0,0,Same transfers
新店區公所站,永春站,2,1,36.28333333333333,2.0,1,33.233333333333334,4.0,2,3.049999999999997,2.0,1,Fewer transfers
新店區公所站,科技大樓站,2,1,38.38333333333333,5.0,1,30.75,7.0,2,7.633333333333333,2.0,1,Fewer transfers
新店區公所站,菜寮站,2,1,36.266666666666666,2.0,1,34.9,5.0,2,1.3666666666666671,3.0,1,Fewer transfers
新店區公所站,萬芳社區站,2,1,49.46666666666667,5.0,1,41.833333333333336,7.0,2,7.633333333333333,2.0,1,Fewer transfers
新店區公所站,萬芳醫院站,2,1,47.4,5.0,1,39.766666666666666,7.0,2,7.633333333333333,2.0,1,Fewer transfers
新店區公所站,葫洲站,2,1,54.28333333333333,5.0,1,51.53333333333333,9.0,3,2.75,4.0,2,Fewer transfers
新店區公所站,蘆洲站,2,1,42.833333333333336,2.0,1,41.46666666666667,5.0,2,1.3666666666666671,3.0,1,Fewer transfers
新店區公所站,輔大站,2,1,46.4,5.0,2,44.36666666666667,9.0,2,2.0333333333333314,4.0,0,Same transfers
新店區公所站,輔大站,3,1,47.766666666666666,2.0,1,44.36666666666667,9.0,2,3.3999999999999986,7.0,1,Fewer transfers
新店區公所站,辛亥站,2,1,45.21666666666667,5.0,1,37.583333333333336,7.0,2,7.633333333333333,2.0,1,Fewer transfers
新店區公所站,迴龍站,2,1,51.91666666666666,5.0,2,49.88333333333333,9.0,2,2.0333333333333243,4.0,0,Same transfers
新店區公所站,迴龍站,3,1,53.28333333333333,2.0,1,49.88333333333333,9.0,2,3.3999999999999986,7.0,1,Fewer transfers
新店區公所站,頭前庄站,2,1,43.083333333333336,2.0,1,33.68333333333333,3.0,1,9.400000000000006,1.0,0,Same transfers
新店區公所站,麟光站,2,1,42.45,5.0,1,34.81666666666667,7.0,2,7.633333333333333,2.0,1,Fewer transfers
新店站,三和國中站,2,1,39.1,2.0,1,37.73333333333333,5.0,2,1.3666666666666742,3.0,1,Fewer transfers
新店站,三民高中站,2,1,42.833333333333336,2.0,1,41.46666666666667,5.0,2,1.3666666666666671,3.0,1,Fewer transfers
新店站,三重國小站,2,1,36.9,2.0,1,35.53333333333333,5.0,2,1.3666666666666671,3.0,1,Fewer transfers
新店站,三重站,2,1,40.35,2.0,1,38.98333333333333,5.0,2,1.3666666666666742,3.0,1,Fewer transfers
新店站,中山站,2,1,25.566666666666663,0.0,0,24.8,2.0,1,0.7666666666666622,2.0,1,Fewer transfers
新店站,丹鳳站,2,1,50.96666666666667,5.0,2,48.93333333333333,9.0,2,2.0333333333333385,4.0,0,Same transfers
新店站,丹鳳站,3,1,52.333333333333336,2.0,1,48.93333333333333,9.0,2,3.4000000000000057,7.0,1,Fewer transfers
新店站,先嗇宮站,2,1,43.13333333333333,2.0,1,41.766666666666666,5.0,2,1.3666666666666671,3.0,1,Fewer transfers
新店站,六張犁站,2,1,43.1,5.0,1,35.46666666666667,7.0,2,7.633333333333333,2.0,1,Fewer transfers
新店站,動物園站,2,1,54.46666666666667,5.0,1,46.833333333333336,7.0,2,7.633333333333333,2.0,1,Fewer transfers
新店站,南勢角站,2,1,27.366666666666667,2.0,1,24.566666666666663,9.0,2,2.8000000000000043,7.0,1,Fewer transfers
新店站,南港展覽館站,2,1,47.0,2.0,1,43.95,4.0,2,3.049999999999997,2.0,1,Fewer transfers
新店站,南港站,2,1,44.73333333333333,2.0,1,41.68333333333333,4.0,2,3.049999999999997,2.0,1,Fewer transfers
新店站,南港軟體園區站,2,1,53.3,7.0,2,50.25,9.0,3,3.049999999999997,2.0,1,Fewer transfers
新店站,南港軟體園區站,3,1,60.1,5.0,1,50.25,9.0,3,9.850000000000001,4.0,2,Fewer transfers
新店站,台北橋站,2,1,36.5,2.0,1,35.13333333333333,5.0,2,1.3666666666666671,3.0,1,Fewer transfers
新店站,國父紀念館站,2,1,34.88333333333333,2.0,1,31.83333333333333,4.0,2,3.0500000000000043,2.0,1,Fewer transfers
新店站,大橋頭站,2,1,33.95,2.0,1,32.583333333333336,5.0,2,1.3666666666666671,3.0,1,Fewer transfers
新店站,市政府站,2,1,36.63333333333333,2.0,1,33.583333333333336,4.0,2,3.049999999999997,2.0,1,Fewer transfers
新店站,後山埤站,2,1,40.23333333333333,2.0,1,37.18333333333333,4.0,2,3.049999999999997,2.0,1,Fewer transfers
新店站,徐匯中學站,2,1,40.88333333333333,2.0,1,39.516666666666666,5.0,2,1.3666666666666671,3.0,1,Fewer transfers
新店站,忠孝復興站,2,1,31.48333333333333,2.0,1,28.433333333333334,4.0,2,3.049999999999997,2.0,1,Fewer transfers
新店站,忠孝敦化站,2,1,33.233333333333334,2.0,1,30.183333333333334,4.0,2,3.0500000000000007,2.0,1,Fewer transfers
新店站,新莊站,2,1,45.96666666666667,5.0,2,43.93333333333333,9.0,2,2.0333333333333385,4.0,0,Same transfers
新店站,新莊站,3,1,47.333333333333336,2.0,1,43.93333333333333,9.0,2,3.4000000000000057,7.0,1,Fewer transfers
新店站,昆陽站,2,1,42.5,2.0,1,39.45,4.0,2,3.049999999999997,2.0,1,Fewer transfers
新店站,景安站,2,1,25.28333333333333,2.0,1,16.483333333333334,3.0,1,8.799999999999997,1.0,0,Same transfers
新店站,木柵站,2,1,52.93333333333333,5.0,1,45.3,7.0,2,7.633333333333333,2.0,1,Fewer transfers
新店站,東湖站,2,1,55.13333333333333,7.0,2,52.083333333333336,9.0,3,3.049999999999997,2.0,1,Fewer transfers
新店站,東湖站,3,1,58.266666666666666,5.0,1,52.083333333333336,9.0,3,6.18333333333333,4.0,2,Fewer transfers
新店站,松江南京站,2,1,27.916666666666668,0.0,0,26.6,2.0,1,1.3166666666666664,2.0,1,Fewer transfers
新店站,板橋站,2,1,33.266666666666666,2.0,1,29.3,3.0,1,3.966666666666665,1.0,0,Same transfers
新店站,永春站,2,1,38.55,2.0,1,35.5,4.0,2,3.049999999999997,2.0,1,Fewer transfers
新店站,科技大樓站,2,1,40.65,5.0,1,33.016666666666666,7.0,2,7.633333333333333,2.0,1,Fewer transfers
新店站,菜寮站,2,1,38.53333333333333,2.0,1,37.16666666666666,5.0,2,1.3666666666666742,3.0,1,Fewer transfers
新店站,萬芳社區站,2,1,51.73333333333333,5.0,1,44.1,7.0,2,7.633333333333326,2.0,1,Fewer transfers
新店站,萬芳醫院站,2,1,49.66666666666666,5.0,1,42.03333333333333,7.0,2,7.633333333333326,2.0,1,Fewer transfers
新店站,葫洲站,2,1,56.55,5.0,1,53.8,9.0,3,2.75,4.0,2,Fewer transfers
新店站,蘆洲站,2,1,45.1,2.0,1,43.73333333333333,5.0,2,1.3666666666666742,3.0,1,Fewer transfers
新店站,輔大站,2,1,48.66666666666666,5.0,2,46.63333333333333,9.0,2,2.0333333333333243,4.0,0,Same transfers
新店站,輔大站,3,1,50.03333333333333,2.0,1,46.63333333333333,9.0,2,3.3999999999999986,7.0,1,Fewer transfers
新店站,辛亥站,2,1,47.48333333333333,5.0,1,39.85,7.0,2,7.633333333333326,2.0,1,Fewer transfers
新店站,迴龍站,2,1,54.18333333333333,5.0,2,52.15,9.0,2,2.0333333333333314,4.0,0,Same transfers
新店站,迴龍站,3,1,55.55,2.0,1,52.15,9.0,2,3.3999999999999986,7.0,1,Fewer transfers
新店站,頭前庄站,2,1,45.35,2.0,1,35.95,3.0,1,9.399999999999999,1.0,0,Same transfers
新店站,麟光站,2,1,44.71666666666667,5.0,1,37.083333333333336,7.0,2,7.633333333333333,2.0,1,Fewer transfers
新莊站,七張站,2,1,42.03333333333333,5.0,2,40.53333333333333,9.0,2,1.5,4.0,0,Same transfers
新莊站,七張站,3,1,43.31666666666667,2.0,1,40.53333333333333,9.0,2,2.7833333333333385,7.0,1,Fewer transfers
新莊站,中原站,2,1,60.31666666666667,5.0,2,19.616666666666667,6.0,1,40.7,1.0,-1,More transfers
新莊站,中和站,2,1,56.55,5.0,2,23.383333333333333,6.0,1,33.166666666666664,1.0,-1,More transfers
新莊站,中山站,2,1,24.58333333333333,2.0,1,20.616666666666667,3.0,1,3.9666666666666615,1.0,0,Same transfers
新莊站,中正紀念堂站,2,1,30.75,2.0,1,25.98333333333333,3.0,1,4.766666666666669,1.0,0,Same transfers
新莊站,亞東醫院站,2,1,42.8,7.0,2,25.53333333333333,15.0,2,17.266666666666666,8.0,0,Same transfers
新莊站,亞東醫院站,3,1,44.516666666666666,2.0,1,25.53333333333333,15.0,2,18.983333333333334,13.0,1,Fewer transfers
新莊站,公館站,2,1,35.13333333333333,2.0,1,33.85,5.0,2,1.2833333333333314,3.0,1,Fewer transfers
新莊站,劍潭站,2,1,43.5,2.0,1,21.933333333333334,3.0,1,21.566666666666666,1.0,0,Same transfers
新莊站,北投站,2,1,56.85,2.0,1,35.28333333333333,3.0,1,21.56666666666667,1.0,0,Same transfers
新莊站,北門站,2,1,27.1,2.0,1,26.133333333333333,6.0,2,0.9666666666666686,4.0,1,Fewer transfers
新莊站,十四張站,2,1,46.98333333333333,5.0,2,32.983333333333334,6.0,1,13.999999999999993,1.0,-1,More transfers
新莊站,南勢角站,2,1,39.28333333333333,0.0,0,35.11666666666667,12.0,2,4.166666666666664,12.0,2,Fewer transfers
新莊站,台北車站,2,1,27.966666666666665,2.0,1,22.25,3.0,1,5.716666666666665,1.0,0,Same transfers
新莊站,台大醫院站,2,1,32.833333333333336,2.0,1,23.95,3.0,1,8.883333333333336,1.0,0,Same transfers
新莊站,台電大樓站,2,1,33.31666666666667,2.0,1,32.03333333333333,5.0,2,1.2833333333333385,3.0,1,Fewer transfers
新莊站,唭哩岸站,2,1,53.18333333333333,2.0,1,31.616666666666667,3.0,1,21.566666666666663,1.0,0,Same transfers
新莊站,圓山站,2,1,41.15,2.0,1,19.58333333333333,3.0,1,21.56666666666667,1.0,0,Same transfers
新莊站,土城站,2,1,47.8,7.0,2,30.53333333333333,15.0,2,17.266666666666666,8.0,0,Same transfers
新莊站,土城站,3,1,49.516666666666666,2.0,1,30.53333333333333,15.0,2,18.983333333333334,13.0,1,Fewer transfers
新莊站,士林站,2,1,45.63333333333333,2.0,1,24.066666666666663,3.0,1,21.56666666666667,1.0,0,Same transfers
新莊站,大坪林站,2,1,40.28333333333333,5.0,2,35.78333333333333,6.0,1,4.5,1.0,-1,More transfers
新莊站,大坪林站,3,1,41.56666666666667,2.0,1,35.78333333333333,6.0,1,5.7833333333333385,4.0,0,Same transfers
新莊站,奇岩站,2,1,54.88333333333333,2.0,1,33.31666666666667,3.0,1,21.566666666666663,1.0,0,Same transfers
新莊站,小南門站,2,1,30.95,2.0,1,29.883333333333333,5.0,2,1.0666666666666664,3.0,1,Fewer transfers
新莊站,小碧潭站,2,1,48.41666666666666,8.0,3,46.91666666666666,12.0,3,1.5,4.0,0,Same transfers
新莊站,小碧潭站,3,1,49.7,5.0,2,46.91666666666666,12.0,3,2.7833333333333456,7.0,1,Fewer transfers
新莊站,幸福站,2,1,74.36666666666666,5.0,2,9.733333333333333,6.0,1,64.63333333333333,1.0,-1,More transfers
新莊站,府中站,2,1,40.63333333333333,7.0,2,23.366666666666667,15.0,2,17.266666666666666,8.0,0,Same transfers
新莊站,府中站,3,1,42.35,2.0,1,23.366666666666667,15.0,2,18.983333333333334,13.0,1,Fewer transfers
新莊站,復興崗站,2,1,59.55,2.0,1,37.98333333333333,3.0,1,21.56666666666667,1.0,0,Same transfers
新莊站,忠義站,2,1,61.95,2.0,1,40.38333333333333,3.0,1,21.56666666666667,1.0,0,Same transfers
新莊站,新北投站,2,1,62.46666666666667,5.0,2,40.9,6.0,2,21.56666666666667,1.0,0,Same transfers
新莊站,新北產業園區站,2,1,77.0,5.0,2,12.366666666666667,6.0,1,64.63333333333333,1.0,-1,More transfers
新莊站,新埔民生站,2,1,69.4,5.0,2,10.533333333333331,6.0,1,58.866666666666674,1.0,-1,More transfers
新莊站,新埔站,2,1,36.8,7.0,2,19.53333333333333,15.0,2,17.266666666666666,8.0,0,Same transfers
新莊站,新埔站,3,1,38.516666666666666,2.0,1,19.53333333333333,15.0,2,18.983333333333334,13.0,1,Fewer transfers
新莊站,新店區公所站,2,1,43.78333333333333,5.0,2,42.28333333333333,9.0,2,1.5,4.0,0,Same transfers
新莊站,新店區公所站,3,1,45.06666666666667,2.0,1,42.28333333333333,9.0,2,2.7833333333333385,7.0,1,Fewer transfers
新莊站,新店站,2,1,46.05,5.0,2,44.55,9.0,2,1.5,4.0,0,Same transfers
新莊站,新店站,3,1,47.333333333333336,2.0,1,44.55,9.0,2,2.7833333333333385,7.0,1,Fewer transfers
新莊站,明德站,2,1,49.41666666666666,2.0,1,27.85,3.0,1,21.566666666666656,1.0,0,Same transfers
新莊站,景安站,2,1,37.2,0.0,0,27.03333333333333,6.0,1,10.166666666666671,6.0,1,Fewer transfers
新莊站,景平站,2,1,50.91666666666666,5.0,2,29.016666666666666,6.0,1,21.89999999999999,1.0,-1,More transfers
新莊站,景美站,2,1,39.583333333333336,2.0,1,38.3,5.0,2,1.2833333333333385,3.0,1,Fewer transfers
新莊站,板新站,2,1,62.583333333333336,5.0,2,17.35,6.0,1,45.233333333333334,1.0,-1,More transfers
新莊站,板橋站,2,1,40.766666666666666,2.0,1,14.133333333333333,6.0,1,26.633333333333333,4.0,0,Same transfers
新莊站,橋和站,2,1,58.7,5.0,2,21.23333333333333,6.0,1,37.46666666666667,1.0,-1,More transfers
新莊站,永安市場站,2,1,35.21666666666667,0.0,0,35.0,12.0,2,0.21666666666666856,12.0,2,Fewer transfers
新莊站,永寧站,2,1,49.81666666666667,7.0,2,32.55,15.0,2,17.266666666666673,8.0,0,Same transfers
新莊站,永寧站,3,1,51.53333333333333,2.0,1,32.55,15.0,2,18.983333333333334,13.0,1,Fewer transfers
新莊站,江子翠站,2,1,35.05,7.0,2,21.28333333333333,15.0,2,13.766666666666666,8.0,0,Same transfers
新莊站,江子翠站,3,1,36.766666666666666,2.0,1,21.28333333333333,15.0,2,15.483333333333334,13.0,1,Fewer transfers
新莊站,海山站,2,1,45.6,7.0,2,28.33333333333333,15.0,2,17.266666666666673,8.0,0,Same transfers
新莊站,海山站,3,1,47.31666666666667,2.0,1,28.33333333333333,15.0,2,18.98333333333334,13.0,1,Fewer transfers
新莊站,淡水站,2,1,72.86666666666666,2.0,1,51.3,3.0,1,21.566666666666663,1.0,0,Same transfers
新莊站,石牌站,2,1,50.91666666666666,2.0,1,29.35,3.0,1,21.566666666666656,1.0,0,Same transfers
新莊站,秀朗橋站,2,1,49.21666666666667,5.0,2,30.75,6.0,1,18.46666666666667,1.0,-1,More transfers
新莊站,竹圍站,2,1,66.68333333333334,2.0,1,45.11666666666667,3.0,1,21.56666666666667,1.0,0,Same transfers
新莊站,紅樹林站,2,1,69.5,2.0,1,47.93333333333333,3.0,1,21.56666666666667,1.0,0,Same transfers
新莊站,芝山站,2,1,47.65,2.0,1,26.08333333333333,3.0,1,21.56666666666667,1.0,0,Same transfers
新莊站,萬隆站,2,1,37.65,2.0,1,36.36666666666667,5.0,2,1.2833333333333314,3.0,1,Fewer transfers
新莊站,西門站,2,1,28.03333333333333,6.0,2,27.266666666666666,15.0,2,0.7666666666666657,9.0,0,Same transfers
新莊站,西門站,3,1,29.0,2.0,1,27.266666666666666,15.0,2,1.7333333333333343,13.0,1,Fewer transfers
新莊站,關渡站,2,1,63.73333333333333,2.0,1,42.16666666666666,3.0,1,21.56666666666667,1.0,0,Same transfers
新莊站,雙連站,2,1,37.65,2.0,1,19.08333333333333,3.0,1,18.56666666666667,1.0,0,Same transfers
新莊站,頂埔站,2,1,53.28333333333333,7.0,2,36.016666666666666,15.0,2,17.266666666666666,8.0,0,Same transfers
新莊站,頂埔站,3,1,55.0,2.0,1,36.016666666666666,15.0,2,18.983333333333334,13.0,1,Fewer transfers
新莊站,龍山寺站,2,1,31.366666666666667,7.0,2,24.95,15.0,2,6.416666666666668,8.0,0,Same transfers
新莊站,龍山寺站,3,1,33.083333333333336,2.0,1,24.95,15.0,2,8.133333333333336,13.0,1,Fewer transfers
昆陽站,七張站,2,1,38.46666666666667,2.0,1,35.4,4.0,2,3.06666666666667,2.0,1,Fewer transfers
昆陽站,中原站,2,1,44.68333333333333,9.0,1,42.86666666666667,8.0,2,1.8166666666666629,-1.0,1,Fewer transfers
昆陽站,中原站,3,1,52.4,7.0,3,42.86666666666667,8.0,2,9.533333333333331,1.0,-1,More transfers
昆陽站,中原站,4,1,55.46666666666667,5.0,2,42.86666666666667,8.0,2,12.600000000000001,3.0,0,Same transfers
昆陽站,中和站,2,1,48.45,9.0,1,39.1,8.0,2,9.350000000000001,-1.0,1,Fewer transfers
昆陽站,中和站,3,1,48.63333333333333,7.0,3,39.1,8.0,2,9.533333333333331,1.0,-1,More transfers
昆陽站,中和站,4,1,51.7,5.0,2,39.1,8.0,2,12.600000000000001,3.0,0,Same transfers
昆陽站,中山站,2,1,21.766666666666666,4.0,1,21.2,4.0,2,0.5666666666666664,0.0,1,Fewer transfers
昆陽站,中山站,3,1,25.15,2.0,1,21.2,4.0,2,3.9499999999999993,2.0,1,Fewer transfers
昆陽站,中正紀念堂站,2,1,23.78333333333333,4.0,1,22.83333333333333,4.0,2,0.9500000000000028,0.0,1,Fewer transfers
昆陽站,中正紀念堂站,3,1,24.416666666666668,2.0,1,22.83333333333333,4.0,2,1.5833333333333393,2.0,1,Fewer transfers
昆陽站,信義安和站,2,1,24.85,4.0,2,24.216666666666665,10.0,2,0.6333333333333364,6.0,0,Same transfers
昆陽站,信義安和站,3,1,32.63333333333333,4.0,1,24.216666666666665,10.0,2,8.416666666666668,6.0,1,Fewer transfers
昆陽站,公館站,2,1,30.28333333333333,2.0,1,27.216666666666665,4.0,2,3.0666666666666664,2.0,1,Fewer transfers
昆陽站,十四張站,2,1,41.23333333333333,8.0,2,39.06666666666667,7.0,3,2.166666666666657,-1.0,1,Fewer transfers
昆陽站,十四張站,3,1,42.13333333333333,5.0,2,39.06666666666667,7.0,3,3.066666666666663,2.0,1,Fewer transfers
昆陽站,十四張站,4,1,58.05,9.0,1,39.06666666666667,7.0,3,18.983333333333327,-2.0,2,Fewer transfers
昆陽站,南京三民站,2,1,33.71666666666667,2.0,1,25.066666666666663,4.0,2,8.650000000000006,2.0,1,Fewer transfers
昆陽站,南京復興站,2,1,20.966666666666665,4.0,2,17.533333333333335,5.0,1,3.43333333333333,1.0,-1,More transfers
昆陽站,南京復興站,3,1,29.616666666666667,2.0,1,17.533333333333335,5.0,1,12.083333333333332,3.0,0,Same transfers
昆陽站,台北101/世貿站,2,1,26.683333333333334,4.0,2,26.05,10.0,2,0.6333333333333329,6.0,0,Same transfers
昆陽站,台北101/世貿站,3,1,34.46666666666667,4.0,1,26.05,10.0,2,8.416666666666668,6.0,1,Fewer transfers
昆陽站,台北小巨蛋站,2,1,31.566666666666663,2.0,1,22.916666666666668,4.0,2,8.649999999999995,2.0,1,Fewer transfers
昆陽站,台電大樓站,2,1,28.466666666666665,2.0,1,25.4,4.0,2,3.0666666666666664,2.0,1,Fewer transfers
昆陽站,大坪林站,2,1,36.71666666666667,2.0,1,33.65,4.0,2,3.06666666666667,2.0,1,Fewer transfers
昆陽站,大安森林公園站,2,1,28.95,4.0,1,21.166666666666668,4.0,2,7.783333333333331,0.0,1,Fewer transfers
昆陽站,大安站,2,1,22.85,4.0,2,17.216666666666665,5.0,1,5.633333333333336,1.0,-1,More transfers
昆陽站,大安站,3,1,30.633333333333333,4.0,1,17.216666666666665,5.0,1,13.416666666666668,1.0,0,Same transfers
昆陽站,小碧潭站,2,1,44.85,5.0,2,41.78333333333333,7.0,3,3.06666666666667,2.0,1,Fewer transfers
昆陽站,幸福站,2,1,43.766666666666666,8.0,2,40.56666666666667,9.0,1,3.1999999999999957,1.0,-1,More transfers
昆陽站,幸福站,3,1,66.45,7.0,3,40.56666666666667,9.0,1,25.883333333333333,2.0,-2,More transfers
昆陽站,幸福站,4,1,69.51666666666667,5.0,2,40.56666666666667,9.0,1,28.949999999999996,4.0,-1,More transfers
昆陽站,廣慈/奉天宮站,2,1,31.23333333333333,4.0,2,30.6,10.0,2,0.6333333333333293,6.0,0,Same transfers
昆陽站,廣慈/奉天宮站,3,1,39.016666666666666,4.0,1,30.6,10.0,2,8.416666666666664,6.0,1,Fewer transfers
昆陽站,新北產業園區站,2,1,46.4,8.0,2,43.2,9.0,1,3.1999999999999957,1.0,-1,More transfers
昆陽站,新北產業園區站,3,1,69.08333333333333,7.0,3,43.2,9.0,1,25.883333333333326,2.0,-2,More transfers
昆陽站,新北產業園區站,4,1,72.15,5.0,2,43.2,9.0,1,28.950000000000003,4.0,-1,More transfers
昆陽站,新埔民生站,2,1,44.56666666666667,8.0,2,35.6,9.0,1,8.966666666666669,1.0,-1,More transfers
昆陽站,新埔民生站,3,1,61.48333333333333,7.0,3,35.6,9.0,1,25.883333333333326,2.0,-2,More transfers
昆陽站,新埔民生站,4,1,64.55,5.0,2,35.6,9.0,1,28.949999999999996,4.0,-1,More transfers
昆陽站,新店區公所站,2,1,40.21666666666667,2.0,1,37.15,4.0,2,3.06666666666667,2.0,1,Fewer transfers
昆陽站,新店站,2,1,42.48333333333333,2.0,1,39.41666666666666,4.0,2,3.06666666666667,2.0,1,Fewer transfers
昆陽站,景平站,2,1,43.0,7.0,3,37.266666666666666,8.0,2,5.733333333333334,1.0,-1,More transfers
昆陽站,景平站,3,1,46.06666666666667,5.0,2,37.266666666666666,8.0,2,8.800000000000004,3.0,0,Same transfers
昆陽站,景平站,4,1,54.083333333333336,9.0,1,37.266666666666666,8.0,2,16.81666666666667,-1.0,1,Fewer transfers
昆陽站,景美站,2,1,34.733333333333334,2.0,1,31.666666666666668,4.0,2,3.0666666666666664,2.0,1,Fewer transfers
昆陽站,松山站,2,1,36.46666666666667,2.0,1,27.816666666666663,4.0,2,8.650000000000006,2.0,1,Fewer transfers
昆陽站,板新站,2,1,45.13333333333333,8.0,2,42.41666666666666,9.0,1,2.7166666666666757,1.0,-1,More transfers
昆陽站,板新站,3,1,54.66666666666666,7.0,3,42.41666666666666,9.0,1,12.25,2.0,-2,More transfers
昆陽站,板新站,4,1,57.73333333333333,5.0,2,42.41666666666666,9.0,1,15.31666666666667,4.0,-1,More transfers
昆陽站,橋和站,2,1,46.3,9.0,1,41.25,8.0,2,5.049999999999997,-1.0,1,Fewer transfers
昆陽站,橋和站,3,1,50.78333333333333,7.0,3,41.25,8.0,2,9.533333333333331,1.0,-1,More transfers
昆陽站,橋和站,4,1,53.85,5.0,2,41.25,8.0,2,12.600000000000001,3.0,0,Same transfers
昆陽站,秀朗橋站,2,1,41.3,7.0,3,39.0,8.0,2,2.299999999999997,1.0,-1,More transfers
昆陽站,秀朗橋站,3,1,44.36666666666667,5.0,2,39.0,8.0,2,5.366666666666667,3.0,0,Same transfers
昆陽站,秀朗橋站,4,1,55.81666666666667,9.0,1,39.0,8.0,2,16.81666666666667,-1.0,1,Fewer transfers
昆陽站,萬隆站,2,1,32.8,2.0,1,29.73333333333333,4.0,2,3.0666666666666664,2.0,1,Fewer transfers
昆陽站,象山站,2,1,28.28333333333333,4.0,2,27.65,10.0,2,0.6333333333333329,6.0,0,Same transfers
昆陽站,象山站,3,1,36.06666666666667,4.0,1,27.65,10.0,2,8.416666666666671,6.0,1,Fewer transfers
明德站,三和國中站,2,1,41.23333333333333,2.0,1,19.666666666666668,3.0,1,21.56666666666666,1.0,0,Same transfers
明德站,三民高中站,2,1,44.96666666666667,2.0,1,23.4,3.0,1,21.56666666666667,1.0,0,Same transfers
明德站,三重國小站,2,1,39.03333333333333,2.0,1,17.466666666666665,3.0,1,21.566666666666666,1.0,0,Same transfers
明德站,三重站,2,1,42.48333333333333,2.0,1,20.916666666666668,3.0,1,21.56666666666666,1.0,0,Same transfers
明德站,中原站,2,1,49.03333333333333,8.0,2,43.96666666666667,9.0,2,5.066666666666663,1.0,0,Same transfers
明德站,中原站,3,1,51.21666666666667,5.0,2,43.96666666666667,9.0,2,7.25,4.0,0,Same transfers
明德站,中和站,2,1,45.2,9.0,2,41.91666666666666,10.0,3,3.2833333333333456,1.0,1,Fewer transfers
明德站,中和站,3,1,45.266666666666666,8.0,2,41.91666666666666,10.0,3,3.3500000000000085,2.0,1,Fewer transfers
明德站,中和站,4,1,47.45,5.0,2,41.91666666666666,10.0,3,5.533333333333346,5.0,1,Fewer transfers
明德站,中山國中站,2,1,35.583333333333336,5.0,1,26.95,8.0,2,8.633333333333336,3.0,1,Fewer transfers
明德站,中山國小站,2,1,32.63333333333333,2.0,1,14.516666666666667,3.0,1,18.116666666666667,1.0,0,Same transfers
明德站,丹鳳站,2,1,54.46666666666667,2.0,1,32.9,3.0,1,21.56666666666667,1.0,0,Same transfers
明德站,先嗇宮站,2,1,45.266666666666666,2.0,1,23.7,3.0,1,21.566666666666666,1.0,0,Same transfers
明德站,內湖站,2,1,51.38333333333333,5.0,1,42.75,8.0,2,8.633333333333333,3.0,1,Fewer transfers
明德站,六張犁站,2,1,34.2,5.0,1,33.333333333333336,8.0,2,0.8666666666666671,3.0,1,Fewer transfers
明德站,劍南路站,2,1,44.3,5.0,1,35.666666666666664,8.0,2,8.633333333333333,3.0,1,Fewer transfers
明德站,動物園站,2,1,45.56666666666667,5.0,1,44.7,8.0,2,0.8666666666666671,3.0,1,Fewer transfers
明德站,北門站,2,1,25.9,2.0,1,18.316666666666663,3.0,1,7.583333333333336,1.0,0,Same transfers
明德站,南京三民站,2,1,36.86666666666667,2.0,1,24.366666666666667,3.0,1,12.5,1.0,0,Same transfers
明德站,南京復興站,2,1,32.766666666666666,2.0,1,20.266666666666666,3.0,1,12.5,1.0,0,Same transfers
明德站,南勢角站,2,1,37.46666666666667,3.0,1,34.18333333333333,4.0,2,3.2833333333333385,1.0,1,Fewer transfers
明德站,南勢角站,3,1,37.53333333333333,2.0,1,34.18333333333333,4.0,2,3.3500000000000014,2.0,1,Fewer transfers
明德站,南港軟體園區站,2,1,50.333333333333336,8.0,2,45.98333333333333,9.0,2,4.3500000000000085,1.0,0,Same transfers
明德站,南港軟體園區站,3,1,58.96666666666667,5.0,1,45.98333333333333,9.0,2,12.983333333333341,4.0,1,Fewer transfers
明德站,台北小巨蛋站,2,1,34.71666666666667,2.0,1,22.216666666666665,3.0,1,12.500000000000004,1.0,0,Same transfers
明德站,台北橋站,2,1,38.63333333333333,2.0,1,17.066666666666666,3.0,1,21.566666666666666,1.0,0,Same transfers
明德站,大橋頭站,2,1,36.083333333333336,2.0,1,14.516666666666667,3.0,1,21.56666666666667,1.0,0,Same transfers
明德站,大湖公園站,2,1,52.98333333333333,5.0,1,44.35,8.0,2,8.633333333333326,3.0,1,Fewer transfers
明德站,大直站,2,1,42.15,5.0,1,33.516666666666666,8.0,2,8.633333333333333,3.0,1,Fewer transfers
明德站,幸福站,2,1,55.65,8.0,2,34.083333333333336,9.0,2,21.566666666666663,1.0,0,Same transfers
明德站,幸福站,3,1,65.26666666666667,5.0,2,34.083333333333336,9.0,2,31.18333333333333,4.0,0,Same transfers
明德站,徐匯中學站,2,1,43.016666666666666,2.0,1,21.45,3.0,1,21.566666666666666,1.0,0,Same transfers
明德站,忠孝新生站,2,1,26.4,2.0,1,20.616666666666667,3.0,1,5.783333333333331,1.0,0,Same transfers
明德站,文德站,2,1,49.66666666666666,5.0,1,41.03333333333333,8.0,2,8.633333333333326,3.0,1,Fewer transfers
明德站,新北產業園區站,2,1,58.28333333333333,8.0,2,36.71666666666667,9.0,2,21.566666666666663,1.0,0,Same transfers
明德站,新北產業園區站,3,1,67.9,5.0,2,36.71666666666667,9.0,2,31.183333333333337,4.0,0,Same transfers
明德站,新埔民生站,2,1,56.45,8.0,2,34.88333333333333,9.0,2,21.56666666666667,1.0,0,Same transfers
明德站,新埔民生站,3,1,60.3,5.0,2,34.88333333333333,9.0,2,25.416666666666664,4.0,0,Same transfers
明德站,新莊站,2,1,49.46666666666667,2.0,1,27.9,3.0,1,21.56666666666667,1.0,0,Same transfers
明德站,景安站,2,1,35.38333333333333,3.0,1,32.1,4.0,2,3.2833333333333314,1.0,1,Fewer transfers
明德站,景安站,3,1,35.45,2.0,1,32.1,4.0,2,3.3500000000000014,2.0,1,Fewer transfers
明德站,景平站,2,1,41.81666666666667,5.0,2,40.083333333333336,10.0,3,1.7333333333333343,5.0,1,Fewer transfers
明德站,木柵站,2,1,44.03333333333333,5.0,1,43.16666666666666,8.0,2,0.8666666666666742,3.0,1,Fewer transfers
明德站,東湖站,2,1,48.5,8.0,2,47.81666666666667,9.0,2,0.68333333333333,1.0,0,Same transfers
明德站,東湖站,3,1,57.13333333333333,5.0,1,47.81666666666667,9.0,2,9.316666666666663,4.0,1,Fewer transfers
明德站,松山機場站,2,1,38.78333333333333,5.0,1,30.15,8.0,2,8.633333333333333,3.0,1,Fewer transfers
明德站,松山站,2,1,39.61666666666667,2.0,1,27.116666666666667,3.0,1,12.5,1.0,0,Same transfers
明德站,松江南京站,2,1,28.73333333333333,2.0,1,18.15,3.0,1,10.583333333333332,1.0,0,Same transfers
明德站,板新站,2,1,51.3,8.0,2,41.7,9.0,2,9.599999999999994,1.0,0,Same transfers
明德站,板新站,3,1,53.48333333333333,5.0,2,41.7,9.0,2,11.783333333333324,4.0,0,Same transfers
明德站,橋和站,2,1,45.583333333333336,9.0,2,44.06666666666667,10.0,3,1.5166666666666657,1.0,1,Fewer transfers
明德站,橋和站,3,1,47.41666666666666,8.0,2,44.06666666666667,10.0,3,3.349999999999987,2.0,1,Fewer transfers
明德站,橋和站,4,1,49.6,5.0,2,44.06666666666667,10.0,3,5.533333333333331,5.0,1,Fewer transfers
明德站,永安市場站,2,1,33.4,3.0,1,30.116666666666667,4.0,2,3.2833333333333314,1.0,1,Fewer transfers
明德站,永安市場站,3,1,33.46666666666667,2.0,1,30.116666666666667,4.0,2,3.3500000000000014,2.0,1,Fewer transfers
明德站,港墘站,2,1,48.05,5.0,1,39.41666666666666,8.0,2,8.63333333333334,3.0,1,Fewer transfers
明德站,科技大樓站,2,1,31.75,5.0,1,30.883333333333333,8.0,2,0.8666666666666671,3.0,1,Fewer transfers
明德站,菜寮站,2,1,40.66666666666666,2.0,1,19.1,3.0,1,21.566666666666656,1.0,0,Same transfers
明德站,萬芳社區站,2,1,42.833333333333336,5.0,1,41.96666666666667,8.0,2,0.8666666666666671,3.0,1,Fewer transfers
明德站,萬芳醫院站,2,1,40.766666666666666,5.0,1,39.9,8.0,2,0.8666666666666671,3.0,1,Fewer transfers
明德站,葫洲站,2,1,55.41666666666666,5.0,1,46.78333333333333,8.0,2,8.633333333333326,3.0,1,Fewer transfers
明德站,蘆洲站,2,1,47.23333333333333,2.0,1,25.666666666666668,3.0,1,21.56666666666666,1.0,0,Same transfers
明德站,行天宮站,2,1,30.53333333333333,2.0,1,16.616666666666667,3.0,1,13.916666666666664,1.0,0,Same transfers
明德站,西湖站,2,1,46.55,5.0,1,37.91666666666666,8.0,2,8.63333333333334,3.0,1,Fewer transfers
明德站,西門站,2,1,23.9,2.0,1,20.216666666666665,3.0,1,3.6833333333333336,1.0,0,Same transfers
明德站,輔大站,2,1,52.16666666666666,2.0,1,30.6,3.0,1,21.566666666666656,1.0,0,Same transfers
明德站,辛亥站,2,1,38.583333333333336,5.0,1,37.71666666666667,8.0,2,0.8666666666666671,3.0,1,Fewer transfers
明德站,迴龍站,2,1,57.68333333333333,2.0,1,36.11666666666667,3.0,1,21.566666666666663,1.0,0,Same transfers
明德站,頂溪站,2,1,31.2,3.0,1,27.916666666666668,4.0,2,3.2833333333333314,1.0,1,Fewer transfers
明德站,頂溪站,3,1,31.266666666666666,2.0,1,27.916666666666668,4.0,2,3.349999999999998,2.0,1,Fewer transfers
明德站,頭前庄站,2,1,47.48333333333333,2.0,1,25.916666666666668,3.0,1,21.56666666666666,1.0,0,Same transfers
明德站,麟光站,2,1,35.81666666666667,5.0,1,34.95,8.0,2,0.8666666666666671,3.0,1,Fewer transfers
景安站,七張站,2,1,21.266666666666666,2.0,1,12.916666666666666,3.0,1,8.35,1.0,0,Same transfers
景安站,三重站,2,1,30.216666666666665,0.0,0,29.883333333333333,6.0,1,0.33333333333333215,6.0,1,Fewer transfers
景安站,中山站,2,1,19.433333333333334,2.0,1,18.666666666666668,4.0,2,0.7666666666666657,2.0,1,Fewer transfers
景安站,丹鳳站,2,1,42.2,0.0,0,31.866666666666667,6.0,1,10.333333333333336,6.0,1,Fewer transfers
景安站,亞東醫院站,2,1,30.883333333333333,4.0,2,26.98333333333333,11.0,1,3.900000000000002,7.0,-1,More transfers
景安站,亞東醫院站,3,1,31.08333333333333,9.0,1,26.98333333333333,11.0,1,4.099999999999998,2.0,0,Same transfers
景安站,亞東醫院站,4,1,36.21666666666667,2.0,1,26.98333333333333,11.0,1,9.233333333333338,9.0,0,Same transfers
景安站,先嗇宮站,2,1,33.0,0.0,0,27.1,6.0,1,5.899999999999999,6.0,1,Fewer transfers
景安站,劍潭站,2,1,29.416666666666668,3.0,1,26.05,4.0,2,3.366666666666667,1.0,1,Fewer transfers
景安站,劍潭站,3,1,29.48333333333333,2.0,1,26.05,4.0,2,3.43333333333333,2.0,1,Fewer transfers
景安站,北投站,2,1,42.766666666666666,3.0,1,39.4,4.0,2,3.366666666666667,1.0,1,Fewer transfers
景安站,北投站,3,1,42.833333333333336,2.0,1,39.4,4.0,2,3.433333333333337,2.0,1,Fewer transfers
景安站,台北車站,2,1,19.666666666666668,2.0,1,16.95,4.0,2,2.7166666666666686,2.0,1,Fewer transfers
景安站,台大醫院站,2,1,18.816666666666663,2.0,1,15.383333333333333,4.0,2,3.43333333333333,2.0,1,Fewer transfers
景安站,唭哩岸站,2,1,39.1,3.0,1,35.733333333333334,4.0,2,3.366666666666667,1.0,1,Fewer transfers
景安站,唭哩岸站,3,1,39.16666666666666,2.0,1,35.733333333333334,4.0,2,3.433333333333323,2.0,1,Fewer transfers
景安站,圓山站,2,1,27.066666666666663,3.0,1,23.7,4.0,2,3.3666666666666636,1.0,1,Fewer transfers
景安站,圓山站,3,1,27.133333333333333,2.0,1,23.7,4.0,2,3.4333333333333336,2.0,1,Fewer transfers
景安站,土城站,2,1,35.88333333333333,4.0,2,31.98333333333333,11.0,1,3.900000000000002,7.0,-1,More transfers
景安站,土城站,3,1,36.083333333333336,9.0,1,31.98333333333333,11.0,1,4.100000000000005,2.0,0,Same transfers
景安站,土城站,4,1,41.21666666666667,2.0,1,31.98333333333333,11.0,1,9.233333333333338,9.0,0,Same transfers
景安站,士林站,2,1,31.55,3.0,1,28.183333333333334,4.0,2,3.366666666666667,1.0,1,Fewer transfers
景安站,士林站,3,1,31.616666666666667,2.0,1,28.183333333333334,4.0,2,3.4333333333333336,2.0,1,Fewer transfers
景安站,奇岩站,2,1,40.8,3.0,1,37.43333333333333,4.0,2,3.366666666666667,1.0,1,Fewer transfers
景安站,奇岩站,3,1,40.86666666666667,2.0,1,37.43333333333333,4.0,2,3.433333333333337,2.0,1,Fewer transfers
景安站,小碧潭站,2,1,27.65,5.0,2,19.3,6.0,2,8.349999999999998,1.0,0,Same transfers
景安站,府中站,2,1,28.716666666666665,4.0,2,24.816666666666663,11.0,1,3.900000000000002,7.0,-1,More transfers
景安站,府中站,3,1,28.916666666666668,9.0,1,24.816666666666663,11.0,1,4.100000000000005,2.0,0,Same transfers
景安站,府中站,4,1,34.05,2.0,1,24.816666666666663,11.0,1,9.233333333333334,9.0,0,Same transfers
景安站,復興崗站,2,1,45.46666666666667,3.0,1,42.1,4.0,2,3.366666666666667,1.0,1,Fewer transfers
景安站,復興崗站,3,1,45.53333333333333,2.0,1,42.1,4.0,2,3.43333333333333,2.0,1,Fewer transfers
景安站,忠義站,2,1,47.86666666666667,3.0,1,44.5,4.0,2,3.366666666666667,1.0,1,Fewer transfers
景安站,忠義站,3,1,47.93333333333333,2.0,1,44.5,4.0,2,3.43333333333333,2.0,1,Fewer transfers
景安站,新北投站,2,1,48.38333333333333,6.0,2,45.016666666666666,7.0,3,3.366666666666667,1.0,1,Fewer transfers
景安站,新北投站,3,1,48.45,5.0,2,45.016666666666666,7.0,3,3.433333333333337,2.0,1,Fewer transfers
景安站,新埔站,2,1,25.08333333333333,9.0,1,24.883333333333333,4.0,2,0.19999999999999574,-5.0,1,Fewer transfers
景安站,新埔站,3,1,30.216666666666665,2.0,1,24.883333333333333,4.0,2,5.333333333333332,2.0,1,Fewer transfers
景安站,新店區公所站,2,1,23.016666666666666,2.0,1,14.666666666666666,3.0,1,8.35,1.0,0,Same transfers
景安站,新店站,2,1,25.28333333333333,2.0,1,16.933333333333334,3.0,1,8.349999999999998,1.0,0,Same transfers
景安站,新莊站,2,1,37.2,0.0,0,26.866666666666667,6.0,1,10.333333333333336,6.0,1,Fewer transfers
景安站,明德站,2,1,35.333333333333336,3.0,1,31.966666666666665,4.0,2,3.3666666666666707,1.0,1,Fewer transfers
景安站,明德站,3,1,35.4,2.0,1,31.966666666666665,4.0,2,3.4333333333333336,2.0,1,Fewer transfers
景安站,景美站,2,1,17.533333333333335,2.0,1,13.15,3.0,1,4.383333333333335,1.0,0,Same transfers
景安站,民權西路站,2,1,22.066666666666663,0.0,0,21.7,4.0,2,0.3666666666666636,4.0,2,Fewer transfers
景安站,永寧站,2,1,37.9,4.0,2,34.0,11.0,1,3.8999999999999986,7.0,-1,More transfers
景安站,永寧站,3,1,38.1,9.0,1,34.0,11.0,1,4.100000000000001,2.0,0,Same transfers
景安站,永寧站,4,1,43.23333333333333,2.0,1,34.0,11.0,1,9.233333333333327,9.0,0,Same transfers
景安站,江子翠站,2,1,26.83333333333333,9.0,1,23.133333333333333,4.0,2,3.6999999999999957,-5.0,1,Fewer transfers
景安站,江子翠站,3,1,28.466666666666665,2.0,1,23.133333333333333,4.0,2,5.333333333333332,2.0,1,Fewer transfers
景安站,海山站,2,1,33.68333333333333,4.0,2,29.78333333333333,11.0,1,3.8999999999999986,7.0,-1,More transfers
景安站,海山站,3,1,33.88333333333333,9.0,1,29.78333333333333,11.0,1,4.100000000000001,2.0,0,Same transfers
景安站,海山站,4,1,39.016666666666666,2.0,1,29.78333333333333,11.0,1,9.233333333333334,9.0,0,Same transfers
景安站,淡水站,2,1,58.78333333333333,3.0,1,55.41666666666666,4.0,2,3.3666666666666742,1.0,1,Fewer transfers
景安站,淡水站,3,1,58.85,2.0,1,55.41666666666666,4.0,2,3.4333333333333442,2.0,1,Fewer transfers
景安站,石牌站,2,1,36.833333333333336,3.0,1,33.46666666666667,4.0,2,3.366666666666667,1.0,1,Fewer transfers
景安站,石牌站,3,1,36.9,2.0,1,33.46666666666667,4.0,2,3.43333333333333,2.0,1,Fewer transfers
景安站,竹圍站,2,1,52.6,3.0,1,49.23333333333333,4.0,2,3.3666666666666742,1.0,1,Fewer transfers
景安站,竹圍站,3,1,52.66666666666666,2.0,1,49.23333333333333,4.0,2,3.43333333333333,2.0,1,Fewer transfers
景安站,紅樹林站,2,1,55.41666666666666,3.0,1,52.05,4.0,2,3.36666666666666,1.0,1,Fewer transfers
景安站,紅樹林站,3,1,55.48333333333333,2.0,1,52.05,4.0,2,3.43333333333333,2.0,1,Fewer transfers
景安站,芝山站,2,1,33.56666666666667,3.0,1,30.2,4.0,2,3.3666666666666707,1.0,1,Fewer transfers
景安站,芝山站,3,1,33.63333333333333,2.0,1,30.2,4.0,2,3.4333333333333336,2.0,1,Fewer transfers
景安站,萬隆站,2,1,15.6,2.0,1,15.083333333333334,3.0,1,0.5166666666666657,1.0,0,Same transfers
景安站,輔大站,2,1,39.9,0.0,0,29.566666666666663,6.0,1,10.333333333333336,6.0,1,Fewer transfers
景安站,迴龍站,2,1,45.41666666666666,0.0,0,35.083333333333336,6.0,1,10.333333333333321,6.0,1,Fewer transfers
景安站,關渡站,2,1,49.65,3.0,1,46.28333333333333,4.0,2,3.366666666666667,1.0,1,Fewer transfers
景安站,關渡站,3,1,49.71666666666667,2.0,1,46.28333333333333,4.0,2,3.433333333333337,2.0,1,Fewer transfers
景安站,雙連站,2,1,23.633333333333333,2.0,1,20.2,4.0,2,3.4333333333333336,2.0,1,Fewer transfers
景安站,頂埔站,2,1,41.36666666666667,4.0,2,37.46666666666667,11.0,1,3.8999999999999986,7.0,-1,More transfers
景安站,頂埔站,3,1,41.56666666666667,9.0,1,37.46666666666667,11.0,1,4.100000000000001,2.0,0,Same transfers
景安站,頂埔站,4,1,46.7,2.0,1,37.46666666666667,11.0,1,9.233333333333334,9.0,0,Same transfers
景安站,龍山寺站,2,1,24.78333333333333,2.0,1,19.45,4.0,2,5.333333333333332,2.0,1,Fewer transfers
景平站,三和國中站,2,1,43.13333333333333,5.0,2,36.833333333333336,6.0,1,6.299999999999997,1.0,-1,More transfers
景平站,三民高中站,2,1,46.86666666666667,5.0,2,40.56666666666667,6.0,1,6.299999999999997,1.0,-1,More transfers
景平站,三重國小站,2,1,40.93333333333333,5.0,2,34.63333333333333,6.0,1,6.299999999999997,1.0,-1,More transfers
景平站,三重站,2,1,44.38333333333333,5.0,2,31.866666666666667,6.0,1,12.516666666666666,1.0,-1,More transfers
景平站,中山國中站,2,1,40.75,8.0,2,35.03333333333333,13.0,3,5.716666666666669,5.0,1,Fewer transfers
景平站,中山國小站,2,1,34.53333333333333,5.0,2,28.23333333333333,6.0,1,6.300000000000001,1.0,-1,More transfers
景平站,中山站,2,1,27.3,8.0,2,26.53333333333333,10.0,3,0.7666666666666693,2.0,1,Fewer transfers
景平站,中山站,3,1,28.83333333333333,5.0,2,26.53333333333333,10.0,3,2.299999999999997,5.0,1,Fewer transfers
景平站,中山站,4,1,29.6,3.0,1,26.53333333333333,10.0,3,3.06666666666667,7.0,2,Fewer transfers
景平站,中正紀念堂站,2,1,21.466666666666665,3.0,1,19.166666666666668,8.0,2,2.299999999999997,5.0,1,Fewer transfers
景平站,丹鳳站,2,1,56.36666666666667,5.0,2,33.85,6.0,1,22.516666666666666,1.0,-1,More transfers
景平站,亞東醫院站,2,1,33.06666666666667,9.0,1,28.966666666666665,11.0,1,4.100000000000005,2.0,0,Same transfers
景平站,亞東醫院站,3,1,41.05,5.0,2,28.966666666666665,11.0,1,12.083333333333332,6.0,-1,More transfers
景平站,信義安和站,2,1,32.31666666666667,5.0,2,26.616666666666667,8.0,2,5.700000000000003,3.0,0,Same transfers
景平站,先嗇宮站,2,1,47.16666666666666,5.0,2,29.08333333333333,6.0,1,18.08333333333333,1.0,-1,More transfers
景平站,內湖站,2,1,56.55,8.0,2,50.833333333333336,13.0,3,5.7166666666666615,5.0,1,Fewer transfers
景平站,六張犁站,2,1,39.5,10.0,3,33.8,13.0,3,5.700000000000003,3.0,0,Same transfers
景平站,六張犁站,3,1,47.13333333333333,8.0,2,33.8,13.0,3,13.333333333333336,5.0,1,Fewer transfers
景平站,劍南路站,2,1,49.46666666666667,8.0,2,43.75,13.0,3,5.716666666666669,5.0,1,Fewer transfers
景平站,劍潭站,2,1,36.21666666666667,5.0,2,33.916666666666664,10.0,3,2.3000000000000043,5.0,1,Fewer transfers
景平站,動物園站,2,1,50.86666666666667,10.0,3,45.16666666666666,13.0,3,5.70000000000001,3.0,0,Same transfers
景平站,動物園站,3,1,58.5,8.0,2,45.16666666666666,13.0,3,13.333333333333343,5.0,1,Fewer transfers
景平站,北投站,2,1,49.56666666666667,5.0,2,47.266666666666666,10.0,3,2.3000000000000043,5.0,1,Fewer transfers
景平站,北門站,2,1,27.2,3.0,1,24.9,8.0,2,2.3000000000000007,5.0,1,Fewer transfers
景平站,南京三民站,2,1,38.16666666666666,3.0,1,32.55,8.0,2,5.61666666666666,5.0,1,Fewer transfers
景平站,南京復興站,2,1,34.06666666666667,3.0,1,28.45,8.0,2,5.616666666666671,5.0,1,Fewer transfers
景平站,南勢角站,2,1,31.4,5.0,2,9.483333333333333,6.0,1,21.916666666666664,1.0,-1,More transfers
景平站,南港展覽館站,2,1,47.98333333333333,7.0,3,41.68333333333333,8.0,2,6.299999999999997,1.0,-1,More transfers
景平站,南港展覽館站,3,1,51.03333333333333,5.0,2,41.68333333333333,8.0,2,9.350000000000001,3.0,0,Same transfers
景平站,南港展覽館站,4,1,58.63333333333333,9.0,1,41.68333333333333,8.0,2,16.950000000000003,-1.0,1,Fewer transfers
景平站,南港站,2,1,45.71666666666667,7.0,3,39.41666666666666,8.0,2,6.300000000000011,1.0,-1,More transfers
景平站,南港站,3,1,48.766666666666666,5.0,2,39.41666666666666,8.0,2,9.350000000000009,3.0,0,Same transfers
景平站,南港站,4,1,56.36666666666667,9.0,1,39.41666666666666,8.0,2,16.95000000000001,-1.0,1,Fewer transfers
景平站,南港軟體園區站,2,1,54.28333333333333,12.0,4,47.98333333333333,13.0,3,6.300000000000004,1.0,-1,More transfers
景平站,南港軟體園區站,3,1,57.333333333333336,10.0,3,47.98333333333333,13.0,3,9.350000000000009,3.0,0,Same transfers
景平站,南港軟體園區站,4,1,64.13333333333334,8.0,2,47.98333333333333,13.0,3,16.150000000000013,5.0,1,Fewer transfers
景平站,古亭站,2,1,19.466666666666665,3.0,1,15.166666666666666,6.0,1,4.299999999999999,3.0,0,Same transfers
景平站,台北101/世貿站,2,1,34.15,5.0,2,28.45,8.0,2,5.699999999999999,3.0,0,Same transfers
景平站,台北小巨蛋站,2,1,36.016666666666666,3.0,1,30.4,8.0,2,5.616666666666667,5.0,1,Fewer transfers
景平站,台北橋站,2,1,40.53333333333333,5.0,2,34.233333333333334,6.0,1,6.299999999999997,1.0,-1,More transfers
景平站,台北車站,2,1,27.116666666666667,5.0,2,24.816666666666663,10.0,3,2.3000000000000043,5.0,1,Fewer transfers
景平站,台北車站,3,1,37.38333333333333,9.0,1,24.816666666666663,10.0,3,12.56666666666667,1.0,2,Fewer transfers
景平站,台大醫院站,2,1,25.55,5.0,2,23.25,10.0,3,2.3000000000000007,5.0,1,Fewer transfers
景平站,唭哩岸站,2,1,45.9,5.0,2,43.6,10.0,3,2.299999999999997,5.0,1,Fewer transfers
景平站,善導寺站,2,1,31.58333333333333,5.0,2,26.016666666666666,8.0,2,5.566666666666663,3.0,0,Same transfers
景平站,善導寺站,3,1,39.18333333333333,9.0,1,26.016666666666666,8.0,2,13.166666666666664,-1.0,1,Fewer transfers
景平站,國父紀念館站,2,1,35.86666666666667,7.0,3,29.566666666666663,8.0,2,6.300000000000004,1.0,-1,More transfers
景平站,國父紀念館站,3,1,38.91666666666666,5.0,2,29.566666666666663,8.0,2,9.349999999999994,3.0,0,Same transfers
景平站,國父紀念館站,4,1,46.516666666666666,9.0,1,29.566666666666663,8.0,2,16.950000000000003,-1.0,1,Fewer transfers
景平站,圓山站,2,1,33.86666666666667,5.0,2,31.566666666666663,10.0,3,2.3000000000000043,5.0,1,Fewer transfers
景平站,土城站,2,1,38.06666666666667,9.0,1,33.96666666666667,11.0,1,4.100000000000001,2.0,0,Same transfers
景平站,土城站,3,1,46.05,5.0,2,33.96666666666667,11.0,1,12.083333333333329,6.0,-1,More transfers
景平站,士林站,2,1,38.35,5.0,2,36.05,10.0,3,2.3000000000000043,5.0,1,Fewer transfers
景平站,大安森林公園站,2,1,28.633333333333333,5.0,2,22.933333333333334,8.0,2,5.699999999999999,3.0,0,Same transfers
景平站,大安站,2,1,30.316666666666663,5.0,2,24.616666666666667,8.0,2,5.699999999999996,3.0,0,Same transfers
景平站,大橋頭站,2,1,37.98333333333333,5.0,2,31.683333333333334,6.0,1,6.299999999999994,1.0,-1,More transfers
景平站,大湖公園站,2,1,58.15,8.0,2,52.43333333333333,13.0,3,5.716666666666669,5.0,1,Fewer transfers
景平站,大直站,2,1,47.31666666666667,8.0,2,41.6,13.0,3,5.716666666666669,5.0,1,Fewer transfers
景平站,奇岩站,2,1,47.6,5.0,2,45.3,10.0,3,2.3000000000000043,5.0,1,Fewer transfers
景平站,小南門站,2,1,23.366666666666667,3.0,1,21.066666666666663,8.0,2,2.3000000000000043,5.0,1,Fewer transfers
景平站,市政府站,2,1,37.61666666666667,7.0,3,31.316666666666663,8.0,2,6.300000000000004,1.0,-1,More transfers
景平站,市政府站,3,1,40.66666666666666,5.0,2,31.316666666666663,8.0,2,9.349999999999994,3.0,0,Same transfers
景平站,市政府站,4,1,48.266666666666666,9.0,1,31.316666666666663,8.0,2,16.950000000000003,-1.0,1,Fewer transfers
景平站,府中站,2,1,30.9,9.0,1,26.8,11.0,1,4.099999999999998,2.0,0,Same transfers
景平站,府中站,3,1,38.88333333333333,5.0,2,26.8,11.0,1,12.083333333333332,6.0,-1,More transfers
景平站,廣慈/奉天宮站,2,1,38.7,5.0,2,33.0,8.0,2,5.700000000000003,3.0,0,Same transfers
景平站,後山埤站,2,1,41.21666666666667,7.0,3,34.916666666666664,8.0,2,6.300000000000004,1.0,-1,More transfers
景平站,後山埤站,3,1,44.266666666666666,5.0,2,34.916666666666664,8.0,2,9.350000000000001,3.0,0,Same transfers
景平站,後山埤站,4,1,51.86666666666667,9.0,1,34.916666666666664,8.0,2,16.950000000000003,-1.0,1,Fewer transfers
景平站,徐匯中學站,2,1,44.91666666666666,5.0,2,38.61666666666667,6.0,1,6.29999999999999,1.0,-1,More transfers
景平站,復興崗站,2,1,52.266666666666666,5.0,2,49.96666666666667,10.0,3,2.299999999999997,5.0,1,Fewer transfers
景平站,忠孝復興站,2,1,32.46666666666667,7.0,3,26.166666666666668,8.0,2,6.300000000000001,1.0,-1,More transfers
景平站,忠孝復興站,3,1,35.516666666666666,5.0,2,26.166666666666668,8.0,2,9.349999999999998,3.0,0,Same transfers
景平站,忠孝復興站,4,1,43.11666666666667,9.0,1,26.166666666666668,8.0,2,16.95,-1.0,1,Fewer transfers
景平站,忠孝敦化站,2,1,34.21666666666667,7.0,3,27.916666666666668,8.0,2,6.300000000000001,1.0,-1,More transfers
景平站,忠孝敦化站,3,1,37.266666666666666,5.0,2,27.916666666666668,8.0,2,9.349999999999998,3.0,0,Same transfers
景平站,忠孝敦化站,4,1,44.86666666666667,9.0,1,27.916666666666668,8.0,2,16.95,-1.0,1,Fewer transfers
景平站,忠孝新生站,2,1,28.3,5.0,2,22.0,6.0,1,6.300000000000001,1.0,-1,More transfers
景平站,忠義站,2,1,54.66666666666666,5.0,2,52.36666666666667,10.0,3,2.29999999999999,5.0,1,Fewer transfers
景平站,文德站,2,1,54.833333333333336,8.0,2,49.11666666666667,13.0,3,5.716666666666669,5.0,1,Fewer transfers
景平站,新北投站,2,1,55.18333333333333,8.0,3,52.88333333333333,13.0,4,2.299999999999997,5.0,1,Fewer transfers
景平站,新埔站,2,1,35.05,5.0,2,27.066666666666663,9.0,1,7.983333333333334,4.0,-1,More transfers
景平站,新莊站,2,1,51.36666666666667,5.0,2,28.85,6.0,1,22.516666666666666,1.0,-1,More transfers
景平站,昆陽站,2,1,43.48333333333333,7.0,3,37.18333333333333,8.0,2,6.299999999999997,1.0,-1,More transfers
景平站,昆陽站,3,1,46.53333333333333,5.0,2,37.18333333333333,8.0,2,9.350000000000001,3.0,0,Same transfers
景平站,昆陽站,4,1,54.13333333333333,9.0,1,37.18333333333333,8.0,2,16.950000000000003,-1.0,1,Fewer transfers
景平站,明德站,2,1,42.13333333333333,5.0,2,39.833333333333336,10.0,3,2.299999999999997,5.0,1,Fewer transfers
景平站,木柵站,2,1,49.333333333333336,10.0,3,43.63333333333333,13.0,3,5.700000000000003,3.0,0,Same transfers
景平站,木柵站,3,1,56.96666666666667,8.0,2,43.63333333333333,13.0,3,13.333333333333336,5.0,1,Fewer transfers
景平站,東湖站,2,1,56.11666666666667,12.0,4,49.81666666666667,13.0,3,6.299999999999997,1.0,-1,More transfers
景平站,東湖站,3,1,59.16666666666666,10.0,3,49.81666666666667,13.0,3,9.349999999999987,3.0,0,Same transfers
景平站,東湖站,4,1,62.3,8.0,2,49.81666666666667,13.0,3,12.483333333333327,5.0,1,Fewer transfers
景平站,東門站,2,1,25.48333333333333,5.0,2,19.183333333333334,6.0,1,6.299999999999997,1.0,-1,More transfers
景平站,松山機場站,2,1,43.95,8.0,2,38.23333333333333,13.0,3,5.716666666666676,5.0,1,Fewer transfers
景平站,松山站,2,1,40.91666666666666,3.0,1,35.3,8.0,2,5.61666666666666,5.0,1,Fewer transfers
景平站,松江南京站,2,1,30.633333333333333,5.0,2,24.33333333333333,6.0,1,6.300000000000004,1.0,-1,More transfers
景平站,松江南京站,3,1,31.95,3.0,1,24.33333333333333,6.0,1,7.616666666666671,3.0,0,Same transfers
景平站,民權西路站,2,1,29.933333333333334,6.0,1,29.566666666666663,10.0,3,0.3666666666666707,4.0,2,Fewer transfers
景平站,民權西路站,3,1,31.866666666666667,5.0,2,29.566666666666663,10.0,3,2.3000000000000043,5.0,1,Fewer transfers
景平站,永安市場站,2,1,27.33333333333333,5.0,2,9.366666666666667,6.0,1,17.96666666666666,1.0,-1,More transfers
景平站,永寧站,2,1,40.083333333333336,9.0,1,35.983333333333334,11.0,1,4.100000000000001,2.0,0,Same transfers
景平站,永寧站,3,1,48.06666666666667,5.0,2,35.983333333333334,11.0,1,12.083333333333336,6.0,-1,More transfers
景平站,永春站,2,1,39.53333333333333,7.0,3,33.233333333333334,8.0,2,6.299999999999997,1.0,-1,More transfers
景平站,永春站,3,1,42.583333333333336,5.0,2,33.233333333333334,8.0,2,9.350000000000001,3.0,0,Same transfers
景平站,永春站,4,1,50.18333333333333,9.0,1,33.233333333333334,8.0,2,16.949999999999996,-1.0,1,Fewer transfers
景平站,江子翠站,2,1,33.3,5.0,2,28.816666666666663,9.0,1,4.483333333333334,4.0,-1,More transfers
景平站,海山站,2,1,35.86666666666667,9.0,1,31.766666666666666,11.0,1,4.100000000000001,2.0,0,Same transfers
景平站,海山站,3,1,43.85,5.0,2,31.766666666666666,11.0,1,12.083333333333336,6.0,-1,More transfers
景平站,淡水站,2,1,65.58333333333333,5.0,2,63.28333333333333,10.0,3,2.299999999999997,5.0,1,Fewer transfers
景平站,港墘站,2,1,53.21666666666667,8.0,2,47.5,13.0,3,5.716666666666669,5.0,1,Fewer transfers
景平站,石牌站,2,1,43.63333333333333,5.0,2,41.333333333333336,10.0,3,2.299999999999997,5.0,1,Fewer transfers
景平站,科技大樓站,2,1,37.05,10.0,3,31.35,13.0,3,5.699999999999996,3.0,0,Same transfers
景平站,科技大樓站,3,1,44.68333333333333,8.0,2,31.35,13.0,3,13.333333333333329,5.0,1,Fewer transfers
景平站,竹圍站,2,1,59.4,5.0,2,57.1,10.0,3,2.299999999999997,5.0,1,Fewer transfers
景平站,紅樹林站,2,1,62.21666666666667,5.0,2,59.91666666666666,10.0,3,2.3000000000000114,5.0,1,Fewer transfers
景平站,芝山站,2,1,40.36666666666667,5.0,2,38.06666666666667,10.0,3,2.299999999999997,5.0,1,Fewer transfers
景平站,菜寮站,2,1,42.56666666666667,5.0,2,33.68333333333333,6.0,1,8.88333333333334,1.0,-1,More transfers
景平站,萬芳社區站,2,1,48.13333333333333,10.0,3,42.43333333333333,13.0,3,5.700000000000003,3.0,0,Same transfers
景平站,萬芳社區站,3,1,55.766666666666666,8.0,2,42.43333333333333,13.0,3,13.333333333333336,5.0,1,Fewer transfers
景平站,萬芳醫院站,2,1,46.06666666666667,10.0,3,40.36666666666667,13.0,3,5.700000000000003,3.0,0,Same transfers
景平站,萬芳醫院站,3,1,53.7,8.0,2,40.36666666666667,13.0,3,13.333333333333336,5.0,1,Fewer transfers
景平站,葫洲站,2,1,57.833333333333336,12.0,4,51.53333333333333,13.0,3,6.300000000000004,1.0,-1,More transfers
景平站,葫洲站,3,1,60.583333333333336,8.0,2,51.53333333333333,13.0,3,9.050000000000004,5.0,1,Fewer transfers
景平站,蘆洲站,2,1,49.13333333333333,5.0,2,42.833333333333336,6.0,1,6.299999999999997,1.0,-1,More transfers
景平站,行天宮站,2,1,32.43333333333333,5.0,2,26.133333333333333,6.0,1,6.299999999999997,1.0,-1,More transfers
景平站,西湖站,2,1,51.71666666666667,8.0,2,46.0,13.0,3,5.716666666666669,5.0,1,Fewer transfers
景平站,西門站,2,1,25.2,3.0,1,22.9,8.0,2,2.3000000000000007,5.0,1,Fewer transfers
景平站,象山站,2,1,35.75,5.0,2,30.05,8.0,2,5.699999999999999,3.0,0,Same transfers
景平站,輔大站,2,1,54.06666666666667,5.0,2,31.55,6.0,1,22.51666666666667,1.0,-1,More transfers
景平站,辛亥站,2,1,43.88333333333333,10.0,3,38.18333333333333,13.0,3,5.700000000000003,3.0,0,Same transfers
景平站,辛亥站,3,1,51.516666666666666,8.0,2,38.18333333333333,13.0,3,13.333333333333336,5.0,1,Fewer transfers
景平站,迴龍站,2,1,59.583333333333336,5.0,2,37.06666666666667,6.0,1,22.516666666666666,1.0,-1,More transfers
景平站,關渡站,2,1,56.45,5.0,2,54.15,10.0,3,2.3000000000000043,5.0,1,Fewer transfers
景平站,雙連站,2,1,30.366666666666667,5.0,2,28.066666666666663,10.0,3,2.3000000000000043,5.0,1,Fewer transfers
景平站,頂埔站,2,1,43.55,9.0,1,39.45,11.0,1,4.099999999999994,2.0,0,Same transfers
景平站,頂埔站,3,1,51.53333333333333,5.0,2,39.45,11.0,1,12.083333333333329,6.0,-1,More transfers
景平站,頂溪站,2,1,25.133333333333333,5.0,2,11.566666666666666,6.0,1,13.566666666666666,1.0,-1,More transfers
景平站,麟光站,2,1,41.11666666666667,10.0,3,35.416666666666664,13.0,3,5.700000000000003,3.0,0,Same transfers
景平站,麟光站,3,1,48.75,8.0,2,35.416666666666664,13.0,3,13.333333333333336,5.0,1,Fewer transfers
景平站,龍山寺站,2,1,29.616666666666667,5.0,2,27.316666666666663,10.0,3,2.3000000000000043,5.0,1,Fewer transfers
景平站,龍山寺站,3,1,32.483333333333334,9.0,1,27.316666666666663,10.0,3,5.166666666666671,1.0,2,Fewer transfers
景美站,三和國中站,2,1,31.35,2.0,1,29.98333333333333,5.0,2,1.3666666666666707,3.0,1,Fewer transfers
景美站,三民高中站,2,1,35.083333333333336,2.0,1,33.71666666666667,5.0,2,1.3666666666666671,3.0,1,Fewer transfers
景美站,三重國小站,2,1,29.15,2.0,1,27.78333333333333,5.0,2,1.3666666666666671,3.0,1,Fewer transfers
景美站,三重站,2,1,32.6,2.0,1,31.23333333333333,5.0,2,1.3666666666666707,3.0,1,Fewer transfers
景美站,中山站,2,1,17.816666666666666,0.0,0,17.05,2.0,1,0.7666666666666657,2.0,1,Fewer transfers
景美站,丹鳳站,2,1,44.583333333333336,2.0,1,43.21666666666667,5.0,2,1.3666666666666671,3.0,1,Fewer transfers
景美站,先嗇宮站,2,1,35.38333333333333,2.0,1,34.016666666666666,5.0,2,1.3666666666666671,3.0,1,Fewer transfers
景美站,六張犁站,2,1,35.35,5.0,1,27.716666666666665,7.0,2,7.633333333333336,2.0,1,Fewer transfers
景美站,動物園站,2,1,46.71666666666667,5.0,1,39.083333333333336,7.0,2,7.633333333333333,2.0,1,Fewer transfers
景美站,南港展覽館站,2,1,39.25,2.0,1,36.2,4.0,2,3.049999999999997,2.0,1,Fewer transfers
景美站,南港站,2,1,36.98333333333333,2.0,1,33.93333333333333,4.0,2,3.049999999999997,2.0,1,Fewer transfers
景美站,南港軟體園區站,2,1,45.55,7.0,2,42.5,9.0,3,3.049999999999997,2.0,1,Fewer transfers
景美站,南港軟體園區站,3,1,52.35,5.0,1,42.5,9.0,3,9.850000000000001,4.0,2,Fewer transfers
景美站,台北橋站,2,1,28.75,2.0,1,27.383333333333333,5.0,2,1.3666666666666671,3.0,1,Fewer transfers
景美站,國父紀念館站,2,1,27.133333333333333,2.0,1,24.08333333333333,4.0,2,3.0500000000000043,2.0,1,Fewer transfers
景美站,大橋頭站,2,1,26.2,2.0,1,24.83333333333333,5.0,2,1.3666666666666707,3.0,1,Fewer transfers
景美站,市政府站,2,1,28.883333333333333,2.0,1,25.83333333333333,4.0,2,3.0500000000000043,2.0,1,Fewer transfers
景美站,後山埤站,2,1,32.483333333333334,2.0,1,29.433333333333334,4.0,2,3.0500000000000007,2.0,1,Fewer transfers
景美站,徐匯中學站,2,1,33.13333333333333,2.0,1,31.766666666666666,5.0,2,1.3666666666666671,3.0,1,Fewer transfers
景美站,忠孝復興站,2,1,23.73333333333333,2.0,1,20.683333333333334,4.0,2,3.049999999999997,2.0,1,Fewer transfers
景美站,忠孝敦化站,2,1,25.48333333333333,2.0,1,22.433333333333334,4.0,2,3.049999999999997,2.0,1,Fewer transfers
景美站,新莊站,2,1,39.583333333333336,2.0,1,38.21666666666667,5.0,2,1.3666666666666671,3.0,1,Fewer transfers
景美站,昆陽站,2,1,34.75,2.0,1,31.7,4.0,2,3.0500000000000007,2.0,1,Fewer transfers
景美站,景安站,2,1,17.533333333333335,2.0,1,12.7,3.0,1,4.833333333333336,1.0,0,Same transfers
景美站,木柵站,2,1,45.18333333333333,5.0,1,37.55,7.0,2,7.633333333333333,2.0,1,Fewer transfers
景美站,東湖站,2,1,47.38333333333333,7.0,2,44.333333333333336,9.0,3,3.049999999999997,2.0,1,Fewer transfers
景美站,東湖站,3,1,50.516666666666666,5.0,1,44.333333333333336,9.0,3,6.18333333333333,4.0,2,Fewer transfers
景美站,松江南京站,2,1,20.166666666666668,0.0,0,18.85,2.0,1,1.3166666666666664,2.0,1,Fewer transfers
景美站,永春站,2,1,30.8,2.0,1,27.75,4.0,2,3.0500000000000007,2.0,1,Fewer transfers
景美站,科技大樓站,2,1,32.9,5.0,1,25.266666666666666,7.0,2,7.633333333333333,2.0,1,Fewer transfers
景美站,菜寮站,2,1,30.78333333333333,2.0,1,29.416666666666668,5.0,2,1.3666666666666636,3.0,1,Fewer transfers
景美站,萬芳社區站,2,1,43.98333333333333,5.0,1,36.35,7.0,2,7.633333333333326,2.0,1,Fewer transfers
景美站,萬芳醫院站,2,1,41.91666666666666,5.0,1,34.28333333333333,7.0,2,7.633333333333326,2.0,1,Fewer transfers
景美站,葫洲站,2,1,48.8,5.0,1,46.05,9.0,3,2.75,4.0,2,Fewer transfers
景美站,蘆洲站,2,1,37.35,2.0,1,35.983333333333334,5.0,2,1.3666666666666671,3.0,1,Fewer transfers
景美站,輔大站,2,1,42.28333333333333,2.0,1,40.91666666666666,5.0,2,1.3666666666666742,3.0,1,Fewer transfers
景美站,辛亥站,2,1,39.73333333333333,5.0,1,32.1,7.0,2,7.633333333333326,2.0,1,Fewer transfers
景美站,迴龍站,2,1,47.8,2.0,1,46.43333333333333,5.0,2,1.3666666666666671,3.0,1,Fewer transfers
景美站,頭前庄站,2,1,37.6,2.0,1,32.166666666666664,3.0,1,5.433333333333337,1.0,0,Same transfers
景美站,麟光站,2,1,36.96666666666667,5.0,1,29.33333333333333,7.0,2,7.63333333333334,2.0,1,Fewer transfers
木柵站,七張站,2,1,48.88333333333333,5.0,1,41.333333333333336,7.0,2,7.549999999999997,2.0,1,Fewer transfers
木柵站,中原站,2,1,54.46666666666667,14.0,2,49.31666666666667,13.0,3,5.149999999999999,-1.0,1,Fewer transfers
木柵站,中原站,3,1,58.333333333333336,10.0,3,49.31666666666667,13.0,3,9.016666666666666,3.0,0,Same transfers
木柵站,中原站,4,1,65.88333333333334,8.0,2,49.31666666666667,13.0,3,16.56666666666667,5.0,1,Fewer transfers
木柵站,中和站,2,1,54.56666666666667,10.0,3,45.55,13.0,3,9.016666666666673,3.0,0,Same transfers
木柵站,中和站,3,1,58.23333333333333,14.0,2,45.55,13.0,3,12.68333333333333,-1.0,1,Fewer transfers
木柵站,中和站,4,1,62.11666666666667,8.0,2,45.55,13.0,3,16.56666666666667,5.0,1,Fewer transfers
木柵站,公館站,2,1,40.7,5.0,1,33.15,7.0,2,7.550000000000004,2.0,1,Fewer transfers
木柵站,劍潭站,2,1,38.03333333333333,5.0,1,37.13333333333333,8.0,2,0.8999999999999986,3.0,1,Fewer transfers
木柵站,北投站,2,1,51.38333333333333,5.0,1,50.48333333333333,8.0,2,0.9000000000000057,3.0,1,Fewer transfers
木柵站,十四張站,2,1,52.55,8.0,2,45.0,10.0,3,7.549999999999997,2.0,1,Fewer transfers
木柵站,南港展覽館站,2,1,44.1,0.0,0,35.65,5.0,1,8.450000000000003,5.0,1,Fewer transfers
木柵站,南港軟體園區站,2,1,42.38333333333333,0.0,0,41.95,10.0,2,0.43333333333333,10.0,2,Fewer transfers
木柵站,古亭站,2,1,36.91666666666666,5.0,1,27.883333333333333,7.0,2,9.033333333333324,2.0,1,Fewer transfers
木柵站,台電大樓站,2,1,38.88333333333333,5.0,1,31.33333333333333,7.0,2,7.550000000000004,2.0,1,Fewer transfers
木柵站,唭哩岸站,2,1,47.71666666666667,5.0,1,46.81666666666667,8.0,2,0.8999999999999986,3.0,1,Fewer transfers
木柵站,圓山站,2,1,35.68333333333333,5.0,1,34.78333333333333,8.0,2,0.8999999999999986,3.0,1,Fewer transfers
木柵站,士林站,2,1,40.16666666666666,5.0,1,39.266666666666666,8.0,2,0.8999999999999915,3.0,1,Fewer transfers
木柵站,大坪林站,2,1,47.13333333333333,5.0,1,39.583333333333336,7.0,2,7.549999999999997,2.0,1,Fewer transfers
木柵站,奇岩站,2,1,49.41666666666666,5.0,1,48.516666666666666,8.0,2,0.8999999999999915,3.0,1,Fewer transfers
木柵站,小南門站,2,1,33.11666666666667,5.0,1,29.183333333333334,7.0,2,3.9333333333333336,2.0,1,Fewer transfers
木柵站,小碧潭站,2,1,55.266666666666666,8.0,2,47.71666666666667,10.0,3,7.549999999999997,2.0,1,Fewer transfers
木柵站,幸福站,2,1,53.31666666666667,13.0,3,50.35,14.0,2,2.9666666666666686,1.0,-1,More transfers
木柵站,幸福站,3,1,72.38333333333334,10.0,3,50.35,14.0,2,22.03333333333334,4.0,-1,More transfers
木柵站,幸福站,4,1,79.93333333333334,8.0,2,50.35,14.0,2,29.583333333333336,6.0,0,Same transfers
木柵站,復興崗站,2,1,54.083333333333336,5.0,1,53.18333333333333,8.0,2,0.9000000000000057,3.0,1,Fewer transfers
木柵站,忠義站,2,1,56.48333333333333,5.0,1,55.583333333333336,8.0,2,0.8999999999999915,3.0,1,Fewer transfers
木柵站,新北投站,2,1,57.0,8.0,2,56.1,11.0,3,0.8999999999999986,3.0,1,Fewer transfers
木柵站,新北產業園區站,2,1,55.95,13.0,3,52.98333333333333,14.0,2,2.9666666666666757,1.0,-1,More transfers
木柵站,新北產業園區站,3,1,75.01666666666667,10.0,3,52.98333333333333,14.0,2,22.03333333333334,4.0,-1,More transfers
木柵站,新北產業園區站,4,1,82.56666666666666,8.0,2,52.98333333333333,14.0,2,29.583333333333336,6.0,0,Same transfers
木柵站,新埔民生站,2,1,54.11666666666667,13.0,3,45.38333333333333,14.0,2,8.733333333333334,1.0,-1,More transfers
木柵站,新埔民生站,3,1,67.41666666666667,10.0,3,45.38333333333333,14.0,2,22.03333333333334,4.0,-1,More transfers
木柵站,新埔民生站,4,1,74.96666666666667,8.0,2,45.38333333333333,14.0,2,29.583333333333336,6.0,0,Same transfers
木柵站,新店區公所站,2,1,50.63333333333333,5.0,1,43.083333333333336,7.0,2,7.549999999999997,2.0,1,Fewer transfers
木柵站,新店站,2,1,52.9,5.0,1,45.35,7.0,2,7.549999999999997,2.0,1,Fewer transfers
木柵站,明德站,2,1,43.95,5.0,1,43.05,8.0,2,0.9000000000000057,3.0,1,Fewer transfers
木柵站,景平站,2,1,48.93333333333333,10.0,3,43.71666666666667,13.0,3,5.2166666666666615,3.0,0,Same transfers
木柵站,景平站,3,1,56.48333333333333,8.0,2,43.71666666666667,13.0,3,12.766666666666659,5.0,1,Fewer transfers
木柵站,景美站,2,1,45.15,5.0,1,37.6,7.0,2,7.549999999999997,2.0,1,Fewer transfers
木柵站,板新站,2,1,52.2,14.0,2,51.583333333333336,13.0,3,0.6166666666666671,-1.0,1,Fewer transfers
木柵站,板新站,3,1,60.6,10.0,3,51.583333333333336,13.0,3,9.016666666666666,3.0,0,Same transfers
木柵站,板新站,4,1,68.15,8.0,2,51.583333333333336,13.0,3,16.56666666666667,5.0,1,Fewer transfers
木柵站,橋和站,2,1,56.083333333333336,14.0,2,47.7,13.0,3,8.383333333333333,-1.0,1,Fewer transfers
木柵站,橋和站,3,1,56.71666666666667,10.0,3,47.7,13.0,3,9.016666666666666,3.0,0,Same transfers
木柵站,橋和站,4,1,64.26666666666667,8.0,2,47.7,13.0,3,16.566666666666663,5.0,1,Fewer transfers
木柵站,民權西路站,2,1,33.68333333333333,5.0,1,32.0,7.0,2,1.68333333333333,2.0,1,Fewer transfers
木柵站,淡水站,2,1,67.4,5.0,1,66.5,8.0,2,0.9000000000000057,3.0,1,Fewer transfers
木柵站,石牌站,2,1,45.45,5.0,1,44.55,8.0,2,0.9000000000000057,3.0,1,Fewer transfers
木柵站,秀朗橋站,2,1,47.23333333333333,10.0,3,45.45,13.0,3,1.7833333333333243,3.0,0,Same transfers
木柵站,秀朗橋站,3,1,54.78333333333333,8.0,2,45.45,13.0,3,9.333333333333329,5.0,1,Fewer transfers
木柵站,竹圍站,2,1,61.21666666666667,5.0,1,60.31666666666667,8.0,2,0.8999999999999986,3.0,1,Fewer transfers
木柵站,紅樹林站,2,1,64.03333333333333,5.0,1,63.13333333333333,8.0,2,0.8999999999999986,3.0,1,Fewer transfers
木柵站,芝山站,2,1,42.18333333333333,5.0,1,41.28333333333333,8.0,2,0.8999999999999986,3.0,1,Fewer transfers
木柵站,萬隆站,2,1,43.21666666666667,5.0,1,35.666666666666664,7.0,2,7.550000000000004,2.0,1,Fewer transfers
木柵站,關渡站,2,1,58.266666666666666,5.0,1,57.36666666666667,8.0,2,0.8999999999999986,3.0,1,Fewer transfers
木柵站,雙連站,2,1,32.18333333333333,5.0,1,31.28333333333333,8.0,2,0.8999999999999986,3.0,1,Fewer transfers
東湖站,七張站,2,1,51.1,7.0,2,48.03333333333333,9.0,3,3.06666666666667,2.0,1,Fewer transfers
東湖站,七張站,3,1,54.21666666666667,5.0,1,48.03333333333333,9.0,3,6.183333333333337,4.0,2,Fewer transfers
東湖站,中原站,2,1,57.31666666666667,14.0,2,55.5,13.0,3,1.81666666666667,-1.0,1,Fewer transfers
東湖站,中原站,3,1,65.03333333333333,12.0,4,55.5,13.0,3,9.533333333333331,1.0,-1,More transfers
東湖站,中原站,4,1,68.1,10.0,3,55.5,13.0,3,12.599999999999994,3.0,0,Same transfers
東湖站,中原站,5,1,71.21666666666667,8.0,2,55.5,13.0,3,15.716666666666669,5.0,1,Fewer transfers
東湖站,中和站,2,1,61.083333333333336,14.0,2,51.73333333333333,13.0,3,9.350000000000009,-1.0,1,Fewer transfers
東湖站,中和站,3,1,61.266666666666666,12.0,4,51.73333333333333,13.0,3,9.533333333333339,1.0,-1,More transfers
東湖站,中和站,4,1,64.33333333333333,10.0,3,51.73333333333333,13.0,3,12.600000000000001,3.0,0,Same transfers
東湖站,中和站,5,1,67.45,8.0,2,51.73333333333333,13.0,3,15.716666666666676,5.0,1,Fewer transfers
東湖站,中正紀念堂站,2,1,36.41666666666666,9.0,2,35.46666666666667,9.0,3,0.9499999999999886,0.0,1,Fewer transfers
東湖站,中正紀念堂站,3,1,37.05,7.0,2,35.46666666666667,9.0,3,1.5833333333333286,2.0,1,Fewer transfers
東湖站,中正紀念堂站,4,1,38.38333333333333,5.0,1,35.46666666666667,9.0,3,2.9166666666666643,4.0,2,Fewer transfers
東湖站,公館站,2,1,42.91666666666666,7.0,2,39.85,9.0,3,3.0666666666666558,2.0,1,Fewer transfers
東湖站,公館站,3,1,46.03333333333333,5.0,1,39.85,9.0,3,6.18333333333333,4.0,2,Fewer transfers
東湖站,劍潭站,2,1,42.46666666666667,8.0,2,41.78333333333333,9.0,2,0.6833333333333371,1.0,0,Same transfers
東湖站,劍潭站,3,1,51.13333333333333,5.0,1,41.78333333333333,9.0,2,9.350000000000001,4.0,1,Fewer transfers
東湖站,北投站,2,1,55.81666666666667,8.0,2,55.13333333333333,9.0,2,0.6833333333333371,1.0,0,Same transfers
東湖站,北投站,3,1,64.48333333333333,5.0,1,55.13333333333333,9.0,2,9.350000000000001,4.0,1,Fewer transfers
東湖站,十四張站,2,1,53.86666666666667,13.0,3,51.7,12.0,4,2.1666666666666643,-1.0,1,Fewer transfers
東湖站,十四張站,3,1,54.766666666666666,10.0,3,51.7,12.0,4,3.066666666666663,2.0,1,Fewer transfers
東湖站,十四張站,4,1,57.88333333333333,8.0,2,51.7,12.0,4,6.18333333333333,4.0,2,Fewer transfers
東湖站,古亭站,2,1,42.25,5.0,1,34.06666666666667,7.0,2,8.18333333333333,2.0,1,Fewer transfers
東湖站,台大醫院站,2,1,38.41666666666666,8.0,2,34.38333333333333,9.0,2,4.033333333333324,1.0,0,Same transfers
東湖站,台大醫院站,3,1,40.46666666666667,5.0,1,34.38333333333333,9.0,2,6.083333333333336,4.0,1,Fewer transfers
東湖站,台電大樓站,2,1,41.1,7.0,2,38.03333333333333,9.0,3,3.06666666666667,2.0,1,Fewer transfers
東湖站,台電大樓站,3,1,44.21666666666667,5.0,1,38.03333333333333,9.0,3,6.183333333333337,4.0,2,Fewer transfers
東湖站,唭哩岸站,2,1,52.15,8.0,2,51.46666666666667,9.0,2,0.68333333333333,1.0,0,Same transfers
東湖站,唭哩岸站,3,1,60.81666666666667,5.0,1,51.46666666666667,9.0,2,9.350000000000001,4.0,1,Fewer transfers
東湖站,圓山站,2,1,40.11666666666667,8.0,2,39.43333333333333,9.0,2,0.6833333333333371,1.0,0,Same transfers
東湖站,圓山站,3,1,48.78333333333333,5.0,1,39.43333333333333,9.0,2,9.350000000000001,4.0,1,Fewer transfers
東湖站,士林站,2,1,44.6,8.0,2,43.91666666666666,9.0,2,0.6833333333333442,1.0,0,Same transfers
東湖站,士林站,3,1,53.266666666666666,5.0,1,43.91666666666666,9.0,2,9.350000000000009,4.0,1,Fewer transfers
東湖站,大坪林站,2,1,49.35,7.0,2,46.28333333333333,9.0,3,3.06666666666667,2.0,1,Fewer transfers
東湖站,大坪林站,3,1,52.46666666666667,5.0,1,46.28333333333333,9.0,3,6.183333333333337,4.0,2,Fewer transfers
東湖站,奇岩站,2,1,53.85,8.0,2,53.16666666666666,9.0,2,0.6833333333333442,1.0,0,Same transfers
東湖站,奇岩站,3,1,62.516666666666666,5.0,1,53.16666666666666,9.0,2,9.350000000000009,4.0,1,Fewer transfers
東湖站,小南門站,2,1,38.45,5.0,1,35.333333333333336,7.0,2,3.116666666666667,2.0,1,Fewer transfers
東湖站,小碧潭站,2,1,57.48333333333333,10.0,3,54.41666666666666,12.0,4,3.06666666666667,2.0,1,Fewer transfers
東湖站,小碧潭站,3,1,60.6,8.0,2,54.41666666666666,12.0,4,6.183333333333344,4.0,2,Fewer transfers
東湖站,幸福站,2,1,56.4,13.0,3,53.2,14.0,2,3.1999999999999957,1.0,-1,More transfers
東湖站,幸福站,3,1,79.08333333333333,12.0,4,53.2,14.0,2,25.883333333333326,2.0,-2,More transfers
東湖站,幸福站,4,1,82.15,10.0,3,53.2,14.0,2,28.950000000000003,4.0,-1,More transfers
東湖站,幸福站,5,1,85.26666666666667,8.0,2,53.2,14.0,2,32.06666666666666,6.0,0,Same transfers
東湖站,復興崗站,2,1,58.516666666666666,8.0,2,57.833333333333336,9.0,2,0.68333333333333,1.0,0,Same transfers
東湖站,復興崗站,3,1,67.18333333333334,5.0,1,57.833333333333336,9.0,2,9.350000000000001,4.0,1,Fewer transfers
東湖站,忠孝復興站,2,1,24.666666666666668,0.0,0,22.98333333333333,5.0,1,1.6833333333333371,5.0,1,Fewer transfers
東湖站,忠義站,2,1,60.91666666666666,8.0,2,60.23333333333333,9.0,2,0.68333333333333,1.0,0,Same transfers
東湖站,忠義站,3,1,69.58333333333333,5.0,1,60.23333333333333,9.0,2,9.350000000000001,4.0,1,Fewer transfers
東湖站,新北投站,2,1,61.43333333333333,11.0,3,60.75,12.0,3,0.68333333333333,1.0,0,Same transfers
東湖站,新北投站,3,1,70.1,8.0,2,60.75,12.0,3,9.349999999999994,4.0,1,Fewer transfers
東湖站,新北產業園區站,2,1,59.03333333333333,13.0,3,55.833333333333336,14.0,2,3.1999999999999957,1.0,-1,More transfers
東湖站,新北產業園區站,3,1,81.71666666666667,12.0,4,55.833333333333336,14.0,2,25.883333333333333,2.0,-2,More transfers
東湖站,新北產業園區站,4,1,84.78333333333333,10.0,3,55.833333333333336,14.0,2,28.949999999999996,4.0,-1,More transfers
東湖站,新北產業園區站,5,1,87.9,8.0,2,55.833333333333336,14.0,2,32.06666666666667,6.0,0,Same transfers
東湖站,新埔民生站,2,1,57.2,13.0,3,48.23333333333333,14.0,2,8.966666666666676,1.0,-1,More transfers
東湖站,新埔民生站,3,1,74.11666666666666,12.0,4,48.23333333333333,14.0,2,25.883333333333333,2.0,-2,More transfers
東湖站,新埔民生站,4,1,77.18333333333334,10.0,3,48.23333333333333,14.0,2,28.95000000000001,4.0,-1,More transfers
東湖站,新埔民生站,5,1,80.3,8.0,2,48.23333333333333,14.0,2,32.06666666666667,6.0,0,Same transfers
東湖站,新店區公所站,2,1,52.85,7.0,2,49.78333333333333,9.0,3,3.06666666666667,2.0,1,Fewer transfers
東湖站,新店區公所站,3,1,55.96666666666667,5.0,1,49.78333333333333,9.0,3,6.183333333333337,4.0,2,Fewer transfers
東湖站,新店站,2,1,55.11666666666667,7.0,2,52.05,9.0,3,3.06666666666667,2.0,1,Fewer transfers
東湖站,新店站,3,1,58.23333333333333,5.0,1,52.05,9.0,3,6.18333333333333,4.0,2,Fewer transfers
東湖站,明德站,2,1,48.38333333333333,8.0,2,47.7,9.0,2,0.68333333333333,1.0,0,Same transfers
東湖站,明德站,3,1,57.05,5.0,1,47.7,9.0,2,9.349999999999994,4.0,1,Fewer transfers
東湖站,景平站,2,1,55.63333333333333,12.0,4,49.9,13.0,3,5.733333333333334,1.0,-1,More transfers
東湖站,景平站,3,1,58.7,10.0,3,49.9,13.0,3,8.800000000000004,3.0,0,Same transfers
東湖站,景平站,4,1,61.81666666666667,8.0,2,49.9,13.0,3,11.916666666666671,5.0,1,Fewer transfers
東湖站,景美站,2,1,47.36666666666667,7.0,2,44.3,9.0,3,3.06666666666667,2.0,1,Fewer transfers
東湖站,景美站,3,1,50.48333333333333,5.0,1,44.3,9.0,3,6.18333333333333,4.0,2,Fewer transfers
東湖站,東門站,2,1,34.96666666666667,5.0,1,30.05,7.0,2,4.916666666666668,2.0,1,Fewer transfers
東湖站,松江南京站,2,1,29.73333333333333,5.0,1,29.48333333333333,7.0,2,0.25,2.0,1,Fewer transfers
東湖站,板新站,2,1,57.766666666666666,13.0,3,55.05,14.0,2,2.7166666666666686,1.0,-1,More transfers
東湖站,板新站,3,1,67.3,12.0,4,55.05,14.0,2,12.25,2.0,-2,More transfers
東湖站,板新站,4,1,70.36666666666666,10.0,3,55.05,14.0,2,15.316666666666663,4.0,-1,More transfers
東湖站,板新站,5,1,73.48333333333333,8.0,2,55.05,14.0,2,18.433333333333337,6.0,0,Same transfers
東湖站,橋和站,2,1,58.93333333333333,14.0,2,53.88333333333333,13.0,3,5.049999999999997,-1.0,1,Fewer transfers
東湖站,橋和站,3,1,63.41666666666666,12.0,4,53.88333333333333,13.0,3,9.533333333333324,1.0,-1,More transfers
東湖站,橋和站,4,1,66.48333333333333,10.0,3,53.88333333333333,13.0,3,12.600000000000001,3.0,0,Same transfers
東湖站,橋和站,5,1,69.6,8.0,2,53.88333333333333,13.0,3,15.716666666666661,5.0,1,Fewer transfers
東湖站,民權西路站,2,1,46.78333333333333,5.0,1,35.083333333333336,7.0,2,11.699999999999996,2.0,1,Fewer transfers
東湖站,淡水站,2,1,71.83333333333333,8.0,2,71.15,9.0,2,0.6833333333333229,1.0,0,Same transfers
東湖站,淡水站,3,1,80.5,5.0,1,71.15,9.0,2,9.349999999999994,4.0,1,Fewer transfers
東湖站,石牌站,2,1,49.88333333333333,8.0,2,49.2,9.0,2,0.68333333333333,1.0,0,Same transfers
東湖站,石牌站,3,1,58.55,5.0,1,49.2,9.0,2,9.349999999999994,4.0,1,Fewer transfers
東湖站,秀朗橋站,2,1,53.93333333333333,12.0,4,51.63333333333333,13.0,3,2.299999999999997,1.0,-1,More transfers
東湖站,秀朗橋站,3,1,57.0,10.0,3,51.63333333333333,13.0,3,5.366666666666667,3.0,0,Same transfers
東湖站,秀朗橋站,4,1,60.11666666666667,8.0,2,51.63333333333333,13.0,3,8.483333333333334,5.0,1,Fewer transfers
東湖站,竹圍站,2,1,65.65,8.0,2,64.96666666666667,9.0,2,0.6833333333333371,1.0,0,Same transfers
東湖站,竹圍站,3,1,74.31666666666666,5.0,1,64.96666666666667,9.0,2,9.349999999999994,4.0,1,Fewer transfers
東湖站,紅樹林站,2,1,68.46666666666667,8.0,2,67.78333333333333,9.0,2,0.6833333333333371,1.0,0,Same transfers
東湖站,紅樹林站,3,1,77.13333333333334,5.0,1,67.78333333333333,9.0,2,9.350000000000009,4.0,1,Fewer transfers
東湖站,芝山站,2,1,46.61666666666667,8.0,2,45.93333333333333,9.0,2,0.6833333333333371,1.0,0,Same transfers
東湖站,芝山站,3,1,55.28333333333333,5.0,1,45.93333333333333,9.0,2,9.350000000000001,4.0,1,Fewer transfers
東湖站,萬隆站,2,1,45.43333333333333,7.0,2,42.36666666666667,9.0,3,3.066666666666663,2.0,1,Fewer transfers
東湖站,萬隆站,3,1,48.55,5.0,1,42.36666666666667,9.0,3,6.18333333333333,4.0,2,Fewer transfers
東湖站,關渡站,2,1,62.7,8.0,2,62.016666666666666,9.0,2,0.6833333333333371,1.0,0,Same transfers
東湖站,關渡站,3,1,71.36666666666666,5.0,1,62.016666666666666,9.0,2,9.349999999999994,4.0,1,Fewer transfers
東湖站,雙連站,2,1,36.61666666666667,8.0,2,35.93333333333333,9.0,2,0.6833333333333371,1.0,0,Same transfers
東湖站,雙連站,3,1,45.28333333333333,5.0,1,35.93333333333333,9.0,2,9.350000000000001,4.0,1,Fewer transfers
東門站,中原站,2,1,34.43333333333333,5.0,2,24.9,6.0,1,9.533333333333331,1.0,-1,More transfers
東門站,中和站,2,1,30.666666666666668,5.0,2,21.133333333333333,6.0,1,9.533333333333335,1.0,-1,More transfers
東門站,十四張站,2,1,23.266666666666666,6.0,1,21.1,5.0,2,2.1666666666666643,-1.0,1,Fewer transfers
東門站,南港軟體園區站,2,1,36.88333333333333,5.0,1,28.25,7.0,2,8.633333333333333,2.0,1,Fewer transfers
東門站,幸福站,2,1,48.48333333333333,5.0,2,31.516666666666666,6.0,1,16.96666666666666,1.0,-1,More transfers
東門站,新北產業園區站,2,1,51.11666666666667,5.0,2,34.15,6.0,1,16.96666666666667,1.0,-1,More transfers
東門站,新埔民生站,2,1,32.31666666666667,6.0,1,27.35,11.0,2,4.966666666666669,5.0,1,Fewer transfers
東門站,新埔民生站,3,1,43.516666666666666,5.0,2,27.35,11.0,2,16.166666666666664,6.0,0,Same transfers
東門站,景平站,2,1,25.03333333333333,5.0,2,19.3,6.0,1,5.733333333333331,1.0,-1,More transfers
東門站,東湖站,2,1,35.05,5.0,1,30.08333333333333,7.0,2,4.966666666666669,2.0,1,Fewer transfers
東門站,板新站,2,1,36.7,5.0,2,27.166666666666668,6.0,1,9.533333333333335,1.0,-1,More transfers
東門站,橋和站,2,1,32.81666666666667,5.0,2,23.28333333333333,6.0,1,9.533333333333339,1.0,-1,More transfers
東門站,秀朗橋站,2,1,23.33333333333333,5.0,2,21.03333333333333,6.0,1,2.299999999999997,1.0,-1,More transfers
東門站,葫洲站,2,1,33.333333333333336,5.0,1,31.8,7.0,2,1.533333333333335,2.0,1,Fewer transfers
松山機場站,中原站,2,1,45.65,14.0,2,43.833333333333336,13.0,3,1.8166666666666629,-1.0,1,Fewer transfers
松山機場站,中原站,3,1,52.86666666666667,8.0,2,43.833333333333336,13.0,3,9.033333333333331,5.0,1,Fewer transfers
松山機場站,中和站,2,1,49.1,8.0,2,40.06666666666667,13.0,3,9.033333333333331,5.0,1,Fewer transfers
松山機場站,劍潭站,2,1,32.78333333333333,5.0,1,24.116666666666667,8.0,2,8.666666666666664,3.0,1,Fewer transfers
松山機場站,北投站,2,1,46.13333333333333,5.0,1,37.46666666666667,8.0,2,8.666666666666664,3.0,1,Fewer transfers
松山機場站,古亭站,2,1,23.9,5.0,1,22.4,7.0,2,1.5,2.0,1,Fewer transfers
松山機場站,台大醫院站,2,1,22.116666666666667,5.0,1,20.066666666666663,8.0,2,2.0500000000000043,3.0,1,Fewer transfers
松山機場站,唭哩岸站,2,1,42.46666666666667,5.0,1,33.8,8.0,2,8.666666666666671,3.0,1,Fewer transfers
松山機場站,圓山站,2,1,30.433333333333334,5.0,1,21.766666666666666,8.0,2,8.666666666666668,3.0,1,Fewer transfers
松山機場站,士林站,2,1,34.916666666666664,5.0,1,26.25,8.0,2,8.666666666666664,3.0,1,Fewer transfers
松山機場站,奇岩站,2,1,44.16666666666666,5.0,1,35.5,8.0,2,8.666666666666657,3.0,1,Fewer transfers
松山機場站,幸福站,2,1,41.53333333333333,14.0,2,40.3,13.0,3,1.2333333333333343,-1.0,1,Fewer transfers
松山機場站,幸福站,3,1,66.91666666666667,8.0,2,40.3,13.0,3,26.616666666666674,5.0,1,Fewer transfers
松山機場站,復興崗站,2,1,48.833333333333336,5.0,1,40.16666666666666,8.0,2,8.666666666666679,3.0,1,Fewer transfers
松山機場站,忠義站,2,1,51.23333333333333,5.0,1,42.56666666666667,8.0,2,8.666666666666657,3.0,1,Fewer transfers
松山機場站,新北投站,2,1,51.75,8.0,2,43.083333333333336,11.0,3,8.666666666666664,3.0,1,Fewer transfers
松山機場站,新北產業園區站,2,1,44.16666666666666,14.0,2,42.93333333333333,13.0,3,1.2333333333333272,-1.0,1,Fewer transfers
松山機場站,新北產業園區站,3,1,69.55,8.0,2,42.93333333333333,13.0,3,26.616666666666667,5.0,1,Fewer transfers
松山機場站,新埔民生站,2,1,41.1,13.0,3,36.56666666666667,14.0,2,4.533333333333331,1.0,-1,More transfers
松山機場站,新埔民生站,3,1,61.95,8.0,2,36.56666666666667,14.0,2,25.383333333333333,6.0,0,Same transfers
松山機場站,明德站,2,1,38.7,5.0,1,30.03333333333333,8.0,2,8.666666666666671,3.0,1,Fewer transfers
松山機場站,景平站,2,1,43.46666666666667,8.0,2,38.23333333333333,13.0,3,5.233333333333341,5.0,1,Fewer transfers
松山機場站,板新站,2,1,46.1,13.0,3,43.38333333333333,14.0,2,2.7166666666666686,1.0,-1,More transfers
松山機場站,板新站,3,1,55.13333333333333,8.0,2,43.38333333333333,14.0,2,11.75,6.0,0,Same transfers
松山機場站,橋和站,2,1,47.266666666666666,14.0,2,42.21666666666667,13.0,3,5.049999999999997,-1.0,1,Fewer transfers
松山機場站,橋和站,3,1,51.25,8.0,2,42.21666666666667,13.0,3,9.033333333333331,5.0,1,Fewer transfers
松山機場站,民權西路站,2,1,28.433333333333334,5.0,1,18.98333333333333,7.0,2,9.450000000000003,2.0,1,Fewer transfers
松山機場站,淡水站,2,1,62.15,5.0,1,53.48333333333333,8.0,2,8.666666666666671,3.0,1,Fewer transfers
松山機場站,石牌站,2,1,40.2,5.0,1,31.53333333333333,8.0,2,8.666666666666671,3.0,1,Fewer transfers
松山機場站,秀朗橋站,2,1,41.766666666666666,8.0,2,39.96666666666667,13.0,3,1.7999999999999972,5.0,1,Fewer transfers
松山機場站,竹圍站,2,1,55.96666666666667,5.0,1,47.3,8.0,2,8.666666666666671,3.0,1,Fewer transfers
松山機場站,紅樹林站,2,1,58.78333333333333,5.0,1,50.11666666666667,8.0,2,8.666666666666664,3.0,1,Fewer transfers
松山機場站,芝山站,2,1,36.93333333333333,5.0,1,28.266666666666666,8.0,2,8.666666666666664,3.0,1,Fewer transfers
松山機場站,關渡站,2,1,53.016666666666666,5.0,1,44.35,8.0,2,8.666666666666664,3.0,1,Fewer transfers
松山機場站,雙連站,2,1,26.933333333333334,5.0,1,18.266666666666666,8.0,2,8.666666666666668,3.0,1,Fewer transfers
松山站,中原站,2,1,49.86666666666667,3.0,1,40.93333333333333,8.0,2,8.933333333333337,5.0,1,Fewer transfers
松山站,中和站,2,1,46.1,3.0,1,37.16666666666666,8.0,2,8.933333333333344,5.0,1,Fewer transfers
松山站,信義安和站,2,1,22.916666666666668,4.0,2,22.183333333333334,10.0,2,0.7333333333333343,6.0,0,Same transfers
松山站,信義安和站,3,1,27.95,3.0,1,22.183333333333334,10.0,2,5.766666666666666,7.0,1,Fewer transfers
松山站,信義安和站,4,1,29.666666666666668,2.0,1,22.183333333333334,10.0,2,7.483333333333334,8.0,1,Fewer transfers
松山站,劍潭站,2,1,33.56666666666667,2.0,1,21.116666666666667,3.0,1,12.450000000000003,1.0,0,Same transfers
松山站,北投站,2,1,46.91666666666666,2.0,1,34.46666666666667,3.0,1,12.449999999999989,1.0,0,Same transfers
松山站,南港展覽館站,2,1,38.083333333333336,5.0,1,32.266666666666666,4.0,2,5.81666666666667,-1.0,1,Fewer transfers
松山站,南港展覽館站,3,1,40.98333333333333,2.0,1,32.266666666666666,4.0,2,8.716666666666661,2.0,1,Fewer transfers
松山站,南港站,2,1,38.71666666666667,2.0,1,30.0,4.0,2,8.716666666666669,2.0,1,Fewer transfers
松山站,古亭站,2,1,20.9,0.0,0,19.5,2.0,1,1.3999999999999986,2.0,1,Fewer transfers
松山站,台北101/世貿站,2,1,24.75,4.0,2,24.016666666666666,10.0,2,0.7333333333333343,6.0,0,Same transfers
松山站,台北101/世貿站,3,1,29.78333333333333,3.0,1,24.016666666666666,10.0,2,5.766666666666666,7.0,1,Fewer transfers
松山站,台北101/世貿站,4,1,31.5,2.0,1,24.016666666666666,10.0,2,7.483333333333334,8.0,1,Fewer transfers
松山站,台北車站,2,1,19.73333333333333,2.0,1,15.366666666666667,3.0,1,4.366666666666664,1.0,0,Same transfers
松山站,台大醫院站,2,1,22.9,2.0,1,17.066666666666666,3.0,1,5.833333333333332,1.0,0,Same transfers
松山站,唭哩岸站,2,1,43.25,2.0,1,30.8,3.0,1,12.45,1.0,0,Same transfers
松山站,善導寺站,2,1,21.53333333333333,2.0,1,16.6,4.0,2,4.93333333333333,2.0,1,Fewer transfers
松山站,國父紀念館站,2,1,28.866666666666667,2.0,1,20.15,4.0,2,8.716666666666669,2.0,1,Fewer transfers
松山站,圓山站,2,1,31.216666666666665,2.0,1,18.766666666666666,3.0,1,12.45,1.0,0,Same transfers
松山站,士林站,2,1,35.7,2.0,1,23.25,3.0,1,12.450000000000003,1.0,0,Same transfers
松山站,大安森林公園站,2,1,24.266666666666666,3.0,1,19.23333333333333,4.0,2,5.033333333333335,1.0,1,Fewer transfers
松山站,大安森林公園站,3,1,25.98333333333333,2.0,1,19.23333333333333,4.0,2,6.75,2.0,1,Fewer transfers
松山站,大安站,2,1,20.916666666666668,4.0,2,15.183333333333334,5.0,1,5.733333333333334,1.0,-1,More transfers
松山站,大安站,3,1,25.95,3.0,1,15.183333333333334,5.0,1,10.766666666666666,2.0,0,Same transfers
松山站,大安站,4,1,27.666666666666668,2.0,1,15.183333333333334,5.0,1,12.483333333333334,3.0,0,Same transfers
松山站,奇岩站,2,1,44.95,2.0,1,32.5,3.0,1,12.450000000000003,1.0,0,Same transfers
松山站,市政府站,2,1,30.616666666666667,2.0,1,21.9,4.0,2,8.716666666666669,2.0,1,Fewer transfers
松山站,幸福站,2,1,63.91666666666666,3.0,1,37.3,8.0,2,26.61666666666666,5.0,1,Fewer transfers
松山站,廣慈/奉天宮站,2,1,29.3,4.0,2,28.566666666666663,10.0,2,0.7333333333333378,6.0,0,Same transfers
松山站,廣慈/奉天宮站,3,1,34.333333333333336,3.0,1,28.566666666666663,10.0,2,5.766666666666673,7.0,1,Fewer transfers
松山站,廣慈/奉天宮站,4,1,36.05,2.0,1,28.566666666666663,10.0,2,7.483333333333334,8.0,1,Fewer transfers
松山站,後山埤站,2,1,34.21666666666667,2.0,1,25.5,4.0,2,8.716666666666669,2.0,1,Fewer transfers
松山站,復興崗站,2,1,49.61666666666667,2.0,1,37.16666666666666,3.0,1,12.45000000000001,1.0,0,Same transfers
松山站,忠孝復興站,2,1,16.75,4.0,2,13.316666666666666,5.0,1,3.4333333333333336,1.0,-1,More transfers
松山站,忠孝復興站,3,1,25.466666666666665,2.0,1,13.316666666666666,5.0,1,12.149999999999999,3.0,0,Same transfers
松山站,忠孝敦化站,2,1,27.216666666666665,2.0,1,18.5,4.0,2,8.716666666666665,2.0,1,Fewer transfers
松山站,忠義站,2,1,52.016666666666666,2.0,1,39.56666666666667,3.0,1,12.449999999999996,1.0,0,Same transfers
松山站,新北投站,2,1,52.53333333333333,5.0,2,40.083333333333336,6.0,2,12.449999999999996,1.0,0,Same transfers
松山站,新北產業園區站,2,1,66.55,3.0,1,39.93333333333333,8.0,2,26.616666666666667,5.0,1,Fewer transfers
松山站,新埔民生站,2,1,38.1,8.0,2,34.0,11.0,2,4.100000000000001,3.0,0,Same transfers
松山站,新埔民生站,3,1,58.95,3.0,1,34.0,11.0,2,24.950000000000003,8.0,1,Fewer transfers
松山站,昆陽站,2,1,36.48333333333333,2.0,1,27.766666666666666,4.0,2,8.716666666666661,2.0,1,Fewer transfers
松山站,明德站,2,1,39.48333333333333,2.0,1,27.03333333333333,3.0,1,12.449999999999996,1.0,0,Same transfers
松山站,景平站,2,1,40.46666666666667,3.0,1,35.333333333333336,8.0,2,5.133333333333333,5.0,1,Fewer transfers
松山站,板新站,2,1,43.2,8.0,2,40.81666666666667,11.0,2,2.383333333333333,3.0,0,Same transfers
松山站,板新站,3,1,52.13333333333333,3.0,1,40.81666666666667,11.0,2,11.316666666666663,8.0,1,Fewer transfers
松山站,橋和站,2,1,48.25,3.0,1,39.31666666666667,8.0,2,8.93333333333333,5.0,1,Fewer transfers
松山站,永春站,2,1,32.53333333333333,2.0,1,23.816666666666663,4.0,2,8.716666666666669,2.0,1,Fewer transfers
松山站,淡水站,2,1,62.93333333333333,2.0,1,50.48333333333333,3.0,1,12.450000000000003,1.0,0,Same transfers
松山站,石牌站,2,1,40.98333333333333,2.0,1,28.53333333333333,3.0,1,12.449999999999996,1.0,0,Same transfers
松山站,秀朗橋站,2,1,38.766666666666666,3.0,1,37.06666666666667,8.0,2,1.6999999999999957,5.0,1,Fewer transfers
松山站,竹圍站,2,1,56.75,2.0,1,44.3,3.0,1,12.450000000000003,1.0,0,Same transfers
松山站,紅樹林站,2,1,59.56666666666667,2.0,1,47.11666666666667,3.0,1,12.450000000000003,1.0,0,Same transfers
松山站,芝山站,2,1,37.71666666666667,2.0,1,25.266666666666666,3.0,1,12.450000000000003,1.0,0,Same transfers
松山站,象山站,2,1,26.35,4.0,2,25.616666666666667,10.0,2,0.7333333333333343,6.0,0,Same transfers
松山站,象山站,3,1,31.383333333333333,3.0,1,25.616666666666667,10.0,2,5.766666666666666,7.0,1,Fewer transfers
松山站,象山站,4,1,33.1,2.0,1,25.616666666666667,10.0,2,7.483333333333334,8.0,1,Fewer transfers
松山站,關渡站,2,1,53.8,2.0,1,41.35,3.0,1,12.449999999999996,1.0,0,Same transfers
松山站,雙連站,2,1,27.716666666666665,2.0,1,15.266666666666667,3.0,1,12.449999999999998,1.0,0,Same transfers
松江南京站,七張站,2,1,23.9,0.0,0,22.58333333333333,2.0,1,1.31666666666667,2.0,1,Fewer transfers
松江南京站,中原站,2,1,39.583333333333336,5.0,2,30.05,6.0,1,9.533333333333335,1.0,-1,More transfers
松江南京站,中原站,3,1,40.9,3.0,1,30.05,6.0,1,10.849999999999998,3.0,0,Same transfers
松江南京站,中和站,2,1,35.81666666666667,5.0,2,26.28333333333333,6.0,1,9.533333333333339,1.0,-1,More transfers
松江南京站,中和站,3,1,37.13333333333333,3.0,1,26.28333333333333,6.0,1,10.850000000000001,3.0,0,Same transfers
松江南京站,公館站,2,1,15.716666666666669,0.0,0,14.4,2.0,1,1.3166666666666682,2.0,1,Fewer transfers
松江南京站,劍潭站,2,1,22.766666666666666,2.0,1,12.15,3.0,1,10.616666666666665,1.0,0,Same transfers
松江南京站,北投站,2,1,36.11666666666667,2.0,1,25.5,3.0,1,10.616666666666667,1.0,0,Same transfers
松江南京站,十四張站,2,1,27.566666666666663,3.0,1,26.25,5.0,2,1.3166666666666629,2.0,1,Fewer transfers
松江南京站,南港軟體園區站,2,1,31.6,5.0,1,27.683333333333334,7.0,2,3.916666666666668,2.0,1,Fewer transfers
松江南京站,台北車站,2,1,7.233333333333333,2.0,1,6.4,3.0,1,0.833333333333333,1.0,0,Same transfers
松江南京站,台大醫院站,2,1,12.1,2.0,1,8.1,3.0,1,4.0,1.0,0,Same transfers
松江南京站,台電大樓站,2,1,13.9,0.0,0,12.583333333333334,2.0,1,1.3166666666666664,2.0,1,Fewer transfers
松江南京站,唭哩岸站,2,1,32.45,2.0,1,21.83333333333333,3.0,1,10.616666666666674,1.0,0,Same transfers
松江南京站,圓山站,2,1,20.416666666666668,2.0,1,9.8,3.0,1,10.616666666666667,1.0,0,Same transfers
松江南京站,士林站,2,1,24.9,2.0,1,14.283333333333331,3.0,1,10.616666666666667,1.0,0,Same transfers
松江南京站,大坪林站,2,1,22.15,0.0,0,20.83333333333333,2.0,1,1.31666666666667,2.0,1,Fewer transfers
松江南京站,奇岩站,2,1,34.15,2.0,1,23.53333333333333,3.0,1,10.616666666666667,1.0,0,Same transfers
松江南京站,小碧潭站,2,1,30.28333333333333,3.0,1,28.966666666666665,5.0,2,1.3166666666666664,2.0,1,Fewer transfers
松江南京站,幸福站,2,1,53.63333333333333,5.0,2,26.416666666666668,6.0,1,27.216666666666665,1.0,-1,More transfers
松江南京站,幸福站,3,1,54.95,3.0,1,26.416666666666668,6.0,1,28.533333333333335,3.0,0,Same transfers
松江南京站,復興崗站,2,1,38.81666666666667,2.0,1,28.2,3.0,1,10.61666666666667,1.0,0,Same transfers
松江南京站,忠義站,2,1,41.21666666666667,2.0,1,30.6,3.0,1,10.616666666666667,1.0,0,Same transfers
松江南京站,新北投站,2,1,41.73333333333333,5.0,2,31.116666666666667,6.0,2,10.61666666666666,1.0,0,Same transfers
松江南京站,新北產業園區站,2,1,56.266666666666666,5.0,2,29.05,6.0,1,27.216666666666665,1.0,-1,More transfers
松江南京站,新北產業園區站,3,1,57.583333333333336,3.0,1,29.05,6.0,1,28.533333333333335,3.0,0,Same transfers
松江南京站,新埔民生站,2,1,27.216666666666665,6.0,1,25.03333333333333,11.0,2,2.1833333333333336,5.0,1,Fewer transfers
松江南京站,新埔民生站,3,1,48.66666666666666,5.0,2,25.03333333333333,11.0,2,23.633333333333326,6.0,0,Same transfers
松江南京站,新埔民生站,4,1,49.98333333333333,3.0,1,25.03333333333333,11.0,2,24.949999999999996,8.0,1,Fewer transfers
松江南京站,新店區公所站,2,1,25.65,0.0,0,24.33333333333333,2.0,1,1.31666666666667,2.0,1,Fewer transfers
松江南京站,新店站,2,1,27.916666666666668,0.0,0,26.6,2.0,1,1.3166666666666664,2.0,1,Fewer transfers
松江南京站,明德站,2,1,28.683333333333334,2.0,1,18.066666666666663,3.0,1,10.61666666666667,1.0,0,Same transfers
松江南京站,景平站,2,1,30.183333333333334,5.0,2,24.45,6.0,1,5.733333333333334,1.0,-1,More transfers
松江南京站,景平站,3,1,31.5,3.0,1,24.45,6.0,1,7.050000000000001,3.0,0,Same transfers
松江南京站,景美站,2,1,20.166666666666668,0.0,0,18.85,2.0,1,1.3166666666666664,2.0,1,Fewer transfers
松江南京站,東湖站,2,1,29.766666666666666,5.0,1,29.516666666666666,7.0,2,0.25,2.0,1,Fewer transfers
松江南京站,板新站,2,1,32.31666666666667,6.0,1,31.85,11.0,2,0.46666666666666856,5.0,1,Fewer transfers
松江南京站,板新站,3,1,41.85,5.0,2,31.85,11.0,2,10.0,6.0,0,Same transfers
松江南京站,板新站,4,1,43.16666666666666,3.0,1,31.85,11.0,2,11.316666666666656,8.0,1,Fewer transfers
松江南京站,橋和站,2,1,37.96666666666667,5.0,2,28.433333333333334,6.0,1,9.533333333333335,1.0,-1,More transfers
松江南京站,橋和站,3,1,39.28333333333333,3.0,1,28.433333333333334,6.0,1,10.849999999999998,3.0,0,Same transfers
松江南京站,淡水站,2,1,52.13333333333333,2.0,1,41.516666666666666,3.0,1,10.616666666666667,1.0,0,Same transfers
松江南京站,石牌站,2,1,30.183333333333334,2.0,1,19.566666666666663,3.0,1,10.61666666666667,1.0,0,Same transfers
松江南京站,秀朗橋站,2,1,28.48333333333333,5.0,2,26.183333333333334,6.0,1,2.299999999999997,1.0,-1,More transfers
松江南京站,秀朗橋站,3,1,29.8,3.0,1,26.183333333333334,6.0,1,3.616666666666667,3.0,0,Same transfers
松江南京站,竹圍站,2,1,45.95,2.0,1,35.333333333333336,3.0,1,10.616666666666667,1.0,0,Same transfers
松江南京站,紅樹林站,2,1,48.766666666666666,2.0,1,38.15,3.0,1,10.616666666666667,1.0,0,Same transfers
松江南京站,芝山站,2,1,26.916666666666668,2.0,1,16.3,3.0,1,10.616666666666667,1.0,0,Same transfers
松江南京站,萬隆站,2,1,18.23333333333333,0.0,0,16.916666666666668,2.0,1,1.3166666666666629,2.0,1,Fewer transfers
松江南京站,關渡站,2,1,43.0,2.0,1,32.38333333333333,3.0,1,10.616666666666667,1.0,0,Same transfers
松江南京站,雙連站,2,1,16.916666666666668,2.0,1,6.3,3.0,1,10.616666666666667,1.0,0,Same transfers
板新站,三和國中站,2,1,44.7,6.0,1,32.733333333333334,7.0,2,11.966666666666669,1.0,1,Fewer transfers
板新站,三和國中站,3,1,54.8,5.0,2,32.733333333333334,7.0,2,22.066666666666663,2.0,0,Same transfers
板新站,三民高中站,2,1,48.43333333333333,6.0,1,36.46666666666667,7.0,2,11.966666666666661,1.0,1,Fewer transfers
板新站,三民高中站,3,1,58.53333333333333,5.0,2,36.46666666666667,7.0,2,22.066666666666663,2.0,0,Same transfers
板新站,三重國小站,2,1,42.5,6.0,1,30.53333333333333,7.0,2,11.966666666666669,1.0,1,Fewer transfers
板新站,三重國小站,3,1,52.6,5.0,2,30.53333333333333,7.0,2,22.06666666666667,2.0,0,Same transfers
板新站,三重站,2,1,56.05,5.0,2,20.2,6.0,1,35.849999999999994,1.0,-1,More transfers
板新站,中山國中站,2,1,42.9,13.0,3,40.31666666666667,14.0,2,2.5833333333333286,1.0,-1,More transfers
板新站,中山國中站,3,1,52.41666666666666,8.0,2,40.31666666666667,14.0,2,12.099999999999987,6.0,0,Same transfers
板新站,中山國小站,2,1,46.2,5.0,2,29.966666666666665,6.0,1,16.233333333333338,1.0,-1,More transfers
板新站,中山站,2,1,34.25,9.0,2,29.53333333333333,11.0,2,4.716666666666669,2.0,0,Same transfers
板新站,中山站,3,1,35.166666666666664,8.0,2,29.53333333333333,11.0,2,5.633333333333333,3.0,0,Same transfers
板新站,中山站,4,1,40.5,5.0,2,29.53333333333333,11.0,2,10.966666666666669,6.0,0,Same transfers
板新站,中山站,5,1,41.266666666666666,3.0,1,29.53333333333333,11.0,2,11.733333333333334,8.0,1,Fewer transfers
板新站,中正紀念堂站,2,1,33.13333333333333,3.0,1,27.03333333333333,8.0,2,6.100000000000001,5.0,1,Fewer transfers
板新站,丹鳳站,2,1,68.03333333333333,5.0,2,22.183333333333334,6.0,1,45.849999999999994,1.0,-1,More transfers
板新站,亞東醫院站,2,1,21.4,9.0,1,17.3,11.0,1,4.099999999999998,2.0,0,Same transfers
板新站,亞東醫院站,3,1,51.95,8.0,2,17.3,11.0,1,34.650000000000006,3.0,-1,More transfers
板新站,亞東醫院站,4,1,52.71666666666667,5.0,2,17.3,11.0,1,35.41666666666667,6.0,-1,More transfers
板新站,信義安和站,2,1,43.98333333333333,5.0,2,34.483333333333334,8.0,2,9.499999999999993,3.0,0,Same transfers
板新站,先嗇宮站,2,1,58.833333333333336,5.0,2,17.416666666666668,6.0,1,41.41666666666667,1.0,-1,More transfers
板新站,內湖站,2,1,58.7,13.0,3,56.11666666666667,14.0,2,2.5833333333333357,1.0,-1,More transfers
板新站,內湖站,3,1,68.21666666666667,8.0,2,56.11666666666667,14.0,2,12.100000000000001,6.0,0,Same transfers
板新站,六張犁站,2,1,42.5,14.0,2,41.66666666666666,13.0,3,0.8333333333333428,-1.0,1,Fewer transfers
板新站,六張犁站,3,1,51.16666666666666,10.0,3,41.66666666666666,13.0,3,9.5,3.0,0,Same transfers
板新站,六張犁站,4,1,58.8,8.0,2,41.66666666666666,13.0,3,17.13333333333334,5.0,1,Fewer transfers
板新站,劍南路站,2,1,51.61666666666667,13.0,3,49.03333333333333,14.0,2,2.5833333333333357,1.0,-1,More transfers
板新站,劍南路站,3,1,61.13333333333333,8.0,2,49.03333333333333,14.0,2,12.100000000000001,6.0,0,Same transfers
板新站,劍潭站,2,1,45.21666666666667,8.0,2,35.56666666666667,9.0,2,9.649999999999999,1.0,0,Same transfers
板新站,劍潭站,3,1,47.88333333333333,5.0,2,35.56666666666667,9.0,2,12.316666666666663,4.0,0,Same transfers
板新站,動物園站,2,1,53.86666666666667,14.0,2,53.03333333333333,13.0,3,0.8333333333333357,-1.0,1,Fewer transfers
板新站,動物園站,3,1,62.53333333333333,10.0,3,53.03333333333333,13.0,3,9.5,3.0,0,Same transfers
板新站,動物園站,4,1,70.16666666666667,8.0,2,53.03333333333333,13.0,3,17.13333333333334,5.0,1,Fewer transfers
板新站,北投站,2,1,58.56666666666667,8.0,2,48.91666666666666,9.0,2,9.650000000000013,1.0,0,Same transfers
板新站,北投站,3,1,61.23333333333333,5.0,2,48.91666666666666,9.0,2,12.31666666666667,4.0,0,Same transfers
板新站,北門站,2,1,32.766666666666666,8.0,2,27.133333333333333,11.0,2,5.633333333333333,3.0,0,Same transfers
板新站,北門站,3,1,38.86666666666667,3.0,1,27.133333333333333,11.0,2,11.733333333333334,8.0,1,Fewer transfers
板新站,南京三民站,2,1,40.41666666666666,8.0,2,38.1,11.0,2,2.3166666666666558,3.0,0,Same transfers
板新站,南京三民站,3,1,49.833333333333336,3.0,1,38.1,11.0,2,11.733333333333334,8.0,1,Fewer transfers
板新站,南京復興站,2,1,36.31666666666667,8.0,2,34.0,11.0,2,2.31666666666667,3.0,0,Same transfers
板新站,南京復興站,3,1,45.73333333333333,3.0,1,34.0,11.0,2,11.733333333333327,8.0,1,Fewer transfers
板新站,南勢角站,2,1,43.06666666666667,5.0,2,17.35,6.0,1,25.71666666666667,1.0,-1,More transfers
板新站,南港展覽館站,2,1,49.55,8.0,2,46.96666666666667,9.0,1,2.5833333333333286,1.0,-1,More transfers
板新站,南港展覽館站,3,1,59.65,7.0,3,46.96666666666667,9.0,1,12.68333333333333,2.0,-2,More transfers
板新站,南港展覽館站,4,1,62.7,5.0,2,46.96666666666667,9.0,1,15.733333333333334,4.0,-1,More transfers
板新站,南港站,2,1,47.28333333333333,8.0,2,44.7,9.0,1,2.5833333333333286,1.0,-1,More transfers
板新站,南港站,3,1,57.38333333333333,7.0,3,44.7,9.0,1,12.68333333333333,2.0,-2,More transfers
板新站,南港站,4,1,60.43333333333333,5.0,2,44.7,9.0,1,15.733333333333327,4.0,-1,More transfers
板新站,南港軟體園區站,2,1,55.85,13.0,3,53.266666666666666,14.0,2,2.5833333333333357,1.0,-1,More transfers
板新站,南港軟體園區站,3,1,65.95,12.0,4,53.266666666666666,14.0,2,12.683333333333337,2.0,-2,More transfers
板新站,南港軟體園區站,4,1,69.0,10.0,3,53.266666666666666,14.0,2,15.733333333333334,4.0,-1,More transfers
板新站,南港軟體園區站,5,1,75.8,8.0,2,53.266666666666666,14.0,2,22.53333333333333,6.0,0,Same transfers
板新站,古亭站,2,1,31.133333333333333,3.0,1,23.03333333333333,6.0,1,8.100000000000001,3.0,0,Same transfers
板新站,台北101/世貿站,2,1,45.81666666666667,5.0,2,36.31666666666667,8.0,2,9.5,3.0,0,Same transfers
板新站,台北小巨蛋站,2,1,38.266666666666666,8.0,2,35.95,11.0,2,2.316666666666663,3.0,0,Same transfers
板新站,台北小巨蛋站,3,1,47.68333333333333,3.0,1,35.95,11.0,2,11.733333333333327,8.0,1,Fewer transfers
板新站,台北橋站,2,1,52.2,5.0,2,24.05,6.0,1,28.150000000000002,1.0,-1,More transfers
板新站,台北車站,2,1,35.4,8.0,2,25.716666666666665,9.0,1,9.683333333333334,1.0,-1,More transfers
板新站,台北車站,3,1,38.78333333333333,5.0,2,25.716666666666665,9.0,1,13.066666666666666,4.0,-1,More transfers
板新站,台大醫院站,2,1,31.416666666666668,13.0,2,31.116666666666667,10.0,3,0.3000000000000007,-3.0,1,Fewer transfers
板新站,台大醫院站,3,1,34.55,8.0,2,31.116666666666667,10.0,3,3.43333333333333,2.0,1,Fewer transfers
板新站,台大醫院站,4,1,37.21666666666667,5.0,2,31.116666666666667,10.0,3,6.100000000000001,5.0,1,Fewer transfers
板新站,台電大樓站,2,1,29.216666666666665,3.0,1,27.0,8.0,2,2.216666666666665,5.0,1,Fewer transfers
板新站,唭哩岸站,2,1,54.9,8.0,2,45.25,9.0,2,9.649999999999999,1.0,0,Same transfers
板新站,唭哩岸站,3,1,57.56666666666667,5.0,2,45.25,9.0,2,12.31666666666667,4.0,0,Same transfers
板新站,善導寺站,2,1,33.88333333333333,8.0,2,27.516666666666666,9.0,1,6.366666666666667,1.0,-1,More transfers
板新站,善導寺站,3,1,43.25,5.0,2,27.516666666666666,9.0,1,15.733333333333334,4.0,-1,More transfers
板新站,國父紀念館站,2,1,37.43333333333333,8.0,2,34.85,9.0,1,2.5833333333333286,1.0,-1,More transfers
板新站,國父紀念館站,3,1,47.53333333333333,7.0,3,34.85,9.0,1,12.68333333333333,2.0,-2,More transfers
板新站,國父紀念館站,4,1,50.583333333333336,5.0,2,34.85,9.0,1,15.733333333333334,4.0,-1,More transfers
板新站,圓山站,2,1,42.86666666666667,8.0,2,33.21666666666667,9.0,2,9.649999999999999,1.0,0,Same transfers
板新站,圓山站,3,1,45.53333333333333,5.0,2,33.21666666666667,9.0,2,12.316666666666663,4.0,0,Same transfers
板新站,土城站,2,1,26.4,9.0,1,22.3,11.0,1,4.099999999999998,2.0,0,Same transfers
板新站,土城站,3,1,56.95,8.0,2,22.3,11.0,1,34.650000000000006,3.0,-1,More transfers
板新站,土城站,4,1,57.71666666666667,5.0,2,22.3,11.0,1,35.41666666666667,6.0,-1,More transfers
板新站,士林站,2,1,47.35,8.0,2,37.7,9.0,2,9.649999999999999,1.0,0,Same transfers
板新站,士林站,3,1,50.016666666666666,5.0,2,37.7,9.0,2,12.316666666666663,4.0,0,Same transfers
板新站,大安森林公園站,2,1,40.3,5.0,2,30.8,8.0,2,9.499999999999996,3.0,0,Same transfers
板新站,大安站,2,1,41.98333333333333,5.0,2,32.483333333333334,8.0,2,9.499999999999993,3.0,0,Same transfers
板新站,大橋頭站,2,1,49.65,5.0,2,26.58333333333333,6.0,1,23.06666666666667,1.0,-1,More transfers
板新站,大湖公園站,2,1,60.3,13.0,3,57.71666666666667,14.0,2,2.5833333333333286,1.0,-1,More transfers
板新站,大湖公園站,3,1,69.81666666666666,8.0,2,57.71666666666667,14.0,2,12.099999999999994,6.0,0,Same transfers
板新站,大直站,2,1,49.46666666666667,13.0,3,46.88333333333333,14.0,2,2.5833333333333357,1.0,-1,More transfers
板新站,大直站,3,1,58.98333333333333,8.0,2,46.88333333333333,14.0,2,12.099999999999994,6.0,0,Same transfers
板新站,奇岩站,2,1,56.6,8.0,2,46.95,9.0,2,9.649999999999999,1.0,0,Same transfers
板新站,奇岩站,3,1,59.266666666666666,5.0,2,46.95,9.0,2,12.316666666666663,4.0,0,Same transfers
板新站,小南門站,2,1,28.933333333333334,8.0,2,27.08333333333333,11.0,2,1.850000000000005,3.0,0,Same transfers
板新站,小南門站,3,1,35.03333333333333,3.0,1,27.08333333333333,11.0,2,7.950000000000003,8.0,1,Fewer transfers
板新站,市政府站,2,1,39.18333333333333,8.0,2,36.6,9.0,1,2.5833333333333286,1.0,-1,More transfers
板新站,市政府站,3,1,49.28333333333333,7.0,3,36.6,9.0,1,12.68333333333333,2.0,-2,More transfers
板新站,市政府站,4,1,52.333333333333336,5.0,2,36.6,9.0,1,15.733333333333334,4.0,-1,More transfers
板新站,府中站,2,1,19.23333333333333,9.0,1,15.133333333333333,11.0,1,4.099999999999998,2.0,0,Same transfers
板新站,府中站,3,1,49.78333333333333,8.0,2,15.133333333333333,11.0,1,34.65,3.0,-1,More transfers
板新站,府中站,4,1,50.55,5.0,2,15.133333333333333,11.0,1,35.416666666666664,6.0,-1,More transfers
板新站,廣慈/奉天宮站,2,1,50.36666666666667,5.0,2,40.86666666666667,8.0,2,9.5,3.0,0,Same transfers
板新站,後山埤站,2,1,42.78333333333333,8.0,2,40.2,9.0,1,2.5833333333333286,1.0,-1,More transfers
板新站,後山埤站,3,1,52.88333333333333,7.0,3,40.2,9.0,1,12.68333333333333,2.0,-2,More transfers
板新站,後山埤站,4,1,55.93333333333333,5.0,2,40.2,9.0,1,15.733333333333327,4.0,-1,More transfers
板新站,徐匯中學站,2,1,46.48333333333333,6.0,1,34.516666666666666,7.0,2,11.966666666666661,1.0,1,Fewer transfers
板新站,徐匯中學站,3,1,56.583333333333336,5.0,2,34.516666666666666,7.0,2,22.06666666666667,2.0,0,Same transfers
板新站,復興崗站,2,1,61.266666666666666,8.0,2,51.61666666666667,9.0,2,9.649999999999999,1.0,0,Same transfers
板新站,復興崗站,3,1,63.93333333333333,5.0,2,51.61666666666667,9.0,2,12.316666666666663,4.0,0,Same transfers
板新站,忠孝復興站,2,1,34.03333333333333,8.0,2,31.45,9.0,1,2.583333333333332,1.0,-1,More transfers
板新站,忠孝復興站,3,1,44.13333333333333,7.0,3,31.45,9.0,1,12.683333333333334,2.0,-2,More transfers
板新站,忠孝復興站,4,1,47.18333333333333,5.0,2,31.45,9.0,1,15.73333333333333,4.0,-1,More transfers
板新站,忠孝敦化站,2,1,35.78333333333333,8.0,2,33.2,9.0,1,2.5833333333333286,1.0,-1,More transfers
板新站,忠孝敦化站,3,1,45.88333333333333,7.0,3,33.2,9.0,1,12.68333333333333,2.0,-2,More transfers
板新站,忠孝敦化站,4,1,48.93333333333333,5.0,2,33.2,9.0,1,15.733333333333327,4.0,-1,More transfers
板新站,忠孝新生站,2,1,29.866666666666667,6.0,1,29.28333333333333,9.0,1,0.5833333333333357,3.0,0,Same transfers
板新站,忠孝新生站,3,1,39.96666666666667,5.0,2,29.28333333333333,9.0,1,10.683333333333337,4.0,-1,More transfers
板新站,忠義站,2,1,63.66666666666666,8.0,2,54.016666666666666,9.0,2,9.649999999999991,1.0,0,Same transfers
板新站,忠義站,3,1,66.33333333333333,5.0,2,54.016666666666666,9.0,2,12.316666666666663,4.0,0,Same transfers
板新站,文德站,2,1,56.98333333333333,13.0,3,54.4,14.0,2,2.5833333333333286,1.0,-1,More transfers
板新站,文德站,3,1,66.5,8.0,2,54.4,14.0,2,12.100000000000001,6.0,0,Same transfers
板新站,新北投站,2,1,64.18333333333334,11.0,3,54.53333333333333,12.0,3,9.650000000000006,1.0,0,Same transfers
板新站,新北投站,3,1,66.85,8.0,3,54.53333333333333,12.0,3,12.316666666666663,4.0,0,Same transfers
板新站,新埔站,2,1,45.95,8.0,2,15.4,9.0,1,30.550000000000004,1.0,-1,More transfers
板新站,新埔站,3,1,46.71666666666667,5.0,2,15.4,9.0,1,31.31666666666667,4.0,-1,More transfers
板新站,新莊站,2,1,63.03333333333333,5.0,2,17.183333333333334,6.0,1,45.849999999999994,1.0,-1,More transfers
板新站,昆陽站,2,1,45.05,8.0,2,42.46666666666667,9.0,1,2.5833333333333286,1.0,-1,More transfers
板新站,昆陽站,3,1,55.15,7.0,3,42.46666666666667,9.0,1,12.68333333333333,2.0,-2,More transfers
板新站,昆陽站,4,1,58.2,5.0,2,42.46666666666667,9.0,1,15.733333333333334,4.0,-1,More transfers
板新站,明德站,2,1,51.13333333333333,8.0,2,41.48333333333333,9.0,2,9.650000000000006,1.0,0,Same transfers
板新站,明德站,3,1,53.8,5.0,2,41.48333333333333,9.0,2,12.31666666666667,4.0,0,Same transfers
板新站,木柵站,2,1,52.333333333333336,14.0,2,51.5,13.0,3,0.8333333333333357,-1.0,1,Fewer transfers
板新站,木柵站,3,1,61.0,10.0,3,51.5,13.0,3,9.5,3.0,0,Same transfers
板新站,木柵站,4,1,68.63333333333334,8.0,2,51.5,13.0,3,17.13333333333334,5.0,1,Fewer transfers
板新站,東湖站,2,1,57.68333333333333,13.0,3,55.1,14.0,2,2.5833333333333286,1.0,-1,More transfers
板新站,東湖站,3,1,67.78333333333333,12.0,4,55.1,14.0,2,12.68333333333333,2.0,-2,More transfers
板新站,東湖站,4,1,70.83333333333333,10.0,3,55.1,14.0,2,15.733333333333327,4.0,-1,More transfers
板新站,東湖站,5,1,73.96666666666667,8.0,2,55.1,14.0,2,18.866666666666667,6.0,0,Same transfers
板新站,東門站,2,1,37.15,5.0,2,27.05,6.0,1,10.099999999999998,1.0,-1,More transfers
板新站,松山機場站,2,1,46.1,13.0,3,43.516666666666666,14.0,2,2.5833333333333357,1.0,-1,More transfers
板新站,松山機場站,3,1,55.61666666666667,8.0,2,43.516666666666666,14.0,2,12.100000000000001,6.0,0,Same transfers
板新站,松山站,2,1,43.16666666666666,8.0,2,40.85,11.0,2,2.3166666666666558,3.0,0,Same transfers
板新站,松山站,3,1,52.583333333333336,3.0,1,40.85,11.0,2,11.733333333333334,8.0,1,Fewer transfers
板新站,松江南京站,2,1,32.2,6.0,1,31.883333333333333,11.0,2,0.31666666666667,5.0,1,Fewer transfers
板新站,松江南京站,3,1,42.3,5.0,2,31.883333333333333,11.0,2,10.416666666666664,6.0,0,Same transfers
板新站,松江南京站,4,1,43.61666666666667,3.0,1,31.883333333333333,11.0,2,11.733333333333334,8.0,1,Fewer transfers
板新站,民權西路站,2,1,43.53333333333333,5.0,2,28.216666666666665,6.0,1,15.316666666666666,1.0,-1,More transfers
板新站,永安市場站,2,1,39.0,5.0,2,17.233333333333334,6.0,1,21.766666666666666,1.0,-1,More transfers
板新站,永寧站,2,1,28.416666666666668,9.0,1,24.316666666666663,11.0,1,4.100000000000005,2.0,0,Same transfers
板新站,永寧站,3,1,58.96666666666667,8.0,2,24.316666666666663,11.0,1,34.650000000000006,3.0,-1,More transfers
板新站,永寧站,4,1,59.73333333333333,5.0,2,24.316666666666663,11.0,1,35.416666666666664,6.0,-1,More transfers
板新站,永春站,2,1,41.1,8.0,2,38.516666666666666,9.0,1,2.5833333333333357,1.0,-1,More transfers
板新站,永春站,3,1,51.2,7.0,3,38.516666666666666,9.0,1,12.683333333333337,2.0,-2,More transfers
板新站,永春站,4,1,54.25,5.0,2,38.516666666666666,9.0,1,15.733333333333334,4.0,-1,More transfers
板新站,江子翠站,2,1,44.2,8.0,2,17.15,9.0,1,27.050000000000004,1.0,-1,More transfers
板新站,江子翠站,3,1,44.96666666666667,5.0,2,17.15,9.0,1,27.81666666666667,4.0,-1,More transfers
板新站,海山站,2,1,24.2,9.0,1,20.1,11.0,1,4.099999999999998,2.0,0,Same transfers
板新站,海山站,3,1,54.75,8.0,2,20.1,11.0,1,34.65,3.0,-1,More transfers
板新站,海山站,4,1,55.516666666666666,5.0,2,20.1,11.0,1,35.416666666666664,6.0,-1,More transfers
板新站,淡水站,2,1,74.58333333333333,8.0,2,64.93333333333334,9.0,2,9.649999999999991,1.0,0,Same transfers
板新站,淡水站,3,1,77.25,5.0,2,64.93333333333334,9.0,2,12.316666666666663,4.0,0,Same transfers
板新站,港墘站,2,1,55.36666666666667,13.0,3,52.78333333333333,14.0,2,2.5833333333333357,1.0,-1,More transfers
板新站,港墘站,3,1,64.88333333333334,8.0,2,52.78333333333333,14.0,2,12.100000000000009,6.0,0,Same transfers
板新站,石牌站,2,1,52.63333333333333,8.0,2,42.98333333333333,9.0,2,9.650000000000006,1.0,0,Same transfers
板新站,石牌站,3,1,55.3,5.0,2,42.98333333333333,9.0,2,12.31666666666667,4.0,0,Same transfers
板新站,科技大樓站,2,1,40.05,14.0,2,39.21666666666667,13.0,3,0.8333333333333286,-1.0,1,Fewer transfers
板新站,科技大樓站,3,1,48.71666666666667,10.0,3,39.21666666666667,13.0,3,9.5,3.0,0,Same transfers
板新站,科技大樓站,4,1,56.35,8.0,2,39.21666666666667,13.0,3,17.133333333333333,5.0,1,Fewer transfers
板新站,竹圍站,2,1,68.4,8.0,2,58.75,9.0,2,9.650000000000006,1.0,0,Same transfers
板新站,竹圍站,3,1,71.06666666666666,5.0,2,58.75,9.0,2,12.316666666666663,4.0,0,Same transfers
板新站,紅樹林站,2,1,71.21666666666667,8.0,2,61.56666666666667,9.0,2,9.649999999999999,1.0,0,Same transfers
板新站,紅樹林站,3,1,73.88333333333334,5.0,2,61.56666666666667,9.0,2,12.31666666666667,4.0,0,Same transfers
板新站,芝山站,2,1,49.36666666666667,8.0,2,39.71666666666667,9.0,2,9.649999999999999,1.0,0,Same transfers
板新站,芝山站,3,1,52.03333333333333,5.0,2,39.71666666666667,9.0,2,12.316666666666663,4.0,0,Same transfers
板新站,菜寮站,2,1,54.23333333333333,5.0,2,22.016666666666666,6.0,1,32.21666666666666,1.0,-1,More transfers
板新站,萬芳社區站,2,1,51.13333333333333,14.0,2,50.3,13.0,3,0.8333333333333357,-1.0,1,Fewer transfers
板新站,萬芳社區站,3,1,59.8,10.0,3,50.3,13.0,3,9.5,3.0,0,Same transfers
板新站,萬芳社區站,4,1,67.43333333333334,8.0,2,50.3,13.0,3,17.13333333333334,5.0,1,Fewer transfers
板新站,萬芳醫院站,2,1,49.06666666666667,14.0,2,48.23333333333333,13.0,3,0.8333333333333428,-1.0,1,Fewer transfers
板新站,萬芳醫院站,3,1,57.73333333333333,10.0,3,48.23333333333333,13.0,3,9.5,3.0,0,Same transfers
板新站,萬芳醫院站,4,1,65.36666666666666,8.0,2,48.23333333333333,13.0,3,17.133333333333333,5.0,1,Fewer transfers
板新站,葫洲站,2,1,59.4,13.0,3,56.81666666666667,14.0,2,2.5833333333333286,1.0,-1,More transfers
板新站,葫洲站,3,1,69.5,12.0,4,56.81666666666667,14.0,2,12.68333333333333,2.0,-2,More transfers
板新站,葫洲站,4,1,72.25,8.0,2,56.81666666666667,14.0,2,15.43333333333333,6.0,0,Same transfers
板新站,蘆洲站,2,1,50.7,6.0,1,38.73333333333333,7.0,2,11.966666666666676,1.0,1,Fewer transfers
板新站,蘆洲站,3,1,60.8,5.0,2,38.73333333333333,7.0,2,22.06666666666667,2.0,0,Same transfers
板新站,行天宮站,2,1,44.1,5.0,2,32.06666666666667,6.0,1,12.033333333333331,1.0,-1,More transfers
板新站,西湖站,2,1,53.86666666666667,13.0,3,51.28333333333333,14.0,2,2.5833333333333357,1.0,-1,More transfers
板新站,西湖站,3,1,63.38333333333333,8.0,2,51.28333333333333,14.0,2,12.100000000000001,6.0,0,Same transfers
板新站,西門站,2,1,30.766666666666666,8.0,2,23.133333333333333,9.0,1,7.633333333333333,1.0,-1,More transfers
板新站,西門站,3,1,36.86666666666667,3.0,1,23.133333333333333,9.0,1,13.733333333333334,6.0,0,Same transfers
板新站,象山站,2,1,47.41666666666666,5.0,2,37.91666666666666,8.0,2,9.5,3.0,0,Same transfers
板新站,輔大站,2,1,65.73333333333333,5.0,2,19.883333333333333,6.0,1,45.85,1.0,-1,More transfers
板新站,辛亥站,2,1,46.88333333333333,14.0,2,46.05,13.0,3,0.8333333333333357,-1.0,1,Fewer transfers
板新站,辛亥站,3,1,55.55,10.0,3,46.05,13.0,3,9.5,3.0,0,Same transfers
板新站,辛亥站,4,1,63.18333333333333,8.0,2,46.05,13.0,3,17.133333333333333,5.0,1,Fewer transfers
板新站,迴龍站,2,1,71.25,5.0,2,25.4,6.0,1,45.85,1.0,-1,More transfers
板新站,關渡站,2,1,65.45,8.0,2,55.8,9.0,2,9.650000000000006,1.0,0,Same transfers
板新站,關渡站,3,1,68.11666666666666,5.0,2,55.8,9.0,2,12.316666666666663,4.0,0,Same transfers
板新站,雙連站,2,1,39.36666666666667,8.0,2,32.71666666666667,9.0,2,6.649999999999999,1.0,0,Same transfers
板新站,雙連站,3,1,42.03333333333333,5.0,2,32.71666666666667,9.0,2,9.316666666666663,4.0,0,Same transfers
板新站,頂埔站,2,1,31.883333333333333,9.0,1,27.78333333333333,11.0,1,4.100000000000001,2.0,0,Same transfers
板新站,頂埔站,3,1,62.43333333333333,8.0,2,27.78333333333333,11.0,1,34.65,3.0,-1,More transfers
板新站,頂埔站,4,1,63.2,5.0,2,27.78333333333333,11.0,1,35.41666666666667,6.0,-1,More transfers
板新站,頂溪站,2,1,36.8,5.0,2,19.433333333333334,6.0,1,17.366666666666664,1.0,-1,More transfers
板新站,麟光站,2,1,44.11666666666667,14.0,2,43.28333333333333,13.0,3,0.8333333333333357,-1.0,1,Fewer transfers
板新站,麟光站,3,1,52.78333333333333,10.0,3,43.28333333333333,13.0,3,9.5,3.0,0,Same transfers
板新站,麟光站,4,1,60.41666666666666,8.0,2,43.28333333333333,13.0,3,17.133333333333326,5.0,1,Fewer transfers
板新站,龍山寺站,2,1,40.516666666666666,8.0,2,20.816666666666663,9.0,1,19.700000000000003,1.0,-1,More transfers
板新站,龍山寺站,3,1,41.28333333333333,5.0,2,20.816666666666663,9.0,1,20.46666666666667,4.0,-1,More transfers
板橋站,七張站,2,1,29.23333333333333,2.0,1,25.73333333333333,3.0,1,3.5,1.0,0,Same transfers
板橋站,三和國中站,2,1,32.5,2.0,1,29.516666666666666,7.0,2,2.9833333333333343,5.0,1,Fewer transfers
板橋站,三民高中站,2,1,36.23333333333333,2.0,1,33.25,7.0,2,2.983333333333327,5.0,1,Fewer transfers
板橋站,三重國小站,2,1,30.3,2.0,1,27.316666666666663,7.0,2,2.983333333333338,5.0,1,Fewer transfers
板橋站,三重站,2,1,33.75,2.0,1,16.983333333333334,6.0,1,16.766666666666666,4.0,0,Same transfers
板橋站,丹鳳站,2,1,45.73333333333333,2.0,1,18.966666666666665,6.0,1,26.766666666666662,4.0,0,Same transfers
板橋站,信義安和站,2,1,28.683333333333334,4.0,1,26.03333333333333,4.0,2,2.650000000000002,0.0,1,Fewer transfers
板橋站,先嗇宮站,2,1,36.53333333333333,2.0,1,14.2,6.0,1,22.333333333333332,4.0,0,Same transfers
板橋站,南勢角站,2,1,29.2,4.0,2,20.316666666666663,6.0,1,8.883333333333336,2.0,-1,More transfers
板橋站,南勢角站,3,1,34.516666666666666,2.0,1,20.316666666666663,6.0,1,14.200000000000003,4.0,0,Same transfers
板橋站,台北101/世貿站,2,1,30.516666666666666,4.0,1,27.866666666666667,4.0,2,2.6499999999999986,0.0,1,Fewer transfers
板橋站,台北橋站,2,1,29.9,2.0,1,20.83333333333333,6.0,1,9.06666666666667,4.0,0,Same transfers
板橋站,大安森林公園站,2,1,25.0,4.0,1,22.35,4.0,2,2.6499999999999986,0.0,1,Fewer transfers
板橋站,大安站,2,1,24.7,5.0,1,24.03333333333333,4.0,2,0.6666666666666679,-1.0,1,Fewer transfers
板橋站,大安站,3,1,26.683333333333334,4.0,1,24.03333333333333,4.0,2,2.650000000000002,0.0,1,Fewer transfers
板橋站,大橋頭站,2,1,27.35,2.0,1,23.366666666666667,6.0,1,3.9833333333333343,4.0,0,Same transfers
板橋站,小碧潭站,2,1,35.61666666666667,5.0,2,32.11666666666667,6.0,2,3.5,1.0,0,Same transfers
板橋站,廣慈/奉天宮站,2,1,35.06666666666667,4.0,1,32.416666666666664,4.0,2,2.6500000000000057,0.0,1,Fewer transfers
板橋站,徐匯中學站,2,1,34.28333333333333,2.0,1,31.3,7.0,2,2.9833333333333307,5.0,1,Fewer transfers
板橋站,新店區公所站,2,1,30.98333333333333,2.0,1,27.48333333333333,3.0,1,3.5,1.0,0,Same transfers
板橋站,新店站,2,1,33.25,2.0,1,29.75,3.0,1,3.5,1.0,0,Same transfers
板橋站,新莊站,2,1,40.73333333333333,2.0,1,13.966666666666669,6.0,1,26.76666666666666,4.0,0,Same transfers
板橋站,民權西路站,2,1,25.6,2.0,1,20.85,4.0,1,4.75,2.0,0,Same transfers
板橋站,永安市場站,2,1,25.133333333333333,4.0,2,20.2,6.0,1,4.933333333333334,2.0,-1,More transfers
板橋站,永安市場站,3,1,30.45,2.0,1,20.2,6.0,1,10.25,4.0,0,Same transfers
板橋站,菜寮站,2,1,31.933333333333334,2.0,1,18.8,6.0,1,13.133333333333333,4.0,0,Same transfers
板橋站,蘆洲站,2,1,38.5,2.0,1,35.516666666666666,7.0,2,2.9833333333333343,5.0,1,Fewer transfers
板橋站,象山站,2,1,32.11666666666667,4.0,1,29.466666666666665,4.0,2,2.650000000000002,0.0,1,Fewer transfers
板橋站,輔大站,2,1,43.43333333333333,2.0,1,16.666666666666668,6.0,1,26.766666666666662,4.0,0,Same transfers
板橋站,迴龍站,2,1,48.95,2.0,1,22.183333333333334,6.0,1,26.76666666666667,4.0,0,Same transfers
板橋站,頂溪站,2,1,22.933333333333334,4.0,2,22.4,6.0,1,0.533333333333335,2.0,-1,More transfers
板橋站,頂溪站,3,1,28.25,2.0,1,22.4,6.0,1,5.850000000000001,4.0,0,Same transfers
橋和站,三和國中站,2,1,40.81666666666667,6.0,1,36.61666666666667,7.0,2,4.200000000000003,1.0,1,Fewer transfers
橋和站,三和國中站,3,1,50.91666666666666,5.0,2,36.61666666666667,7.0,2,14.29999999999999,2.0,0,Same transfers
橋和站,三民高中站,2,1,44.55,6.0,1,40.35,7.0,2,4.199999999999996,1.0,1,Fewer transfers
橋和站,三民高中站,3,1,54.65,5.0,2,40.35,7.0,2,14.299999999999997,2.0,0,Same transfers
橋和站,三重國小站,2,1,38.61666666666667,6.0,1,34.416666666666664,7.0,2,4.200000000000003,1.0,1,Fewer transfers
橋和站,三重國小站,3,1,48.71666666666667,5.0,2,34.416666666666664,7.0,2,14.300000000000004,2.0,0,Same transfers
橋和站,三重站,2,1,52.16666666666666,5.0,2,24.08333333333333,6.0,1,28.08333333333333,1.0,-1,More transfers
橋和站,中山國中站,2,1,44.2,14.0,2,39.016666666666666,13.0,3,5.183333333333337,-1.0,1,Fewer transfers
橋和站,中山國中站,3,1,48.53333333333333,8.0,2,39.016666666666666,13.0,3,9.516666666666666,5.0,1,Fewer transfers
橋和站,中山國小站,2,1,42.31666666666667,5.0,2,32.21666666666667,6.0,1,10.100000000000001,1.0,-1,More transfers
橋和站,中山站,2,1,31.28333333333333,8.0,2,30.516666666666666,10.0,3,0.7666666666666657,2.0,1,Fewer transfers
橋和站,中山站,3,1,36.61666666666667,5.0,2,30.516666666666666,10.0,3,6.100000000000001,5.0,1,Fewer transfers
橋和站,中山站,4,1,37.38333333333333,3.0,1,30.516666666666666,10.0,3,6.866666666666667,7.0,2,Fewer transfers
橋和站,中正紀念堂站,2,1,29.25,3.0,1,23.15,8.0,2,6.100000000000001,5.0,1,Fewer transfers
橋和站,丹鳳站,2,1,64.15,5.0,2,26.066666666666663,6.0,1,38.08333333333334,1.0,-1,More transfers
橋和站,亞東醫院站,2,1,25.28333333333333,9.0,1,21.183333333333334,11.0,1,4.099999999999998,2.0,0,Same transfers
橋和站,亞東醫院站,3,1,48.06666666666667,8.0,2,21.183333333333334,11.0,1,26.883333333333336,3.0,-1,More transfers
橋和站,亞東醫院站,4,1,48.833333333333336,5.0,2,21.183333333333334,11.0,1,27.650000000000002,6.0,-1,More transfers
橋和站,信義安和站,2,1,40.1,5.0,2,30.6,8.0,2,9.5,3.0,0,Same transfers
橋和站,先嗇宮站,2,1,54.95,5.0,2,21.3,6.0,1,33.650000000000006,1.0,-1,More transfers
橋和站,內湖站,2,1,60.0,14.0,2,54.81666666666667,13.0,3,5.18333333333333,-1.0,1,Fewer transfers
橋和站,內湖站,3,1,64.33333333333333,8.0,2,54.81666666666667,13.0,3,9.516666666666659,5.0,1,Fewer transfers
橋和站,六張犁站,2,1,46.38333333333333,14.0,2,37.78333333333333,13.0,3,8.600000000000001,-1.0,1,Fewer transfers
橋和站,六張犁站,3,1,47.28333333333333,10.0,3,37.78333333333333,13.0,3,9.5,3.0,0,Same transfers
橋和站,六張犁站,4,1,54.91666666666666,8.0,2,37.78333333333333,13.0,3,17.133333333333326,5.0,1,Fewer transfers
橋和站,劍南路站,2,1,52.91666666666666,14.0,2,47.73333333333333,13.0,3,5.18333333333333,-1.0,1,Fewer transfers
橋和站,劍南路站,3,1,57.25,8.0,2,47.73333333333333,13.0,3,9.516666666666673,5.0,1,Fewer transfers
橋和站,劍潭站,2,1,39.45,9.0,2,37.9,10.0,3,1.5500000000000043,1.0,1,Fewer transfers
橋和站,劍潭站,3,1,41.333333333333336,8.0,2,37.9,10.0,3,3.433333333333337,2.0,1,Fewer transfers
橋和站,劍潭站,4,1,44.0,5.0,2,37.9,10.0,3,6.100000000000001,5.0,1,Fewer transfers
橋和站,動物園站,2,1,57.75,14.0,2,49.15,13.0,3,8.600000000000001,-1.0,1,Fewer transfers
橋和站,動物園站,3,1,58.65,10.0,3,49.15,13.0,3,9.5,3.0,0,Same transfers
橋和站,動物園站,4,1,66.28333333333333,8.0,2,49.15,13.0,3,17.133333333333333,5.0,1,Fewer transfers
橋和站,北投站,2,1,52.8,9.0,2,51.25,10.0,3,1.5499999999999972,1.0,1,Fewer transfers
橋和站,北投站,3,1,54.68333333333333,8.0,2,51.25,10.0,3,3.43333333333333,2.0,1,Fewer transfers
橋和站,北投站,4,1,57.35,5.0,2,51.25,10.0,3,6.100000000000001,5.0,1,Fewer transfers
橋和站,北門站,2,1,34.983333333333334,3.0,1,28.883333333333333,8.0,2,6.100000000000001,5.0,1,Fewer transfers
橋和站,南京三民站,2,1,45.95,3.0,1,36.53333333333333,8.0,2,9.416666666666671,5.0,1,Fewer transfers
橋和站,南京復興站,2,1,41.85,3.0,1,32.43333333333333,8.0,2,9.416666666666671,5.0,1,Fewer transfers
橋和站,南勢角站,2,1,39.18333333333333,5.0,2,13.466666666666669,6.0,1,25.71666666666666,1.0,-1,More transfers
橋和站,南港展覽館站,2,1,50.85,9.0,1,45.66666666666666,8.0,2,5.183333333333344,-1.0,1,Fewer transfers
橋和站,南港展覽館站,3,1,55.766666666666666,7.0,3,45.66666666666666,8.0,2,10.100000000000009,1.0,-1,More transfers
橋和站,南港展覽館站,4,1,58.81666666666667,5.0,2,45.66666666666666,8.0,2,13.150000000000013,3.0,0,Same transfers
橋和站,南港站,2,1,48.583333333333336,9.0,1,43.4,8.0,2,5.183333333333337,-1.0,1,Fewer transfers
橋和站,南港站,3,1,53.5,7.0,3,43.4,8.0,2,10.100000000000001,1.0,-1,More transfers
橋和站,南港站,4,1,56.55,5.0,2,43.4,8.0,2,13.149999999999999,3.0,0,Same transfers
橋和站,南港軟體園區站,2,1,57.15,14.0,2,51.96666666666667,13.0,3,5.18333333333333,-1.0,1,Fewer transfers
橋和站,南港軟體園區站,3,1,62.06666666666667,12.0,4,51.96666666666667,13.0,3,10.100000000000001,1.0,-1,More transfers
橋和站,南港軟體園區站,4,1,65.11666666666666,10.0,3,51.96666666666667,13.0,3,13.149999999999991,3.0,0,Same transfers
橋和站,南港軟體園區站,5,1,71.91666666666667,8.0,2,51.96666666666667,13.0,3,19.950000000000003,5.0,1,Fewer transfers
橋和站,古亭站,2,1,27.25,3.0,1,19.15,6.0,1,8.100000000000001,3.0,0,Same transfers
橋和站,台北101/世貿站,2,1,41.93333333333333,5.0,2,32.43333333333333,8.0,2,9.5,3.0,0,Same transfers
橋和站,台北小巨蛋站,2,1,43.8,3.0,1,34.38333333333333,8.0,2,9.416666666666664,5.0,1,Fewer transfers
橋和站,台北橋站,2,1,48.31666666666667,5.0,2,27.933333333333334,6.0,1,20.383333333333336,1.0,-1,More transfers
橋和站,台北車站,2,1,29.6,9.0,1,28.8,10.0,3,0.8000000000000007,1.0,2,Fewer transfers
橋和站,台北車站,3,1,31.516666666666666,8.0,2,28.8,10.0,3,2.716666666666665,2.0,1,Fewer transfers
橋和站,台北車站,4,1,34.9,5.0,2,28.8,10.0,3,6.099999999999998,5.0,1,Fewer transfers
橋和站,台大醫院站,2,1,30.666666666666668,8.0,2,27.23333333333333,10.0,3,3.433333333333337,2.0,1,Fewer transfers
橋和站,台大醫院站,3,1,33.333333333333336,5.0,2,27.23333333333333,10.0,3,6.100000000000005,5.0,1,Fewer transfers
橋和站,台電大樓站,2,1,25.33333333333333,3.0,1,23.116666666666667,8.0,2,2.2166666666666615,5.0,1,Fewer transfers
橋和站,唭哩岸站,2,1,49.13333333333333,9.0,2,47.583333333333336,10.0,3,1.5499999999999972,1.0,1,Fewer transfers
橋和站,唭哩岸站,3,1,51.016666666666666,8.0,2,47.583333333333336,10.0,3,3.43333333333333,2.0,1,Fewer transfers
橋和站,唭哩岸站,4,1,53.68333333333333,5.0,2,47.583333333333336,10.0,3,6.099999999999994,5.0,1,Fewer transfers
橋和站,善導寺站,2,1,31.4,9.0,1,30.0,8.0,2,1.3999999999999986,-1.0,1,Fewer transfers
橋和站,善導寺站,3,1,39.36666666666667,5.0,2,30.0,8.0,2,9.366666666666667,3.0,0,Same transfers
橋和站,國父紀念館站,2,1,38.73333333333333,9.0,1,33.55,8.0,2,5.18333333333333,-1.0,1,Fewer transfers
橋和站,國父紀念館站,3,1,43.65,7.0,3,33.55,8.0,2,10.100000000000001,1.0,-1,More transfers
橋和站,國父紀念館站,4,1,46.7,5.0,2,33.55,8.0,2,13.150000000000006,3.0,0,Same transfers
橋和站,圓山站,2,1,37.1,9.0,2,35.55,10.0,3,1.5500000000000043,1.0,1,Fewer transfers
橋和站,圓山站,3,1,38.98333333333333,8.0,2,35.55,10.0,3,3.43333333333333,2.0,1,Fewer transfers
橋和站,圓山站,4,1,41.65,5.0,2,35.55,10.0,3,6.100000000000001,5.0,1,Fewer transfers
橋和站,土城站,2,1,30.28333333333333,9.0,1,26.183333333333334,11.0,1,4.099999999999998,2.0,0,Same transfers
橋和站,土城站,3,1,53.06666666666667,8.0,2,26.183333333333334,11.0,1,26.883333333333336,3.0,-1,More transfers
橋和站,土城站,4,1,53.833333333333336,5.0,2,26.183333333333334,11.0,1,27.650000000000002,6.0,-1,More transfers
橋和站,士林站,2,1,41.583333333333336,9.0,2,40.03333333333333,10.0,3,1.5500000000000043,1.0,1,Fewer transfers
橋和站,士林站,3,1,43.46666666666667,8.0,2,40.03333333333333,10.0,3,3.433333333333337,2.0,1,Fewer transfers
橋和站,士林站,4,1,46.13333333333333,5.0,2,40.03333333333333,10.0,3,6.100000000000001,5.0,1,Fewer transfers
橋和站,大安森林公園站,2,1,36.41666666666666,5.0,2,26.916666666666668,8.0,2,9.49999999999999,3.0,0,Same transfers
橋和站,大安站,2,1,38.1,5.0,2,28.6,8.0,2,9.5,3.0,0,Same transfers
橋和站,大橋頭站,2,1,45.766666666666666,5.0,2,30.466666666666665,6.0,1,15.3,1.0,-1,More transfers
橋和站,大湖公園站,2,1,61.6,14.0,2,56.41666666666666,13.0,3,5.183333333333344,-1.0,1,Fewer transfers
橋和站,大湖公園站,3,1,65.93333333333334,8.0,2,56.41666666666666,13.0,3,9.51666666666668,5.0,1,Fewer transfers
橋和站,大直站,2,1,50.766666666666666,14.0,2,45.583333333333336,13.0,3,5.18333333333333,-1.0,1,Fewer transfers
橋和站,大直站,3,1,55.1,8.0,2,45.583333333333336,13.0,3,9.516666666666666,5.0,1,Fewer transfers
橋和站,奇岩站,2,1,50.833333333333336,9.0,2,49.28333333333333,10.0,3,1.5500000000000043,1.0,1,Fewer transfers
橋和站,奇岩站,3,1,52.71666666666667,8.0,2,49.28333333333333,10.0,3,3.433333333333337,2.0,1,Fewer transfers
橋和站,奇岩站,4,1,55.38333333333333,5.0,2,49.28333333333333,10.0,3,6.100000000000001,5.0,1,Fewer transfers
橋和站,小南門站,2,1,31.15,3.0,1,25.05,8.0,2,6.099999999999998,5.0,1,Fewer transfers
橋和站,市政府站,2,1,40.48333333333333,9.0,1,35.3,8.0,2,5.18333333333333,-1.0,1,Fewer transfers
橋和站,市政府站,3,1,45.4,7.0,3,35.3,8.0,2,10.100000000000001,1.0,-1,More transfers
橋和站,市政府站,4,1,48.45,5.0,2,35.3,8.0,2,13.150000000000006,3.0,0,Same transfers
橋和站,府中站,2,1,23.116666666666667,9.0,1,19.016666666666666,11.0,1,4.100000000000001,2.0,0,Same transfers
橋和站,府中站,3,1,45.9,8.0,2,19.016666666666666,11.0,1,26.883333333333333,3.0,-1,More transfers
橋和站,府中站,4,1,46.66666666666666,5.0,2,19.016666666666666,11.0,1,27.64999999999999,6.0,-1,More transfers
橋和站,廣慈/奉天宮站,2,1,46.48333333333333,5.0,2,36.98333333333333,8.0,2,9.5,3.0,0,Same transfers
橋和站,後山埤站,2,1,44.083333333333336,9.0,1,38.9,8.0,2,5.183333333333337,-1.0,1,Fewer transfers
橋和站,後山埤站,3,1,49.0,7.0,3,38.9,8.0,2,10.100000000000001,1.0,-1,More transfers
橋和站,後山埤站,4,1,52.05,5.0,2,38.9,8.0,2,13.149999999999999,3.0,0,Same transfers
橋和站,徐匯中學站,2,1,42.6,6.0,1,38.4,7.0,2,4.200000000000003,1.0,1,Fewer transfers
橋和站,徐匯中學站,3,1,52.7,5.0,2,38.4,7.0,2,14.300000000000004,2.0,0,Same transfers
橋和站,復興崗站,2,1,55.5,9.0,2,53.95,10.0,3,1.5499999999999972,1.0,1,Fewer transfers
橋和站,復興崗站,3,1,57.38333333333333,8.0,2,53.95,10.0,3,3.43333333333333,2.0,1,Fewer transfers
橋和站,復興崗站,4,1,60.05,5.0,2,53.95,10.0,3,6.099999999999994,5.0,1,Fewer transfers
橋和站,忠孝復興站,2,1,35.333333333333336,9.0,1,30.15,8.0,2,5.183333333333337,-1.0,1,Fewer transfers
橋和站,忠孝復興站,3,1,40.25,7.0,3,30.15,8.0,2,10.100000000000001,1.0,-1,More transfers
橋和站,忠孝復興站,4,1,43.3,5.0,2,30.15,8.0,2,13.149999999999999,3.0,0,Same transfers
橋和站,忠孝敦化站,2,1,37.083333333333336,9.0,1,31.9,8.0,2,5.183333333333337,-1.0,1,Fewer transfers
橋和站,忠孝敦化站,3,1,42.0,7.0,3,31.9,8.0,2,10.100000000000001,1.0,-1,More transfers
橋和站,忠孝敦化站,4,1,45.05,5.0,2,31.9,8.0,2,13.149999999999999,3.0,0,Same transfers
橋和站,忠孝新生站,2,1,36.083333333333336,5.0,2,25.98333333333333,6.0,1,10.100000000000005,1.0,-1,More transfers
橋和站,忠義站,2,1,57.9,9.0,2,56.35,10.0,3,1.5499999999999972,1.0,1,Fewer transfers
橋和站,忠義站,3,1,59.78333333333333,8.0,2,56.35,10.0,3,3.43333333333333,2.0,1,Fewer transfers
橋和站,忠義站,4,1,62.45,5.0,2,56.35,10.0,3,6.100000000000001,5.0,1,Fewer transfers
橋和站,文德站,2,1,58.28333333333333,14.0,2,53.1,13.0,3,5.18333333333333,-1.0,1,Fewer transfers
橋和站,文德站,3,1,62.61666666666667,8.0,2,53.1,13.0,3,9.516666666666666,5.0,1,Fewer transfers
橋和站,新北投站,2,1,58.41666666666666,12.0,3,56.86666666666667,13.0,4,1.54999999999999,1.0,1,Fewer transfers
橋和站,新北投站,3,1,60.3,11.0,3,56.86666666666667,13.0,4,3.43333333333333,2.0,1,Fewer transfers
橋和站,新北投站,4,1,62.96666666666667,8.0,3,56.86666666666667,13.0,4,6.100000000000001,5.0,1,Fewer transfers
橋和站,新埔站,2,1,42.06666666666667,8.0,2,19.28333333333333,9.0,1,22.78333333333334,1.0,-1,More transfers
橋和站,新埔站,3,1,42.833333333333336,5.0,2,19.28333333333333,9.0,1,23.550000000000004,4.0,-1,More transfers
橋和站,新莊站,2,1,59.15,5.0,2,21.066666666666663,6.0,1,38.083333333333336,1.0,-1,More transfers
橋和站,昆陽站,2,1,46.35,9.0,1,41.16666666666666,8.0,2,5.183333333333344,-1.0,1,Fewer transfers
橋和站,昆陽站,3,1,51.266666666666666,7.0,3,41.16666666666666,8.0,2,10.100000000000009,1.0,-1,More transfers
橋和站,昆陽站,4,1,54.31666666666667,5.0,2,41.16666666666666,8.0,2,13.150000000000013,3.0,0,Same transfers
橋和站,明德站,2,1,45.36666666666667,9.0,2,43.81666666666667,10.0,3,1.5499999999999972,1.0,1,Fewer transfers
橋和站,明德站,3,1,47.25,8.0,2,43.81666666666667,10.0,3,3.43333333333333,2.0,1,Fewer transfers
橋和站,明德站,4,1,49.91666666666666,5.0,2,43.81666666666667,10.0,3,6.099999999999987,5.0,1,Fewer transfers
橋和站,木柵站,2,1,56.21666666666667,14.0,2,47.61666666666667,13.0,3,8.600000000000001,-1.0,1,Fewer transfers
橋和站,木柵站,3,1,57.11666666666667,10.0,3,47.61666666666667,13.0,3,9.5,3.0,0,Same transfers
橋和站,木柵站,4,1,64.75,8.0,2,47.61666666666667,13.0,3,17.133333333333333,5.0,1,Fewer transfers
橋和站,東湖站,2,1,58.98333333333333,14.0,2,53.8,13.0,3,5.18333333333333,-1.0,1,Fewer transfers
橋和站,東湖站,3,1,63.9,12.0,4,53.8,13.0,3,10.100000000000001,1.0,-1,More transfers
橋和站,東湖站,4,1,66.95,10.0,3,53.8,13.0,3,13.150000000000006,3.0,0,Same transfers
橋和站,東湖站,5,1,70.08333333333333,8.0,2,53.8,13.0,3,16.28333333333333,5.0,1,Fewer transfers
橋和站,東門站,2,1,33.266666666666666,5.0,2,23.166666666666668,6.0,1,10.099999999999998,1.0,-1,More transfers
橋和站,松山機場站,2,1,47.4,14.0,2,42.21666666666667,13.0,3,5.18333333333333,-1.0,1,Fewer transfers
橋和站,松山機場站,3,1,51.73333333333333,8.0,2,42.21666666666667,13.0,3,9.516666666666659,5.0,1,Fewer transfers
橋和站,松山站,2,1,48.7,3.0,1,39.28333333333333,8.0,2,9.416666666666671,5.0,1,Fewer transfers
橋和站,松江南京站,2,1,38.41666666666666,5.0,2,28.316666666666663,6.0,1,10.099999999999994,1.0,-1,More transfers
橋和站,松江南京站,3,1,39.73333333333333,3.0,1,28.316666666666663,6.0,1,11.416666666666664,3.0,0,Same transfers
橋和站,民權西路站,2,1,39.65,5.0,2,32.1,6.0,1,7.549999999999997,1.0,-1,More transfers
橋和站,永安市場站,2,1,35.11666666666667,5.0,2,13.35,6.0,1,21.766666666666666,1.0,-1,More transfers
橋和站,永寧站,2,1,32.3,9.0,1,28.2,11.0,1,4.099999999999998,2.0,0,Same transfers
橋和站,永寧站,3,1,55.083333333333336,8.0,2,28.2,11.0,1,26.883333333333336,3.0,-1,More transfers
橋和站,永寧站,4,1,55.85,5.0,2,28.2,11.0,1,27.650000000000002,6.0,-1,More transfers
橋和站,永春站,2,1,42.4,9.0,1,37.21666666666667,8.0,2,5.18333333333333,-1.0,1,Fewer transfers
橋和站,永春站,3,1,47.31666666666667,7.0,3,37.21666666666667,8.0,2,10.100000000000001,1.0,-1,More transfers
橋和站,永春站,4,1,50.36666666666667,5.0,2,37.21666666666667,8.0,2,13.149999999999999,3.0,0,Same transfers
橋和站,江子翠站,2,1,40.31666666666667,8.0,2,21.03333333333333,9.0,1,19.28333333333334,1.0,-1,More transfers
橋和站,江子翠站,3,1,41.083333333333336,5.0,2,21.03333333333333,9.0,1,20.050000000000004,4.0,-1,More transfers
橋和站,海山站,2,1,28.08333333333333,9.0,1,23.98333333333333,11.0,1,4.099999999999998,2.0,0,Same transfers
橋和站,海山站,3,1,50.86666666666667,8.0,2,23.98333333333333,11.0,1,26.883333333333336,3.0,-1,More transfers
橋和站,海山站,4,1,51.63333333333333,5.0,2,23.98333333333333,11.0,1,27.650000000000002,6.0,-1,More transfers
橋和站,淡水站,2,1,68.81666666666666,9.0,2,67.26666666666667,10.0,3,1.5499999999999972,1.0,1,Fewer transfers
橋和站,淡水站,3,1,70.7,8.0,2,67.26666666666667,10.0,3,3.433333333333337,2.0,1,Fewer transfers
橋和站,淡水站,4,1,73.36666666666666,5.0,2,67.26666666666667,10.0,3,6.099999999999994,5.0,1,Fewer transfers
橋和站,港墘站,2,1,56.66666666666666,14.0,2,51.48333333333333,13.0,3,5.18333333333333,-1.0,1,Fewer transfers
橋和站,港墘站,3,1,61.0,8.0,2,51.48333333333333,13.0,3,9.516666666666673,5.0,1,Fewer transfers
橋和站,石牌站,2,1,46.86666666666667,9.0,2,45.31666666666667,10.0,3,1.5499999999999972,1.0,1,Fewer transfers
橋和站,石牌站,3,1,48.75,8.0,2,45.31666666666667,10.0,3,3.43333333333333,2.0,1,Fewer transfers
橋和站,石牌站,4,1,51.41666666666666,5.0,2,45.31666666666667,10.0,3,6.099999999999987,5.0,1,Fewer transfers
橋和站,科技大樓站,2,1,43.93333333333333,14.0,2,35.333333333333336,13.0,3,8.599999999999994,-1.0,1,Fewer transfers
橋和站,科技大樓站,3,1,44.833333333333336,10.0,3,35.333333333333336,13.0,3,9.5,3.0,0,Same transfers
橋和站,科技大樓站,4,1,52.46666666666667,8.0,2,35.333333333333336,13.0,3,17.133333333333333,5.0,1,Fewer transfers
橋和站,竹圍站,2,1,62.63333333333333,9.0,2,61.083333333333336,10.0,3,1.5499999999999972,1.0,1,Fewer transfers
橋和站,竹圍站,3,1,64.51666666666667,8.0,2,61.083333333333336,10.0,3,3.43333333333333,2.0,1,Fewer transfers
橋和站,竹圍站,4,1,67.18333333333334,5.0,2,61.083333333333336,10.0,3,6.100000000000001,5.0,1,Fewer transfers
橋和站,紅樹林站,2,1,65.45,9.0,2,63.9,10.0,3,1.5500000000000043,1.0,1,Fewer transfers
橋和站,紅樹林站,3,1,67.33333333333333,8.0,2,63.9,10.0,3,3.43333333333333,2.0,1,Fewer transfers
橋和站,紅樹林站,4,1,70.0,5.0,2,63.9,10.0,3,6.100000000000001,5.0,1,Fewer transfers
橋和站,芝山站,2,1,43.6,9.0,2,42.05,10.0,3,1.5500000000000043,1.0,1,Fewer transfers
橋和站,芝山站,3,1,45.48333333333333,8.0,2,42.05,10.0,3,3.43333333333333,2.0,1,Fewer transfers
橋和站,芝山站,4,1,48.15,5.0,2,42.05,10.0,3,6.100000000000001,5.0,1,Fewer transfers
橋和站,菜寮站,2,1,50.35,5.0,2,25.9,6.0,1,24.450000000000003,1.0,-1,More transfers
橋和站,萬芳社區站,2,1,55.016666666666666,14.0,2,46.41666666666666,13.0,3,8.600000000000009,-1.0,1,Fewer transfers
橋和站,萬芳社區站,3,1,55.91666666666666,10.0,3,46.41666666666666,13.0,3,9.5,3.0,0,Same transfers
橋和站,萬芳社區站,4,1,63.55,8.0,2,46.41666666666666,13.0,3,17.13333333333334,5.0,1,Fewer transfers
橋和站,萬芳醫院站,2,1,52.95,14.0,2,44.35,13.0,3,8.600000000000001,-1.0,1,Fewer transfers
橋和站,萬芳醫院站,3,1,53.85,10.0,3,44.35,13.0,3,9.5,3.0,0,Same transfers
橋和站,萬芳醫院站,4,1,61.48333333333333,8.0,2,44.35,13.0,3,17.133333333333326,5.0,1,Fewer transfers
橋和站,葫洲站,2,1,60.7,14.0,2,55.516666666666666,13.0,3,5.183333333333337,-1.0,1,Fewer transfers
橋和站,葫洲站,3,1,65.61666666666666,12.0,4,55.516666666666666,13.0,3,10.099999999999994,1.0,-1,More transfers
橋和站,葫洲站,4,1,68.36666666666666,8.0,2,55.516666666666666,13.0,3,12.849999999999994,5.0,1,Fewer transfers
橋和站,蘆洲站,2,1,46.81666666666667,6.0,1,42.61666666666667,7.0,2,4.200000000000003,1.0,1,Fewer transfers
橋和站,蘆洲站,3,1,56.91666666666666,5.0,2,42.61666666666667,7.0,2,14.29999999999999,2.0,0,Same transfers
橋和站,行天宮站,2,1,40.21666666666667,5.0,2,30.116666666666667,6.0,1,10.100000000000001,1.0,-1,More transfers
橋和站,西湖站,2,1,55.16666666666666,14.0,2,49.98333333333333,13.0,3,5.18333333333333,-1.0,1,Fewer transfers
橋和站,西湖站,3,1,59.5,8.0,2,49.98333333333333,13.0,3,9.516666666666673,5.0,1,Fewer transfers
橋和站,西門站,2,1,27.016666666666666,9.0,1,26.883333333333333,8.0,2,0.13333333333333286,-1.0,1,Fewer transfers
橋和站,西門站,3,1,32.983333333333334,3.0,1,26.883333333333333,8.0,2,6.100000000000001,5.0,1,Fewer transfers
橋和站,象山站,2,1,43.53333333333333,5.0,2,34.03333333333333,8.0,2,9.5,3.0,0,Same transfers
橋和站,輔大站,2,1,61.85,5.0,2,23.766666666666666,6.0,1,38.083333333333336,1.0,-1,More transfers
橋和站,辛亥站,2,1,50.766666666666666,14.0,2,42.16666666666666,13.0,3,8.600000000000009,-1.0,1,Fewer transfers
橋和站,辛亥站,3,1,51.66666666666666,10.0,3,42.16666666666666,13.0,3,9.5,3.0,0,Same transfers
橋和站,辛亥站,4,1,59.3,8.0,2,42.16666666666666,13.0,3,17.13333333333334,5.0,1,Fewer transfers
橋和站,迴龍站,2,1,67.36666666666666,5.0,2,29.28333333333333,6.0,1,38.08333333333333,1.0,-1,More transfers
橋和站,關渡站,2,1,59.68333333333333,9.0,2,58.13333333333333,10.0,3,1.5499999999999972,1.0,1,Fewer transfers
橋和站,關渡站,3,1,61.56666666666667,8.0,2,58.13333333333333,10.0,3,3.433333333333337,2.0,1,Fewer transfers
橋和站,關渡站,4,1,64.23333333333333,5.0,2,58.13333333333333,10.0,3,6.100000000000001,5.0,1,Fewer transfers
橋和站,雙連站,2,1,35.483333333333334,8.0,2,32.05,10.0,3,3.433333333333337,2.0,1,Fewer transfers
橋和站,雙連站,3,1,38.15,5.0,2,32.05,10.0,3,6.100000000000001,5.0,1,Fewer transfers
橋和站,頂埔站,2,1,35.766666666666666,9.0,1,31.666666666666668,11.0,1,4.099999999999998,2.0,0,Same transfers
橋和站,頂埔站,3,1,58.55,8.0,2,31.666666666666668,11.0,1,26.88333333333333,3.0,-1,More transfers
橋和站,頂埔站,4,1,59.31666666666667,5.0,2,31.666666666666668,11.0,1,27.650000000000002,6.0,-1,More transfers
橋和站,頂溪站,2,1,32.916666666666664,5.0,2,15.55,6.0,1,17.366666666666664,1.0,-1,More transfers
橋和站,麟光站,2,1,48.0,14.0,2,39.4,13.0,3,8.600000000000001,-1.0,1,Fewer transfers
橋和站,麟光站,3,1,48.9,10.0,3,39.4,13.0,3,9.5,3.0,0,Same transfers
橋和站,麟光站,4,1,56.53333333333333,8.0,2,39.4,13.0,3,17.133333333333333,5.0,1,Fewer transfers
橋和站,龍山寺站,2,1,36.63333333333333,8.0,2,24.7,9.0,1,11.933333333333334,1.0,-1,More transfers
橋和站,龍山寺站,3,1,37.4,5.0,2,24.7,9.0,1,12.7,4.0,-1,More transfers
民權西路站,中原站,2,1,40.95,5.0,2,30.65,6.0,1,10.300000000000004,1.0,-1,More transfers
民權西路站,中和站,2,1,31.883333333333333,6.0,1,31.65,10.0,3,0.23333333333333428,4.0,2,Fewer transfers
民權西路站,中和站,3,1,37.18333333333333,5.0,2,31.65,10.0,3,5.533333333333331,5.0,1,Fewer transfers
民權西路站,中山國中站,2,1,25.316666666666663,5.0,1,15.9,7.0,2,9.416666666666663,2.0,1,Fewer transfers
民權西路站,亞東醫院站,2,1,29.383333333333333,2.0,1,24.716666666666665,4.0,1,4.666666666666668,2.0,0,Same transfers
民權西路站,內湖站,2,1,41.11666666666667,5.0,1,31.7,7.0,2,9.416666666666668,2.0,1,Fewer transfers
民權西路站,六張犁站,2,1,23.933333333333334,5.0,1,22.28333333333333,7.0,2,1.6500000000000021,2.0,1,Fewer transfers
民權西路站,劍南路站,2,1,34.03333333333333,5.0,1,24.616666666666667,7.0,2,9.416666666666664,2.0,1,Fewer transfers
民權西路站,動物園站,2,1,35.3,5.0,1,33.65,7.0,2,1.6499999999999986,2.0,1,Fewer transfers
民權西路站,北門站,2,1,11.966666666666669,2.0,1,8.05,3.0,1,3.916666666666668,1.0,0,Same transfers
民權西路站,十四張站,2,1,34.016666666666666,6.0,1,27.616666666666667,5.0,2,6.399999999999999,-1.0,1,Fewer transfers
民權西路站,南勢角站,2,1,24.15,0.0,0,23.916666666666668,4.0,2,0.23333333333333073,4.0,2,Fewer transfers
民權西路站,南港軟體園區站,2,1,48.7,5.0,1,33.28333333333333,7.0,2,15.416666666666671,2.0,1,Fewer transfers
民權西路站,古亭站,2,1,14.216666666666669,0.0,0,11.983333333333333,2.0,1,2.233333333333336,2.0,1,Fewer transfers
民權西路站,善導寺站,2,1,11.316666666666666,2.0,1,9.966666666666669,4.0,1,1.3499999999999979,2.0,0,Same transfers
民權西路站,土城站,2,1,34.38333333333333,2.0,1,29.716666666666665,4.0,1,4.666666666666668,2.0,0,Same transfers
民權西路站,大湖公園站,2,1,42.71666666666667,5.0,1,33.3,7.0,2,9.416666666666671,2.0,1,Fewer transfers
民權西路站,大直站,2,1,31.883333333333333,5.0,1,22.466666666666665,7.0,2,9.416666666666668,2.0,1,Fewer transfers
民權西路站,幸福站,2,1,55.0,5.0,2,20.766666666666666,6.0,1,34.233333333333334,1.0,-1,More transfers
民權西路站,府中站,2,1,27.216666666666665,2.0,1,22.55,4.0,1,4.666666666666664,2.0,0,Same transfers
民權西路站,文德站,2,1,39.4,5.0,1,29.98333333333333,7.0,2,9.416666666666668,2.0,1,Fewer transfers
民權西路站,新北產業園區站,2,1,57.63333333333333,5.0,2,23.4,6.0,1,34.233333333333334,1.0,-1,More transfers
民權西路站,新埔民生站,2,1,50.03333333333333,5.0,2,21.566666666666663,6.0,1,28.46666666666667,1.0,-1,More transfers
民權西路站,新埔站,2,1,23.383333333333333,2.0,1,18.716666666666665,4.0,1,4.666666666666668,2.0,0,Same transfers
民權西路站,景安站,2,1,22.066666666666663,0.0,0,21.83333333333333,4.0,2,0.23333333333333428,4.0,2,Fewer transfers
民權西路站,景平站,2,1,30.05,6.0,1,29.816666666666663,10.0,3,0.23333333333333783,4.0,2,Fewer transfers
民權西路站,景平站,3,1,31.55,5.0,2,29.816666666666663,10.0,3,1.7333333333333378,5.0,1,Fewer transfers
民權西路站,木柵站,2,1,33.766666666666666,5.0,1,32.11666666666667,7.0,2,1.6499999999999986,2.0,1,Fewer transfers
民權西路站,東湖站,2,1,46.86666666666667,5.0,1,35.11666666666667,7.0,2,11.75,2.0,1,Fewer transfers
民權西路站,松山機場站,2,1,28.516666666666666,5.0,1,19.1,7.0,2,9.416666666666664,2.0,1,Fewer transfers
民權西路站,板新站,2,1,43.21666666666667,5.0,2,28.383333333333333,6.0,1,14.833333333333336,1.0,-1,More transfers
民權西路站,板橋站,2,1,25.633333333333333,2.0,1,20.966666666666665,4.0,1,4.666666666666668,2.0,0,Same transfers
民權西路站,橋和站,2,1,39.333333333333336,5.0,2,32.266666666666666,6.0,1,7.06666666666667,1.0,-1,More transfers
民權西路站,永安市場站,2,1,20.08333333333333,0.0,0,19.85,4.0,2,0.23333333333332718,4.0,2,Fewer transfers
民權西路站,永寧站,2,1,36.4,2.0,1,31.73333333333333,4.0,1,4.666666666666668,2.0,0,Same transfers
民權西路站,江子翠站,2,1,21.633333333333333,2.0,1,16.966666666666665,4.0,1,4.666666666666668,2.0,0,Same transfers
民權西路站,海山站,2,1,32.18333333333333,2.0,1,27.516666666666666,4.0,1,4.666666666666664,2.0,0,Same transfers
民權西路站,港墘站,2,1,37.78333333333333,5.0,1,28.366666666666667,7.0,2,9.416666666666664,2.0,1,Fewer transfers
民權西路站,秀朗橋站,2,1,31.78333333333333,6.0,1,29.85,5.0,2,1.93333333333333,-1.0,1,Fewer transfers
民權西路站,科技大樓站,2,1,21.48333333333333,5.0,1,19.83333333333333,7.0,2,1.6500000000000021,2.0,1,Fewer transfers
民權西路站,萬芳社區站,2,1,32.56666666666667,5.0,1,30.916666666666668,7.0,2,1.6500000000000021,2.0,1,Fewer transfers
民權西路站,萬芳醫院站,2,1,30.5,5.0,1,28.85,7.0,2,1.6499999999999986,2.0,1,Fewer transfers
民權西路站,葫洲站,2,1,45.15,5.0,1,35.733333333333334,7.0,2,9.416666666666664,2.0,1,Fewer transfers
民權西路站,西湖站,2,1,36.28333333333333,5.0,1,26.866666666666667,7.0,2,9.416666666666664,2.0,1,Fewer transfers
民權西路站,西門站,2,1,13.633333333333333,2.0,1,9.95,3.0,1,3.6833333333333336,1.0,0,Same transfers
民權西路站,辛亥站,2,1,28.316666666666663,5.0,1,26.666666666666668,7.0,2,1.649999999999995,2.0,1,Fewer transfers
民權西路站,頂埔站,2,1,39.86666666666667,2.0,1,35.2,4.0,1,4.666666666666664,2.0,0,Same transfers
民權西路站,頂溪站,2,1,17.883333333333333,0.0,0,17.65,4.0,2,0.23333333333333428,4.0,2,Fewer transfers
民權西路站,麟光站,2,1,25.55,5.0,1,23.9,7.0,2,1.6500000000000021,2.0,1,Fewer transfers
民權西路站,龍山寺站,2,1,17.95,2.0,1,13.283333333333331,4.0,1,4.666666666666668,2.0,0,Same transfers
永安市場站,中原站,2,1,36.28333333333333,5.0,2,15.083333333333334,6.0,1,21.199999999999996,1.0,-1,More transfers
永安市場站,中和站,2,1,32.516666666666666,5.0,2,11.316666666666666,6.0,1,21.2,1.0,-1,More transfers
永安市場站,中山站,2,1,17.45,2.0,1,16.683333333333334,4.0,2,0.7666666666666657,2.0,1,Fewer transfers
永安市場站,丹鳳站,2,1,40.21666666666667,0.0,0,39.95,12.0,2,0.2666666666666657,12.0,2,Fewer transfers
永安市場站,亞東醫院站,2,1,34.233333333333334,2.0,1,28.9,4.0,2,5.333333333333336,2.0,1,Fewer transfers
永安市場站,劍潭站,2,1,27.433333333333334,3.0,1,24.066666666666663,4.0,2,3.3666666666666707,1.0,1,Fewer transfers
永安市場站,劍潭站,3,1,27.5,2.0,1,24.066666666666663,4.0,2,3.433333333333337,2.0,1,Fewer transfers
永安市場站,北投站,2,1,40.78333333333333,3.0,1,37.41666666666666,4.0,2,3.3666666666666742,1.0,1,Fewer transfers
永安市場站,北投站,3,1,40.85,2.0,1,37.41666666666666,4.0,2,3.4333333333333442,2.0,1,Fewer transfers
永安市場站,十四張站,2,1,22.95,5.0,2,13.45,6.0,1,9.5,1.0,-1,More transfers
永安市場站,台北車站,2,1,17.683333333333334,2.0,1,14.966666666666669,4.0,2,2.716666666666665,2.0,1,Fewer transfers
永安市場站,台大醫院站,2,1,16.833333333333332,2.0,1,13.4,4.0,2,3.433333333333332,2.0,1,Fewer transfers
永安市場站,唭哩岸站,2,1,37.11666666666667,3.0,1,33.75,4.0,2,3.366666666666667,1.0,1,Fewer transfers
永安市場站,唭哩岸站,3,1,37.18333333333333,2.0,1,33.75,4.0,2,3.43333333333333,2.0,1,Fewer transfers
永安市場站,圓山站,2,1,25.08333333333333,3.0,1,21.716666666666665,4.0,2,3.3666666666666636,1.0,1,Fewer transfers
永安市場站,圓山站,3,1,25.15,2.0,1,21.716666666666665,4.0,2,3.4333333333333336,2.0,1,Fewer transfers
永安市場站,土城站,2,1,39.23333333333333,2.0,1,33.9,4.0,2,5.333333333333329,2.0,1,Fewer transfers
永安市場站,士林站,2,1,29.566666666666663,3.0,1,26.2,4.0,2,3.3666666666666636,1.0,1,Fewer transfers
永安市場站,士林站,3,1,29.633333333333333,2.0,1,26.2,4.0,2,3.4333333333333336,2.0,1,Fewer transfers
永安市場站,大坪林站,2,1,17.533333333333335,2.0,1,16.25,6.0,1,1.283333333333335,4.0,0,Same transfers
永安市場站,奇岩站,2,1,38.81666666666667,3.0,1,35.45,4.0,2,3.366666666666667,1.0,1,Fewer transfers
永安市場站,奇岩站,3,1,38.88333333333333,2.0,1,35.45,4.0,2,3.43333333333333,2.0,1,Fewer transfers
永安市場站,幸福站,2,1,50.333333333333336,5.0,2,29.133333333333333,6.0,1,21.200000000000003,1.0,-1,More transfers
永安市場站,府中站,2,1,32.06666666666667,2.0,1,26.73333333333333,4.0,2,5.333333333333339,2.0,1,Fewer transfers
永安市場站,復興崗站,2,1,43.48333333333333,3.0,1,40.11666666666667,4.0,2,3.36666666666666,1.0,1,Fewer transfers
永安市場站,復興崗站,3,1,43.55,2.0,1,40.11666666666667,4.0,2,3.43333333333333,2.0,1,Fewer transfers
永安市場站,忠義站,2,1,45.88333333333333,3.0,1,42.516666666666666,4.0,2,3.366666666666667,1.0,1,Fewer transfers
永安市場站,忠義站,3,1,45.95,2.0,1,42.516666666666666,4.0,2,3.433333333333337,2.0,1,Fewer transfers
永安市場站,新北投站,2,1,46.4,6.0,2,43.03333333333333,7.0,3,3.366666666666667,1.0,1,Fewer transfers
永安市場站,新北投站,3,1,46.46666666666667,5.0,2,43.03333333333333,7.0,3,3.433333333333337,2.0,1,Fewer transfers
永安市場站,新北產業園區站,2,1,52.96666666666667,5.0,2,31.766666666666666,6.0,1,21.200000000000003,1.0,-1,More transfers
永安市場站,新埔民生站,2,1,45.36666666666667,5.0,2,24.166666666666668,6.0,1,21.2,1.0,-1,More transfers
永安市場站,新埔站,2,1,28.23333333333333,2.0,1,22.9,4.0,2,5.333333333333332,2.0,1,Fewer transfers
永安市場站,新莊站,2,1,35.21666666666667,0.0,0,34.95,12.0,2,0.2666666666666657,12.0,2,Fewer transfers
永安市場站,明德站,2,1,33.35,3.0,1,29.98333333333333,4.0,2,3.3666666666666707,1.0,1,Fewer transfers
永安市場站,明德站,3,1,33.416666666666664,2.0,1,29.98333333333333,4.0,2,3.4333333333333336,2.0,1,Fewer transfers
永安市場站,景平站,2,1,26.883333333333333,5.0,2,9.483333333333333,6.0,1,17.4,1.0,-1,More transfers
永安市場站,板新站,2,1,38.55,5.0,2,17.35,6.0,1,21.199999999999996,1.0,-1,More transfers
永安市場站,板橋站,2,1,25.15,4.0,2,20.316666666666663,6.0,1,4.833333333333336,2.0,-1,More transfers
永安市場站,板橋站,3,1,30.48333333333333,2.0,1,20.316666666666663,6.0,1,10.166666666666668,4.0,0,Same transfers
永安市場站,橋和站,2,1,34.666666666666664,5.0,2,13.466666666666669,6.0,1,21.199999999999996,1.0,-1,More transfers
永安市場站,民權西路站,2,1,20.08333333333333,0.0,0,19.716666666666665,4.0,2,0.3666666666666636,4.0,2,Fewer transfers
永安市場站,永寧站,2,1,41.25,2.0,1,35.916666666666664,4.0,2,5.333333333333336,2.0,1,Fewer transfers
永安市場站,江子翠站,2,1,26.48333333333333,2.0,1,21.15,4.0,2,5.333333333333332,2.0,1,Fewer transfers
永安市場站,海山站,2,1,37.03333333333333,2.0,1,31.7,4.0,2,5.333333333333332,2.0,1,Fewer transfers
永安市場站,淡水站,2,1,56.8,3.0,1,53.43333333333333,4.0,2,3.366666666666667,1.0,1,Fewer transfers
永安市場站,淡水站,3,1,56.86666666666667,2.0,1,53.43333333333333,4.0,2,3.433333333333337,2.0,1,Fewer transfers
永安市場站,石牌站,2,1,34.85,3.0,1,31.48333333333333,4.0,2,3.3666666666666707,1.0,1,Fewer transfers
永安市場站,石牌站,3,1,34.916666666666664,2.0,1,31.48333333333333,4.0,2,3.4333333333333336,2.0,1,Fewer transfers
永安市場站,秀朗橋站,2,1,25.183333333333334,5.0,2,11.216666666666669,6.0,1,13.966666666666665,1.0,-1,More transfers
永安市場站,竹圍站,2,1,50.61666666666667,3.0,1,47.25,4.0,2,3.366666666666667,1.0,1,Fewer transfers
永安市場站,竹圍站,3,1,50.68333333333333,2.0,1,47.25,4.0,2,3.43333333333333,2.0,1,Fewer transfers
永安市場站,紅樹林站,2,1,53.43333333333333,3.0,1,50.06666666666667,4.0,2,3.36666666666666,1.0,1,Fewer transfers
永安市場站,紅樹林站,3,1,53.5,2.0,1,50.06666666666667,4.0,2,3.43333333333333,2.0,1,Fewer transfers
永安市場站,芝山站,2,1,31.58333333333333,3.0,1,28.216666666666665,4.0,2,3.3666666666666636,1.0,1,Fewer transfers
永安市場站,芝山站,3,1,31.65,2.0,1,28.216666666666665,4.0,2,3.4333333333333336,2.0,1,Fewer transfers
永安市場站,輔大站,2,1,37.91666666666666,0.0,0,37.65,12.0,2,0.2666666666666586,12.0,2,Fewer transfers
永安市場站,迴龍站,2,1,43.43333333333333,0.0,0,43.16666666666666,12.0,2,0.2666666666666728,12.0,2,Fewer transfers
永安市場站,關渡站,2,1,47.66666666666666,3.0,1,44.3,4.0,2,3.36666666666666,1.0,1,Fewer transfers
永安市場站,關渡站,3,1,47.73333333333333,2.0,1,44.3,4.0,2,3.43333333333333,2.0,1,Fewer transfers
永安市場站,雙連站,2,1,21.65,2.0,1,18.216666666666665,4.0,2,3.4333333333333336,2.0,1,Fewer transfers
永安市場站,頂埔站,2,1,44.71666666666667,2.0,1,39.38333333333333,4.0,2,5.333333333333336,2.0,1,Fewer transfers
永安市場站,頭前庄站,2,1,33.233333333333334,0.0,0,26.966666666666665,6.0,1,6.266666666666669,6.0,1,Fewer transfers
永安市場站,龍山寺站,2,1,22.8,2.0,1,17.466666666666665,4.0,2,5.333333333333336,2.0,1,Fewer transfers
永寧站,三和國中站,2,1,43.266666666666666,2.0,1,41.516666666666666,7.0,2,1.75,5.0,1,Fewer transfers
永寧站,三民高中站,2,1,47.0,2.0,1,45.25,7.0,2,1.75,5.0,1,Fewer transfers
永寧站,三重國小站,2,1,41.06666666666667,2.0,1,39.31666666666667,7.0,2,1.75,5.0,1,Fewer transfers
永寧站,三重站,2,1,42.766666666666666,7.0,2,35.35,15.0,2,7.416666666666664,8.0,0,Same transfers
永寧站,三重站,3,1,44.516666666666666,2.0,1,35.35,15.0,2,9.166666666666664,13.0,1,Fewer transfers
永寧站,中原站,2,1,30.633333333333333,9.0,1,26.78333333333333,11.0,1,3.8500000000000014,2.0,0,Same transfers
永寧站,中原站,3,1,56.78333333333333,8.0,2,26.78333333333333,11.0,1,30.0,3.0,-1,More transfers
永寧站,中原站,4,1,57.0,5.0,2,26.78333333333333,11.0,1,30.21666666666667,6.0,-1,More transfers
永寧站,中和站,2,1,34.4,9.0,1,30.55,11.0,1,3.849999999999998,2.0,0,Same transfers
永寧站,中和站,3,1,53.016666666666666,8.0,2,30.55,11.0,1,22.466666666666665,3.0,-1,More transfers
永寧站,中和站,4,1,53.23333333333333,5.0,2,30.55,11.0,1,22.683333333333326,6.0,-1,More transfers
永寧站,丹鳳站,2,1,54.75,7.0,2,37.333333333333336,15.0,2,17.416666666666664,8.0,0,Same transfers
永寧站,丹鳳站,3,1,56.5,2.0,1,37.333333333333336,15.0,2,19.166666666666664,13.0,1,Fewer transfers
永寧站,信義安和站,2,1,39.45,4.0,1,36.8,4.0,2,2.6500000000000057,0.0,1,Fewer transfers
永寧站,先嗇宮站,2,1,45.55,7.0,2,32.56666666666667,15.0,2,12.983333333333327,8.0,0,Same transfers
永寧站,先嗇宮站,3,1,47.3,2.0,1,32.56666666666667,15.0,2,14.733333333333327,13.0,1,Fewer transfers
永寧站,十四張站,2,1,43.66666666666666,5.0,2,40.15,11.0,1,3.5166666666666586,6.0,-1,More transfers
永寧站,十四張站,3,1,44.0,9.0,1,40.15,11.0,1,3.8500000000000014,2.0,0,Same transfers
永寧站,南勢角站,2,1,45.28333333333333,2.0,1,39.96666666666667,4.0,2,5.316666666666663,2.0,1,Fewer transfers
永寧站,台北101/世貿站,2,1,41.28333333333333,4.0,1,38.63333333333333,4.0,2,2.6499999999999986,0.0,1,Fewer transfers
永寧站,台北橋站,2,1,40.66666666666666,2.0,1,38.91666666666666,7.0,2,1.75,5.0,1,Fewer transfers
永寧站,大安森林公園站,2,1,35.766666666666666,4.0,1,33.11666666666667,4.0,2,2.6499999999999986,0.0,1,Fewer transfers
永寧站,大安站,2,1,35.46666666666667,5.0,1,34.8,4.0,2,0.6666666666666714,-1.0,1,Fewer transfers
永寧站,大安站,3,1,37.45,4.0,1,34.8,4.0,2,2.6500000000000057,0.0,1,Fewer transfers
永寧站,大橋頭站,2,1,38.11666666666667,2.0,1,36.36666666666667,7.0,2,1.75,5.0,1,Fewer transfers
永寧站,幸福站,2,1,57.68333333333333,8.0,2,26.516666666666666,9.0,1,31.166666666666664,1.0,-1,More transfers
永寧站,幸福站,3,1,71.05,5.0,2,26.516666666666666,9.0,1,44.53333333333333,4.0,-1,More transfers
永寧站,廣慈/奉天宮站,2,1,45.833333333333336,4.0,1,43.18333333333333,4.0,2,2.6500000000000057,0.0,1,Fewer transfers
永寧站,徐匯中學站,2,1,45.05,2.0,1,43.3,7.0,2,1.75,5.0,1,Fewer transfers
永寧站,新北產業園區站,2,1,60.31666666666667,8.0,2,29.15,9.0,1,31.16666666666667,1.0,-1,More transfers
永寧站,新北產業園區站,3,1,73.68333333333334,5.0,2,29.15,9.0,1,44.53333333333334,4.0,-1,More transfers
永寧站,新埔民生站,2,1,58.48333333333333,8.0,2,21.55,9.0,1,36.93333333333332,1.0,-1,More transfers
永寧站,新埔民生站,3,1,66.08333333333333,5.0,2,21.55,9.0,1,44.53333333333333,4.0,-1,More transfers
永寧站,新莊站,2,1,49.75,7.0,2,32.333333333333336,15.0,2,17.416666666666664,8.0,0,Same transfers
永寧站,新莊站,3,1,51.5,2.0,1,32.333333333333336,15.0,2,19.166666666666664,13.0,1,Fewer transfers
永寧站,景安站,2,1,37.88333333333333,4.0,2,34.2,11.0,1,3.68333333333333,7.0,-1,More transfers
永寧站,景安站,3,1,38.05,9.0,1,34.2,11.0,1,3.8499999999999943,2.0,0,Same transfers
永寧站,景安站,4,1,43.2,2.0,1,34.2,11.0,1,9.0,9.0,0,Same transfers
永寧站,景平站,2,1,40.03333333333333,9.0,1,36.18333333333333,11.0,1,3.8500000000000014,2.0,0,Same transfers
永寧站,景平站,3,1,47.6,5.0,2,36.18333333333333,11.0,1,11.416666666666671,6.0,-1,More transfers
永寧站,板新站,2,1,28.366666666666667,9.0,1,24.516666666666666,11.0,1,3.8500000000000014,2.0,0,Same transfers
永寧站,板新站,3,1,59.05,8.0,2,24.516666666666666,11.0,1,34.53333333333333,3.0,-1,More transfers
永寧站,板新站,4,1,59.266666666666666,5.0,2,24.516666666666666,11.0,1,34.75,6.0,-1,More transfers
永寧站,橋和站,2,1,32.25,9.0,1,28.4,11.0,1,3.8500000000000014,2.0,0,Same transfers
永寧站,橋和站,3,1,55.16666666666666,8.0,2,28.4,11.0,1,26.76666666666666,3.0,-1,More transfers
永寧站,橋和站,4,1,55.38333333333333,5.0,2,28.4,11.0,1,26.983333333333334,6.0,-1,More transfers
永寧站,民權西路站,2,1,36.36666666666667,2.0,1,31.616666666666667,4.0,1,4.75,2.0,0,Same transfers
永寧站,永安市場站,2,1,41.21666666666667,2.0,1,35.9,4.0,2,5.31666666666667,2.0,1,Fewer transfers
永寧站,秀朗橋站,2,1,41.766666666666666,9.0,1,37.91666666666666,11.0,1,3.8500000000000085,2.0,0,Same transfers
永寧站,秀朗橋站,3,1,45.9,5.0,2,37.91666666666666,11.0,1,7.983333333333341,6.0,-1,More transfers
永寧站,菜寮站,2,1,40.95,7.0,2,37.16666666666666,15.0,2,3.7833333333333456,8.0,0,Same transfers
永寧站,菜寮站,3,1,42.7,2.0,1,37.16666666666666,15.0,2,5.533333333333346,13.0,1,Fewer transfers
永寧站,蘆洲站,2,1,49.266666666666666,2.0,1,47.516666666666666,7.0,2,1.75,5.0,1,Fewer transfers
永寧站,象山站,2,1,42.88333333333333,4.0,1,40.23333333333333,4.0,2,2.6500000000000057,0.0,1,Fewer transfers
永寧站,輔大站,2,1,52.45,7.0,2,35.03333333333333,15.0,2,17.41666666666667,8.0,0,Same transfers
永寧站,輔大站,3,1,54.2,2.0,1,35.03333333333333,15.0,2,19.16666666666667,13.0,1,Fewer transfers
永寧站,迴龍站,2,1,57.96666666666667,7.0,2,40.55,15.0,2,17.41666666666667,8.0,0,Same transfers
永寧站,迴龍站,3,1,59.71666666666667,2.0,1,40.55,15.0,2,19.16666666666667,13.0,1,Fewer transfers
永寧站,頂溪站,2,1,39.016666666666666,2.0,1,33.7,4.0,2,5.316666666666663,2.0,1,Fewer transfers
永寧站,頭前庄站,2,1,47.766666666666666,7.0,2,24.35,9.0,1,23.416666666666664,2.0,-1,More transfers
永寧站,頭前庄站,3,1,49.516666666666666,2.0,1,24.35,9.0,1,25.166666666666664,7.0,0,Same transfers
永春站,七張站,2,1,34.516666666666666,2.0,1,31.45,4.0,2,3.0666666666666664,2.0,1,Fewer transfers
永春站,中原站,2,1,40.73333333333333,9.0,1,38.91666666666666,8.0,2,1.81666666666667,-1.0,1,Fewer transfers
永春站,中原站,3,1,48.45,7.0,3,38.91666666666666,8.0,2,9.533333333333346,1.0,-1,More transfers
永春站,中原站,4,1,51.516666666666666,5.0,2,38.91666666666666,8.0,2,12.600000000000009,3.0,0,Same transfers
永春站,中和站,2,1,44.5,9.0,1,35.15,8.0,2,9.350000000000001,-1.0,1,Fewer transfers
永春站,中和站,3,1,44.68333333333333,7.0,3,35.15,8.0,2,9.533333333333331,1.0,-1,More transfers
永春站,中和站,4,1,47.75,5.0,2,35.15,8.0,2,12.600000000000001,3.0,0,Same transfers
永春站,中山站,2,1,17.816666666666666,4.0,1,17.25,4.0,2,0.5666666666666664,0.0,1,Fewer transfers
永春站,中山站,3,1,21.2,2.0,1,17.25,4.0,2,3.9499999999999993,2.0,1,Fewer transfers
永春站,中正紀念堂站,2,1,19.83333333333333,4.0,1,18.883333333333333,4.0,2,0.9499999999999957,0.0,1,Fewer transfers
永春站,中正紀念堂站,3,1,20.466666666666665,2.0,1,18.883333333333333,4.0,2,1.5833333333333321,2.0,1,Fewer transfers
永春站,信義安和站,2,1,20.9,4.0,2,20.266666666666666,10.0,2,0.6333333333333329,6.0,0,Same transfers
永春站,信義安和站,3,1,28.683333333333334,4.0,1,20.266666666666666,10.0,2,8.416666666666668,6.0,1,Fewer transfers
永春站,公館站,2,1,26.33333333333333,2.0,1,23.266666666666666,4.0,2,3.066666666666663,2.0,1,Fewer transfers
永春站,十四張站,2,1,37.28333333333333,8.0,2,35.11666666666667,7.0,3,2.1666666666666643,-1.0,1,Fewer transfers
永春站,十四張站,3,1,38.18333333333333,5.0,2,35.11666666666667,7.0,3,3.066666666666663,2.0,1,Fewer transfers
永春站,十四張站,4,1,54.1,9.0,1,35.11666666666667,7.0,3,18.983333333333334,-2.0,2,Fewer transfers
永春站,南京三民站,2,1,29.766666666666666,2.0,1,21.116666666666667,4.0,2,8.649999999999999,2.0,1,Fewer transfers
永春站,南京復興站,2,1,17.016666666666666,4.0,2,13.583333333333334,5.0,1,3.433333333333332,1.0,-1,More transfers
永春站,南京復興站,3,1,25.666666666666668,2.0,1,13.583333333333334,5.0,1,12.083333333333334,3.0,0,Same transfers
永春站,台北101/世貿站,2,1,22.73333333333333,4.0,2,22.1,10.0,2,0.6333333333333293,6.0,0,Same transfers
永春站,台北101/世貿站,3,1,30.516666666666666,4.0,1,22.1,10.0,2,8.416666666666664,6.0,1,Fewer transfers
永春站,台北小巨蛋站,2,1,27.616666666666667,2.0,1,18.966666666666665,4.0,2,8.650000000000002,2.0,1,Fewer transfers
永春站,台電大樓站,2,1,24.516666666666666,2.0,1,21.45,4.0,2,3.0666666666666664,2.0,1,Fewer transfers
永春站,大坪林站,2,1,32.766666666666666,2.0,1,29.7,4.0,2,3.0666666666666664,2.0,1,Fewer transfers
永春站,大安森林公園站,2,1,25.0,4.0,1,17.216666666666665,4.0,2,7.783333333333335,0.0,1,Fewer transfers
永春站,大安站,2,1,18.9,4.0,2,13.266666666666667,5.0,1,5.633333333333331,1.0,-1,More transfers
永春站,大安站,3,1,26.683333333333334,4.0,1,13.266666666666667,5.0,1,13.416666666666666,1.0,0,Same transfers
永春站,小碧潭站,2,1,40.9,5.0,2,37.833333333333336,7.0,3,3.066666666666663,2.0,1,Fewer transfers
永春站,幸福站,2,1,39.81666666666667,8.0,2,36.61666666666667,9.0,1,3.200000000000003,1.0,-1,More transfers
永春站,幸福站,3,1,62.5,7.0,3,36.61666666666667,9.0,1,25.883333333333333,2.0,-2,More transfers
永春站,幸福站,4,1,65.56666666666666,5.0,2,36.61666666666667,9.0,1,28.949999999999996,4.0,-1,More transfers
永春站,廣慈/奉天宮站,2,1,27.28333333333333,4.0,2,26.65,10.0,2,0.6333333333333329,6.0,0,Same transfers
永春站,廣慈/奉天宮站,3,1,35.06666666666667,4.0,1,26.65,10.0,2,8.416666666666671,6.0,1,Fewer transfers
永春站,新北產業園區站,2,1,42.45,8.0,2,39.25,9.0,1,3.200000000000003,1.0,-1,More transfers
永春站,新北產業園區站,3,1,65.13333333333334,7.0,3,39.25,9.0,1,25.88333333333334,2.0,-2,More transfers
永春站,新北產業園區站,4,1,68.2,5.0,2,39.25,9.0,1,28.950000000000003,4.0,-1,More transfers
永春站,新埔民生站,2,1,40.61666666666667,8.0,2,31.65,9.0,1,8.966666666666669,1.0,-1,More transfers
永春站,新埔民生站,3,1,57.53333333333333,7.0,3,31.65,9.0,1,25.883333333333333,2.0,-2,More transfers
永春站,新埔民生站,4,1,60.6,5.0,2,31.65,9.0,1,28.950000000000003,4.0,-1,More transfers
永春站,新店區公所站,2,1,36.266666666666666,2.0,1,33.2,4.0,2,3.066666666666663,2.0,1,Fewer transfers
永春站,新店站,2,1,38.53333333333333,2.0,1,35.46666666666667,4.0,2,3.066666666666663,2.0,1,Fewer transfers
永春站,景平站,2,1,39.05,7.0,3,33.31666666666667,8.0,2,5.733333333333327,1.0,-1,More transfers
永春站,景平站,3,1,42.11666666666667,5.0,2,33.31666666666667,8.0,2,8.799999999999997,3.0,0,Same transfers
永春站,景平站,4,1,50.13333333333333,9.0,1,33.31666666666667,8.0,2,16.816666666666663,-1.0,1,Fewer transfers
永春站,景美站,2,1,30.78333333333333,2.0,1,27.716666666666665,4.0,2,3.0666666666666664,2.0,1,Fewer transfers
永春站,松山站,2,1,32.516666666666666,2.0,1,23.866666666666667,4.0,2,8.649999999999999,2.0,1,Fewer transfers
永春站,板新站,2,1,41.18333333333333,8.0,2,38.46666666666667,9.0,1,2.7166666666666615,1.0,-1,More transfers
永春站,板新站,3,1,50.71666666666667,7.0,3,38.46666666666667,9.0,1,12.25,2.0,-2,More transfers
永春站,板新站,4,1,53.78333333333333,5.0,2,38.46666666666667,9.0,1,15.316666666666663,4.0,-1,More transfers
永春站,橋和站,2,1,42.35,9.0,1,37.3,8.0,2,5.050000000000004,-1.0,1,Fewer transfers
永春站,橋和站,3,1,46.833333333333336,7.0,3,37.3,8.0,2,9.533333333333339,1.0,-1,More transfers
永春站,橋和站,4,1,49.9,5.0,2,37.3,8.0,2,12.600000000000001,3.0,0,Same transfers
永春站,秀朗橋站,2,1,37.35,7.0,3,35.05,8.0,2,2.3000000000000043,1.0,-1,More transfers
永春站,秀朗橋站,3,1,40.41666666666666,5.0,2,35.05,8.0,2,5.36666666666666,3.0,0,Same transfers
永春站,秀朗橋站,4,1,51.86666666666667,9.0,1,35.05,8.0,2,16.81666666666667,-1.0,1,Fewer transfers
永春站,萬隆站,2,1,28.85,2.0,1,25.78333333333333,4.0,2,3.06666666666667,2.0,1,Fewer transfers
永春站,象山站,2,1,24.33333333333333,4.0,2,23.7,10.0,2,0.6333333333333293,6.0,0,Same transfers
永春站,象山站,3,1,32.11666666666667,4.0,1,23.7,10.0,2,8.416666666666668,6.0,1,Fewer transfers
江子翠站,三和國中站,2,1,28.5,2.0,1,26.75,7.0,2,1.75,5.0,1,Fewer transfers
江子翠站,三民高中站,2,1,32.233333333333334,2.0,1,30.48333333333333,7.0,2,1.7500000000000036,5.0,1,Fewer transfers
江子翠站,三重國小站,2,1,26.3,2.0,1,24.55,7.0,2,1.75,5.0,1,Fewer transfers
江子翠站,三重站,2,1,28.0,7.0,2,24.08333333333333,15.0,2,3.9166666666666714,8.0,0,Same transfers
江子翠站,三重站,3,1,29.75,2.0,1,24.08333333333333,15.0,2,5.666666666666671,13.0,1,Fewer transfers
江子翠站,中原站,2,1,42.016666666666666,8.0,2,19.366666666666667,9.0,1,22.65,1.0,-1,More transfers
江子翠站,中原站,3,1,42.23333333333333,5.0,2,19.366666666666667,9.0,1,22.86666666666666,4.0,-1,More transfers
江子翠站,中和站,2,1,38.25,8.0,2,23.133333333333333,9.0,1,15.116666666666667,1.0,-1,More transfers
江子翠站,中和站,3,1,38.46666666666667,5.0,2,23.133333333333333,9.0,1,15.333333333333336,4.0,-1,More transfers
江子翠站,丹鳳站,2,1,39.98333333333333,7.0,2,26.066666666666663,15.0,2,13.916666666666664,8.0,0,Same transfers
江子翠站,丹鳳站,3,1,41.73333333333333,2.0,1,26.066666666666663,15.0,2,15.666666666666664,13.0,1,Fewer transfers
江子翠站,信義安和站,2,1,24.683333333333334,4.0,1,22.03333333333333,4.0,2,2.650000000000002,0.0,1,Fewer transfers
江子翠站,先嗇宮站,2,1,30.78333333333333,7.0,2,21.3,15.0,2,9.48333333333333,8.0,0,Same transfers
江子翠站,先嗇宮站,3,1,32.53333333333333,2.0,1,21.3,15.0,2,11.23333333333333,13.0,1,Fewer transfers
江子翠站,十四張站,2,1,32.733333333333334,9.0,1,28.9,5.0,2,3.8333333333333357,-4.0,1,Fewer transfers
江子翠站,南勢角站,2,1,30.516666666666666,2.0,1,25.2,4.0,2,5.316666666666666,2.0,1,Fewer transfers
江子翠站,台北101/世貿站,2,1,26.516666666666666,4.0,1,23.866666666666667,4.0,2,2.6499999999999986,0.0,1,Fewer transfers
江子翠站,台北橋站,2,1,25.9,2.0,1,24.15,7.0,2,1.75,5.0,1,Fewer transfers
江子翠站,大安森林公園站,2,1,21.0,4.0,1,18.35,4.0,2,2.6499999999999986,0.0,1,Fewer transfers
江子翠站,大安站,2,1,20.7,5.0,1,20.03333333333333,4.0,2,0.6666666666666679,-1.0,1,Fewer transfers
江子翠站,大安站,3,1,22.683333333333334,4.0,1,20.03333333333333,4.0,2,2.650000000000002,0.0,1,Fewer transfers
江子翠站,大橋頭站,2,1,23.35,2.0,1,21.6,7.0,2,1.75,5.0,1,Fewer transfers
江子翠站,幸福站,2,1,42.91666666666666,8.0,2,15.25,9.0,1,27.666666666666657,1.0,-1,More transfers
江子翠站,幸福站,3,1,56.28333333333333,5.0,2,15.25,9.0,1,41.03333333333333,4.0,-1,More transfers
江子翠站,廣慈/奉天宮站,2,1,31.066666666666663,4.0,1,28.416666666666668,4.0,2,2.649999999999995,0.0,1,Fewer transfers
江子翠站,徐匯中學站,2,1,30.28333333333333,2.0,1,28.53333333333333,7.0,2,1.75,5.0,1,Fewer transfers
江子翠站,新北產業園區站,2,1,45.55,8.0,2,17.883333333333333,9.0,1,27.666666666666664,1.0,-1,More transfers
江子翠站,新北產業園區站,3,1,58.91666666666666,5.0,2,17.883333333333333,9.0,1,41.033333333333324,4.0,-1,More transfers
江子翠站,新埔民生站,2,1,43.71666666666667,8.0,2,10.283333333333331,9.0,1,33.43333333333334,1.0,-1,More transfers
江子翠站,新埔民生站,3,1,51.31666666666667,5.0,2,10.283333333333331,9.0,1,41.03333333333334,4.0,-1,More transfers
江子翠站,新莊站,2,1,34.983333333333334,7.0,2,21.066666666666663,15.0,2,13.916666666666671,8.0,0,Same transfers
江子翠站,新莊站,3,1,36.73333333333333,2.0,1,21.066666666666663,15.0,2,15.666666666666664,13.0,1,Fewer transfers
江子翠站,景安站,2,1,26.78333333333333,9.0,1,23.116666666666667,4.0,2,3.6666666666666643,-5.0,1,Fewer transfers
江子翠站,景安站,3,1,28.433333333333334,2.0,1,23.116666666666667,4.0,2,5.316666666666666,2.0,1,Fewer transfers
江子翠站,景平站,2,1,32.833333333333336,5.0,2,28.766666666666666,9.0,1,4.06666666666667,4.0,-1,More transfers
江子翠站,板新站,2,1,44.28333333333333,8.0,2,17.1,9.0,1,27.18333333333333,1.0,-1,More transfers
江子翠站,板新站,3,1,44.5,5.0,2,17.1,9.0,1,27.4,4.0,-1,More transfers
江子翠站,橋和站,2,1,40.4,8.0,2,20.98333333333333,9.0,1,19.416666666666668,1.0,-1,More transfers
江子翠站,橋和站,3,1,40.61666666666667,5.0,2,20.98333333333333,9.0,1,19.633333333333336,4.0,-1,More transfers
江子翠站,民權西路站,2,1,21.6,2.0,1,16.85,4.0,1,4.75,2.0,0,Same transfers
江子翠站,永安市場站,2,1,26.45,2.0,1,21.133333333333333,4.0,2,5.316666666666666,2.0,1,Fewer transfers
江子翠站,秀朗橋站,2,1,31.133333333333333,5.0,2,30.5,9.0,1,0.6333333333333329,4.0,-1,More transfers
江子翠站,菜寮站,2,1,26.183333333333334,7.0,2,25.9,15.0,2,0.283333333333335,8.0,0,Same transfers
江子翠站,菜寮站,3,1,27.933333333333334,2.0,1,25.9,15.0,2,2.033333333333335,13.0,1,Fewer transfers
江子翠站,蘆洲站,2,1,34.5,2.0,1,32.75,7.0,2,1.75,5.0,1,Fewer transfers
江子翠站,象山站,2,1,28.116666666666667,4.0,1,25.466666666666665,4.0,2,2.650000000000002,0.0,1,Fewer transfers
江子翠站,輔大站,2,1,37.68333333333333,7.0,2,23.766666666666666,15.0,2,13.916666666666664,8.0,0,Same transfers
江子翠站,輔大站,3,1,39.43333333333333,2.0,1,23.766666666666666,15.0,2,15.666666666666664,13.0,1,Fewer transfers
江子翠站,迴龍站,2,1,43.2,7.0,2,29.28333333333333,15.0,2,13.916666666666671,8.0,0,Same transfers
江子翠站,迴龍站,3,1,44.95,2.0,1,29.28333333333333,15.0,2,15.666666666666671,13.0,1,Fewer transfers
江子翠站,頂溪站,2,1,24.25,2.0,1,18.933333333333334,4.0,2,5.316666666666666,2.0,1,Fewer transfers
江子翠站,頭前庄站,2,1,33.0,7.0,2,13.083333333333334,9.0,1,19.916666666666664,2.0,-1,More transfers
江子翠站,頭前庄站,3,1,34.75,2.0,1,13.083333333333334,9.0,1,21.666666666666664,7.0,0,Same transfers
海山站,三和國中站,2,1,39.05,2.0,1,37.3,7.0,2,1.75,5.0,1,Fewer transfers
海山站,三民高中站,2,1,42.78333333333333,2.0,1,41.03333333333333,7.0,2,1.75,5.0,1,Fewer transfers
海山站,三重國小站,2,1,36.85,2.0,1,35.1,7.0,2,1.75,5.0,1,Fewer transfers
海山站,三重站,2,1,38.55,7.0,2,31.133333333333333,15.0,2,7.416666666666664,8.0,0,Same transfers
海山站,三重站,3,1,40.3,2.0,1,31.133333333333333,15.0,2,9.166666666666664,13.0,1,Fewer transfers
海山站,中原站,2,1,26.416666666666668,9.0,1,22.566666666666663,11.0,1,3.850000000000005,2.0,0,Same transfers
海山站,中原站,3,1,52.56666666666667,8.0,2,22.566666666666663,11.0,1,30.000000000000007,3.0,-1,More transfers
海山站,中原站,4,1,52.78333333333333,5.0,2,22.566666666666663,11.0,1,30.21666666666667,6.0,-1,More transfers
海山站,中和站,2,1,30.183333333333334,9.0,1,26.33333333333333,11.0,1,3.850000000000005,2.0,0,Same transfers
海山站,中和站,3,1,48.8,8.0,2,26.33333333333333,11.0,1,22.46666666666667,3.0,-1,More transfers
海山站,中和站,4,1,49.016666666666666,5.0,2,26.33333333333333,11.0,1,22.683333333333337,6.0,-1,More transfers
海山站,丹鳳站,2,1,50.53333333333333,7.0,2,33.11666666666667,15.0,2,17.416666666666664,8.0,0,Same transfers
海山站,丹鳳站,3,1,52.28333333333333,2.0,1,33.11666666666667,15.0,2,19.166666666666664,13.0,1,Fewer transfers
海山站,信義安和站,2,1,35.233333333333334,4.0,1,32.583333333333336,4.0,2,2.6499999999999986,0.0,1,Fewer transfers
海山站,先嗇宮站,2,1,41.333333333333336,7.0,2,28.35,15.0,2,12.983333333333334,8.0,0,Same transfers
海山站,先嗇宮站,3,1,43.083333333333336,2.0,1,28.35,15.0,2,14.733333333333334,13.0,1,Fewer transfers
海山站,十四張站,2,1,39.45,5.0,2,35.93333333333333,11.0,1,3.516666666666673,6.0,-1,More transfers
海山站,十四張站,3,1,39.78333333333333,9.0,1,35.93333333333333,11.0,1,3.8500000000000014,2.0,0,Same transfers
海山站,南勢角站,2,1,41.06666666666667,2.0,1,35.75,4.0,2,5.31666666666667,2.0,1,Fewer transfers
海山站,台北101/世貿站,2,1,37.06666666666667,4.0,1,34.416666666666664,4.0,2,2.6500000000000057,0.0,1,Fewer transfers
海山站,台北橋站,2,1,36.45,2.0,1,34.7,7.0,2,1.75,5.0,1,Fewer transfers
海山站,大安森林公園站,2,1,31.55,4.0,1,28.9,4.0,2,2.650000000000002,0.0,1,Fewer transfers
海山站,大安站,2,1,31.25,5.0,1,30.58333333333333,4.0,2,0.6666666666666714,-1.0,1,Fewer transfers
海山站,大安站,3,1,33.233333333333334,4.0,1,30.58333333333333,4.0,2,2.6500000000000057,0.0,1,Fewer transfers
海山站,大橋頭站,2,1,33.9,2.0,1,32.15,7.0,2,1.75,5.0,1,Fewer transfers
海山站,幸福站,2,1,53.46666666666667,8.0,2,22.3,9.0,1,31.166666666666668,1.0,-1,More transfers
海山站,幸福站,3,1,66.83333333333333,5.0,2,22.3,9.0,1,44.53333333333333,4.0,-1,More transfers
海山站,廣慈/奉天宮站,2,1,41.61666666666667,4.0,1,38.96666666666667,4.0,2,2.6499999999999986,0.0,1,Fewer transfers
海山站,徐匯中學站,2,1,40.833333333333336,2.0,1,39.083333333333336,7.0,2,1.75,5.0,1,Fewer transfers
海山站,新北產業園區站,2,1,56.1,8.0,2,24.933333333333334,9.0,1,31.166666666666668,1.0,-1,More transfers
海山站,新北產業園區站,3,1,69.46666666666667,5.0,2,24.933333333333334,9.0,1,44.53333333333333,4.0,-1,More transfers
海山站,新埔民生站,2,1,54.266666666666666,8.0,2,17.333333333333332,9.0,1,36.93333333333334,1.0,-1,More transfers
海山站,新埔民生站,3,1,61.86666666666667,5.0,2,17.333333333333332,9.0,1,44.53333333333333,4.0,-1,More transfers
海山站,新莊站,2,1,45.53333333333333,7.0,2,28.116666666666667,15.0,2,17.416666666666664,8.0,0,Same transfers
海山站,新莊站,3,1,47.28333333333333,2.0,1,28.116666666666667,15.0,2,19.166666666666664,13.0,1,Fewer transfers
海山站,景安站,2,1,33.666666666666664,4.0,2,29.98333333333333,11.0,1,3.6833333333333336,7.0,-1,More transfers
海山站,景安站,3,1,33.833333333333336,9.0,1,29.98333333333333,11.0,1,3.850000000000005,2.0,0,Same transfers
海山站,景安站,4,1,38.98333333333333,2.0,1,29.98333333333333,11.0,1,8.999999999999996,9.0,0,Same transfers
海山站,景平站,2,1,35.81666666666667,9.0,1,31.966666666666665,11.0,1,3.850000000000005,2.0,0,Same transfers
海山站,景平站,3,1,43.38333333333333,5.0,2,31.966666666666665,11.0,1,11.416666666666668,6.0,-1,More transfers
海山站,板新站,2,1,24.15,9.0,1,20.3,11.0,1,3.849999999999998,2.0,0,Same transfers
海山站,板新站,3,1,54.833333333333336,8.0,2,20.3,11.0,1,34.53333333333333,3.0,-1,More transfers
海山站,板新站,4,1,55.05,5.0,2,20.3,11.0,1,34.75,6.0,-1,More transfers
海山站,橋和站,2,1,28.03333333333333,9.0,1,24.183333333333334,11.0,1,3.849999999999998,2.0,0,Same transfers
海山站,橋和站,3,1,50.95,8.0,2,24.183333333333334,11.0,1,26.76666666666667,3.0,-1,More transfers
海山站,橋和站,4,1,51.16666666666666,5.0,2,24.183333333333334,11.0,1,26.983333333333324,6.0,-1,More transfers
海山站,民權西路站,2,1,32.15,2.0,1,27.4,4.0,1,4.75,2.0,0,Same transfers
海山站,永安市場站,2,1,37.0,2.0,1,31.683333333333334,4.0,2,5.316666666666666,2.0,1,Fewer transfers
海山站,秀朗橋站,2,1,37.55,9.0,1,33.7,11.0,1,3.8499999999999943,2.0,0,Same transfers
海山站,秀朗橋站,3,1,41.68333333333333,5.0,2,33.7,11.0,1,7.983333333333327,6.0,-1,More transfers
海山站,菜寮站,2,1,36.73333333333333,7.0,2,32.95,15.0,2,3.7833333333333243,8.0,0,Same transfers
海山站,菜寮站,3,1,38.48333333333333,2.0,1,32.95,15.0,2,5.533333333333324,13.0,1,Fewer transfers
海山站,蘆洲站,2,1,45.05,2.0,1,43.3,7.0,2,1.75,5.0,1,Fewer transfers
海山站,象山站,2,1,38.66666666666666,4.0,1,36.016666666666666,4.0,2,2.6499999999999915,0.0,1,Fewer transfers
海山站,輔大站,2,1,48.23333333333333,7.0,2,30.816666666666663,15.0,2,17.416666666666664,8.0,0,Same transfers
海山站,輔大站,3,1,49.98333333333333,2.0,1,30.816666666666663,15.0,2,19.166666666666664,13.0,1,Fewer transfers
海山站,迴龍站,2,1,53.75,7.0,2,36.333333333333336,15.0,2,17.416666666666664,8.0,0,Same transfers
海山站,迴龍站,3,1,55.5,2.0,1,36.333333333333336,15.0,2,19.166666666666664,13.0,1,Fewer transfers
海山站,頂溪站,2,1,34.8,2.0,1,29.48333333333333,4.0,2,5.316666666666666,2.0,1,Fewer transfers
海山站,頭前庄站,2,1,43.55,7.0,2,20.133333333333333,9.0,1,23.416666666666664,2.0,-1,More transfers
海山站,頭前庄站,3,1,45.3,2.0,1,20.133333333333333,9.0,1,25.166666666666664,7.0,0,Same transfers
淡水站,三和國中站,2,1,64.68333333333334,2.0,1,43.11666666666667,3.0,1,21.56666666666667,1.0,0,Same transfers
淡水站,三民高中站,2,1,68.41666666666667,2.0,1,46.85,3.0,1,21.56666666666667,1.0,0,Same transfers
淡水站,三重國小站,2,1,62.48333333333333,2.0,1,40.91666666666666,3.0,1,21.56666666666667,1.0,0,Same transfers
淡水站,三重站,2,1,65.93333333333334,2.0,1,44.36666666666667,3.0,1,21.56666666666667,1.0,0,Same transfers
淡水站,中原站,2,1,72.48333333333333,8.0,2,67.41666666666667,9.0,2,5.066666666666663,1.0,0,Same transfers
淡水站,中原站,3,1,74.66666666666667,5.0,2,67.41666666666667,9.0,2,7.25,4.0,0,Same transfers
淡水站,中和站,2,1,68.65,9.0,2,65.36666666666666,10.0,3,3.2833333333333456,1.0,1,Fewer transfers
淡水站,中和站,3,1,68.71666666666667,8.0,2,65.36666666666666,10.0,3,3.3500000000000085,2.0,1,Fewer transfers
淡水站,中和站,4,1,70.9,5.0,2,65.36666666666666,10.0,3,5.533333333333346,5.0,1,Fewer transfers
淡水站,中山國中站,2,1,59.03333333333333,5.0,1,50.4,8.0,2,8.633333333333333,3.0,1,Fewer transfers
淡水站,中山國小站,2,1,56.083333333333336,2.0,1,37.96666666666667,3.0,1,18.116666666666667,1.0,0,Same transfers
淡水站,丹鳳站,2,1,77.91666666666667,2.0,1,56.35,3.0,1,21.56666666666667,1.0,0,Same transfers
淡水站,先嗇宮站,2,1,68.71666666666667,2.0,1,47.15,3.0,1,21.56666666666667,1.0,0,Same transfers
淡水站,內湖站,2,1,74.83333333333333,5.0,1,66.2,8.0,2,8.633333333333326,3.0,1,Fewer transfers
淡水站,六張犁站,2,1,57.65,5.0,1,56.78333333333333,8.0,2,0.8666666666666671,3.0,1,Fewer transfers
淡水站,劍南路站,2,1,67.75,5.0,1,59.11666666666667,8.0,2,8.633333333333333,3.0,1,Fewer transfers
淡水站,動物園站,2,1,69.01666666666667,5.0,1,68.15,8.0,2,0.86666666666666,3.0,1,Fewer transfers
淡水站,北門站,2,1,49.35,2.0,1,41.766666666666666,3.0,1,7.583333333333336,1.0,0,Same transfers
淡水站,南京三民站,2,1,60.31666666666667,2.0,1,47.81666666666667,3.0,1,12.5,1.0,0,Same transfers
淡水站,南京復興站,2,1,56.21666666666667,2.0,1,43.71666666666667,3.0,1,12.5,1.0,0,Same transfers
淡水站,南勢角站,2,1,60.91666666666666,3.0,1,57.63333333333333,4.0,2,3.2833333333333243,1.0,1,Fewer transfers
淡水站,南勢角站,3,1,60.98333333333333,2.0,1,57.63333333333333,4.0,2,3.3499999999999943,2.0,1,Fewer transfers
淡水站,南港軟體園區站,2,1,73.78333333333333,8.0,2,69.43333333333334,9.0,2,4.349999999999994,1.0,0,Same transfers
淡水站,南港軟體園區站,3,1,82.41666666666667,5.0,1,69.43333333333334,9.0,2,12.983333333333334,4.0,1,Fewer transfers
淡水站,台北小巨蛋站,2,1,58.16666666666666,2.0,1,45.66666666666666,3.0,1,12.5,1.0,0,Same transfers
淡水站,台北橋站,2,1,62.083333333333336,2.0,1,40.516666666666666,3.0,1,21.56666666666667,1.0,0,Same transfers
淡水站,大橋頭站,2,1,59.53333333333333,2.0,1,37.96666666666667,3.0,1,21.566666666666663,1.0,0,Same transfers
淡水站,大湖公園站,2,1,76.43333333333334,5.0,1,67.8,8.0,2,8.63333333333334,3.0,1,Fewer transfers
淡水站,大直站,2,1,65.6,5.0,1,56.96666666666667,8.0,2,8.633333333333326,3.0,1,Fewer transfers
淡水站,幸福站,2,1,79.1,8.0,2,57.53333333333333,9.0,2,21.566666666666663,1.0,0,Same transfers
淡水站,幸福站,3,1,88.71666666666667,5.0,2,57.53333333333333,9.0,2,31.183333333333337,4.0,0,Same transfers
淡水站,徐匯中學站,2,1,66.46666666666667,2.0,1,44.9,3.0,1,21.56666666666667,1.0,0,Same transfers
淡水站,忠孝新生站,2,1,49.85,2.0,1,44.06666666666667,3.0,1,5.783333333333331,1.0,0,Same transfers
淡水站,文德站,2,1,73.11666666666666,5.0,1,64.48333333333333,8.0,2,8.633333333333326,3.0,1,Fewer transfers
淡水站,新北產業園區站,2,1,81.73333333333333,8.0,2,60.16666666666666,9.0,2,21.566666666666677,1.0,0,Same transfers
淡水站,新北產業園區站,3,1,91.35,5.0,2,60.16666666666666,9.0,2,31.183333333333337,4.0,0,Same transfers
淡水站,新埔民生站,2,1,79.9,8.0,2,58.333333333333336,9.0,2,21.56666666666667,1.0,0,Same transfers
淡水站,新埔民生站,3,1,83.75,5.0,2,58.333333333333336,9.0,2,25.416666666666664,4.0,0,Same transfers
淡水站,新莊站,2,1,72.91666666666667,2.0,1,51.35,3.0,1,21.56666666666667,1.0,0,Same transfers
淡水站,景安站,2,1,58.833333333333336,3.0,1,55.55,4.0,2,3.2833333333333385,1.0,1,Fewer transfers
淡水站,景安站,3,1,58.9,2.0,1,55.55,4.0,2,3.3500000000000014,2.0,1,Fewer transfers
淡水站,景平站,2,1,65.26666666666667,5.0,2,63.53333333333333,10.0,3,1.7333333333333343,5.0,1,Fewer transfers
淡水站,木柵站,2,1,67.48333333333333,5.0,1,66.61666666666666,8.0,2,0.8666666666666742,3.0,1,Fewer transfers
淡水站,東湖站,2,1,71.95,8.0,2,71.26666666666667,9.0,2,0.6833333333333371,1.0,0,Same transfers
淡水站,東湖站,3,1,80.58333333333333,5.0,1,71.26666666666667,9.0,2,9.316666666666663,4.0,1,Fewer transfers
淡水站,松山機場站,2,1,62.23333333333333,5.0,1,53.6,8.0,2,8.633333333333326,3.0,1,Fewer transfers
淡水站,松山站,2,1,63.06666666666667,2.0,1,50.56666666666667,3.0,1,12.5,1.0,0,Same transfers
淡水站,松江南京站,2,1,52.18333333333333,2.0,1,41.6,3.0,1,10.583333333333329,1.0,0,Same transfers
淡水站,板新站,2,1,74.75,8.0,2,65.15,9.0,2,9.599999999999994,1.0,0,Same transfers
淡水站,板新站,3,1,76.93333333333334,5.0,2,65.15,9.0,2,11.783333333333331,4.0,0,Same transfers
淡水站,橋和站,2,1,69.03333333333333,9.0,2,67.51666666666667,10.0,3,1.5166666666666657,1.0,1,Fewer transfers
淡水站,橋和站,3,1,70.86666666666666,8.0,2,67.51666666666667,10.0,3,3.3499999999999943,2.0,1,Fewer transfers
淡水站,橋和站,4,1,73.05,5.0,2,67.51666666666667,10.0,3,5.533333333333331,5.0,1,Fewer transfers
淡水站,永安市場站,2,1,56.85,3.0,1,53.56666666666667,4.0,2,3.2833333333333314,1.0,1,Fewer transfers
淡水站,永安市場站,3,1,56.91666666666666,2.0,1,53.56666666666667,4.0,2,3.349999999999987,2.0,1,Fewer transfers
淡水站,港墘站,2,1,71.5,5.0,1,62.86666666666667,8.0,2,8.633333333333333,3.0,1,Fewer transfers
淡水站,科技大樓站,2,1,55.2,5.0,1,54.333333333333336,8.0,2,0.8666666666666671,3.0,1,Fewer transfers
淡水站,菜寮站,2,1,64.11666666666666,2.0,1,42.55,3.0,1,21.566666666666663,1.0,0,Same transfers
淡水站,萬芳社區站,2,1,66.28333333333333,5.0,1,65.41666666666667,8.0,2,0.86666666666666,3.0,1,Fewer transfers
淡水站,萬芳醫院站,2,1,64.21666666666667,5.0,1,63.35,8.0,2,0.8666666666666671,3.0,1,Fewer transfers
淡水站,葫洲站,2,1,78.86666666666666,5.0,1,70.23333333333333,8.0,2,8.633333333333326,3.0,1,Fewer transfers
淡水站,蘆洲站,2,1,70.68333333333334,2.0,1,49.11666666666667,3.0,1,21.56666666666667,1.0,0,Same transfers
淡水站,行天宮站,2,1,53.98333333333333,2.0,1,40.06666666666667,3.0,1,13.916666666666657,1.0,0,Same transfers
淡水站,西湖站,2,1,70.0,5.0,1,61.36666666666667,8.0,2,8.633333333333333,3.0,1,Fewer transfers
淡水站,西門站,2,1,47.35,2.0,1,43.66666666666666,3.0,1,3.6833333333333442,1.0,0,Same transfers
淡水站,輔大站,2,1,75.61666666666666,2.0,1,54.05,3.0,1,21.566666666666663,1.0,0,Same transfers
淡水站,辛亥站,2,1,62.03333333333333,5.0,1,61.16666666666666,8.0,2,0.8666666666666742,3.0,1,Fewer transfers
淡水站,迴龍站,2,1,81.13333333333334,2.0,1,59.56666666666667,3.0,1,21.56666666666667,1.0,0,Same transfers
淡水站,頂溪站,2,1,54.65,3.0,1,51.36666666666667,4.0,2,3.2833333333333314,1.0,1,Fewer transfers
淡水站,頂溪站,3,1,54.71666666666667,2.0,1,51.36666666666667,4.0,2,3.3500000000000014,2.0,1,Fewer transfers
淡水站,頭前庄站,2,1,70.93333333333334,2.0,1,49.36666666666667,3.0,1,21.56666666666667,1.0,0,Same transfers
淡水站,麟光站,2,1,59.266666666666666,5.0,1,58.4,8.0,2,0.8666666666666671,3.0,1,Fewer transfers
港墘站,中原站,2,1,54.91666666666666,14.0,2,53.1,13.0,3,1.8166666666666558,-1.0,1,Fewer transfers
港墘站,中原站,3,1,62.13333333333333,8.0,2,53.1,13.0,3,9.033333333333331,5.0,1,Fewer transfers
港墘站,中和站,2,1,58.36666666666667,8.0,2,49.333333333333336,13.0,3,9.033333333333331,5.0,1,Fewer transfers
港墘站,劍潭站,2,1,42.05,5.0,1,33.38333333333333,8.0,2,8.666666666666664,3.0,1,Fewer transfers
港墘站,北投站,2,1,55.4,5.0,1,46.73333333333333,8.0,2,8.666666666666671,3.0,1,Fewer transfers
港墘站,古亭站,2,1,33.166666666666664,5.0,1,31.666666666666668,7.0,2,1.4999999999999964,2.0,1,Fewer transfers
港墘站,台大醫院站,2,1,31.383333333333333,5.0,1,29.33333333333333,8.0,2,2.0500000000000043,3.0,1,Fewer transfers
港墘站,唭哩岸站,2,1,51.73333333333333,5.0,1,43.06666666666667,8.0,2,8.666666666666657,3.0,1,Fewer transfers
港墘站,圓山站,2,1,39.7,5.0,1,31.03333333333333,8.0,2,8.666666666666671,3.0,1,Fewer transfers
港墘站,士林站,2,1,44.18333333333333,5.0,1,35.516666666666666,8.0,2,8.666666666666664,3.0,1,Fewer transfers
港墘站,奇岩站,2,1,53.43333333333333,5.0,1,44.766666666666666,8.0,2,8.666666666666664,3.0,1,Fewer transfers
港墘站,幸福站,2,1,50.8,14.0,2,49.56666666666667,13.0,3,1.2333333333333272,-1.0,1,Fewer transfers
港墘站,幸福站,3,1,76.18333333333334,8.0,2,49.56666666666667,13.0,3,26.616666666666667,5.0,1,Fewer transfers
港墘站,復興崗站,2,1,58.1,5.0,1,49.43333333333333,8.0,2,8.666666666666671,3.0,1,Fewer transfers
港墘站,忠義站,2,1,60.5,5.0,1,51.833333333333336,8.0,2,8.666666666666664,3.0,1,Fewer transfers
港墘站,新北投站,2,1,61.016666666666666,8.0,2,52.35,11.0,3,8.666666666666664,3.0,1,Fewer transfers
港墘站,新北產業園區站,2,1,53.43333333333333,14.0,2,52.2,13.0,3,1.2333333333333272,-1.0,1,Fewer transfers
港墘站,新北產業園區站,3,1,78.81666666666666,8.0,2,52.2,13.0,3,26.61666666666666,5.0,1,Fewer transfers
港墘站,新埔民生站,2,1,50.36666666666667,13.0,3,45.833333333333336,14.0,2,4.533333333333331,1.0,-1,More transfers
港墘站,新埔民生站,3,1,71.21666666666667,8.0,2,45.833333333333336,14.0,2,25.383333333333333,6.0,0,Same transfers
港墘站,明德站,2,1,47.96666666666667,5.0,1,39.3,8.0,2,8.666666666666671,3.0,1,Fewer transfers
港墘站,景平站,2,1,52.73333333333333,8.0,2,47.5,13.0,3,5.233333333333327,5.0,1,Fewer transfers
港墘站,板新站,2,1,55.36666666666667,13.0,3,52.65,14.0,2,2.7166666666666686,1.0,-1,More transfers
港墘站,板新站,3,1,64.4,8.0,2,52.65,14.0,2,11.750000000000007,6.0,0,Same transfers
港墘站,橋和站,2,1,56.53333333333333,14.0,2,51.48333333333333,13.0,3,5.050000000000004,-1.0,1,Fewer transfers
港墘站,橋和站,3,1,60.516666666666666,8.0,2,51.48333333333333,13.0,3,9.033333333333339,5.0,1,Fewer transfers
港墘站,民權西路站,2,1,37.7,5.0,1,28.25,7.0,2,9.450000000000003,2.0,1,Fewer transfers
港墘站,淡水站,2,1,71.41666666666667,5.0,1,62.75,8.0,2,8.666666666666671,3.0,1,Fewer transfers
港墘站,石牌站,2,1,49.46666666666667,5.0,1,40.8,8.0,2,8.666666666666671,3.0,1,Fewer transfers
港墘站,秀朗橋站,2,1,51.03333333333333,8.0,2,49.23333333333333,13.0,3,1.8000000000000043,5.0,1,Fewer transfers
港墘站,竹圍站,2,1,65.23333333333333,5.0,1,56.56666666666667,8.0,2,8.666666666666664,3.0,1,Fewer transfers
港墘站,紅樹林站,2,1,68.05,5.0,1,59.38333333333333,8.0,2,8.666666666666664,3.0,1,Fewer transfers
港墘站,芝山站,2,1,46.2,5.0,1,37.53333333333333,8.0,2,8.666666666666671,3.0,1,Fewer transfers
港墘站,關渡站,2,1,62.28333333333333,5.0,1,53.61666666666667,8.0,2,8.666666666666664,3.0,1,Fewer transfers
港墘站,雙連站,2,1,36.2,5.0,1,27.53333333333333,8.0,2,8.666666666666671,3.0,1,Fewer transfers
石牌站,三和國中站,2,1,42.73333333333333,2.0,1,21.166666666666668,3.0,1,21.56666666666666,1.0,0,Same transfers
石牌站,三民高中站,2,1,46.46666666666667,2.0,1,24.9,3.0,1,21.56666666666667,1.0,0,Same transfers
石牌站,三重國小站,2,1,40.53333333333333,2.0,1,18.966666666666665,3.0,1,21.566666666666666,1.0,0,Same transfers
石牌站,三重站,2,1,43.98333333333333,2.0,1,22.416666666666668,3.0,1,21.56666666666666,1.0,0,Same transfers
石牌站,中原站,2,1,50.53333333333333,8.0,2,45.46666666666667,9.0,2,5.066666666666663,1.0,0,Same transfers
石牌站,中原站,3,1,52.71666666666667,5.0,2,45.46666666666667,9.0,2,7.25,4.0,0,Same transfers
石牌站,中和站,2,1,46.7,9.0,2,43.41666666666666,10.0,3,3.2833333333333456,1.0,1,Fewer transfers
石牌站,中和站,3,1,46.766666666666666,8.0,2,43.41666666666666,10.0,3,3.3500000000000085,2.0,1,Fewer transfers
石牌站,中和站,4,1,48.95,5.0,2,43.41666666666666,10.0,3,5.533333333333346,5.0,1,Fewer transfers
石牌站,中山國中站,2,1,37.083333333333336,5.0,1,28.45,8.0,2,8.633333333333336,3.0,1,Fewer transfers
石牌站,中山國小站,2,1,34.13333333333333,2.0,1,16.016666666666666,3.0,1,18.116666666666667,1.0,0,Same transfers
石牌站,丹鳳站,2,1,55.96666666666667,2.0,1,34.4,3.0,1,21.56666666666667,1.0,0,Same transfers
石牌站,先嗇宮站,2,1,46.766666666666666,2.0,1,25.2,3.0,1,21.566666666666666,1.0,0,Same transfers
石牌站,內湖站,2,1,52.88333333333333,5.0,1,44.25,8.0,2,8.633333333333333,3.0,1,Fewer transfers
石牌站,六張犁站,2,1,35.7,5.0,1,34.833333333333336,8.0,2,0.8666666666666671,3.0,1,Fewer transfers
石牌站,劍南路站,2,1,45.8,5.0,1,37.16666666666666,8.0,2,8.63333333333334,3.0,1,Fewer transfers
石牌站,動物園站,2,1,47.06666666666667,5.0,1,46.2,8.0,2,0.8666666666666671,3.0,1,Fewer transfers
石牌站,北門站,2,1,27.4,2.0,1,19.816666666666663,3.0,1,7.583333333333336,1.0,0,Same transfers
石牌站,南京三民站,2,1,38.36666666666667,2.0,1,25.866666666666667,3.0,1,12.5,1.0,0,Same transfers
石牌站,南京復興站,2,1,34.266666666666666,2.0,1,21.766666666666666,3.0,1,12.5,1.0,0,Same transfers
石牌站,南勢角站,2,1,38.96666666666667,3.0,1,35.68333333333333,4.0,2,3.2833333333333385,1.0,1,Fewer transfers
石牌站,南勢角站,3,1,39.03333333333333,2.0,1,35.68333333333333,4.0,2,3.3500000000000014,2.0,1,Fewer transfers
石牌站,南港軟體園區站,2,1,51.833333333333336,8.0,2,47.48333333333333,9.0,2,4.3500000000000085,1.0,0,Same transfers
石牌站,南港軟體園區站,3,1,60.46666666666667,5.0,1,47.48333333333333,9.0,2,12.983333333333341,4.0,1,Fewer transfers
石牌站,台北小巨蛋站,2,1,36.21666666666667,2.0,1,23.716666666666665,3.0,1,12.500000000000004,1.0,0,Same transfers
石牌站,台北橋站,2,1,40.13333333333333,2.0,1,18.566666666666663,3.0,1,21.56666666666667,1.0,0,Same transfers
石牌站,大橋頭站,2,1,37.583333333333336,2.0,1,16.016666666666666,3.0,1,21.56666666666667,1.0,0,Same transfers
石牌站,大湖公園站,2,1,54.48333333333333,5.0,1,45.85,8.0,2,8.633333333333326,3.0,1,Fewer transfers
石牌站,大直站,2,1,43.65,5.0,1,35.016666666666666,8.0,2,8.633333333333333,3.0,1,Fewer transfers
石牌站,幸福站,2,1,57.15,8.0,2,35.583333333333336,9.0,2,21.566666666666663,1.0,0,Same transfers
石牌站,幸福站,3,1,66.76666666666667,5.0,2,35.583333333333336,9.0,2,31.18333333333333,4.0,0,Same transfers
石牌站,徐匯中學站,2,1,44.516666666666666,2.0,1,22.95,3.0,1,21.566666666666666,1.0,0,Same transfers
石牌站,忠孝新生站,2,1,27.9,2.0,1,22.116666666666667,3.0,1,5.783333333333331,1.0,0,Same transfers
石牌站,文德站,2,1,51.16666666666666,5.0,1,42.53333333333333,8.0,2,8.633333333333326,3.0,1,Fewer transfers
石牌站,新北產業園區站,2,1,59.78333333333333,8.0,2,38.21666666666667,9.0,2,21.566666666666663,1.0,0,Same transfers
石牌站,新北產業園區站,3,1,69.4,5.0,2,38.21666666666667,9.0,2,31.183333333333337,4.0,0,Same transfers
石牌站,新埔民生站,2,1,57.95,8.0,2,36.38333333333333,9.0,2,21.56666666666667,1.0,0,Same transfers
石牌站,新埔民生站,3,1,61.8,5.0,2,36.38333333333333,9.0,2,25.416666666666664,4.0,0,Same transfers
石牌站,新莊站,2,1,50.96666666666667,2.0,1,29.4,3.0,1,21.56666666666667,1.0,0,Same transfers
石牌站,景安站,2,1,36.88333333333333,3.0,1,33.6,4.0,2,3.2833333333333314,1.0,1,Fewer transfers
石牌站,景安站,3,1,36.95,2.0,1,33.6,4.0,2,3.3500000000000014,2.0,1,Fewer transfers
石牌站,景平站,2,1,43.31666666666667,5.0,2,41.583333333333336,10.0,3,1.7333333333333343,5.0,1,Fewer transfers
石牌站,木柵站,2,1,45.53333333333333,5.0,1,44.66666666666666,8.0,2,0.8666666666666742,3.0,1,Fewer transfers
石牌站,東湖站,2,1,50.0,8.0,2,49.31666666666667,9.0,2,0.68333333333333,1.0,0,Same transfers
石牌站,東湖站,3,1,58.63333333333333,5.0,1,49.31666666666667,9.0,2,9.316666666666663,4.0,1,Fewer transfers
石牌站,松山機場站,2,1,40.28333333333333,5.0,1,31.65,8.0,2,8.633333333333333,3.0,1,Fewer transfers
石牌站,松山站,2,1,41.11666666666667,2.0,1,28.616666666666667,3.0,1,12.5,1.0,0,Same transfers
石牌站,松江南京站,2,1,30.23333333333333,2.0,1,19.65,3.0,1,10.583333333333332,1.0,0,Same transfers
石牌站,板新站,2,1,52.8,8.0,2,43.2,9.0,2,9.599999999999994,1.0,0,Same transfers
石牌站,板新站,3,1,54.98333333333333,5.0,2,43.2,9.0,2,11.783333333333324,4.0,0,Same transfers
石牌站,橋和站,2,1,47.083333333333336,9.0,2,45.56666666666667,10.0,3,1.5166666666666657,1.0,1,Fewer transfers
石牌站,橋和站,3,1,48.91666666666666,8.0,2,45.56666666666667,10.0,3,3.349999999999987,2.0,1,Fewer transfers
石牌站,橋和站,4,1,51.1,5.0,2,45.56666666666667,10.0,3,5.533333333333331,5.0,1,Fewer transfers
石牌站,永安市場站,2,1,34.9,3.0,1,31.616666666666667,4.0,2,3.2833333333333314,1.0,1,Fewer transfers
石牌站,永安市場站,3,1,34.96666666666667,2.0,1,31.616666666666667,4.0,2,3.3500000000000014,2.0,1,Fewer transfers
石牌站,港墘站,2,1,49.55,5.0,1,40.91666666666666,8.0,2,8.63333333333334,3.0,1,Fewer transfers
石牌站,科技大樓站,2,1,33.25,5.0,1,32.38333333333333,8.0,2,0.8666666666666671,3.0,1,Fewer transfers
石牌站,菜寮站,2,1,42.16666666666666,2.0,1,20.6,3.0,1,21.566666666666656,1.0,0,Same transfers
石牌站,萬芳社區站,2,1,44.333333333333336,5.0,1,43.46666666666667,8.0,2,0.8666666666666671,3.0,1,Fewer transfers
石牌站,萬芳醫院站,2,1,42.266666666666666,5.0,1,41.4,8.0,2,0.8666666666666671,3.0,1,Fewer transfers
石牌站,葫洲站,2,1,56.91666666666666,5.0,1,48.28333333333333,8.0,2,8.633333333333326,3.0,1,Fewer transfers
石牌站,蘆洲站,2,1,48.73333333333333,2.0,1,27.166666666666668,3.0,1,21.56666666666666,1.0,0,Same transfers
石牌站,行天宮站,2,1,32.03333333333333,2.0,1,18.116666666666667,3.0,1,13.916666666666664,1.0,0,Same transfers
石牌站,西湖站,2,1,48.05,5.0,1,39.41666666666666,8.0,2,8.63333333333334,3.0,1,Fewer transfers
石牌站,西門站,2,1,25.4,2.0,1,21.716666666666665,3.0,1,3.6833333333333336,1.0,0,Same transfers
石牌站,輔大站,2,1,53.66666666666666,2.0,1,32.1,3.0,1,21.566666666666656,1.0,0,Same transfers
石牌站,辛亥站,2,1,40.083333333333336,5.0,1,39.21666666666667,8.0,2,0.8666666666666671,3.0,1,Fewer transfers
石牌站,迴龍站,2,1,59.18333333333333,2.0,1,37.61666666666667,3.0,1,21.566666666666663,1.0,0,Same transfers
石牌站,頂溪站,2,1,32.7,3.0,1,29.416666666666668,4.0,2,3.283333333333335,1.0,1,Fewer transfers
石牌站,頂溪站,3,1,32.766666666666666,2.0,1,29.416666666666668,4.0,2,3.349999999999998,2.0,1,Fewer transfers
石牌站,頭前庄站,2,1,48.98333333333333,2.0,1,27.416666666666668,3.0,1,21.56666666666666,1.0,0,Same transfers
石牌站,麟光站,2,1,37.31666666666667,5.0,1,36.45,8.0,2,0.8666666666666671,3.0,1,Fewer transfers
秀朗橋站,三和國中站,2,1,41.43333333333333,5.0,2,38.56666666666667,6.0,1,2.86666666666666,1.0,-1,More transfers
秀朗橋站,三民高中站,2,1,45.16666666666666,5.0,2,42.3,6.0,1,2.86666666666666,1.0,-1,More transfers
秀朗橋站,三重國小站,2,1,39.23333333333333,5.0,2,36.36666666666667,6.0,1,2.86666666666666,1.0,-1,More transfers
秀朗橋站,三重站,2,1,42.68333333333333,5.0,2,33.6,6.0,1,9.083333333333329,1.0,-1,More transfers
秀朗橋站,中山國中站,2,1,39.05,8.0,2,36.766666666666666,13.0,3,2.2833333333333314,5.0,1,Fewer transfers
秀朗橋站,中山國小站,2,1,32.833333333333336,5.0,2,29.966666666666665,6.0,1,2.8666666666666707,1.0,-1,More transfers
秀朗橋站,中山站,2,1,27.9,3.0,1,27.133333333333333,5.0,2,0.7666666666666657,2.0,1,Fewer transfers
秀朗橋站,丹鳳站,2,1,54.66666666666666,5.0,2,35.583333333333336,6.0,1,19.08333333333332,1.0,-1,More transfers
秀朗橋站,亞東醫院站,2,1,34.8,9.0,1,30.7,11.0,1,4.099999999999998,2.0,0,Same transfers
秀朗橋站,亞東醫院站,3,1,39.35,5.0,2,30.7,11.0,1,8.650000000000002,6.0,-1,More transfers
秀朗橋站,信義安和站,2,1,30.616666666666667,5.0,2,28.35,8.0,2,2.2666666666666657,3.0,0,Same transfers
秀朗橋站,先嗇宮站,2,1,45.46666666666667,5.0,2,30.816666666666663,6.0,1,14.650000000000006,1.0,-1,More transfers
秀朗橋站,內湖站,2,1,54.85,8.0,2,52.56666666666667,13.0,3,2.2833333333333314,5.0,1,Fewer transfers
秀朗橋站,六張犁站,2,1,37.8,10.0,3,35.53333333333333,13.0,3,2.2666666666666657,3.0,0,Same transfers
秀朗橋站,六張犁站,3,1,45.43333333333333,8.0,2,35.53333333333333,13.0,3,9.899999999999999,5.0,1,Fewer transfers
秀朗橋站,劍南路站,2,1,47.766666666666666,8.0,2,45.48333333333333,13.0,3,2.2833333333333385,5.0,1,Fewer transfers
秀朗橋站,動物園站,2,1,49.16666666666666,10.0,3,46.9,13.0,3,2.2666666666666586,3.0,0,Same transfers
秀朗橋站,動物園站,3,1,56.8,8.0,2,46.9,13.0,3,9.899999999999999,5.0,1,Fewer transfers
秀朗橋站,南京三民站,2,1,36.46666666666667,3.0,1,34.28333333333333,8.0,2,2.183333333333337,5.0,1,Fewer transfers
秀朗橋站,南京復興站,2,1,32.36666666666667,3.0,1,30.183333333333334,8.0,2,2.1833333333333336,5.0,1,Fewer transfers
秀朗橋站,南勢角站,2,1,29.7,5.0,2,11.216666666666669,6.0,1,18.48333333333333,1.0,-1,More transfers
秀朗橋站,南港展覽館站,2,1,46.28333333333333,7.0,3,43.41666666666666,8.0,2,2.8666666666666742,1.0,-1,More transfers
秀朗橋站,南港展覽館站,3,1,49.333333333333336,5.0,2,43.41666666666666,8.0,2,5.9166666666666785,3.0,0,Same transfers
秀朗橋站,南港展覽館站,4,1,60.36666666666667,9.0,1,43.41666666666666,8.0,2,16.95000000000001,-1.0,1,Fewer transfers
秀朗橋站,南港站,2,1,44.016666666666666,7.0,3,41.15,8.0,2,2.866666666666667,1.0,-1,More transfers
秀朗橋站,南港站,3,1,47.06666666666667,5.0,2,41.15,8.0,2,5.916666666666671,3.0,0,Same transfers
秀朗橋站,南港站,4,1,58.1,9.0,1,41.15,8.0,2,16.950000000000003,-1.0,1,Fewer transfers
秀朗橋站,南港軟體園區站,2,1,52.583333333333336,12.0,4,49.71666666666667,13.0,3,2.866666666666667,1.0,-1,More transfers
秀朗橋站,南港軟體園區站,3,1,55.63333333333333,10.0,3,49.71666666666667,13.0,3,5.916666666666664,3.0,0,Same transfers
秀朗橋站,南港軟體園區站,4,1,62.43333333333333,8.0,2,49.71666666666667,13.0,3,12.716666666666661,5.0,1,Fewer transfers
秀朗橋站,古亭站,2,1,17.766666666666666,3.0,1,16.9,6.0,1,0.8666666666666671,3.0,0,Same transfers
秀朗橋站,台北101/世貿站,2,1,32.45,5.0,2,30.183333333333334,8.0,2,2.2666666666666693,3.0,0,Same transfers
秀朗橋站,台北小巨蛋站,2,1,34.31666666666667,3.0,1,32.13333333333333,8.0,2,2.183333333333337,5.0,1,Fewer transfers
秀朗橋站,台北橋站,2,1,38.833333333333336,5.0,2,35.96666666666667,6.0,1,2.866666666666667,1.0,-1,More transfers
秀朗橋站,台北車站,2,1,39.11666666666667,9.0,1,25.416666666666668,5.0,2,13.7,-4.0,1,Fewer transfers
秀朗橋站,善導寺站,2,1,29.883333333333333,5.0,2,27.75,8.0,2,2.133333333333333,3.0,0,Same transfers
秀朗橋站,善導寺站,3,1,40.91666666666666,9.0,1,27.75,8.0,2,13.166666666666657,-1.0,1,Fewer transfers
秀朗橋站,國父紀念館站,2,1,34.166666666666664,7.0,3,31.3,8.0,2,2.8666666666666636,1.0,-1,More transfers
秀朗橋站,國父紀念館站,3,1,37.21666666666667,5.0,2,31.3,8.0,2,5.916666666666668,3.0,0,Same transfers
秀朗橋站,國父紀念館站,4,1,48.25,9.0,1,31.3,8.0,2,16.95,-1.0,1,Fewer transfers
秀朗橋站,土城站,2,1,39.8,9.0,1,35.7,11.0,1,4.099999999999994,2.0,0,Same transfers
秀朗橋站,土城站,3,1,44.35,5.0,2,35.7,11.0,1,8.649999999999999,6.0,-1,More transfers
秀朗橋站,大安森林公園站,2,1,26.933333333333334,5.0,2,24.666666666666668,8.0,2,2.2666666666666657,3.0,0,Same transfers
秀朗橋站,大安站,2,1,28.616666666666667,5.0,2,26.35,8.0,2,2.2666666666666657,3.0,0,Same transfers
秀朗橋站,大橋頭站,2,1,36.28333333333333,5.0,2,33.416666666666664,6.0,1,2.866666666666667,1.0,-1,More transfers
秀朗橋站,大湖公園站,2,1,56.45,8.0,2,54.16666666666666,13.0,3,2.2833333333333456,5.0,1,Fewer transfers
秀朗橋站,大直站,2,1,45.61666666666667,8.0,2,43.333333333333336,13.0,3,2.2833333333333314,5.0,1,Fewer transfers
秀朗橋站,市政府站,2,1,35.916666666666664,7.0,3,33.05,8.0,2,2.866666666666667,1.0,-1,More transfers
秀朗橋站,市政府站,3,1,38.96666666666667,5.0,2,33.05,8.0,2,5.916666666666671,3.0,0,Same transfers
秀朗橋站,市政府站,4,1,50.0,9.0,1,33.05,8.0,2,16.950000000000003,-1.0,1,Fewer transfers
秀朗橋站,府中站,2,1,32.63333333333333,9.0,1,28.53333333333333,11.0,1,4.100000000000001,2.0,0,Same transfers
秀朗橋站,府中站,3,1,37.18333333333333,5.0,2,28.53333333333333,11.0,1,8.649999999999999,6.0,-1,More transfers
秀朗橋站,廣慈/奉天宮站,2,1,37.0,5.0,2,34.733333333333334,8.0,2,2.2666666666666657,3.0,0,Same transfers
秀朗橋站,後山埤站,2,1,39.516666666666666,7.0,3,36.65,8.0,2,2.866666666666667,1.0,-1,More transfers
秀朗橋站,後山埤站,3,1,42.56666666666667,5.0,2,36.65,8.0,2,5.916666666666671,3.0,0,Same transfers
秀朗橋站,後山埤站,4,1,53.6,9.0,1,36.65,8.0,2,16.950000000000003,-1.0,1,Fewer transfers
秀朗橋站,徐匯中學站,2,1,43.21666666666667,5.0,2,40.35,6.0,1,2.866666666666667,1.0,-1,More transfers
秀朗橋站,忠孝復興站,2,1,30.766666666666666,7.0,3,27.9,8.0,2,2.866666666666667,1.0,-1,More transfers
秀朗橋站,忠孝復興站,3,1,33.81666666666667,5.0,2,27.9,8.0,2,5.916666666666671,3.0,0,Same transfers
秀朗橋站,忠孝復興站,4,1,44.85,9.0,1,27.9,8.0,2,16.950000000000003,-1.0,1,Fewer transfers
秀朗橋站,忠孝敦化站,2,1,32.516666666666666,7.0,3,29.65,8.0,2,2.866666666666667,1.0,-1,More transfers
秀朗橋站,忠孝敦化站,3,1,35.56666666666667,5.0,2,29.65,8.0,2,5.916666666666671,3.0,0,Same transfers
秀朗橋站,忠孝敦化站,4,1,46.6,9.0,1,29.65,8.0,2,16.950000000000003,-1.0,1,Fewer transfers
秀朗橋站,忠孝新生站,2,1,26.6,5.0,2,23.73333333333333,6.0,1,2.8666666666666707,1.0,-1,More transfers
秀朗橋站,文德站,2,1,53.13333333333333,8.0,2,50.85,13.0,3,2.2833333333333314,5.0,1,Fewer transfers
秀朗橋站,新埔站,2,1,33.35,5.0,2,28.8,9.0,1,4.550000000000001,4.0,-1,More transfers
秀朗橋站,新莊站,2,1,49.66666666666666,5.0,2,30.58333333333333,6.0,1,19.08333333333333,1.0,-1,More transfers
秀朗橋站,昆陽站,2,1,41.78333333333333,7.0,3,38.91666666666666,8.0,2,2.8666666666666742,1.0,-1,More transfers
秀朗橋站,昆陽站,3,1,44.833333333333336,5.0,2,38.91666666666666,8.0,2,5.9166666666666785,3.0,0,Same transfers
秀朗橋站,昆陽站,4,1,55.86666666666667,9.0,1,38.91666666666666,8.0,2,16.95000000000001,-1.0,1,Fewer transfers
秀朗橋站,木柵站,2,1,47.63333333333333,10.0,3,45.36666666666667,13.0,3,2.2666666666666657,3.0,0,Same transfers
秀朗橋站,木柵站,3,1,55.266666666666666,8.0,2,45.36666666666667,13.0,3,9.899999999999999,5.0,1,Fewer transfers
秀朗橋站,東湖站,2,1,54.41666666666666,12.0,4,51.55,13.0,3,2.86666666666666,1.0,-1,More transfers
秀朗橋站,東湖站,3,1,57.46666666666667,10.0,3,51.55,13.0,3,5.916666666666671,3.0,0,Same transfers
秀朗橋站,東湖站,4,1,60.6,8.0,2,51.55,13.0,3,9.050000000000004,5.0,1,Fewer transfers
秀朗橋站,東門站,2,1,23.78333333333333,5.0,2,20.916666666666668,6.0,1,2.8666666666666636,1.0,-1,More transfers
秀朗橋站,松山機場站,2,1,42.25,8.0,2,39.96666666666667,13.0,3,2.2833333333333314,5.0,1,Fewer transfers
秀朗橋站,松山站,2,1,39.21666666666667,3.0,1,37.03333333333333,8.0,2,2.183333333333337,5.0,1,Fewer transfers
秀朗橋站,松江南京站,2,1,28.933333333333334,5.0,2,26.066666666666663,6.0,1,2.8666666666666707,1.0,-1,More transfers
秀朗橋站,松江南京站,3,1,30.25,3.0,1,26.066666666666663,6.0,1,4.183333333333337,3.0,0,Same transfers
秀朗橋站,民權西路站,2,1,31.666666666666668,6.0,1,30.166666666666668,5.0,2,1.5,-1.0,1,Fewer transfers
秀朗橋站,永安市場站,2,1,25.633333333333333,5.0,2,11.1,6.0,1,14.533333333333333,1.0,-1,More transfers
秀朗橋站,永寧站,2,1,41.81666666666667,9.0,1,37.71666666666667,11.0,1,4.100000000000001,2.0,0,Same transfers
秀朗橋站,永寧站,3,1,46.36666666666667,5.0,2,37.71666666666667,11.0,1,8.649999999999999,6.0,-1,More transfers
秀朗橋站,永春站,2,1,37.833333333333336,7.0,3,34.96666666666667,8.0,2,2.866666666666667,1.0,-1,More transfers
秀朗橋站,永春站,3,1,40.88333333333333,5.0,2,34.96666666666667,8.0,2,5.916666666666664,3.0,0,Same transfers
秀朗橋站,永春站,4,1,51.91666666666666,9.0,1,34.96666666666667,8.0,2,16.94999999999999,-1.0,1,Fewer transfers
秀朗橋站,江子翠站,2,1,31.6,5.0,2,30.55,9.0,1,1.0500000000000007,4.0,-1,More transfers
秀朗橋站,海山站,2,1,37.6,9.0,1,33.5,11.0,1,4.100000000000001,2.0,0,Same transfers
秀朗橋站,海山站,3,1,42.15,5.0,2,33.5,11.0,1,8.649999999999999,6.0,-1,More transfers
秀朗橋站,港墘站,2,1,51.516666666666666,8.0,2,49.23333333333333,13.0,3,2.2833333333333385,5.0,1,Fewer transfers
秀朗橋站,科技大樓站,2,1,35.35,10.0,3,33.083333333333336,13.0,3,2.2666666666666657,3.0,0,Same transfers
秀朗橋站,科技大樓站,3,1,42.98333333333333,8.0,2,33.083333333333336,13.0,3,9.899999999999991,5.0,1,Fewer transfers
秀朗橋站,菜寮站,2,1,40.86666666666667,5.0,2,35.416666666666664,6.0,1,5.450000000000003,1.0,-1,More transfers
秀朗橋站,萬芳社區站,2,1,46.43333333333333,10.0,3,44.16666666666666,13.0,3,2.266666666666673,3.0,0,Same transfers
秀朗橋站,萬芳社區站,3,1,54.06666666666667,8.0,2,44.16666666666666,13.0,3,9.900000000000013,5.0,1,Fewer transfers
秀朗橋站,萬芳醫院站,2,1,44.36666666666667,10.0,3,42.1,13.0,3,2.2666666666666657,3.0,0,Same transfers
秀朗橋站,萬芳醫院站,3,1,52.0,8.0,2,42.1,13.0,3,9.899999999999999,5.0,1,Fewer transfers
秀朗橋站,葫洲站,2,1,56.13333333333333,12.0,4,53.266666666666666,13.0,3,2.866666666666667,1.0,-1,More transfers
秀朗橋站,葫洲站,3,1,58.88333333333333,8.0,2,53.266666666666666,13.0,3,5.616666666666667,5.0,1,Fewer transfers
秀朗橋站,蘆洲站,2,1,47.43333333333333,5.0,2,44.56666666666667,6.0,1,2.86666666666666,1.0,-1,More transfers
秀朗橋站,行天宮站,2,1,30.73333333333333,5.0,2,27.866666666666667,6.0,1,2.8666666666666636,1.0,-1,More transfers
秀朗橋站,西湖站,2,1,50.016666666666666,8.0,2,47.73333333333333,13.0,3,2.2833333333333385,5.0,1,Fewer transfers
秀朗橋站,象山站,2,1,34.05,5.0,2,31.78333333333333,8.0,2,2.2666666666666657,3.0,0,Same transfers
秀朗橋站,輔大站,2,1,52.36666666666667,5.0,2,33.28333333333333,6.0,1,19.083333333333336,1.0,-1,More transfers
秀朗橋站,辛亥站,2,1,42.18333333333333,10.0,3,39.91666666666666,13.0,3,2.266666666666673,3.0,0,Same transfers
秀朗橋站,辛亥站,3,1,49.81666666666667,8.0,2,39.91666666666666,13.0,3,9.900000000000013,5.0,1,Fewer transfers
秀朗橋站,迴龍站,2,1,57.88333333333333,5.0,2,38.8,6.0,1,19.083333333333336,1.0,-1,More transfers
秀朗橋站,頂埔站,2,1,45.28333333333333,9.0,1,41.18333333333333,11.0,1,4.100000000000001,2.0,0,Same transfers
秀朗橋站,頂埔站,3,1,49.833333333333336,5.0,2,41.18333333333333,11.0,1,8.650000000000006,6.0,-1,More transfers
秀朗橋站,頂溪站,2,1,23.433333333333334,5.0,2,13.3,6.0,1,10.133333333333333,1.0,-1,More transfers
秀朗橋站,麟光站,2,1,39.41666666666666,10.0,3,37.15,13.0,3,2.2666666666666586,3.0,0,Same transfers
秀朗橋站,麟光站,3,1,47.05,8.0,2,37.15,13.0,3,9.899999999999999,5.0,1,Fewer transfers
秀朗橋站,龍山寺站,2,1,34.21666666666667,9.0,1,27.916666666666668,5.0,2,6.300000000000001,-4.0,1,Fewer transfers
科技大樓站,七張站,2,1,36.6,5.0,1,29.05,7.0,2,7.550000000000001,2.0,1,Fewer transfers
科技大樓站,中原站,2,1,42.18333333333333,14.0,2,37.03333333333333,13.0,3,5.149999999999999,-1.0,1,Fewer transfers
科技大樓站,中原站,3,1,46.05,10.0,3,37.03333333333333,13.0,3,9.016666666666666,3.0,0,Same transfers
科技大樓站,中原站,4,1,53.6,8.0,2,37.03333333333333,13.0,3,16.56666666666667,5.0,1,Fewer transfers
科技大樓站,中和站,2,1,42.28333333333333,10.0,3,33.266666666666666,13.0,3,9.016666666666666,3.0,0,Same transfers
科技大樓站,中和站,3,1,45.95,14.0,2,33.266666666666666,13.0,3,12.683333333333337,-1.0,1,Fewer transfers
科技大樓站,中和站,4,1,49.833333333333336,8.0,2,33.266666666666666,13.0,3,16.56666666666667,5.0,1,Fewer transfers
科技大樓站,公館站,2,1,28.416666666666668,5.0,1,20.866666666666667,7.0,2,7.550000000000001,2.0,1,Fewer transfers
科技大樓站,劍潭站,2,1,25.75,5.0,1,24.85,8.0,2,0.8999999999999986,3.0,1,Fewer transfers
科技大樓站,北投站,2,1,39.1,5.0,1,38.2,8.0,2,0.8999999999999986,3.0,1,Fewer transfers
科技大樓站,十四張站,2,1,40.266666666666666,8.0,2,32.71666666666667,10.0,3,7.549999999999997,2.0,1,Fewer transfers
科技大樓站,南港展覽館站,2,1,31.816666666666663,0.0,0,23.366666666666667,5.0,1,8.449999999999996,5.0,1,Fewer transfers
科技大樓站,南港軟體園區站,2,1,30.1,0.0,0,29.666666666666668,10.0,2,0.43333333333333357,10.0,2,Fewer transfers
科技大樓站,古亭站,2,1,24.633333333333333,5.0,1,15.6,7.0,2,9.033333333333333,2.0,1,Fewer transfers
科技大樓站,台電大樓站,2,1,26.6,5.0,1,19.05,7.0,2,7.550000000000001,2.0,1,Fewer transfers
科技大樓站,唭哩岸站,2,1,35.43333333333333,5.0,1,34.53333333333333,8.0,2,0.8999999999999986,3.0,1,Fewer transfers
科技大樓站,圓山站,2,1,23.4,5.0,1,22.5,8.0,2,0.8999999999999986,3.0,1,Fewer transfers
科技大樓站,士林站,2,1,27.883333333333333,5.0,1,26.98333333333333,8.0,2,0.9000000000000021,3.0,1,Fewer transfers
科技大樓站,大坪林站,2,1,34.85,5.0,1,27.3,7.0,2,7.550000000000001,2.0,1,Fewer transfers
科技大樓站,奇岩站,2,1,37.13333333333333,5.0,1,36.23333333333333,8.0,2,0.9000000000000057,3.0,1,Fewer transfers
科技大樓站,小南門站,2,1,20.83333333333333,5.0,1,16.9,7.0,2,3.93333333333333,2.0,1,Fewer transfers
科技大樓站,小碧潭站,2,1,42.98333333333333,8.0,2,35.43333333333333,10.0,3,7.549999999999997,2.0,1,Fewer transfers
科技大樓站,幸福站,2,1,41.03333333333333,13.0,3,38.06666666666667,14.0,2,2.9666666666666615,1.0,-1,More transfers
科技大樓站,幸福站,3,1,60.1,10.0,3,38.06666666666667,14.0,2,22.03333333333333,4.0,-1,More transfers
科技大樓站,幸福站,4,1,67.65,8.0,2,38.06666666666667,14.0,2,29.583333333333336,6.0,0,Same transfers
科技大樓站,復興崗站,2,1,41.8,5.0,1,40.9,8.0,2,0.8999999999999986,3.0,1,Fewer transfers
科技大樓站,忠義站,2,1,44.2,5.0,1,43.3,8.0,2,0.9000000000000057,3.0,1,Fewer transfers
科技大樓站,新北投站,2,1,44.71666666666667,8.0,2,43.81666666666667,11.0,3,0.8999999999999986,3.0,1,Fewer transfers
科技大樓站,新北產業園區站,2,1,43.66666666666666,13.0,3,40.7,14.0,2,2.9666666666666544,1.0,-1,More transfers
科技大樓站,新北產業園區站,3,1,62.73333333333333,10.0,3,40.7,14.0,2,22.033333333333324,4.0,-1,More transfers
科技大樓站,新北產業園區站,4,1,70.28333333333333,8.0,2,40.7,14.0,2,29.58333333333333,6.0,0,Same transfers
科技大樓站,新埔民生站,2,1,41.833333333333336,13.0,3,33.1,14.0,2,8.733333333333334,1.0,-1,More transfers
科技大樓站,新埔民生站,3,1,55.13333333333333,10.0,3,33.1,14.0,2,22.03333333333333,4.0,-1,More transfers
科技大樓站,新埔民生站,4,1,62.68333333333333,8.0,2,33.1,14.0,2,29.58333333333333,6.0,0,Same transfers
科技大樓站,新店區公所站,2,1,38.35,5.0,1,30.8,7.0,2,7.550000000000001,2.0,1,Fewer transfers
科技大樓站,新店站,2,1,40.61666666666667,5.0,1,33.06666666666667,7.0,2,7.549999999999997,2.0,1,Fewer transfers
科技大樓站,明德站,2,1,31.666666666666668,5.0,1,30.766666666666666,8.0,2,0.9000000000000021,3.0,1,Fewer transfers
科技大樓站,景平站,2,1,36.65,10.0,3,31.433333333333334,13.0,3,5.216666666666665,3.0,0,Same transfers
科技大樓站,景平站,3,1,44.2,8.0,2,31.433333333333334,13.0,3,12.76666666666667,5.0,1,Fewer transfers
科技大樓站,景美站,2,1,32.86666666666667,5.0,1,25.316666666666663,7.0,2,7.550000000000004,2.0,1,Fewer transfers
科技大樓站,板新站,2,1,39.91666666666666,14.0,2,39.3,13.0,3,0.61666666666666,-1.0,1,Fewer transfers
科技大樓站,板新站,3,1,48.31666666666667,10.0,3,39.3,13.0,3,9.016666666666673,3.0,0,Same transfers
科技大樓站,板新站,4,1,55.86666666666667,8.0,2,39.3,13.0,3,16.56666666666667,5.0,1,Fewer transfers
科技大樓站,橋和站,2,1,43.8,14.0,2,35.416666666666664,13.0,3,8.383333333333333,-1.0,1,Fewer transfers
科技大樓站,橋和站,3,1,44.43333333333333,10.0,3,35.416666666666664,13.0,3,9.016666666666666,3.0,0,Same transfers
科技大樓站,橋和站,4,1,51.98333333333333,8.0,2,35.416666666666664,13.0,3,16.566666666666663,5.0,1,Fewer transfers
科技大樓站,民權西路站,2,1,21.4,5.0,1,19.716666666666665,7.0,2,1.6833333333333336,2.0,1,Fewer transfers
科技大樓站,淡水站,2,1,55.11666666666667,5.0,1,54.21666666666667,8.0,2,0.8999999999999986,3.0,1,Fewer transfers
科技大樓站,石牌站,2,1,33.166666666666664,5.0,1,32.266666666666666,8.0,2,0.8999999999999986,3.0,1,Fewer transfers
科技大樓站,秀朗橋站,2,1,34.95,10.0,3,33.166666666666664,13.0,3,1.7833333333333385,3.0,0,Same transfers
科技大樓站,秀朗橋站,3,1,42.5,8.0,2,33.166666666666664,13.0,3,9.333333333333336,5.0,1,Fewer transfers
科技大樓站,竹圍站,2,1,48.93333333333333,5.0,1,48.03333333333333,8.0,2,0.8999999999999986,3.0,1,Fewer transfers
科技大樓站,紅樹林站,2,1,51.75,5.0,1,50.85,8.0,2,0.8999999999999986,3.0,1,Fewer transfers
科技大樓站,芝山站,2,1,29.9,5.0,1,29.0,8.0,2,0.8999999999999986,3.0,1,Fewer transfers
科技大樓站,萬隆站,2,1,30.933333333333334,5.0,1,23.383333333333333,7.0,2,7.550000000000001,2.0,1,Fewer transfers
科技大樓站,關渡站,2,1,45.98333333333333,5.0,1,45.083333333333336,8.0,2,0.8999999999999915,3.0,1,Fewer transfers
科技大樓站,雙連站,2,1,19.9,5.0,1,19.0,8.0,2,0.8999999999999986,3.0,1,Fewer transfers
竹圍站,三和國中站,2,1,58.5,2.0,1,36.93333333333333,3.0,1,21.56666666666667,1.0,0,Same transfers
竹圍站,三民高中站,2,1,62.23333333333333,2.0,1,40.66666666666666,3.0,1,21.56666666666667,1.0,0,Same transfers
竹圍站,三重國小站,2,1,56.3,2.0,1,34.733333333333334,3.0,1,21.566666666666663,1.0,0,Same transfers
竹圍站,三重站,2,1,59.75,2.0,1,38.18333333333333,3.0,1,21.56666666666667,1.0,0,Same transfers
竹圍站,中原站,2,1,66.3,8.0,2,61.23333333333333,9.0,2,5.06666666666667,1.0,0,Same transfers
竹圍站,中原站,3,1,68.48333333333333,5.0,2,61.23333333333333,9.0,2,7.250000000000007,4.0,0,Same transfers
竹圍站,中和站,2,1,62.46666666666667,9.0,2,59.18333333333333,10.0,3,3.2833333333333385,1.0,1,Fewer transfers
竹圍站,中和站,3,1,62.53333333333333,8.0,2,59.18333333333333,10.0,3,3.3500000000000014,2.0,1,Fewer transfers
竹圍站,中和站,4,1,64.71666666666667,5.0,2,59.18333333333333,10.0,3,5.5333333333333385,5.0,1,Fewer transfers
竹圍站,中山國中站,2,1,52.85,5.0,1,44.21666666666667,8.0,2,8.633333333333333,3.0,1,Fewer transfers
竹圍站,中山國小站,2,1,49.9,2.0,1,31.78333333333333,3.0,1,18.116666666666667,1.0,0,Same transfers
竹圍站,丹鳳站,2,1,71.73333333333333,2.0,1,50.16666666666666,3.0,1,21.566666666666677,1.0,0,Same transfers
竹圍站,先嗇宮站,2,1,62.53333333333333,2.0,1,40.96666666666667,3.0,1,21.566666666666663,1.0,0,Same transfers
竹圍站,內湖站,2,1,68.65,5.0,1,60.016666666666666,8.0,2,8.63333333333334,3.0,1,Fewer transfers
竹圍站,六張犁站,2,1,51.46666666666667,5.0,1,50.6,8.0,2,0.8666666666666671,3.0,1,Fewer transfers
竹圍站,劍南路站,2,1,61.56666666666667,5.0,1,52.93333333333333,8.0,2,8.63333333333334,3.0,1,Fewer transfers
竹圍站,動物園站,2,1,62.833333333333336,5.0,1,61.96666666666667,8.0,2,0.8666666666666671,3.0,1,Fewer transfers
竹圍站,北門站,2,1,43.16666666666666,2.0,1,35.583333333333336,3.0,1,7.5833333333333215,1.0,0,Same transfers
竹圍站,南京三民站,2,1,54.13333333333333,2.0,1,41.63333333333333,3.0,1,12.5,1.0,0,Same transfers
竹圍站,南京復興站,2,1,50.03333333333333,2.0,1,37.53333333333333,3.0,1,12.5,1.0,0,Same transfers
竹圍站,南勢角站,2,1,54.73333333333333,3.0,1,51.45,4.0,2,3.2833333333333243,1.0,1,Fewer transfers
竹圍站,南勢角站,3,1,54.8,2.0,1,51.45,4.0,2,3.3499999999999943,2.0,1,Fewer transfers
竹圍站,南港軟體園區站,2,1,67.6,8.0,2,63.25,9.0,2,4.349999999999994,1.0,0,Same transfers
竹圍站,南港軟體園區站,3,1,76.23333333333333,5.0,1,63.25,9.0,2,12.983333333333334,4.0,1,Fewer transfers
竹圍站,台北小巨蛋站,2,1,51.98333333333333,2.0,1,39.48333333333333,3.0,1,12.5,1.0,0,Same transfers
竹圍站,台北橋站,2,1,55.9,2.0,1,34.333333333333336,3.0,1,21.566666666666663,1.0,0,Same transfers
竹圍站,大橋頭站,2,1,53.35,2.0,1,31.78333333333333,3.0,1,21.56666666666667,1.0,0,Same transfers
竹圍站,大湖公園站,2,1,70.25,5.0,1,61.61666666666667,8.0,2,8.633333333333333,3.0,1,Fewer transfers
竹圍站,大直站,2,1,59.41666666666666,5.0,1,50.78333333333333,8.0,2,8.633333333333326,3.0,1,Fewer transfers
竹圍站,幸福站,2,1,72.91666666666667,8.0,2,51.35,9.0,2,21.56666666666667,1.0,0,Same transfers
竹圍站,幸福站,3,1,82.53333333333333,5.0,2,51.35,9.0,2,31.18333333333333,4.0,0,Same transfers
竹圍站,徐匯中學站,2,1,60.28333333333333,2.0,1,38.71666666666667,3.0,1,21.566666666666663,1.0,0,Same transfers
竹圍站,忠孝新生站,2,1,43.66666666666666,2.0,1,37.88333333333333,3.0,1,5.783333333333324,1.0,0,Same transfers
竹圍站,文德站,2,1,66.93333333333334,5.0,1,58.3,8.0,2,8.63333333333334,3.0,1,Fewer transfers
竹圍站,新北產業園區站,2,1,75.55,8.0,2,53.98333333333333,9.0,2,21.56666666666667,1.0,0,Same transfers
竹圍站,新北產業園區站,3,1,85.16666666666667,5.0,2,53.98333333333333,9.0,2,31.183333333333344,4.0,0,Same transfers
竹圍站,新埔民生站,2,1,73.71666666666667,8.0,2,52.15,9.0,2,21.56666666666667,1.0,0,Same transfers
竹圍站,新埔民生站,3,1,77.56666666666666,5.0,2,52.15,9.0,2,25.416666666666664,4.0,0,Same transfers
竹圍站,新莊站,2,1,66.73333333333333,2.0,1,45.16666666666666,3.0,1,21.566666666666677,1.0,0,Same transfers
竹圍站,景安站,2,1,52.65,3.0,1,49.36666666666667,4.0,2,3.2833333333333314,1.0,1,Fewer transfers
竹圍站,景安站,3,1,52.71666666666667,2.0,1,49.36666666666667,4.0,2,3.3500000000000014,2.0,1,Fewer transfers
竹圍站,景平站,2,1,59.083333333333336,5.0,2,57.35,10.0,3,1.7333333333333343,5.0,1,Fewer transfers
竹圍站,木柵站,2,1,61.3,5.0,1,60.43333333333333,8.0,2,0.8666666666666671,3.0,1,Fewer transfers
竹圍站,東湖站,2,1,65.76666666666667,8.0,2,65.08333333333333,9.0,2,0.6833333333333371,1.0,0,Same transfers
竹圍站,東湖站,3,1,74.4,5.0,1,65.08333333333333,9.0,2,9.316666666666677,4.0,1,Fewer transfers
竹圍站,松山機場站,2,1,56.05,5.0,1,47.41666666666666,8.0,2,8.63333333333334,3.0,1,Fewer transfers
竹圍站,松山站,2,1,56.88333333333333,2.0,1,44.38333333333333,3.0,1,12.5,1.0,0,Same transfers
竹圍站,松江南京站,2,1,46.0,2.0,1,35.416666666666664,3.0,1,10.583333333333336,1.0,0,Same transfers
竹圍站,板新站,2,1,68.56666666666666,8.0,2,58.96666666666667,9.0,2,9.599999999999994,1.0,0,Same transfers
竹圍站,板新站,3,1,70.75,5.0,2,58.96666666666667,9.0,2,11.783333333333331,4.0,0,Same transfers
竹圍站,橋和站,2,1,62.85,9.0,2,61.333333333333336,10.0,3,1.5166666666666657,1.0,1,Fewer transfers
竹圍站,橋和站,3,1,64.68333333333334,8.0,2,61.333333333333336,10.0,3,3.3500000000000014,2.0,1,Fewer transfers
竹圍站,橋和站,4,1,66.86666666666666,5.0,2,61.333333333333336,10.0,3,5.533333333333324,5.0,1,Fewer transfers
竹圍站,永安市場站,2,1,50.66666666666666,3.0,1,47.38333333333333,4.0,2,3.2833333333333243,1.0,1,Fewer transfers
竹圍站,永安市場站,3,1,50.73333333333333,2.0,1,47.38333333333333,4.0,2,3.3499999999999943,2.0,1,Fewer transfers
竹圍站,港墘站,2,1,65.31666666666666,5.0,1,56.68333333333333,8.0,2,8.633333333333333,3.0,1,Fewer transfers
竹圍站,科技大樓站,2,1,49.016666666666666,5.0,1,48.15,8.0,2,0.8666666666666671,3.0,1,Fewer transfers
竹圍站,菜寮站,2,1,57.93333333333333,2.0,1,36.36666666666667,3.0,1,21.566666666666663,1.0,0,Same transfers
竹圍站,萬芳社區站,2,1,60.1,5.0,1,59.23333333333333,8.0,2,0.8666666666666742,3.0,1,Fewer transfers
竹圍站,萬芳醫院站,2,1,58.03333333333333,5.0,1,57.16666666666666,8.0,2,0.8666666666666742,3.0,1,Fewer transfers
竹圍站,葫洲站,2,1,72.68333333333334,5.0,1,64.05,8.0,2,8.63333333333334,3.0,1,Fewer transfers
竹圍站,蘆洲站,2,1,64.5,2.0,1,42.93333333333333,3.0,1,21.56666666666667,1.0,0,Same transfers
竹圍站,行天宮站,2,1,47.8,2.0,1,33.88333333333333,3.0,1,13.916666666666664,1.0,0,Same transfers
竹圍站,西湖站,2,1,63.81666666666667,5.0,1,55.18333333333333,8.0,2,8.63333333333334,3.0,1,Fewer transfers
竹圍站,西門站,2,1,41.16666666666666,2.0,1,37.48333333333333,3.0,1,3.68333333333333,1.0,0,Same transfers
竹圍站,輔大站,2,1,69.43333333333334,2.0,1,47.86666666666667,3.0,1,21.56666666666667,1.0,0,Same transfers
竹圍站,辛亥站,2,1,55.85,5.0,1,54.98333333333333,8.0,2,0.8666666666666742,3.0,1,Fewer transfers
竹圍站,迴龍站,2,1,74.95,2.0,1,53.38333333333333,3.0,1,21.56666666666667,1.0,0,Same transfers
竹圍站,頂溪站,2,1,48.46666666666667,3.0,1,45.18333333333333,4.0,2,3.2833333333333385,1.0,1,Fewer transfers
竹圍站,頂溪站,3,1,48.53333333333333,2.0,1,45.18333333333333,4.0,2,3.3500000000000014,2.0,1,Fewer transfers
竹圍站,頭前庄站,2,1,64.75,2.0,1,43.18333333333333,3.0,1,21.56666666666667,1.0,0,Same transfers
竹圍站,麟光站,2,1,53.083333333333336,5.0,1,52.21666666666667,8.0,2,0.8666666666666671,3.0,1,Fewer transfers
紅樹林站,三和國中站,2,1,61.31666666666667,2.0,1,39.75,3.0,1,21.56666666666667,1.0,0,Same transfers
紅樹林站,三民高中站,2,1,65.05,2.0,1,43.48333333333333,3.0,1,21.56666666666667,1.0,0,Same transfers
紅樹林站,三重國小站,2,1,59.11666666666667,2.0,1,37.55,3.0,1,21.56666666666667,1.0,0,Same transfers
紅樹林站,三重站,2,1,62.56666666666667,2.0,1,41.0,3.0,1,21.56666666666667,1.0,0,Same transfers
紅樹林站,中原站,2,1,69.11666666666666,8.0,2,64.05,9.0,2,5.066666666666663,1.0,0,Same transfers
紅樹林站,中原站,3,1,71.3,5.0,2,64.05,9.0,2,7.25,4.0,0,Same transfers
紅樹林站,中和站,2,1,65.28333333333333,9.0,2,62.0,10.0,3,3.2833333333333314,1.0,1,Fewer transfers
紅樹林站,中和站,3,1,65.35,8.0,2,62.0,10.0,3,3.3499999999999943,2.0,1,Fewer transfers
紅樹林站,中和站,4,1,67.53333333333333,5.0,2,62.0,10.0,3,5.533333333333331,5.0,1,Fewer transfers
紅樹林站,中山國中站,2,1,55.66666666666666,5.0,1,47.03333333333333,8.0,2,8.633333333333326,3.0,1,Fewer transfers
紅樹林站,中山國小站,2,1,52.71666666666667,2.0,1,34.6,3.0,1,18.116666666666667,1.0,0,Same transfers
紅樹林站,丹鳳站,2,1,74.55,2.0,1,52.98333333333333,3.0,1,21.56666666666667,1.0,0,Same transfers
紅樹林站,先嗇宮站,2,1,65.35,2.0,1,43.78333333333333,3.0,1,21.566666666666663,1.0,0,Same transfers
紅樹林站,內湖站,2,1,71.46666666666667,5.0,1,62.833333333333336,8.0,2,8.633333333333333,3.0,1,Fewer transfers
紅樹林站,六張犁站,2,1,54.28333333333333,5.0,1,53.41666666666666,8.0,2,0.8666666666666742,3.0,1,Fewer transfers
紅樹林站,劍南路站,2,1,64.38333333333334,5.0,1,55.75,8.0,2,8.63333333333334,3.0,1,Fewer transfers
紅樹林站,動物園站,2,1,65.65,5.0,1,64.78333333333333,8.0,2,0.8666666666666742,3.0,1,Fewer transfers
紅樹林站,北門站,2,1,45.98333333333333,2.0,1,38.4,3.0,1,7.583333333333329,1.0,0,Same transfers
紅樹林站,南京三民站,2,1,56.95,2.0,1,44.45,3.0,1,12.5,1.0,0,Same transfers
紅樹林站,南京復興站,2,1,52.85,2.0,1,40.35,3.0,1,12.5,1.0,0,Same transfers
紅樹林站,南勢角站,2,1,57.55,3.0,1,54.266666666666666,4.0,2,3.2833333333333314,1.0,1,Fewer transfers
紅樹林站,南勢角站,3,1,57.61666666666667,2.0,1,54.266666666666666,4.0,2,3.3500000000000014,2.0,1,Fewer transfers
紅樹林站,南港軟體園區站,2,1,70.41666666666667,8.0,2,66.06666666666666,9.0,2,4.3500000000000085,1.0,0,Same transfers
紅樹林站,南港軟體園區站,3,1,79.05,5.0,1,66.06666666666666,9.0,2,12.983333333333334,4.0,1,Fewer transfers
紅樹林站,台北小巨蛋站,2,1,54.8,2.0,1,42.3,3.0,1,12.5,1.0,0,Same transfers
紅樹林站,台北橋站,2,1,58.71666666666667,2.0,1,37.15,3.0,1,21.56666666666667,1.0,0,Same transfers
紅樹林站,大橋頭站,2,1,56.16666666666666,2.0,1,34.6,3.0,1,21.566666666666656,1.0,0,Same transfers
紅樹林站,大湖公園站,2,1,73.06666666666666,5.0,1,64.43333333333334,8.0,2,8.633333333333326,3.0,1,Fewer transfers
紅樹林站,大直站,2,1,62.23333333333333,5.0,1,53.6,8.0,2,8.633333333333326,3.0,1,Fewer transfers
紅樹林站,幸福站,2,1,75.73333333333333,8.0,2,54.16666666666666,9.0,2,21.566666666666677,1.0,0,Same transfers
紅樹林站,幸福站,3,1,85.35,5.0,2,54.16666666666666,9.0,2,31.183333333333337,4.0,0,Same transfers
紅樹林站,徐匯中學站,2,1,63.1,2.0,1,41.53333333333333,3.0,1,21.56666666666667,1.0,0,Same transfers
紅樹林站,忠孝新生站,2,1,46.48333333333333,2.0,1,40.7,3.0,1,5.783333333333324,1.0,0,Same transfers
紅樹林站,文德站,2,1,69.75,5.0,1,61.11666666666667,8.0,2,8.633333333333333,3.0,1,Fewer transfers
紅樹林站,新北產業園區站,2,1,78.36666666666666,8.0,2,56.8,9.0,2,21.566666666666663,1.0,0,Same transfers
紅樹林站,新北產業園區站,3,1,87.98333333333333,5.0,2,56.8,9.0,2,31.183333333333337,4.0,0,Same transfers
紅樹林站,新埔民生站,2,1,76.53333333333333,8.0,2,54.96666666666667,9.0,2,21.566666666666663,1.0,0,Same transfers
紅樹林站,新埔民生站,3,1,80.38333333333334,5.0,2,54.96666666666667,9.0,2,25.41666666666667,4.0,0,Same transfers
紅樹林站,新莊站,2,1,69.55,2.0,1,47.98333333333333,3.0,1,21.56666666666667,1.0,0,Same transfers
紅樹林站,景安站,2,1,55.46666666666667,3.0,1,52.18333333333333,4.0,2,3.2833333333333385,1.0,1,Fewer transfers
紅樹林站,景安站,3,1,55.53333333333333,2.0,1,52.18333333333333,4.0,2,3.3500000000000014,2.0,1,Fewer transfers
紅樹林站,景平站,2,1,61.9,5.0,2,60.16666666666666,10.0,3,1.7333333333333414,5.0,1,Fewer transfers
紅樹林站,木柵站,2,1,64.11666666666666,5.0,1,63.25,8.0,2,0.86666666666666,3.0,1,Fewer transfers
紅樹林站,東湖站,2,1,68.58333333333333,8.0,2,67.9,9.0,2,0.6833333333333229,1.0,0,Same transfers
紅樹林站,東湖站,3,1,77.21666666666667,5.0,1,67.9,9.0,2,9.316666666666663,4.0,1,Fewer transfers
紅樹林站,松山機場站,2,1,58.86666666666667,5.0,1,50.23333333333333,8.0,2,8.63333333333334,3.0,1,Fewer transfers
紅樹林站,松山站,2,1,59.7,2.0,1,47.2,3.0,1,12.5,1.0,0,Same transfers
紅樹林站,松江南京站,2,1,48.81666666666667,2.0,1,38.23333333333333,3.0,1,10.583333333333343,1.0,0,Same transfers
紅樹林站,板新站,2,1,71.38333333333334,8.0,2,61.78333333333333,9.0,2,9.600000000000009,1.0,0,Same transfers
紅樹林站,板新站,3,1,73.56666666666666,5.0,2,61.78333333333333,9.0,2,11.783333333333331,4.0,0,Same transfers
紅樹林站,橋和站,2,1,65.66666666666667,9.0,2,64.15,10.0,3,1.5166666666666657,1.0,1,Fewer transfers
紅樹林站,橋和站,3,1,67.5,8.0,2,64.15,10.0,3,3.3499999999999943,2.0,1,Fewer transfers
紅樹林站,橋和站,4,1,69.68333333333334,5.0,2,64.15,10.0,3,5.533333333333331,5.0,1,Fewer transfers
紅樹林站,永安市場站,2,1,53.48333333333333,3.0,1,50.2,4.0,2,3.2833333333333243,1.0,1,Fewer transfers
紅樹林站,永安市場站,3,1,53.55,2.0,1,50.2,4.0,2,3.3499999999999943,2.0,1,Fewer transfers
紅樹林站,港墘站,2,1,68.13333333333334,5.0,1,59.5,8.0,2,8.63333333333334,3.0,1,Fewer transfers
紅樹林站,科技大樓站,2,1,51.833333333333336,5.0,1,50.96666666666667,8.0,2,0.8666666666666671,3.0,1,Fewer transfers
紅樹林站,菜寮站,2,1,60.75,2.0,1,39.18333333333333,3.0,1,21.56666666666667,1.0,0,Same transfers
紅樹林站,萬芳社區站,2,1,62.91666666666666,5.0,1,62.05,8.0,2,0.86666666666666,3.0,1,Fewer transfers
紅樹林站,萬芳醫院站,2,1,60.85,5.0,1,59.98333333333333,8.0,2,0.8666666666666742,3.0,1,Fewer transfers
紅樹林站,葫洲站,2,1,75.5,5.0,1,66.86666666666666,8.0,2,8.63333333333334,3.0,1,Fewer transfers
紅樹林站,蘆洲站,2,1,67.31666666666666,2.0,1,45.75,3.0,1,21.566666666666663,1.0,0,Same transfers
紅樹林站,行天宮站,2,1,50.61666666666667,2.0,1,36.7,3.0,1,13.916666666666664,1.0,0,Same transfers
紅樹林站,西湖站,2,1,66.63333333333334,5.0,1,58.0,8.0,2,8.63333333333334,3.0,1,Fewer transfers
紅樹林站,西門站,2,1,43.98333333333333,2.0,1,40.3,3.0,1,3.68333333333333,1.0,0,Same transfers
紅樹林站,輔大站,2,1,72.25,2.0,1,50.68333333333333,3.0,1,21.56666666666667,1.0,0,Same transfers
紅樹林站,辛亥站,2,1,58.66666666666666,5.0,1,57.8,8.0,2,0.86666666666666,3.0,1,Fewer transfers
紅樹林站,迴龍站,2,1,77.76666666666667,2.0,1,56.2,3.0,1,21.566666666666663,1.0,0,Same transfers
紅樹林站,頂溪站,2,1,51.28333333333333,3.0,1,48.0,4.0,2,3.2833333333333314,1.0,1,Fewer transfers
紅樹林站,頂溪站,3,1,51.35,2.0,1,48.0,4.0,2,3.3500000000000014,2.0,1,Fewer transfers
紅樹林站,頭前庄站,2,1,67.56666666666666,2.0,1,46.0,3.0,1,21.566666666666663,1.0,0,Same transfers
紅樹林站,麟光站,2,1,55.9,5.0,1,55.03333333333333,8.0,2,0.8666666666666671,3.0,1,Fewer transfers
芝山站,三和國中站,2,1,39.46666666666667,2.0,1,17.9,3.0,1,21.56666666666667,1.0,0,Same transfers
芝山站,三民高中站,2,1,43.2,2.0,1,21.633333333333333,3.0,1,21.56666666666667,1.0,0,Same transfers
芝山站,三重國小站,2,1,37.266666666666666,2.0,1,15.7,3.0,1,21.566666666666666,1.0,0,Same transfers
芝山站,三重站,2,1,40.71666666666667,2.0,1,19.15,3.0,1,21.56666666666667,1.0,0,Same transfers
芝山站,中原站,2,1,47.266666666666666,8.0,2,42.2,9.0,2,5.066666666666663,1.0,0,Same transfers
芝山站,中原站,3,1,49.45,5.0,2,42.2,9.0,2,7.25,4.0,0,Same transfers
芝山站,中和站,2,1,43.43333333333333,9.0,2,40.15,10.0,3,3.2833333333333314,1.0,1,Fewer transfers
芝山站,中和站,3,1,43.5,8.0,2,40.15,10.0,3,3.3500000000000014,2.0,1,Fewer transfers
芝山站,中和站,4,1,45.68333333333333,5.0,2,40.15,10.0,3,5.533333333333331,5.0,1,Fewer transfers
芝山站,中山國中站,2,1,33.81666666666667,5.0,1,25.183333333333334,8.0,2,8.633333333333336,3.0,1,Fewer transfers
芝山站,中山國小站,2,1,30.866666666666667,2.0,1,12.75,3.0,1,18.116666666666667,1.0,0,Same transfers
芝山站,丹鳳站,2,1,52.7,2.0,1,31.133333333333333,3.0,1,21.56666666666667,1.0,0,Same transfers
芝山站,先嗇宮站,2,1,43.5,2.0,1,21.933333333333334,3.0,1,21.566666666666666,1.0,0,Same transfers
芝山站,內湖站,2,1,49.61666666666667,5.0,1,40.98333333333333,8.0,2,8.63333333333334,3.0,1,Fewer transfers
芝山站,六張犁站,2,1,32.43333333333333,5.0,1,31.566666666666663,8.0,2,0.8666666666666671,3.0,1,Fewer transfers
芝山站,劍南路站,2,1,42.53333333333333,5.0,1,33.9,8.0,2,8.633333333333333,3.0,1,Fewer transfers
芝山站,動物園站,2,1,43.8,5.0,1,42.93333333333333,8.0,2,0.8666666666666671,3.0,1,Fewer transfers
芝山站,北門站,2,1,24.133333333333333,2.0,1,16.55,3.0,1,7.583333333333332,1.0,0,Same transfers
芝山站,南京三民站,2,1,35.1,2.0,1,22.6,3.0,1,12.5,1.0,0,Same transfers
芝山站,南京復興站,2,1,31.0,2.0,1,18.5,3.0,1,12.5,1.0,0,Same transfers
芝山站,南勢角站,2,1,35.7,3.0,1,32.416666666666664,4.0,2,3.2833333333333385,1.0,1,Fewer transfers
芝山站,南勢角站,3,1,35.766666666666666,2.0,1,32.416666666666664,4.0,2,3.3500000000000014,2.0,1,Fewer transfers
芝山站,南港軟體園區站,2,1,48.56666666666667,8.0,2,44.21666666666667,9.0,2,4.350000000000001,1.0,0,Same transfers
芝山站,南港軟體園區站,3,1,57.2,5.0,1,44.21666666666667,9.0,2,12.983333333333334,4.0,1,Fewer transfers
芝山站,台北小巨蛋站,2,1,32.95,2.0,1,20.45,3.0,1,12.500000000000004,1.0,0,Same transfers
芝山站,台北橋站,2,1,36.86666666666667,2.0,1,15.3,3.0,1,21.566666666666666,1.0,0,Same transfers
芝山站,大橋頭站,2,1,34.31666666666667,2.0,1,12.75,3.0,1,21.56666666666667,1.0,0,Same transfers
芝山站,大湖公園站,2,1,51.21666666666667,5.0,1,42.583333333333336,8.0,2,8.633333333333333,3.0,1,Fewer transfers
芝山站,大直站,2,1,40.38333333333333,5.0,1,31.75,8.0,2,8.633333333333333,3.0,1,Fewer transfers
芝山站,幸福站,2,1,53.88333333333333,8.0,2,32.31666666666667,9.0,2,21.566666666666663,1.0,0,Same transfers
芝山站,幸福站,3,1,63.5,5.0,2,32.31666666666667,9.0,2,31.18333333333333,4.0,0,Same transfers
芝山站,徐匯中學站,2,1,41.25,2.0,1,19.683333333333334,3.0,1,21.566666666666666,1.0,0,Same transfers
芝山站,忠孝新生站,2,1,24.633333333333333,2.0,1,18.85,3.0,1,5.783333333333331,1.0,0,Same transfers
芝山站,文德站,2,1,47.9,5.0,1,39.266666666666666,8.0,2,8.633333333333333,3.0,1,Fewer transfers
芝山站,新北產業園區站,2,1,56.516666666666666,8.0,2,34.95,9.0,2,21.566666666666663,1.0,0,Same transfers
芝山站,新北產業園區站,3,1,66.13333333333334,5.0,2,34.95,9.0,2,31.183333333333337,4.0,0,Same transfers
芝山站,新埔民生站,2,1,54.68333333333333,8.0,2,33.11666666666667,9.0,2,21.566666666666663,1.0,0,Same transfers
芝山站,新埔民生站,3,1,58.53333333333333,5.0,2,33.11666666666667,9.0,2,25.416666666666664,4.0,0,Same transfers
芝山站,新莊站,2,1,47.7,2.0,1,26.133333333333333,3.0,1,21.56666666666667,1.0,0,Same transfers
芝山站,景安站,2,1,33.61666666666667,3.0,1,30.33333333333333,4.0,2,3.2833333333333385,1.0,1,Fewer transfers
芝山站,景安站,3,1,33.68333333333333,2.0,1,30.33333333333333,4.0,2,3.3500000000000014,2.0,1,Fewer transfers
芝山站,景平站,2,1,40.05,5.0,2,38.31666666666667,10.0,3,1.7333333333333272,5.0,1,Fewer transfers
芝山站,木柵站,2,1,42.266666666666666,5.0,1,41.4,8.0,2,0.8666666666666671,3.0,1,Fewer transfers
芝山站,東湖站,2,1,46.73333333333333,8.0,2,46.05,9.0,2,0.68333333333333,1.0,0,Same transfers
芝山站,東湖站,3,1,55.36666666666667,5.0,1,46.05,9.0,2,9.31666666666667,4.0,1,Fewer transfers
芝山站,松山機場站,2,1,37.016666666666666,5.0,1,28.383333333333333,8.0,2,8.633333333333333,3.0,1,Fewer transfers
芝山站,松山站,2,1,37.85,2.0,1,25.35,3.0,1,12.5,1.0,0,Same transfers
芝山站,松江南京站,2,1,26.966666666666665,2.0,1,16.383333333333333,3.0,1,10.583333333333332,1.0,0,Same transfers
芝山站,板新站,2,1,49.53333333333333,8.0,2,39.93333333333333,9.0,2,9.600000000000001,1.0,0,Same transfers
芝山站,板新站,3,1,51.71666666666667,5.0,2,39.93333333333333,9.0,2,11.783333333333339,4.0,0,Same transfers
芝山站,橋和站,2,1,43.81666666666667,9.0,2,42.3,10.0,3,1.5166666666666728,1.0,1,Fewer transfers
芝山站,橋和站,3,1,45.65,8.0,2,42.3,10.0,3,3.3500000000000014,2.0,1,Fewer transfers
芝山站,橋和站,4,1,47.833333333333336,5.0,2,42.3,10.0,3,5.5333333333333385,5.0,1,Fewer transfers
芝山站,永安市場站,2,1,31.633333333333333,3.0,1,28.35,4.0,2,3.2833333333333314,1.0,1,Fewer transfers
芝山站,永安市場站,3,1,31.7,2.0,1,28.35,4.0,2,3.349999999999998,2.0,1,Fewer transfers
芝山站,港墘站,2,1,46.28333333333333,5.0,1,37.65,8.0,2,8.633333333333333,3.0,1,Fewer transfers
芝山站,科技大樓站,2,1,29.98333333333333,5.0,1,29.116666666666667,8.0,2,0.8666666666666636,3.0,1,Fewer transfers
芝山站,菜寮站,2,1,38.9,2.0,1,17.333333333333332,3.0,1,21.566666666666666,1.0,0,Same transfers
芝山站,萬芳社區站,2,1,41.06666666666667,5.0,1,40.2,8.0,2,0.8666666666666671,3.0,1,Fewer transfers
芝山站,萬芳醫院站,2,1,39.0,5.0,1,38.13333333333333,8.0,2,0.8666666666666671,3.0,1,Fewer transfers
芝山站,葫洲站,2,1,53.65,5.0,1,45.016666666666666,8.0,2,8.633333333333333,3.0,1,Fewer transfers
芝山站,蘆洲站,2,1,45.46666666666667,2.0,1,23.9,3.0,1,21.56666666666667,1.0,0,Same transfers
芝山站,行天宮站,2,1,28.766666666666666,2.0,1,14.85,3.0,1,13.916666666666666,1.0,0,Same transfers
芝山站,西湖站,2,1,44.78333333333333,5.0,1,36.15,8.0,2,8.633333333333333,3.0,1,Fewer transfers
芝山站,西門站,2,1,22.133333333333333,2.0,1,18.45,3.0,1,3.6833333333333336,1.0,0,Same transfers
芝山站,輔大站,2,1,50.4,2.0,1,28.83333333333333,3.0,1,21.56666666666667,1.0,0,Same transfers
芝山站,辛亥站,2,1,36.81666666666667,5.0,1,35.95,8.0,2,0.8666666666666671,3.0,1,Fewer transfers
芝山站,迴龍站,2,1,55.91666666666666,2.0,1,34.35,3.0,1,21.566666666666656,1.0,0,Same transfers
芝山站,頂溪站,2,1,29.433333333333334,3.0,1,26.15,4.0,2,3.283333333333335,1.0,1,Fewer transfers
芝山站,頂溪站,3,1,29.5,2.0,1,26.15,4.0,2,3.3500000000000014,2.0,1,Fewer transfers
芝山站,頭前庄站,2,1,45.71666666666667,2.0,1,24.15,3.0,1,21.56666666666667,1.0,0,Same transfers
芝山站,麟光站,2,1,34.05,5.0,1,33.18333333333333,8.0,2,0.8666666666666671,3.0,1,Fewer transfers
菜寮站,七張站,2,1,34.516666666666666,2.0,1,33.233333333333334,5.0,2,1.2833333333333314,3.0,1,Fewer transfers
菜寮站,中原站,2,1,51.516666666666666,5.0,2,24.45,6.0,1,27.066666666666666,1.0,-1,More transfers
菜寮站,中和站,2,1,47.75,5.0,2,28.216666666666665,6.0,1,19.533333333333335,1.0,-1,More transfers
菜寮站,中山站,2,1,15.783333333333331,2.0,1,11.816666666666666,3.0,1,3.966666666666665,1.0,0,Same transfers
菜寮站,中正紀念堂站,2,1,21.95,2.0,1,17.183333333333334,3.0,1,4.766666666666666,1.0,0,Same transfers
菜寮站,亞東醫院站,2,1,34.0,7.0,2,30.366666666666667,15.0,2,3.633333333333333,8.0,0,Same transfers
菜寮站,亞東醫院站,3,1,35.71666666666667,2.0,1,30.366666666666667,15.0,2,5.350000000000001,13.0,1,Fewer transfers
菜寮站,公館站,2,1,26.33333333333333,2.0,1,25.05,5.0,2,1.2833333333333279,3.0,1,Fewer transfers
菜寮站,劍潭站,2,1,34.7,2.0,1,13.133333333333333,3.0,1,21.56666666666667,1.0,0,Same transfers
菜寮站,北投站,2,1,48.05,2.0,1,26.48333333333333,3.0,1,21.566666666666666,1.0,0,Same transfers
菜寮站,北門站,2,1,18.3,2.0,1,17.333333333333332,6.0,2,0.9666666666666686,4.0,1,Fewer transfers
菜寮站,十四張站,2,1,37.81666666666667,6.0,1,36.9,8.0,3,0.9166666666666714,2.0,2,Fewer transfers
菜寮站,十四張站,3,1,38.18333333333333,5.0,2,36.9,8.0,3,1.2833333333333314,3.0,1,Fewer transfers
菜寮站,台北車站,2,1,19.166666666666668,2.0,1,13.45,3.0,1,5.716666666666669,1.0,0,Same transfers
菜寮站,台大醫院站,2,1,24.03333333333333,2.0,1,15.15,3.0,1,8.883333333333331,1.0,0,Same transfers
菜寮站,台電大樓站,2,1,24.516666666666666,2.0,1,23.23333333333333,5.0,2,1.283333333333335,3.0,1,Fewer transfers
菜寮站,唭哩岸站,2,1,44.38333333333333,2.0,1,22.816666666666663,3.0,1,21.56666666666667,1.0,0,Same transfers
菜寮站,圓山站,2,1,32.35,2.0,1,10.783333333333331,3.0,1,21.56666666666667,1.0,0,Same transfers
菜寮站,土城站,2,1,39.0,7.0,2,35.36666666666667,15.0,2,3.633333333333333,8.0,0,Same transfers
菜寮站,土城站,3,1,40.71666666666667,2.0,1,35.36666666666667,15.0,2,5.350000000000001,13.0,1,Fewer transfers
菜寮站,士林站,2,1,36.833333333333336,2.0,1,15.266666666666667,3.0,1,21.56666666666667,1.0,0,Same transfers
菜寮站,大坪林站,2,1,32.766666666666666,2.0,1,31.48333333333333,5.0,2,1.283333333333335,3.0,1,Fewer transfers
菜寮站,奇岩站,2,1,46.083333333333336,2.0,1,24.516666666666666,3.0,1,21.56666666666667,1.0,0,Same transfers
菜寮站,小南門站,2,1,22.15,2.0,1,21.08333333333333,5.0,2,1.06666666666667,3.0,1,Fewer transfers
菜寮站,小碧潭站,2,1,40.9,5.0,2,39.61666666666667,8.0,3,1.2833333333333314,3.0,1,Fewer transfers
菜寮站,幸福站,2,1,65.56666666666666,5.0,2,14.566666666666666,6.0,1,51.0,1.0,-1,More transfers
菜寮站,府中站,2,1,31.83333333333333,7.0,2,28.2,15.0,2,3.6333333333333293,8.0,0,Same transfers
菜寮站,府中站,3,1,33.55,2.0,1,28.2,15.0,2,5.349999999999998,13.0,1,Fewer transfers
菜寮站,復興崗站,2,1,50.75,2.0,1,29.183333333333334,3.0,1,21.566666666666666,1.0,0,Same transfers
菜寮站,忠義站,2,1,53.15,2.0,1,31.58333333333333,3.0,1,21.56666666666667,1.0,0,Same transfers
菜寮站,新北投站,2,1,53.66666666666666,5.0,2,32.1,6.0,2,21.566666666666656,1.0,0,Same transfers
菜寮站,新北產業園區站,2,1,68.2,5.0,2,17.2,6.0,1,51.0,1.0,-1,More transfers
菜寮站,新埔民生站,2,1,60.6,5.0,2,15.366666666666667,6.0,1,45.233333333333334,1.0,-1,More transfers
菜寮站,新埔站,2,1,28.0,7.0,2,24.366666666666667,15.0,2,3.633333333333333,8.0,0,Same transfers
菜寮站,新埔站,3,1,29.716666666666665,2.0,1,24.366666666666667,15.0,2,5.349999999999998,13.0,1,Fewer transfers
菜寮站,新店區公所站,2,1,36.266666666666666,2.0,1,34.983333333333334,5.0,2,1.2833333333333314,3.0,1,Fewer transfers
菜寮站,新店站,2,1,38.53333333333333,2.0,1,37.25,5.0,2,1.2833333333333314,3.0,1,Fewer transfers
菜寮站,明德站,2,1,40.61666666666667,2.0,1,19.05,3.0,1,21.566666666666666,1.0,0,Same transfers
菜寮站,景平站,2,1,42.11666666666667,5.0,2,33.85,6.0,1,8.266666666666666,1.0,-1,More transfers
菜寮站,景美站,2,1,30.78333333333333,2.0,1,29.5,5.0,2,1.2833333333333314,3.0,1,Fewer transfers
菜寮站,板新站,2,1,53.78333333333333,5.0,2,22.183333333333334,6.0,1,31.599999999999998,1.0,-1,More transfers
菜寮站,板橋站,2,1,31.966666666666665,2.0,1,18.966666666666665,6.0,1,13.0,4.0,0,Same transfers
菜寮站,橋和站,2,1,49.9,5.0,2,26.066666666666663,6.0,1,23.833333333333336,1.0,-1,More transfers
菜寮站,永寧站,2,1,41.016666666666666,7.0,2,37.38333333333333,15.0,2,3.633333333333333,8.0,0,Same transfers
菜寮站,永寧站,3,1,42.73333333333333,2.0,1,37.38333333333333,15.0,2,5.349999999999994,13.0,1,Fewer transfers
菜寮站,江子翠站,2,1,26.25,7.0,2,26.116666666666667,15.0,2,0.13333333333333286,8.0,0,Same transfers
菜寮站,江子翠站,3,1,27.966666666666665,2.0,1,26.116666666666667,15.0,2,1.8499999999999979,13.0,1,Fewer transfers
菜寮站,海山站,2,1,36.8,7.0,2,33.166666666666664,15.0,2,3.633333333333333,8.0,0,Same transfers
菜寮站,海山站,3,1,38.516666666666666,2.0,1,33.166666666666664,15.0,2,5.350000000000001,13.0,1,Fewer transfers
菜寮站,淡水站,2,1,64.06666666666666,2.0,1,42.5,3.0,1,21.566666666666663,1.0,0,Same transfers
菜寮站,石牌站,2,1,42.11666666666667,2.0,1,20.55,3.0,1,21.566666666666666,1.0,0,Same transfers
菜寮站,秀朗橋站,2,1,40.41666666666666,5.0,2,35.583333333333336,6.0,1,4.8333333333333215,1.0,-1,More transfers
菜寮站,竹圍站,2,1,57.88333333333333,2.0,1,36.31666666666667,3.0,1,21.566666666666663,1.0,0,Same transfers
菜寮站,紅樹林站,2,1,60.7,2.0,1,39.13333333333333,3.0,1,21.56666666666667,1.0,0,Same transfers
菜寮站,芝山站,2,1,38.85,2.0,1,17.283333333333335,3.0,1,21.566666666666666,1.0,0,Same transfers
菜寮站,萬隆站,2,1,28.85,2.0,1,27.566666666666663,5.0,2,1.2833333333333385,3.0,1,Fewer transfers
菜寮站,西門站,2,1,20.2,2.0,1,19.23333333333333,6.0,2,0.9666666666666686,4.0,1,Fewer transfers
菜寮站,關渡站,2,1,54.93333333333333,2.0,1,33.36666666666667,3.0,1,21.566666666666663,1.0,0,Same transfers
菜寮站,雙連站,2,1,28.85,2.0,1,10.283333333333331,3.0,1,18.56666666666667,1.0,0,Same transfers
菜寮站,頂埔站,2,1,44.48333333333333,7.0,2,40.85,15.0,2,3.6333333333333258,8.0,0,Same transfers
菜寮站,頂埔站,3,1,46.2,2.0,1,40.85,15.0,2,5.350000000000001,13.0,1,Fewer transfers
菜寮站,龍山寺站,2,1,24.28333333333333,2.0,1,22.566666666666663,7.0,2,1.7166666666666686,5.0,1,Fewer transfers
萬芳社區站,七張站,2,1,47.68333333333333,5.0,1,40.13333333333333,7.0,2,7.549999999999997,2.0,1,Fewer transfers
萬芳社區站,中原站,2,1,53.266666666666666,14.0,2,48.11666666666667,13.0,3,5.149999999999999,-1.0,1,Fewer transfers
萬芳社區站,中原站,3,1,57.13333333333333,10.0,3,48.11666666666667,13.0,3,9.016666666666666,3.0,0,Same transfers
萬芳社區站,中原站,4,1,64.68333333333334,8.0,2,48.11666666666667,13.0,3,16.56666666666667,5.0,1,Fewer transfers
萬芳社區站,中和站,2,1,53.36666666666667,10.0,3,44.35,13.0,3,9.016666666666666,3.0,0,Same transfers
萬芳社區站,中和站,3,1,57.03333333333333,14.0,2,44.35,13.0,3,12.68333333333333,-1.0,1,Fewer transfers
萬芳社區站,中和站,4,1,60.91666666666666,8.0,2,44.35,13.0,3,16.566666666666656,5.0,1,Fewer transfers
萬芳社區站,公館站,2,1,39.5,5.0,1,31.95,7.0,2,7.550000000000001,2.0,1,Fewer transfers
萬芳社區站,劍潭站,2,1,36.833333333333336,5.0,1,35.93333333333333,8.0,2,0.9000000000000057,3.0,1,Fewer transfers
萬芳社區站,北投站,2,1,50.18333333333333,5.0,1,49.28333333333333,8.0,2,0.8999999999999986,3.0,1,Fewer transfers
萬芳社區站,十四張站,2,1,51.35,8.0,2,43.8,10.0,3,7.550000000000004,2.0,1,Fewer transfers
萬芳社區站,南港展覽館站,2,1,42.9,0.0,0,34.45,5.0,1,8.449999999999996,5.0,1,Fewer transfers
萬芳社區站,南港軟體園區站,2,1,41.18333333333333,0.0,0,40.75,10.0,2,0.43333333333333,10.0,2,Fewer transfers
萬芳社區站,古亭站,2,1,35.71666666666667,5.0,1,26.683333333333334,7.0,2,9.033333333333335,2.0,1,Fewer transfers
萬芳社區站,台電大樓站,2,1,37.68333333333333,5.0,1,30.133333333333333,7.0,2,7.549999999999997,2.0,1,Fewer transfers
萬芳社區站,唭哩岸站,2,1,46.516666666666666,5.0,1,45.61666666666667,8.0,2,0.8999999999999986,3.0,1,Fewer transfers
萬芳社區站,圓山站,2,1,34.483333333333334,5.0,1,33.583333333333336,8.0,2,0.8999999999999986,3.0,1,Fewer transfers
萬芳社區站,士林站,2,1,38.96666666666667,5.0,1,38.06666666666667,8.0,2,0.8999999999999986,3.0,1,Fewer transfers
萬芳社區站,大坪林站,2,1,45.93333333333333,5.0,1,38.38333333333333,7.0,2,7.549999999999997,2.0,1,Fewer transfers
萬芳社區站,奇岩站,2,1,48.21666666666667,5.0,1,47.31666666666667,8.0,2,0.8999999999999986,3.0,1,Fewer transfers
萬芳社區站,小南門站,2,1,31.916666666666668,5.0,1,27.98333333333333,7.0,2,3.933333333333337,2.0,1,Fewer transfers
萬芳社區站,小碧潭站,2,1,54.06666666666667,8.0,2,46.516666666666666,10.0,3,7.550000000000004,2.0,1,Fewer transfers
萬芳社區站,幸福站,2,1,52.11666666666667,13.0,3,49.15,14.0,2,2.9666666666666686,1.0,-1,More transfers
萬芳社區站,幸福站,3,1,71.18333333333334,10.0,3,49.15,14.0,2,22.03333333333334,4.0,-1,More transfers
萬芳社區站,幸福站,4,1,78.73333333333333,8.0,2,49.15,14.0,2,29.583333333333336,6.0,0,Same transfers
萬芳社區站,復興崗站,2,1,52.88333333333333,5.0,1,51.98333333333333,8.0,2,0.9000000000000057,3.0,1,Fewer transfers
萬芳社區站,忠義站,2,1,55.28333333333333,5.0,1,54.38333333333333,8.0,2,0.8999999999999986,3.0,1,Fewer transfers
萬芳社區站,新北投站,2,1,55.8,8.0,2,54.9,11.0,3,0.8999999999999986,3.0,1,Fewer transfers
萬芳社區站,新北產業園區站,2,1,54.75,13.0,3,51.78333333333333,14.0,2,2.9666666666666686,1.0,-1,More transfers
萬芳社區站,新北產業園區站,3,1,73.81666666666666,10.0,3,51.78333333333333,14.0,2,22.03333333333333,4.0,-1,More transfers
萬芳社區站,新北產業園區站,4,1,81.36666666666666,8.0,2,51.78333333333333,14.0,2,29.58333333333333,6.0,0,Same transfers
萬芳社區站,新埔民生站,2,1,52.91666666666666,13.0,3,44.18333333333333,14.0,2,8.733333333333327,1.0,-1,More transfers
萬芳社區站,新埔民生站,3,1,66.21666666666667,10.0,3,44.18333333333333,14.0,2,22.03333333333334,4.0,-1,More transfers
萬芳社區站,新埔民生站,4,1,73.76666666666667,8.0,2,44.18333333333333,14.0,2,29.583333333333336,6.0,0,Same transfers
萬芳社區站,新店區公所站,2,1,49.43333333333333,5.0,1,41.88333333333333,7.0,2,7.549999999999997,2.0,1,Fewer transfers
萬芳社區站,新店站,2,1,51.7,5.0,1,44.15,7.0,2,7.550000000000004,2.0,1,Fewer transfers
萬芳社區站,明德站,2,1,42.75,5.0,1,41.85,8.0,2,0.8999999999999986,3.0,1,Fewer transfers
萬芳社區站,景平站,2,1,47.73333333333333,10.0,3,42.516666666666666,13.0,3,5.2166666666666615,3.0,0,Same transfers
萬芳社區站,景平站,3,1,55.28333333333333,8.0,2,42.516666666666666,13.0,3,12.766666666666666,5.0,1,Fewer transfers
萬芳社區站,景美站,2,1,43.95,5.0,1,36.4,7.0,2,7.550000000000004,2.0,1,Fewer transfers
萬芳社區站,板新站,2,1,51.0,14.0,2,50.38333333333333,13.0,3,0.6166666666666671,-1.0,1,Fewer transfers
萬芳社區站,板新站,3,1,59.4,10.0,3,50.38333333333333,13.0,3,9.016666666666666,3.0,0,Same transfers
萬芳社區站,板新站,4,1,66.95,8.0,2,50.38333333333333,13.0,3,16.56666666666667,5.0,1,Fewer transfers
萬芳社區站,橋和站,2,1,54.88333333333333,14.0,2,46.5,13.0,3,8.383333333333333,-1.0,1,Fewer transfers
萬芳社區站,橋和站,3,1,55.516666666666666,10.0,3,46.5,13.0,3,9.016666666666666,3.0,0,Same transfers
萬芳社區站,橋和站,4,1,63.06666666666667,8.0,2,46.5,13.0,3,16.56666666666667,5.0,1,Fewer transfers
萬芳社區站,民權西路站,2,1,32.483333333333334,5.0,1,30.8,7.0,2,1.6833333333333336,2.0,1,Fewer transfers
萬芳社區站,淡水站,2,1,66.2,5.0,1,65.3,8.0,2,0.9000000000000057,3.0,1,Fewer transfers
萬芳社區站,石牌站,2,1,44.25,5.0,1,43.35,8.0,2,0.8999999999999986,3.0,1,Fewer transfers
萬芳社區站,秀朗橋站,2,1,46.03333333333333,10.0,3,44.25,13.0,3,1.7833333333333314,3.0,0,Same transfers
萬芳社區站,秀朗橋站,3,1,53.583333333333336,8.0,2,44.25,13.0,3,9.333333333333336,5.0,1,Fewer transfers
萬芳社區站,竹圍站,2,1,60.016666666666666,5.0,1,59.11666666666667,8.0,2,0.8999999999999986,3.0,1,Fewer transfers
萬芳社區站,紅樹林站,2,1,62.833333333333336,5.0,1,61.93333333333333,8.0,2,0.9000000000000057,3.0,1,Fewer transfers
萬芳社區站,芝山站,2,1,40.98333333333333,5.0,1,40.083333333333336,8.0,2,0.8999999999999915,3.0,1,Fewer transfers
萬芳社區站,萬隆站,2,1,42.016666666666666,5.0,1,34.46666666666667,7.0,2,7.549999999999997,2.0,1,Fewer transfers
萬芳社區站,關渡站,2,1,57.06666666666667,5.0,1,56.16666666666666,8.0,2,0.9000000000000128,3.0,1,Fewer transfers
萬芳社區站,雙連站,2,1,30.98333333333333,5.0,1,30.08333333333333,8.0,2,0.9000000000000021,3.0,1,Fewer transfers
萬芳醫院站,七張站,2,1,45.61666666666667,5.0,1,38.06666666666667,7.0,2,7.549999999999997,2.0,1,Fewer transfers
萬芳醫院站,中原站,2,1,51.2,14.0,2,46.05,13.0,3,5.150000000000006,-1.0,1,Fewer transfers
萬芳醫院站,中原站,3,1,55.06666666666667,10.0,3,46.05,13.0,3,9.016666666666673,3.0,0,Same transfers
萬芳醫院站,中原站,4,1,62.61666666666667,8.0,2,46.05,13.0,3,16.56666666666667,5.0,1,Fewer transfers
萬芳醫院站,中和站,2,1,51.3,10.0,3,42.28333333333333,13.0,3,9.016666666666666,3.0,0,Same transfers
萬芳醫院站,中和站,3,1,54.96666666666667,14.0,2,42.28333333333333,13.0,3,12.683333333333337,-1.0,1,Fewer transfers
萬芳醫院站,中和站,4,1,58.85,8.0,2,42.28333333333333,13.0,3,16.56666666666667,5.0,1,Fewer transfers
萬芳醫院站,公館站,2,1,37.43333333333333,5.0,1,29.883333333333333,7.0,2,7.549999999999997,2.0,1,Fewer transfers
萬芳醫院站,劍潭站,2,1,34.766666666666666,5.0,1,33.86666666666667,8.0,2,0.8999999999999986,3.0,1,Fewer transfers
萬芳醫院站,北投站,2,1,48.11666666666667,5.0,1,47.21666666666667,8.0,2,0.8999999999999986,3.0,1,Fewer transfers
萬芳醫院站,十四張站,2,1,49.28333333333333,8.0,2,41.73333333333333,10.0,3,7.550000000000004,2.0,1,Fewer transfers
萬芳醫院站,南港展覽館站,2,1,40.833333333333336,0.0,0,32.38333333333333,5.0,1,8.450000000000003,5.0,1,Fewer transfers
萬芳醫院站,南港軟體園區站,2,1,39.11666666666667,0.0,0,38.68333333333333,10.0,2,0.4333333333333371,10.0,2,Fewer transfers
萬芳醫院站,古亭站,2,1,33.65,5.0,1,24.616666666666667,7.0,2,9.033333333333331,2.0,1,Fewer transfers
萬芳醫院站,台電大樓站,2,1,35.61666666666667,5.0,1,28.066666666666663,7.0,2,7.550000000000004,2.0,1,Fewer transfers
萬芳醫院站,唭哩岸站,2,1,44.45,5.0,1,43.55,8.0,2,0.9000000000000057,3.0,1,Fewer transfers
萬芳醫院站,圓山站,2,1,32.416666666666664,5.0,1,31.516666666666666,8.0,2,0.8999999999999986,3.0,1,Fewer transfers
萬芳醫院站,士林站,2,1,36.9,5.0,1,36.0,8.0,2,0.8999999999999986,3.0,1,Fewer transfers
萬芳醫院站,大坪林站,2,1,43.86666666666667,5.0,1,36.31666666666667,7.0,2,7.549999999999997,2.0,1,Fewer transfers
萬芳醫院站,奇岩站,2,1,46.15,5.0,1,45.25,8.0,2,0.8999999999999986,3.0,1,Fewer transfers
萬芳醫院站,小南門站,2,1,29.85,5.0,1,25.916666666666668,7.0,2,3.9333333333333336,2.0,1,Fewer transfers
萬芳醫院站,小碧潭站,2,1,52.0,8.0,2,44.45,10.0,3,7.549999999999997,2.0,1,Fewer transfers
萬芳醫院站,幸福站,2,1,50.05,13.0,3,47.083333333333336,14.0,2,2.9666666666666615,1.0,-1,More transfers
萬芳醫院站,幸福站,3,1,69.11666666666666,10.0,3,47.083333333333336,14.0,2,22.033333333333324,4.0,-1,More transfers
萬芳醫院站,幸福站,4,1,76.66666666666667,8.0,2,47.083333333333336,14.0,2,29.583333333333336,6.0,0,Same transfers
萬芳醫院站,復興崗站,2,1,50.81666666666667,5.0,1,49.91666666666666,8.0,2,0.9000000000000128,3.0,1,Fewer transfers
萬芳醫院站,忠義站,2,1,53.21666666666667,5.0,1,52.31666666666667,8.0,2,0.8999999999999986,3.0,1,Fewer transfers
萬芳醫院站,新北投站,2,1,53.73333333333333,8.0,2,52.833333333333336,11.0,3,0.8999999999999915,3.0,1,Fewer transfers
萬芳醫院站,新北產業園區站,2,1,52.68333333333333,13.0,3,49.71666666666667,14.0,2,2.9666666666666615,1.0,-1,More transfers
萬芳醫院站,新北產業園區站,3,1,71.75,10.0,3,49.71666666666667,14.0,2,22.03333333333333,4.0,-1,More transfers
萬芳醫院站,新北產業園區站,4,1,79.3,8.0,2,49.71666666666667,14.0,2,29.58333333333333,6.0,0,Same transfers
萬芳醫院站,新埔民生站,2,1,50.85,13.0,3,42.11666666666667,14.0,2,8.733333333333334,1.0,-1,More transfers
萬芳醫院站,新埔民生站,3,1,64.15,10.0,3,42.11666666666667,14.0,2,22.03333333333334,4.0,-1,More transfers
萬芳醫院站,新埔民生站,4,1,71.7,8.0,2,42.11666666666667,14.0,2,29.583333333333336,6.0,0,Same transfers
萬芳醫院站,新店區公所站,2,1,47.36666666666667,5.0,1,39.81666666666667,7.0,2,7.549999999999997,2.0,1,Fewer transfers
萬芳醫院站,新店站,2,1,49.63333333333333,5.0,1,42.083333333333336,7.0,2,7.549999999999997,2.0,1,Fewer transfers
萬芳醫院站,明德站,2,1,40.68333333333333,5.0,1,39.78333333333333,8.0,2,0.8999999999999986,3.0,1,Fewer transfers
萬芳醫院站,景平站,2,1,45.66666666666666,10.0,3,40.45,13.0,3,5.216666666666654,3.0,0,Same transfers
萬芳醫院站,景平站,3,1,53.21666666666667,8.0,2,40.45,13.0,3,12.766666666666666,5.0,1,Fewer transfers
萬芳醫院站,景美站,2,1,41.88333333333333,5.0,1,34.333333333333336,7.0,2,7.549999999999997,2.0,1,Fewer transfers
萬芳醫院站,板新站,2,1,48.93333333333333,14.0,2,48.31666666666667,13.0,3,0.61666666666666,-1.0,1,Fewer transfers
萬芳醫院站,板新站,3,1,57.333333333333336,10.0,3,48.31666666666667,13.0,3,9.016666666666666,3.0,0,Same transfers
萬芳醫院站,板新站,4,1,64.88333333333334,8.0,2,48.31666666666667,13.0,3,16.56666666666667,5.0,1,Fewer transfers
萬芳醫院站,橋和站,2,1,52.81666666666667,14.0,2,44.43333333333333,13.0,3,8.38333333333334,-1.0,1,Fewer transfers
萬芳醫院站,橋和站,3,1,53.45,10.0,3,44.43333333333333,13.0,3,9.016666666666673,3.0,0,Same transfers
萬芳醫院站,橋和站,4,1,61.0,8.0,2,44.43333333333333,13.0,3,16.56666666666667,5.0,1,Fewer transfers
萬芳醫院站,民權西路站,2,1,30.416666666666668,5.0,1,28.73333333333333,7.0,2,1.6833333333333371,2.0,1,Fewer transfers
萬芳醫院站,淡水站,2,1,64.13333333333334,5.0,1,63.23333333333333,8.0,2,0.9000000000000128,3.0,1,Fewer transfers
萬芳醫院站,石牌站,2,1,42.18333333333333,5.0,1,41.28333333333333,8.0,2,0.8999999999999986,3.0,1,Fewer transfers
萬芳醫院站,秀朗橋站,2,1,43.96666666666667,10.0,3,42.18333333333333,13.0,3,1.7833333333333385,3.0,0,Same transfers
萬芳醫院站,秀朗橋站,3,1,51.516666666666666,8.0,2,42.18333333333333,13.0,3,9.333333333333336,5.0,1,Fewer transfers
萬芳醫院站,竹圍站,2,1,57.95,5.0,1,57.05,8.0,2,0.9000000000000057,3.0,1,Fewer transfers
萬芳醫院站,紅樹林站,2,1,60.766666666666666,5.0,1,59.86666666666667,8.0,2,0.8999999999999986,3.0,1,Fewer transfers
萬芳醫院站,芝山站,2,1,38.91666666666666,5.0,1,38.016666666666666,8.0,2,0.8999999999999915,3.0,1,Fewer transfers
萬芳醫院站,萬隆站,2,1,39.95,5.0,1,32.4,7.0,2,7.550000000000004,2.0,1,Fewer transfers
萬芳醫院站,關渡站,2,1,55.0,5.0,1,54.1,8.0,2,0.8999999999999986,3.0,1,Fewer transfers
萬芳醫院站,雙連站,2,1,28.916666666666668,5.0,1,28.016666666666666,8.0,2,0.9000000000000021,3.0,1,Fewer transfers
萬隆站,三和國中站,2,1,29.416666666666668,2.0,1,28.05,5.0,2,1.3666666666666671,3.0,1,Fewer transfers
萬隆站,三民高中站,2,1,33.15,2.0,1,31.78333333333333,5.0,2,1.3666666666666671,3.0,1,Fewer transfers
萬隆站,三重國小站,2,1,27.216666666666665,2.0,1,25.85,5.0,2,1.3666666666666636,3.0,1,Fewer transfers
萬隆站,三重站,2,1,30.666666666666668,2.0,1,29.3,5.0,2,1.3666666666666671,3.0,1,Fewer transfers
萬隆站,中山站,2,1,15.883333333333333,0.0,0,15.116666666666667,2.0,1,0.7666666666666657,2.0,1,Fewer transfers
萬隆站,丹鳳站,2,1,42.65,2.0,1,41.28333333333333,5.0,2,1.3666666666666671,3.0,1,Fewer transfers
萬隆站,先嗇宮站,2,1,33.45,2.0,1,32.083333333333336,5.0,2,1.3666666666666671,3.0,1,Fewer transfers
萬隆站,六張犁站,2,1,33.416666666666664,5.0,1,25.78333333333333,7.0,2,7.633333333333333,2.0,1,Fewer transfers
萬隆站,動物園站,2,1,44.78333333333333,5.0,1,37.15,7.0,2,7.633333333333333,2.0,1,Fewer transfers
萬隆站,南港展覽館站,2,1,37.31666666666667,2.0,1,34.266666666666666,4.0,2,3.0500000000000043,2.0,1,Fewer transfers
萬隆站,南港站,2,1,35.05,2.0,1,32.0,4.0,2,3.049999999999997,2.0,1,Fewer transfers
萬隆站,南港軟體園區站,2,1,43.61666666666667,7.0,2,40.56666666666667,9.0,3,3.049999999999997,2.0,1,Fewer transfers
萬隆站,南港軟體園區站,3,1,50.41666666666666,5.0,1,40.56666666666667,9.0,3,9.849999999999987,4.0,2,Fewer transfers
萬隆站,台北橋站,2,1,26.816666666666663,2.0,1,25.45,5.0,2,1.3666666666666636,3.0,1,Fewer transfers
萬隆站,國父紀念館站,2,1,25.2,2.0,1,22.15,4.0,2,3.0500000000000007,2.0,1,Fewer transfers
萬隆站,大橋頭站,2,1,24.266666666666666,2.0,1,22.9,5.0,2,1.3666666666666671,3.0,1,Fewer transfers
萬隆站,市政府站,2,1,26.95,2.0,1,23.9,4.0,2,3.0500000000000007,2.0,1,Fewer transfers
萬隆站,幸福站,2,1,36.266666666666666,3.0,1,35.3,11.0,2,0.9666666666666686,8.0,1,Fewer transfers
萬隆站,後山埤站,2,1,30.55,2.0,1,27.5,4.0,2,3.0500000000000007,2.0,1,Fewer transfers
萬隆站,徐匯中學站,2,1,31.2,2.0,1,29.83333333333333,5.0,2,1.3666666666666707,3.0,1,Fewer transfers
萬隆站,忠孝復興站,2,1,21.8,2.0,1,18.75,4.0,2,3.0500000000000007,2.0,1,Fewer transfers
萬隆站,忠孝敦化站,2,1,23.55,2.0,1,20.5,4.0,2,3.0500000000000007,2.0,1,Fewer transfers
萬隆站,新北產業園區站,2,1,38.9,3.0,1,37.93333333333333,11.0,2,0.9666666666666686,8.0,1,Fewer transfers
萬隆站,新埔民生站,2,1,31.3,3.0,1,30.33333333333333,11.0,2,0.9666666666666721,8.0,1,Fewer transfers
萬隆站,新莊站,2,1,37.65,2.0,1,36.28333333333333,5.0,2,1.3666666666666671,3.0,1,Fewer transfers
萬隆站,昆陽站,2,1,32.81666666666667,2.0,1,29.766666666666666,4.0,2,3.0500000000000043,2.0,1,Fewer transfers
萬隆站,景安站,2,1,15.6,2.0,1,14.633333333333333,3.0,1,0.9666666666666668,1.0,0,Same transfers
萬隆站,木柵站,2,1,43.25,5.0,1,35.61666666666667,7.0,2,7.633333333333333,2.0,1,Fewer transfers
萬隆站,東湖站,2,1,45.45,7.0,2,42.4,9.0,3,3.0500000000000043,2.0,1,Fewer transfers
萬隆站,東湖站,3,1,48.583333333333336,5.0,1,42.4,9.0,3,6.183333333333337,4.0,2,Fewer transfers
萬隆站,松江南京站,2,1,18.23333333333333,0.0,0,16.916666666666668,2.0,1,1.3166666666666629,2.0,1,Fewer transfers
萬隆站,永春站,2,1,28.866666666666667,2.0,1,25.816666666666663,4.0,2,3.0500000000000043,2.0,1,Fewer transfers
萬隆站,科技大樓站,2,1,30.966666666666665,5.0,1,23.33333333333333,7.0,2,7.633333333333336,2.0,1,Fewer transfers
萬隆站,菜寮站,2,1,28.85,2.0,1,27.48333333333333,5.0,2,1.3666666666666707,3.0,1,Fewer transfers
萬隆站,萬芳社區站,2,1,42.05,5.0,1,34.416666666666664,7.0,2,7.633333333333333,2.0,1,Fewer transfers
萬隆站,萬芳醫院站,2,1,39.98333333333333,5.0,1,32.35,7.0,2,7.633333333333326,2.0,1,Fewer transfers
萬隆站,葫洲站,2,1,46.86666666666667,5.0,1,44.11666666666667,9.0,3,2.75,4.0,2,Fewer transfers
萬隆站,蘆洲站,2,1,35.416666666666664,2.0,1,34.05,5.0,2,1.3666666666666671,3.0,1,Fewer transfers
萬隆站,輔大站,2,1,40.35,2.0,1,38.98333333333333,5.0,2,1.3666666666666742,3.0,1,Fewer transfers
萬隆站,辛亥站,2,1,37.8,5.0,1,30.166666666666668,7.0,2,7.633333333333329,2.0,1,Fewer transfers
萬隆站,迴龍站,2,1,45.86666666666667,2.0,1,44.5,5.0,2,1.3666666666666671,3.0,1,Fewer transfers
萬隆站,頭前庄站,2,1,34.1,3.0,1,33.13333333333333,11.0,2,0.9666666666666686,8.0,1,Fewer transfers
萬隆站,頭前庄站,3,1,35.666666666666664,2.0,1,33.13333333333333,11.0,2,2.5333333333333314,9.0,1,Fewer transfers
萬隆站,麟光站,2,1,35.03333333333333,5.0,1,27.4,7.0,2,7.633333333333333,2.0,1,Fewer transfers
葫洲站,七張站,2,1,52.5,5.0,1,49.75,9.0,3,2.75,4.0,2,Fewer transfers
葫洲站,中原站,2,1,59.03333333333333,14.0,2,57.21666666666667,13.0,3,1.8166666666666629,-1.0,1,Fewer transfers
葫洲站,中原站,3,1,66.75,12.0,4,57.21666666666667,13.0,3,9.533333333333331,1.0,-1,More transfers
葫洲站,中原站,4,1,69.5,8.0,2,57.21666666666667,13.0,3,12.283333333333331,5.0,1,Fewer transfers
葫洲站,中和站,2,1,62.8,14.0,2,53.45,13.0,3,9.349999999999994,-1.0,1,Fewer transfers
葫洲站,中和站,3,1,62.98333333333333,12.0,4,53.45,13.0,3,9.533333333333324,1.0,-1,More transfers
葫洲站,中和站,4,1,65.73333333333333,8.0,2,53.45,13.0,3,12.283333333333331,5.0,1,Fewer transfers
葫洲站,公館站,2,1,44.31666666666667,5.0,1,41.56666666666667,9.0,3,2.75,4.0,2,Fewer transfers
葫洲站,劍潭站,2,1,49.41666666666666,5.0,1,40.75,8.0,2,8.666666666666657,3.0,1,Fewer transfers
葫洲站,北投站,2,1,62.766666666666666,5.0,1,54.1,8.0,2,8.666666666666664,3.0,1,Fewer transfers
葫洲站,十四張站,2,1,55.583333333333336,13.0,3,53.41666666666666,12.0,4,2.1666666666666785,-1.0,1,Fewer transfers
葫洲站,十四張站,3,1,56.16666666666666,8.0,2,53.41666666666666,12.0,4,2.75,4.0,2,Fewer transfers
葫洲站,古亭站,2,1,40.53333333333333,5.0,1,35.78333333333333,7.0,2,4.75,2.0,1,Fewer transfers
葫洲站,台大醫院站,2,1,36.7,8.0,2,36.1,9.0,2,0.6000000000000014,1.0,0,Same transfers
葫洲站,台大醫院站,3,1,38.75,5.0,1,36.1,9.0,2,2.6499999999999986,4.0,1,Fewer transfers
葫洲站,台電大樓站,2,1,42.5,5.0,1,39.75,9.0,3,2.75,4.0,2,Fewer transfers
葫洲站,唭哩岸站,2,1,59.1,5.0,1,50.43333333333333,8.0,2,8.666666666666671,3.0,1,Fewer transfers
葫洲站,圓山站,2,1,47.06666666666667,5.0,1,38.4,8.0,2,8.666666666666671,3.0,1,Fewer transfers
葫洲站,士林站,2,1,51.55,5.0,1,42.88333333333333,8.0,2,8.666666666666664,3.0,1,Fewer transfers
葫洲站,大坪林站,2,1,50.75,5.0,1,48.0,9.0,3,2.75,4.0,2,Fewer transfers
葫洲站,奇岩站,2,1,60.8,5.0,1,52.13333333333333,8.0,2,8.666666666666664,3.0,1,Fewer transfers
葫洲站,小碧潭站,2,1,58.88333333333333,8.0,2,56.13333333333333,12.0,4,2.75,4.0,2,Fewer transfers
葫洲站,幸福站,2,1,56.93333333333333,13.0,3,54.91666666666666,14.0,2,2.016666666666673,1.0,-1,More transfers
葫洲站,幸福站,3,1,80.8,12.0,4,54.91666666666666,14.0,2,25.88333333333334,2.0,-2,More transfers
葫洲站,幸福站,4,1,83.55,8.0,2,54.91666666666666,14.0,2,28.63333333333334,6.0,0,Same transfers
葫洲站,復興崗站,2,1,65.46666666666667,5.0,1,56.8,8.0,2,8.666666666666671,3.0,1,Fewer transfers
葫洲站,忠義站,2,1,67.86666666666666,5.0,1,59.2,8.0,2,8.666666666666657,3.0,1,Fewer transfers
葫洲站,新北投站,2,1,68.38333333333334,8.0,2,59.71666666666667,11.0,3,8.666666666666671,3.0,1,Fewer transfers
葫洲站,新北產業園區站,2,1,59.56666666666667,13.0,3,57.55,14.0,2,2.016666666666673,1.0,-1,More transfers
葫洲站,新北產業園區站,3,1,83.43333333333334,12.0,4,57.55,14.0,2,25.88333333333334,2.0,-2,More transfers
葫洲站,新北產業園區站,4,1,86.18333333333334,8.0,2,57.55,14.0,2,28.63333333333334,6.0,0,Same transfers
葫洲站,新埔民生站,2,1,57.73333333333333,13.0,3,49.95,14.0,2,7.783333333333324,1.0,-1,More transfers
葫洲站,新埔民生站,3,1,75.83333333333333,12.0,4,49.95,14.0,2,25.883333333333326,2.0,-2,More transfers
葫洲站,新埔民生站,4,1,78.58333333333333,8.0,2,49.95,14.0,2,28.633333333333326,6.0,0,Same transfers
葫洲站,新店區公所站,2,1,54.25,5.0,1,51.5,9.0,3,2.75,4.0,2,Fewer transfers
葫洲站,新店站,2,1,56.516666666666666,5.0,1,53.766666666666666,9.0,3,2.75,4.0,2,Fewer transfers
葫洲站,明德站,2,1,55.333333333333336,5.0,1,46.66666666666666,8.0,2,8.666666666666679,3.0,1,Fewer transfers
葫洲站,景平站,2,1,57.35,12.0,4,51.61666666666667,13.0,3,5.733333333333334,1.0,-1,More transfers
葫洲站,景平站,3,1,60.1,8.0,2,51.61666666666667,13.0,3,8.483333333333334,5.0,1,Fewer transfers
葫洲站,景美站,2,1,48.766666666666666,5.0,1,46.016666666666666,9.0,3,2.75,4.0,2,Fewer transfers
葫洲站,東門站,2,1,33.25,5.0,1,31.766666666666666,7.0,2,1.4833333333333343,2.0,1,Fewer transfers
葫洲站,板新站,2,1,59.48333333333333,13.0,3,56.766666666666666,14.0,2,2.7166666666666615,1.0,-1,More transfers
葫洲站,板新站,3,1,69.01666666666667,12.0,4,56.766666666666666,14.0,2,12.25,2.0,-2,More transfers
葫洲站,板新站,4,1,71.76666666666667,8.0,2,56.766666666666666,14.0,2,15.0,6.0,0,Same transfers
葫洲站,橋和站,2,1,60.65,14.0,2,55.6,13.0,3,5.049999999999997,-1.0,1,Fewer transfers
葫洲站,橋和站,3,1,65.13333333333334,12.0,4,55.6,13.0,3,9.533333333333339,1.0,-1,More transfers
葫洲站,橋和站,4,1,67.88333333333334,8.0,2,55.6,13.0,3,12.283333333333339,5.0,1,Fewer transfers
葫洲站,民權西路站,2,1,45.06666666666667,5.0,1,35.61666666666667,7.0,2,9.450000000000003,2.0,1,Fewer transfers
葫洲站,淡水站,2,1,78.78333333333333,5.0,1,70.11666666666666,8.0,2,8.666666666666671,3.0,1,Fewer transfers
葫洲站,石牌站,2,1,56.833333333333336,5.0,1,48.16666666666666,8.0,2,8.666666666666679,3.0,1,Fewer transfers
葫洲站,秀朗橋站,2,1,55.65,12.0,4,53.35,13.0,3,2.299999999999997,1.0,-1,More transfers
葫洲站,秀朗橋站,3,1,58.4,8.0,2,53.35,13.0,3,5.049999999999997,5.0,1,Fewer transfers
葫洲站,竹圍站,2,1,72.6,5.0,1,63.93333333333333,8.0,2,8.666666666666664,3.0,1,Fewer transfers
葫洲站,紅樹林站,2,1,75.41666666666667,5.0,1,66.75,8.0,2,8.666666666666671,3.0,1,Fewer transfers
葫洲站,芝山站,2,1,53.56666666666667,5.0,1,44.9,8.0,2,8.666666666666671,3.0,1,Fewer transfers
葫洲站,萬隆站,2,1,46.833333333333336,5.0,1,44.083333333333336,9.0,3,2.75,4.0,2,Fewer transfers
葫洲站,關渡站,2,1,69.65,5.0,1,60.98333333333333,8.0,2,8.666666666666679,3.0,1,Fewer transfers
葫洲站,雙連站,2,1,43.56666666666667,5.0,1,34.9,8.0,2,8.666666666666671,3.0,1,Fewer transfers
蘆洲站,七張站,2,1,41.083333333333336,2.0,1,39.8,5.0,2,1.2833333333333385,3.0,1,Fewer transfers
蘆洲站,中原站,2,1,48.55,6.0,1,41.16666666666666,7.0,2,7.38333333333334,1.0,1,Fewer transfers
蘆洲站,中原站,3,1,58.083333333333336,5.0,2,41.16666666666666,7.0,2,16.91666666666668,2.0,0,Same transfers
蘆洲站,中和站,2,1,54.31666666666667,5.0,2,44.78333333333333,6.0,1,9.533333333333339,1.0,-1,More transfers
蘆洲站,中山站,2,1,22.35,2.0,1,18.383333333333333,3.0,1,3.9666666666666686,1.0,0,Same transfers
蘆洲站,中正紀念堂站,2,1,28.516666666666666,2.0,1,23.75,3.0,1,4.766666666666666,1.0,0,Same transfers
蘆洲站,亞東醫院站,2,1,42.28333333333333,2.0,1,40.56666666666667,7.0,2,1.7166666666666615,5.0,1,Fewer transfers
蘆洲站,公館站,2,1,32.9,2.0,1,31.616666666666667,5.0,2,1.2833333333333314,3.0,1,Fewer transfers
蘆洲站,劍潭站,2,1,41.266666666666666,2.0,1,19.7,3.0,1,21.566666666666666,1.0,0,Same transfers
蘆洲站,北投站,2,1,54.61666666666667,2.0,1,33.05,3.0,1,21.56666666666667,1.0,0,Same transfers
蘆洲站,北門站,2,1,24.866666666666667,2.0,1,23.9,6.0,2,0.9666666666666686,4.0,1,Fewer transfers
蘆洲站,十四張站,2,1,44.75,5.0,2,43.46666666666667,8.0,3,1.2833333333333314,3.0,1,Fewer transfers
蘆洲站,十四張站,3,1,46.91666666666666,6.0,1,43.46666666666667,8.0,3,3.4499999999999886,2.0,2,Fewer transfers
蘆洲站,台北車站,2,1,25.73333333333333,2.0,1,20.016666666666666,3.0,1,5.716666666666665,1.0,0,Same transfers
蘆洲站,台大醫院站,2,1,30.6,2.0,1,21.716666666666665,3.0,1,8.883333333333336,1.0,0,Same transfers
蘆洲站,台電大樓站,2,1,31.08333333333333,2.0,1,29.8,5.0,2,1.2833333333333279,3.0,1,Fewer transfers
蘆洲站,唭哩岸站,2,1,50.95,2.0,1,29.383333333333333,3.0,1,21.56666666666667,1.0,0,Same transfers
蘆洲站,圓山站,2,1,38.91666666666666,2.0,1,17.35,3.0,1,21.566666666666656,1.0,0,Same transfers
蘆洲站,土城站,2,1,47.28333333333333,2.0,1,45.56666666666667,7.0,2,1.7166666666666615,5.0,1,Fewer transfers
蘆洲站,士林站,2,1,43.4,2.0,1,21.83333333333333,3.0,1,21.56666666666667,1.0,0,Same transfers
蘆洲站,大坪林站,2,1,39.333333333333336,2.0,1,38.05,5.0,2,1.2833333333333385,3.0,1,Fewer transfers
蘆洲站,奇岩站,2,1,52.65,2.0,1,31.08333333333333,3.0,1,21.56666666666667,1.0,0,Same transfers
蘆洲站,小南門站,2,1,28.716666666666665,2.0,1,27.65,5.0,2,1.0666666666666664,3.0,1,Fewer transfers
蘆洲站,小碧潭站,2,1,47.46666666666667,5.0,2,46.18333333333333,8.0,3,1.2833333333333385,3.0,1,Fewer transfers
蘆洲站,幸福站,2,1,62.6,6.0,1,31.28333333333333,7.0,2,31.31666666666667,1.0,1,Fewer transfers
蘆洲站,幸福站,3,1,72.13333333333334,5.0,2,31.28333333333333,7.0,2,40.85000000000001,2.0,0,Same transfers
蘆洲站,府中站,2,1,40.11666666666667,2.0,1,38.4,7.0,2,1.7166666666666686,5.0,1,Fewer transfers
蘆洲站,復興崗站,2,1,57.31666666666667,2.0,1,35.75,3.0,1,21.56666666666667,1.0,0,Same transfers
蘆洲站,忠義站,2,1,59.71666666666667,2.0,1,38.15,3.0,1,21.56666666666667,1.0,0,Same transfers
蘆洲站,新北投站,2,1,60.23333333333333,5.0,2,38.66666666666666,6.0,2,21.56666666666667,1.0,0,Same transfers
蘆洲站,新北產業園區站,2,1,65.23333333333333,6.0,1,33.916666666666664,7.0,2,31.31666666666667,1.0,1,Fewer transfers
蘆洲站,新北產業園區站,3,1,74.76666666666667,5.0,2,33.916666666666664,7.0,2,40.85,2.0,0,Same transfers
蘆洲站,新埔民生站,2,1,57.63333333333333,6.0,1,32.083333333333336,7.0,2,25.549999999999997,1.0,1,Fewer transfers
蘆洲站,新埔民生站,3,1,67.16666666666667,5.0,2,32.083333333333336,7.0,2,35.083333333333336,2.0,0,Same transfers
蘆洲站,新埔站,2,1,36.28333333333333,2.0,1,34.56666666666667,7.0,2,1.7166666666666615,5.0,1,Fewer transfers
蘆洲站,新店區公所站,2,1,42.833333333333336,2.0,1,41.55,5.0,2,1.2833333333333385,3.0,1,Fewer transfers
蘆洲站,新店站,2,1,45.1,2.0,1,43.81666666666667,5.0,2,1.2833333333333314,3.0,1,Fewer transfers
蘆洲站,明德站,2,1,47.18333333333333,2.0,1,25.616666666666667,3.0,1,21.566666666666663,1.0,0,Same transfers
蘆洲站,景平站,2,1,48.68333333333333,5.0,2,42.95,6.0,1,5.733333333333327,1.0,-1,More transfers
蘆洲站,景美站,2,1,37.35,2.0,1,36.06666666666667,5.0,2,1.2833333333333314,3.0,1,Fewer transfers
蘆洲站,板新站,2,1,50.81666666666667,6.0,1,38.9,7.0,2,11.916666666666671,1.0,1,Fewer transfers
蘆洲站,板新站,3,1,60.35,5.0,2,38.9,7.0,2,21.450000000000003,2.0,0,Same transfers
蘆洲站,板橋站,2,1,38.53333333333333,2.0,1,35.68333333333333,7.0,2,2.8500000000000014,5.0,1,Fewer transfers
蘆洲站,橋和站,2,1,46.93333333333333,6.0,1,42.78333333333333,7.0,2,4.149999999999999,1.0,1,Fewer transfers
蘆洲站,橋和站,3,1,56.46666666666667,5.0,2,42.78333333333333,7.0,2,13.683333333333337,2.0,0,Same transfers
蘆洲站,永寧站,2,1,49.3,2.0,1,47.583333333333336,7.0,2,1.7166666666666615,5.0,1,Fewer transfers
蘆洲站,江子翠站,2,1,34.53333333333333,2.0,1,32.81666666666667,7.0,2,1.7166666666666615,5.0,1,Fewer transfers
蘆洲站,海山站,2,1,45.083333333333336,2.0,1,43.36666666666667,7.0,2,1.7166666666666686,5.0,1,Fewer transfers
蘆洲站,淡水站,2,1,70.63333333333334,2.0,1,49.06666666666667,3.0,1,21.56666666666667,1.0,0,Same transfers
蘆洲站,石牌站,2,1,48.68333333333333,2.0,1,27.116666666666667,3.0,1,21.566666666666663,1.0,0,Same transfers
蘆洲站,秀朗橋站,2,1,46.98333333333333,5.0,2,44.68333333333333,6.0,1,2.299999999999997,1.0,-1,More transfers
蘆洲站,竹圍站,2,1,64.45,2.0,1,42.88333333333333,3.0,1,21.56666666666667,1.0,0,Same transfers
蘆洲站,紅樹林站,2,1,67.26666666666667,2.0,1,45.7,3.0,1,21.566666666666663,1.0,0,Same transfers
蘆洲站,芝山站,2,1,45.41666666666666,2.0,1,23.85,3.0,1,21.566666666666656,1.0,0,Same transfers
蘆洲站,萬隆站,2,1,35.416666666666664,2.0,1,34.13333333333333,5.0,2,1.2833333333333314,3.0,1,Fewer transfers
蘆洲站,西門站,2,1,26.766666666666666,2.0,1,25.8,6.0,2,0.966666666666665,4.0,1,Fewer transfers
蘆洲站,關渡站,2,1,61.5,2.0,1,39.93333333333333,3.0,1,21.56666666666667,1.0,0,Same transfers
蘆洲站,雙連站,2,1,35.416666666666664,2.0,1,16.85,3.0,1,18.566666666666663,1.0,0,Same transfers
蘆洲站,頂埔站,2,1,52.766666666666666,2.0,1,51.05,7.0,2,1.7166666666666686,5.0,1,Fewer transfers
蘆洲站,龍山寺站,2,1,30.85,2.0,1,29.133333333333333,7.0,2,1.7166666666666686,5.0,1,Fewer transfers
行天宮站,中原站,2,1,41.38333333333333,5.0,2,31.85,6.0,1,9.533333333333331,1.0,-1,More transfers
行天宮站,中和站,2,1,37.61666666666667,5.0,2,28.08333333333333,6.0,1,9.533333333333339,1.0,-1,More transfers
行天宮站,劍潭站,2,1,24.566666666666663,2.0,1,10.65,3.0,1,13.916666666666663,1.0,0,Same transfers
行天宮站,北投站,2,1,37.91666666666666,2.0,1,24.0,3.0,1,13.916666666666657,1.0,0,Same transfers
行天宮站,十四張站,2,1,30.216666666666665,6.0,1,28.05,5.0,2,2.1666666666666643,-1.0,1,Fewer transfers
行天宮站,台大醫院站,2,1,12.666666666666666,3.0,1,11.983333333333333,5.0,2,0.6833333333333336,2.0,1,Fewer transfers
行天宮站,台大醫院站,3,1,13.9,2.0,1,11.983333333333333,5.0,2,1.9166666666666679,3.0,1,Fewer transfers
行天宮站,唭哩岸站,2,1,34.25,2.0,1,20.33333333333333,3.0,1,13.916666666666671,1.0,0,Same transfers
行天宮站,圓山站,2,1,22.216666666666665,2.0,1,8.3,3.0,1,13.916666666666664,1.0,0,Same transfers
行天宮站,士林站,2,1,26.7,2.0,1,12.783333333333331,3.0,1,13.916666666666668,1.0,0,Same transfers
行天宮站,奇岩站,2,1,35.95,2.0,1,22.03333333333333,3.0,1,13.916666666666671,1.0,0,Same transfers
行天宮站,幸福站,2,1,55.43333333333333,5.0,2,24.616666666666667,6.0,1,30.816666666666663,1.0,-1,More transfers
行天宮站,復興崗站,2,1,40.61666666666667,2.0,1,26.7,3.0,1,13.916666666666668,1.0,0,Same transfers
行天宮站,忠義站,2,1,43.016666666666666,2.0,1,29.1,3.0,1,13.916666666666664,1.0,0,Same transfers
行天宮站,新北投站,2,1,43.53333333333333,5.0,2,29.616666666666667,6.0,2,13.916666666666664,1.0,0,Same transfers
行天宮站,新北產業園區站,2,1,58.06666666666667,5.0,2,27.25,6.0,1,30.81666666666667,1.0,-1,More transfers
行天宮站,新埔民生站,2,1,50.46666666666667,5.0,2,25.416666666666668,6.0,1,25.05,1.0,-1,More transfers
行天宮站,明德站,2,1,30.48333333333333,2.0,1,16.566666666666666,3.0,1,13.916666666666664,1.0,0,Same transfers
行天宮站,景平站,2,1,31.98333333333333,5.0,2,26.25,6.0,1,5.733333333333331,1.0,-1,More transfers
行天宮站,板新站,2,1,43.65,5.0,2,32.233333333333334,6.0,1,11.416666666666664,1.0,-1,More transfers
行天宮站,橋和站,2,1,39.766666666666666,5.0,2,30.23333333333333,6.0,1,9.533333333333335,1.0,-1,More transfers
行天宮站,淡水站,2,1,53.93333333333333,2.0,1,40.016666666666666,3.0,1,13.916666666666664,1.0,0,Same transfers
行天宮站,石牌站,2,1,31.98333333333333,2.0,1,18.066666666666663,3.0,1,13.916666666666668,1.0,0,Same transfers
行天宮站,秀朗橋站,2,1,30.28333333333333,5.0,2,27.98333333333333,6.0,1,2.3000000000000007,1.0,-1,More transfers
行天宮站,竹圍站,2,1,47.75,2.0,1,33.833333333333336,3.0,1,13.916666666666664,1.0,0,Same transfers
行天宮站,紅樹林站,2,1,50.56666666666667,2.0,1,36.65,3.0,1,13.916666666666671,1.0,0,Same transfers
行天宮站,芝山站,2,1,28.716666666666665,2.0,1,14.8,3.0,1,13.916666666666664,1.0,0,Same transfers
行天宮站,關渡站,2,1,44.8,2.0,1,30.883333333333333,3.0,1,13.916666666666664,1.0,0,Same transfers
行天宮站,雙連站,2,1,18.716666666666665,2.0,1,7.8,3.0,1,10.916666666666664,1.0,0,Same transfers
西湖站,中原站,2,1,53.41666666666666,14.0,2,51.6,13.0,3,1.8166666666666558,-1.0,1,Fewer transfers
西湖站,中原站,3,1,60.63333333333333,8.0,2,51.6,13.0,3,9.033333333333331,5.0,1,Fewer transfers
西湖站,中和站,2,1,56.86666666666667,8.0,2,47.833333333333336,13.0,3,9.033333333333331,5.0,1,Fewer transfers
西湖站,劍潭站,2,1,40.55,5.0,1,31.883333333333333,8.0,2,8.666666666666664,3.0,1,Fewer transfers
西湖站,北投站,2,1,53.9,5.0,1,45.23333333333333,8.0,2,8.666666666666671,3.0,1,Fewer transfers
西湖站,古亭站,2,1,31.666666666666668,5.0,1,30.166666666666668,7.0,2,1.5,2.0,1,Fewer transfers
西湖站,台大醫院站,2,1,29.883333333333333,5.0,1,27.83333333333333,8.0,2,2.0500000000000043,3.0,1,Fewer transfers
西湖站,唭哩岸站,2,1,50.23333333333333,5.0,1,41.56666666666667,8.0,2,8.666666666666657,3.0,1,Fewer transfers
西湖站,圓山站,2,1,38.2,5.0,1,29.53333333333333,8.0,2,8.666666666666671,3.0,1,Fewer transfers
西湖站,士林站,2,1,42.68333333333333,5.0,1,34.016666666666666,8.0,2,8.666666666666664,3.0,1,Fewer transfers
西湖站,奇岩站,2,1,51.93333333333333,5.0,1,43.266666666666666,8.0,2,8.666666666666664,3.0,1,Fewer transfers
西湖站,幸福站,2,1,49.3,14.0,2,48.06666666666667,13.0,3,1.2333333333333272,-1.0,1,Fewer transfers
西湖站,幸福站,3,1,74.68333333333334,8.0,2,48.06666666666667,13.0,3,26.616666666666667,5.0,1,Fewer transfers
西湖站,復興崗站,2,1,56.6,5.0,1,47.93333333333333,8.0,2,8.666666666666671,3.0,1,Fewer transfers
西湖站,忠義站,2,1,59.0,5.0,1,50.333333333333336,8.0,2,8.666666666666664,3.0,1,Fewer transfers
西湖站,新北投站,2,1,59.516666666666666,8.0,2,50.85,11.0,3,8.666666666666664,3.0,1,Fewer transfers
西湖站,新北產業園區站,2,1,51.93333333333333,14.0,2,50.7,13.0,3,1.2333333333333272,-1.0,1,Fewer transfers
西湖站,新北產業園區站,3,1,77.31666666666666,8.0,2,50.7,13.0,3,26.61666666666666,5.0,1,Fewer transfers
西湖站,新埔民生站,2,1,48.86666666666667,13.0,3,44.333333333333336,14.0,2,4.533333333333331,1.0,-1,More transfers
西湖站,新埔民生站,3,1,69.71666666666667,8.0,2,44.333333333333336,14.0,2,25.383333333333333,6.0,0,Same transfers
西湖站,明德站,2,1,46.46666666666667,5.0,1,37.8,8.0,2,8.666666666666671,3.0,1,Fewer transfers
西湖站,景平站,2,1,51.23333333333333,8.0,2,46.0,13.0,3,5.233333333333327,5.0,1,Fewer transfers
西湖站,板新站,2,1,53.86666666666667,13.0,3,51.15,14.0,2,2.7166666666666686,1.0,-1,More transfers
西湖站,板新站,3,1,62.9,8.0,2,51.15,14.0,2,11.75,6.0,0,Same transfers
西湖站,橋和站,2,1,55.03333333333333,14.0,2,49.98333333333333,13.0,3,5.050000000000004,-1.0,1,Fewer transfers
西湖站,橋和站,3,1,59.016666666666666,8.0,2,49.98333333333333,13.0,3,9.033333333333339,5.0,1,Fewer transfers
西湖站,民權西路站,2,1,36.2,5.0,1,26.75,7.0,2,9.450000000000003,2.0,1,Fewer transfers
西湖站,淡水站,2,1,69.91666666666667,5.0,1,61.25,8.0,2,8.666666666666671,3.0,1,Fewer transfers
西湖站,石牌站,2,1,47.96666666666667,5.0,1,39.3,8.0,2,8.666666666666671,3.0,1,Fewer transfers
西湖站,秀朗橋站,2,1,49.53333333333333,8.0,2,47.73333333333333,13.0,3,1.8000000000000043,5.0,1,Fewer transfers
西湖站,竹圍站,2,1,63.73333333333333,5.0,1,55.06666666666667,8.0,2,8.666666666666657,3.0,1,Fewer transfers
西湖站,紅樹林站,2,1,66.55,5.0,1,57.88333333333333,8.0,2,8.666666666666664,3.0,1,Fewer transfers
西湖站,芝山站,2,1,44.7,5.0,1,36.03333333333333,8.0,2,8.666666666666671,3.0,1,Fewer transfers
西湖站,關渡站,2,1,60.78333333333333,5.0,1,52.11666666666667,8.0,2,8.666666666666664,3.0,1,Fewer transfers
西湖站,雙連站,2,1,34.7,5.0,1,26.03333333333333,8.0,2,8.666666666666671,3.0,1,Fewer transfers
西門站,三和國中站,2,1,20.683333333333334,2.0,1,19.766666666666666,6.0,2,0.9166666666666679,4.0,1,Fewer transfers
西門站,三民高中站,2,1,24.416666666666668,2.0,1,23.5,6.0,2,0.9166666666666679,4.0,1,Fewer transfers
西門站,三重國小站,2,1,18.48333333333333,2.0,1,17.566666666666666,6.0,2,0.9166666666666643,4.0,1,Fewer transfers
西門站,三重站,2,1,21.933333333333334,2.0,1,21.016666666666666,6.0,2,0.9166666666666679,4.0,1,Fewer transfers
西門站,中原站,2,1,28.616666666666667,8.0,2,25.35,9.0,1,3.2666666666666657,1.0,-1,More transfers
西門站,中原站,3,1,34.15,3.0,1,25.35,9.0,1,8.799999999999997,6.0,0,Same transfers
西門站,中和站,2,1,29.116666666666667,9.0,1,24.85,8.0,2,4.266666666666666,-1.0,1,Fewer transfers
西門站,中和站,3,1,30.383333333333333,3.0,1,24.85,8.0,2,5.533333333333331,5.0,1,Fewer transfers
西門站,丹鳳站,2,1,33.0,6.0,2,32.05,15.0,2,0.9500000000000028,9.0,0,Same transfers
西門站,丹鳳站,3,1,33.916666666666664,2.0,1,32.05,15.0,2,1.8666666666666671,13.0,1,Fewer transfers
西門站,先嗇宮站,2,1,24.716666666666665,2.0,1,23.8,6.0,2,0.9166666666666643,4.0,1,Fewer transfers
西門站,劍潭站,2,1,17.85,2.0,1,14.216666666666669,3.0,1,3.633333333333333,1.0,0,Same transfers
西門站,北投站,2,1,31.2,2.0,1,27.566666666666663,3.0,1,3.6333333333333364,1.0,0,Same transfers
西門站,台北橋站,2,1,18.08333333333333,2.0,1,17.166666666666668,6.0,2,0.9166666666666607,4.0,1,Fewer transfers
西門站,唭哩岸站,2,1,27.53333333333333,2.0,1,23.9,3.0,1,3.633333333333333,1.0,0,Same transfers
西門站,圓山站,2,1,15.5,2.0,1,11.866666666666667,3.0,1,3.633333333333333,1.0,0,Same transfers
西門站,士林站,2,1,19.98333333333333,2.0,1,16.35,3.0,1,3.6333333333333293,1.0,0,Same transfers
西門站,大橋頭站,2,1,15.533333333333331,2.0,1,14.616666666666667,6.0,2,0.9166666666666643,4.0,1,Fewer transfers
西門站,奇岩站,2,1,29.23333333333333,2.0,1,25.6,3.0,1,3.6333333333333293,1.0,0,Same transfers
西門站,幸福站,2,1,35.1,8.0,2,21.23333333333333,9.0,1,13.86666666666667,1.0,-1,More transfers
西門站,幸福站,3,1,48.2,3.0,1,21.23333333333333,9.0,1,26.966666666666672,6.0,0,Same transfers
西門站,徐匯中學站,2,1,22.466666666666665,2.0,1,21.55,6.0,2,0.9166666666666643,4.0,1,Fewer transfers
西門站,復興崗站,2,1,33.9,2.0,1,30.266666666666666,3.0,1,3.633333333333333,1.0,0,Same transfers
西門站,忠義站,2,1,36.3,2.0,1,32.666666666666664,3.0,1,3.633333333333333,1.0,0,Same transfers
西門站,新北投站,2,1,36.81666666666667,5.0,2,33.18333333333333,6.0,2,3.63333333333334,1.0,0,Same transfers
西門站,新北產業園區站,2,1,37.73333333333333,8.0,2,23.866666666666667,9.0,1,13.86666666666666,1.0,-1,More transfers
西門站,新北產業園區站,3,1,50.833333333333336,3.0,1,23.866666666666667,9.0,1,26.96666666666667,6.0,0,Same transfers
西門站,新埔民生站,2,1,35.9,8.0,2,16.266666666666666,9.0,1,19.633333333333333,1.0,-1,More transfers
西門站,新埔民生站,3,1,43.23333333333333,3.0,1,16.266666666666666,9.0,1,26.96666666666666,6.0,0,Same transfers
西門站,新莊站,2,1,28.0,6.0,2,27.05,15.0,2,0.9499999999999993,9.0,0,Same transfers
西門站,新莊站,3,1,28.916666666666668,2.0,1,27.05,15.0,2,1.8666666666666671,13.0,1,Fewer transfers
西門站,明德站,2,1,23.766666666666666,2.0,1,20.133333333333333,3.0,1,3.633333333333333,1.0,0,Same transfers
西門站,景平站,2,1,24.75,3.0,1,23.016666666666666,8.0,2,1.7333333333333343,5.0,1,Fewer transfers
西門站,板新站,2,1,30.883333333333333,8.0,2,23.08333333333333,9.0,1,7.800000000000004,1.0,-1,More transfers
西門站,板新站,3,1,36.41666666666666,3.0,1,23.08333333333333,9.0,1,13.333333333333329,6.0,0,Same transfers
西門站,橋和站,2,1,27.0,8.0,2,26.966666666666665,9.0,1,0.03333333333333499,1.0,-1,More transfers
西門站,橋和站,3,1,32.53333333333333,3.0,1,26.966666666666665,9.0,1,5.566666666666666,6.0,0,Same transfers
西門站,民權西路站,2,1,13.5,2.0,1,9.866666666666667,3.0,1,3.633333333333333,1.0,0,Same transfers
西門站,淡水站,2,1,47.21666666666667,2.0,1,43.583333333333336,3.0,1,3.633333333333333,1.0,0,Same transfers
西門站,石牌站,2,1,25.266666666666666,2.0,1,21.633333333333333,3.0,1,3.633333333333333,1.0,0,Same transfers
西門站,竹圍站,2,1,41.03333333333333,2.0,1,37.4,3.0,1,3.633333333333333,1.0,0,Same transfers
西門站,紅樹林站,2,1,43.85,2.0,1,40.21666666666667,3.0,1,3.633333333333333,1.0,0,Same transfers
西門站,芝山站,2,1,22.0,2.0,1,18.366666666666667,3.0,1,3.633333333333333,1.0,0,Same transfers
西門站,菜寮站,2,1,20.116666666666667,2.0,1,19.2,6.0,2,0.9166666666666679,4.0,1,Fewer transfers
西門站,蘆洲站,2,1,26.683333333333334,2.0,1,25.766666666666666,6.0,2,0.9166666666666679,4.0,1,Fewer transfers
西門站,輔大站,2,1,30.7,6.0,2,29.75,15.0,2,0.9499999999999993,9.0,0,Same transfers
西門站,輔大站,3,1,31.616666666666667,2.0,1,29.75,15.0,2,1.8666666666666671,13.0,1,Fewer transfers
西門站,迴龍站,2,1,36.21666666666667,6.0,2,35.266666666666666,15.0,2,0.9500000000000028,9.0,0,Same transfers
西門站,迴龍站,3,1,37.13333333333333,2.0,1,35.266666666666666,15.0,2,1.8666666666666671,13.0,1,Fewer transfers
西門站,關渡站,2,1,38.083333333333336,2.0,1,34.45,3.0,1,3.633333333333333,1.0,0,Same transfers
西門站,雙連站,2,1,12.0,2.0,1,8.366666666666667,3.0,1,3.633333333333333,1.0,0,Same transfers
西門站,頭前庄站,2,1,26.016666666666666,6.0,2,19.066666666666663,9.0,1,6.950000000000003,3.0,-1,More transfers
西門站,頭前庄站,3,1,26.933333333333334,2.0,1,19.066666666666663,9.0,1,7.866666666666671,7.0,0,Same transfers
象山站,中原站,2,1,44.833333333333336,5.0,2,35.81666666666667,8.0,2,9.016666666666666,3.0,0,Same transfers
象山站,中和站,2,1,41.06666666666667,5.0,2,32.05,8.0,2,9.016666666666673,3.0,0,Same transfers
象山站,亞東醫院站,2,1,35.983333333333334,4.0,1,33.36666666666667,4.0,2,2.616666666666667,0.0,1,Fewer transfers
象山站,南京三民站,2,1,23.73333333333333,4.0,2,22.916666666666668,10.0,2,0.8166666666666629,6.0,0,Same transfers
象山站,南京三民站,3,1,28.716666666666665,3.0,1,22.916666666666668,10.0,2,5.799999999999997,7.0,1,Fewer transfers
象山站,南京三民站,4,1,30.48333333333333,2.0,1,22.916666666666668,10.0,2,7.566666666666663,8.0,1,Fewer transfers
象山站,南京復興站,2,1,19.633333333333333,4.0,2,13.816666666666666,5.0,1,5.816666666666666,1.0,-1,More transfers
象山站,南京復興站,3,1,24.616666666666667,3.0,1,13.816666666666666,5.0,1,10.8,2.0,0,Same transfers
象山站,南京復興站,4,1,26.383333333333333,2.0,1,13.816666666666666,5.0,1,12.566666666666666,3.0,0,Same transfers
象山站,南港展覽館站,2,1,32.86666666666667,4.0,2,32.15,10.0,2,0.7166666666666686,6.0,0,Same transfers
象山站,南港展覽館站,3,1,40.6,5.0,1,32.15,10.0,2,8.450000000000003,5.0,1,Fewer transfers
象山站,南港展覽館站,4,1,40.68333333333333,4.0,1,32.15,10.0,2,8.533333333333331,6.0,1,Fewer transfers
象山站,南港站,2,1,30.6,4.0,2,29.883333333333333,10.0,2,0.7166666666666686,6.0,0,Same transfers
象山站,南港站,3,1,38.41666666666666,4.0,1,29.883333333333333,10.0,2,8.533333333333324,6.0,1,Fewer transfers
象山站,南港軟體園區站,2,1,38.88333333333333,5.0,1,38.45,15.0,3,0.43333333333333,10.0,2,Fewer transfers
象山站,台北小巨蛋站,2,1,21.58333333333333,4.0,2,20.766666666666666,10.0,2,0.8166666666666629,6.0,0,Same transfers
象山站,台北小巨蛋站,3,1,26.566666666666663,3.0,1,20.766666666666666,10.0,2,5.799999999999997,7.0,1,Fewer transfers
象山站,台北小巨蛋站,4,1,28.33333333333333,2.0,1,20.766666666666666,10.0,2,7.566666666666663,8.0,1,Fewer transfers
象山站,善導寺站,2,1,21.23333333333333,4.0,1,17.2,4.0,2,4.033333333333331,0.0,1,Fewer transfers
象山站,國父紀念館站,2,1,20.75,4.0,2,20.03333333333333,10.0,2,0.7166666666666686,6.0,0,Same transfers
象山站,國父紀念館站,3,1,28.566666666666663,4.0,1,20.03333333333333,10.0,2,8.533333333333331,6.0,1,Fewer transfers
象山站,土城站,2,1,40.98333333333333,4.0,1,38.36666666666667,4.0,2,2.61666666666666,0.0,1,Fewer transfers
象山站,市政府站,2,1,22.5,4.0,2,21.78333333333333,10.0,2,0.7166666666666686,6.0,0,Same transfers
象山站,市政府站,3,1,30.316666666666663,4.0,1,21.78333333333333,10.0,2,8.533333333333331,6.0,1,Fewer transfers
象山站,幸福站,2,1,42.43333333333333,8.0,2,41.333333333333336,13.0,3,1.0999999999999943,5.0,1,Fewer transfers
象山站,幸福站,3,1,58.88333333333333,5.0,2,41.333333333333336,13.0,3,17.549999999999997,8.0,1,Fewer transfers
象山站,府中站,2,1,33.81666666666667,4.0,1,31.2,4.0,2,2.6166666666666707,0.0,1,Fewer transfers
象山站,後山埤站,2,1,26.1,4.0,2,25.383333333333333,10.0,2,0.7166666666666686,6.0,0,Same transfers
象山站,後山埤站,3,1,33.916666666666664,4.0,1,25.383333333333333,10.0,2,8.533333333333331,6.0,1,Fewer transfers
象山站,忠孝復興站,2,1,17.35,4.0,2,11.633333333333333,5.0,1,5.716666666666669,1.0,-1,More transfers
象山站,忠孝復興站,3,1,25.166666666666668,4.0,1,11.633333333333333,5.0,1,13.533333333333335,1.0,0,Same transfers
象山站,忠孝敦化站,2,1,19.1,4.0,2,18.383333333333333,10.0,2,0.7166666666666686,6.0,0,Same transfers
象山站,忠孝敦化站,3,1,26.916666666666668,4.0,1,18.383333333333333,10.0,2,8.533333333333335,6.0,1,Fewer transfers
象山站,新北產業園區站,2,1,45.06666666666667,8.0,2,43.96666666666667,13.0,3,1.1000000000000014,5.0,1,Fewer transfers
象山站,新北產業園區站,3,1,61.516666666666666,5.0,2,43.96666666666667,13.0,3,17.549999999999997,8.0,1,Fewer transfers
象山站,新埔民生站,2,1,38.98333333333333,13.0,2,36.36666666666667,13.0,3,2.61666666666666,0.0,1,Fewer transfers
象山站,新埔民生站,3,1,43.23333333333333,8.0,2,36.36666666666667,13.0,3,6.86666666666666,5.0,1,Fewer transfers
象山站,新埔民生站,4,1,53.91666666666666,5.0,2,36.36666666666667,13.0,3,17.54999999999999,8.0,1,Fewer transfers
象山站,新埔站,2,1,29.98333333333333,4.0,1,27.366666666666667,4.0,2,2.6166666666666636,0.0,1,Fewer transfers
象山站,昆陽站,2,1,28.366666666666667,4.0,2,27.65,10.0,2,0.7166666666666686,6.0,0,Same transfers
象山站,昆陽站,3,1,36.18333333333333,4.0,1,27.65,10.0,2,8.533333333333331,6.0,1,Fewer transfers
象山站,景平站,2,1,35.43333333333333,5.0,2,30.216666666666665,8.0,2,5.216666666666665,3.0,0,Same transfers
象山站,松山站,2,1,26.48333333333333,4.0,2,25.666666666666668,10.0,2,0.8166666666666629,6.0,0,Same transfers
象山站,松山站,3,1,31.466666666666665,3.0,1,25.666666666666668,10.0,2,5.799999999999997,7.0,1,Fewer transfers
象山站,松山站,4,1,33.233333333333334,2.0,1,25.666666666666668,10.0,2,7.566666666666666,8.0,1,Fewer transfers
象山站,板新站,2,1,47.1,5.0,2,38.083333333333336,8.0,2,9.016666666666666,3.0,0,Same transfers
象山站,板橋站,2,1,32.233333333333334,4.0,1,29.616666666666667,4.0,2,2.616666666666667,0.0,1,Fewer transfers
象山站,橋和站,2,1,43.21666666666667,5.0,2,34.2,8.0,2,9.016666666666666,3.0,0,Same transfers
象山站,永寧站,2,1,43.0,4.0,1,40.38333333333333,4.0,2,2.616666666666667,0.0,1,Fewer transfers
象山站,永春站,2,1,24.416666666666668,4.0,2,23.7,10.0,2,0.7166666666666686,6.0,0,Same transfers
象山站,永春站,3,1,32.233333333333334,4.0,1,23.7,10.0,2,8.533333333333335,6.0,1,Fewer transfers
象山站,江子翠站,2,1,28.23333333333333,4.0,1,25.616666666666667,4.0,2,2.6166666666666636,0.0,1,Fewer transfers
象山站,海山站,2,1,38.78333333333333,4.0,1,36.16666666666666,4.0,2,2.6166666666666742,0.0,1,Fewer transfers
象山站,秀朗橋站,2,1,33.733333333333334,5.0,2,31.95,8.0,2,1.783333333333335,3.0,0,Same transfers
象山站,頂埔站,2,1,46.46666666666667,4.0,1,43.85,4.0,2,2.616666666666667,0.0,1,Fewer transfers
象山站,龍山寺站,2,1,24.55,4.0,1,21.933333333333334,4.0,2,2.616666666666667,0.0,1,Fewer transfers
輔大站,七張站,2,1,44.73333333333333,5.0,2,43.23333333333333,9.0,2,1.5,4.0,0,Same transfers
輔大站,七張站,3,1,46.016666666666666,2.0,1,43.23333333333333,9.0,2,2.7833333333333385,7.0,1,Fewer transfers
輔大站,中原站,2,1,63.016666666666666,5.0,2,22.316666666666663,6.0,1,40.7,1.0,-1,More transfers
輔大站,中和站,2,1,59.25,5.0,2,26.08333333333333,6.0,1,33.16666666666667,1.0,-1,More transfers
輔大站,中山站,2,1,27.28333333333333,2.0,1,23.316666666666663,3.0,1,3.9666666666666686,1.0,0,Same transfers
輔大站,中正紀念堂站,2,1,33.45,2.0,1,28.683333333333334,3.0,1,4.766666666666669,1.0,0,Same transfers
輔大站,亞東醫院站,2,1,45.5,7.0,2,28.23333333333333,15.0,2,17.26666666666667,8.0,0,Same transfers
輔大站,亞東醫院站,3,1,47.21666666666667,2.0,1,28.23333333333333,15.0,2,18.983333333333338,13.0,1,Fewer transfers
輔大站,公館站,2,1,37.833333333333336,2.0,1,36.55,5.0,2,1.2833333333333385,3.0,1,Fewer transfers
輔大站,劍潭站,2,1,46.2,2.0,1,24.633333333333333,3.0,1,21.56666666666667,1.0,0,Same transfers
輔大站,北投站,2,1,59.55,2.0,1,37.98333333333333,3.0,1,21.56666666666667,1.0,0,Same transfers
輔大站,北門站,2,1,29.8,2.0,1,28.83333333333333,6.0,2,0.9666666666666721,4.0,1,Fewer transfers
輔大站,十四張站,2,1,49.68333333333333,5.0,2,35.68333333333333,6.0,1,14.0,1.0,-1,More transfers
輔大站,南勢角站,2,1,41.98333333333333,0.0,0,37.81666666666667,12.0,2,4.166666666666657,12.0,2,Fewer transfers
輔大站,台北車站,2,1,30.666666666666668,2.0,1,24.95,3.0,1,5.716666666666669,1.0,0,Same transfers
輔大站,台大醫院站,2,1,35.53333333333333,2.0,1,26.65,3.0,1,8.883333333333333,1.0,0,Same transfers
輔大站,台電大樓站,2,1,36.016666666666666,2.0,1,34.733333333333334,5.0,2,1.2833333333333314,3.0,1,Fewer transfers
輔大站,唭哩岸站,2,1,55.88333333333333,2.0,1,34.31666666666667,3.0,1,21.566666666666663,1.0,0,Same transfers
輔大站,圓山站,2,1,43.85,2.0,1,22.28333333333333,3.0,1,21.56666666666667,1.0,0,Same transfers
輔大站,土城站,2,1,50.5,7.0,2,33.233333333333334,15.0,2,17.266666666666666,8.0,0,Same transfers
輔大站,土城站,3,1,52.21666666666667,2.0,1,33.233333333333334,15.0,2,18.983333333333334,13.0,1,Fewer transfers
輔大站,士林站,2,1,48.333333333333336,2.0,1,26.766666666666666,3.0,1,21.56666666666667,1.0,0,Same transfers
輔大站,大坪林站,2,1,42.98333333333333,5.0,2,38.48333333333333,6.0,1,4.5,1.0,-1,More transfers
輔大站,大坪林站,3,1,44.266666666666666,2.0,1,38.48333333333333,6.0,1,5.7833333333333385,4.0,0,Same transfers
輔大站,奇岩站,2,1,57.583333333333336,2.0,1,36.016666666666666,3.0,1,21.56666666666667,1.0,0,Same transfers
輔大站,小南門站,2,1,33.65,2.0,1,32.583333333333336,5.0,2,1.0666666666666629,3.0,1,Fewer transfers
輔大站,小碧潭站,2,1,51.11666666666667,8.0,3,49.61666666666667,12.0,3,1.5,4.0,0,Same transfers
輔大站,小碧潭站,3,1,52.4,5.0,2,49.61666666666667,12.0,3,2.7833333333333314,7.0,1,Fewer transfers
輔大站,幸福站,2,1,77.06666666666666,5.0,2,12.433333333333334,6.0,1,64.63333333333333,1.0,-1,More transfers
輔大站,府中站,2,1,43.333333333333336,7.0,2,26.066666666666663,15.0,2,17.266666666666673,8.0,0,Same transfers
輔大站,府中站,3,1,45.05,2.0,1,26.066666666666663,15.0,2,18.983333333333334,13.0,1,Fewer transfers
輔大站,復興崗站,2,1,62.25,2.0,1,40.68333333333333,3.0,1,21.56666666666667,1.0,0,Same transfers
輔大站,忠義站,2,1,64.65,2.0,1,43.083333333333336,3.0,1,21.56666666666667,1.0,0,Same transfers
輔大站,新北投站,2,1,65.16666666666667,5.0,2,43.6,6.0,2,21.56666666666667,1.0,0,Same transfers
輔大站,新北產業園區站,2,1,79.7,5.0,2,15.066666666666666,6.0,1,64.63333333333334,1.0,-1,More transfers
輔大站,新埔民生站,2,1,72.1,5.0,2,13.233333333333333,6.0,1,58.86666666666666,1.0,-1,More transfers
輔大站,新埔站,2,1,39.5,7.0,2,22.23333333333333,15.0,2,17.26666666666667,8.0,0,Same transfers
輔大站,新埔站,3,1,41.21666666666667,2.0,1,22.23333333333333,15.0,2,18.983333333333338,13.0,1,Fewer transfers
輔大站,新店區公所站,2,1,46.48333333333333,5.0,2,44.98333333333333,9.0,2,1.5,4.0,0,Same transfers
輔大站,新店區公所站,3,1,47.766666666666666,2.0,1,44.98333333333333,9.0,2,2.7833333333333385,7.0,1,Fewer transfers
輔大站,新店站,2,1,48.75,5.0,2,47.25,9.0,2,1.5,4.0,0,Same transfers
輔大站,新店站,3,1,50.03333333333333,2.0,1,47.25,9.0,2,2.7833333333333314,7.0,1,Fewer transfers
輔大站,明德站,2,1,52.11666666666667,2.0,1,30.55,3.0,1,21.566666666666666,1.0,0,Same transfers
輔大站,景安站,2,1,39.9,0.0,0,29.73333333333333,6.0,1,10.166666666666668,6.0,1,Fewer transfers
輔大站,景平站,2,1,53.61666666666667,5.0,2,31.716666666666665,6.0,1,21.900000000000002,1.0,-1,More transfers
輔大站,景美站,2,1,42.28333333333333,2.0,1,41.0,5.0,2,1.2833333333333314,3.0,1,Fewer transfers
輔大站,板新站,2,1,65.28333333333333,5.0,2,20.05,6.0,1,45.233333333333334,1.0,-1,More transfers
輔大站,板橋站,2,1,43.46666666666667,2.0,1,16.833333333333332,6.0,1,26.633333333333336,4.0,0,Same transfers
輔大站,橋和站,2,1,61.4,5.0,2,23.933333333333334,6.0,1,37.46666666666667,1.0,-1,More transfers
輔大站,永安市場站,2,1,37.91666666666666,0.0,0,37.7,12.0,2,0.21666666666665435,12.0,2,Fewer transfers
輔大站,永寧站,2,1,52.516666666666666,7.0,2,35.25,15.0,2,17.266666666666666,8.0,0,Same transfers
輔大站,永寧站,3,1,54.23333333333333,2.0,1,35.25,15.0,2,18.983333333333327,13.0,1,Fewer transfers
輔大站,江子翠站,2,1,37.75,7.0,2,23.98333333333333,15.0,2,13.76666666666667,8.0,0,Same transfers
輔大站,江子翠站,3,1,39.46666666666667,2.0,1,23.98333333333333,15.0,2,15.483333333333338,13.0,1,Fewer transfers
輔大站,海山站,2,1,48.3,7.0,2,31.03333333333333,15.0,2,17.266666666666666,8.0,0,Same transfers
輔大站,海山站,3,1,50.016666666666666,2.0,1,31.03333333333333,15.0,2,18.983333333333334,13.0,1,Fewer transfers
輔大站,淡水站,2,1,75.56666666666666,2.0,1,54.0,3.0,1,21.566666666666663,1.0,0,Same transfers
輔大站,石牌站,2,1,53.61666666666667,2.0,1,32.05,3.0,1,21.56666666666667,1.0,0,Same transfers
輔大站,秀朗橋站,2,1,51.91666666666666,5.0,2,33.45,6.0,1,18.466666666666654,1.0,-1,More transfers
輔大站,竹圍站,2,1,69.38333333333334,2.0,1,47.81666666666667,3.0,1,21.56666666666667,1.0,0,Same transfers
輔大站,紅樹林站,2,1,72.2,2.0,1,50.63333333333333,3.0,1,21.56666666666667,1.0,0,Same transfers
輔大站,芝山站,2,1,50.35,2.0,1,28.78333333333333,3.0,1,21.56666666666667,1.0,0,Same transfers
輔大站,萬隆站,2,1,40.35,2.0,1,39.06666666666667,5.0,2,1.2833333333333314,3.0,1,Fewer transfers
輔大站,西門站,2,1,30.73333333333333,6.0,2,29.966666666666665,15.0,2,0.7666666666666657,9.0,0,Same transfers
輔大站,西門站,3,1,31.7,2.0,1,29.966666666666665,15.0,2,1.7333333333333343,13.0,1,Fewer transfers
輔大站,關渡站,2,1,66.43333333333334,2.0,1,44.86666666666667,3.0,1,21.56666666666667,1.0,0,Same transfers
輔大站,雙連站,2,1,40.35,2.0,1,21.78333333333333,3.0,1,18.56666666666667,1.0,0,Same transfers
輔大站,頂埔站,2,1,55.98333333333333,7.0,2,38.71666666666667,15.0,2,17.26666666666666,8.0,0,Same transfers
輔大站,頂埔站,3,1,57.7,2.0,1,38.71666666666667,15.0,2,18.983333333333334,13.0,1,Fewer transfers
輔大站,龍山寺站,2,1,34.06666666666667,7.0,2,27.65,15.0,2,6.416666666666671,8.0,0,Same transfers
輔大站,龍山寺站,3,1,35.78333333333333,2.0,1,27.65,15.0,2,8.133333333333333,13.0,1,Fewer transfers
辛亥站,七張站,2,1,43.43333333333333,5.0,1,35.88333333333333,7.0,2,7.549999999999997,2.0,1,Fewer transfers
辛亥站,中原站,2,1,49.016666666666666,14.0,2,43.86666666666667,13.0,3,5.149999999999999,-1.0,1,Fewer transfers
辛亥站,中原站,3,1,52.88333333333333,10.0,3,43.86666666666667,13.0,3,9.016666666666666,3.0,0,Same transfers
辛亥站,中原站,4,1,60.43333333333333,8.0,2,43.86666666666667,13.0,3,16.566666666666663,5.0,1,Fewer transfers
辛亥站,中和站,2,1,49.11666666666667,10.0,3,40.1,13.0,3,9.016666666666666,3.0,0,Same transfers
辛亥站,中和站,3,1,52.78333333333333,14.0,2,40.1,13.0,3,12.68333333333333,-1.0,1,Fewer transfers
辛亥站,中和站,4,1,56.66666666666666,8.0,2,40.1,13.0,3,16.566666666666656,5.0,1,Fewer transfers
辛亥站,公館站,2,1,35.25,5.0,1,27.7,7.0,2,7.550000000000001,2.0,1,Fewer transfers
辛亥站,劍潭站,2,1,32.583333333333336,5.0,1,31.683333333333334,8.0,2,0.9000000000000021,3.0,1,Fewer transfers
辛亥站,北投站,2,1,45.93333333333333,5.0,1,45.03333333333333,8.0,2,0.8999999999999986,3.0,1,Fewer transfers
辛亥站,十四張站,2,1,47.1,8.0,2,39.55,10.0,3,7.550000000000004,2.0,1,Fewer transfers
辛亥站,南港展覽館站,2,1,38.65,0.0,0,30.2,5.0,1,8.45,5.0,1,Fewer transfers
辛亥站,南港軟體園區站,2,1,36.93333333333333,0.0,0,36.5,10.0,2,0.43333333333333,10.0,2,Fewer transfers
辛亥站,古亭站,2,1,31.466666666666665,5.0,1,22.433333333333334,7.0,2,9.033333333333331,2.0,1,Fewer transfers
辛亥站,台電大樓站,2,1,33.43333333333333,5.0,1,25.883333333333333,7.0,2,7.549999999999997,2.0,1,Fewer transfers
辛亥站,唭哩岸站,2,1,42.266666666666666,5.0,1,41.36666666666667,8.0,2,0.8999999999999986,3.0,1,Fewer transfers
辛亥站,圓山站,2,1,30.23333333333333,5.0,1,29.33333333333333,8.0,2,0.9000000000000021,3.0,1,Fewer transfers
辛亥站,士林站,2,1,34.71666666666667,5.0,1,33.81666666666667,8.0,2,0.8999999999999986,3.0,1,Fewer transfers
辛亥站,大坪林站,2,1,41.68333333333333,5.0,1,34.13333333333333,7.0,2,7.549999999999997,2.0,1,Fewer transfers
辛亥站,奇岩站,2,1,43.96666666666667,5.0,1,43.06666666666667,8.0,2,0.8999999999999986,3.0,1,Fewer transfers
辛亥站,小南門站,2,1,27.666666666666668,5.0,1,23.73333333333333,7.0,2,3.933333333333337,2.0,1,Fewer transfers
辛亥站,小碧潭站,2,1,49.81666666666667,8.0,2,42.266666666666666,10.0,3,7.550000000000004,2.0,1,Fewer transfers
辛亥站,幸福站,2,1,47.86666666666667,13.0,3,44.9,14.0,2,2.9666666666666686,1.0,-1,More transfers
辛亥站,幸福站,3,1,66.93333333333334,10.0,3,44.9,14.0,2,22.03333333333334,4.0,-1,More transfers
辛亥站,幸福站,4,1,74.48333333333333,8.0,2,44.9,14.0,2,29.583333333333336,6.0,0,Same transfers
辛亥站,復興崗站,2,1,48.63333333333333,5.0,1,47.73333333333333,8.0,2,0.9000000000000057,3.0,1,Fewer transfers
辛亥站,忠義站,2,1,51.03333333333333,5.0,1,50.13333333333333,8.0,2,0.8999999999999986,3.0,1,Fewer transfers
辛亥站,新北投站,2,1,51.55,8.0,2,50.65,11.0,3,0.8999999999999986,3.0,1,Fewer transfers
辛亥站,新北產業園區站,2,1,50.5,13.0,3,47.53333333333333,14.0,2,2.9666666666666686,1.0,-1,More transfers
辛亥站,新北產業園區站,3,1,69.56666666666666,10.0,3,47.53333333333333,14.0,2,22.03333333333333,4.0,-1,More transfers
辛亥站,新北產業園區站,4,1,77.11666666666666,8.0,2,47.53333333333333,14.0,2,29.58333333333333,6.0,0,Same transfers
辛亥站,新埔民生站,2,1,48.66666666666666,13.0,3,39.93333333333333,14.0,2,8.733333333333327,1.0,-1,More transfers
辛亥站,新埔民生站,3,1,61.96666666666667,10.0,3,39.93333333333333,14.0,2,22.03333333333334,4.0,-1,More transfers
辛亥站,新埔民生站,4,1,69.51666666666667,8.0,2,39.93333333333333,14.0,2,29.583333333333336,6.0,0,Same transfers
辛亥站,新店區公所站,2,1,45.18333333333333,5.0,1,37.63333333333333,7.0,2,7.549999999999997,2.0,1,Fewer transfers
辛亥站,新店站,2,1,47.45,5.0,1,39.9,7.0,2,7.550000000000004,2.0,1,Fewer transfers
辛亥站,明德站,2,1,38.5,5.0,1,37.6,8.0,2,0.8999999999999986,3.0,1,Fewer transfers
辛亥站,景平站,2,1,43.48333333333333,10.0,3,38.266666666666666,13.0,3,5.2166666666666615,3.0,0,Same transfers
辛亥站,景平站,3,1,51.03333333333333,8.0,2,38.266666666666666,13.0,3,12.766666666666666,5.0,1,Fewer transfers
辛亥站,景美站,2,1,39.7,5.0,1,32.15,7.0,2,7.550000000000004,2.0,1,Fewer transfers
辛亥站,板新站,2,1,46.75,14.0,2,46.13333333333333,13.0,3,0.6166666666666671,-1.0,1,Fewer transfers
辛亥站,板新站,3,1,55.15,10.0,3,46.13333333333333,13.0,3,9.016666666666666,3.0,0,Same transfers
辛亥站,板新站,4,1,62.7,8.0,2,46.13333333333333,13.0,3,16.56666666666667,5.0,1,Fewer transfers
辛亥站,橋和站,2,1,50.63333333333333,14.0,2,42.25,13.0,3,8.383333333333333,-1.0,1,Fewer transfers
辛亥站,橋和站,3,1,51.266666666666666,10.0,3,42.25,13.0,3,9.016666666666666,3.0,0,Same transfers
辛亥站,橋和站,4,1,58.81666666666667,8.0,2,42.25,13.0,3,16.56666666666667,5.0,1,Fewer transfers
辛亥站,民權西路站,2,1,28.23333333333333,5.0,1,26.55,7.0,2,1.68333333333333,2.0,1,Fewer transfers
辛亥站,淡水站,2,1,61.95,5.0,1,61.05,8.0,2,0.9000000000000057,3.0,1,Fewer transfers
辛亥站,石牌站,2,1,40.0,5.0,1,39.1,8.0,2,0.8999999999999986,3.0,1,Fewer transfers
辛亥站,秀朗橋站,2,1,41.78333333333333,10.0,3,40.0,13.0,3,1.7833333333333314,3.0,0,Same transfers
辛亥站,秀朗橋站,3,1,49.333333333333336,8.0,2,40.0,13.0,3,9.333333333333336,5.0,1,Fewer transfers
辛亥站,竹圍站,2,1,55.766666666666666,5.0,1,54.86666666666667,8.0,2,0.8999999999999986,3.0,1,Fewer transfers
辛亥站,紅樹林站,2,1,58.583333333333336,5.0,1,57.68333333333333,8.0,2,0.9000000000000057,3.0,1,Fewer transfers
辛亥站,芝山站,2,1,36.73333333333333,5.0,1,35.833333333333336,8.0,2,0.8999999999999915,3.0,1,Fewer transfers
辛亥站,萬隆站,2,1,37.766666666666666,5.0,1,30.216666666666665,7.0,2,7.550000000000001,2.0,1,Fewer transfers
辛亥站,關渡站,2,1,52.81666666666667,5.0,1,51.91666666666666,8.0,2,0.9000000000000128,3.0,1,Fewer transfers
辛亥站,雙連站,2,1,26.73333333333333,5.0,1,25.83333333333333,8.0,2,0.9000000000000021,3.0,1,Fewer transfers
迴龍站,七張站,2,1,50.25,5.0,2,48.75,9.0,2,1.5,4.0,0,Same transfers
迴龍站,七張站,3,1,51.53333333333333,2.0,1,48.75,9.0,2,2.7833333333333314,7.0,1,Fewer transfers
迴龍站,中原站,2,1,68.53333333333333,5.0,2,27.83333333333333,6.0,1,40.7,1.0,-1,More transfers
迴龍站,中和站,2,1,64.76666666666667,5.0,2,31.6,6.0,1,33.166666666666664,1.0,-1,More transfers
迴龍站,中山站,2,1,32.8,2.0,1,28.83333333333333,3.0,1,3.9666666666666686,1.0,0,Same transfers
迴龍站,中正紀念堂站,2,1,38.96666666666667,2.0,1,34.2,3.0,1,4.766666666666666,1.0,0,Same transfers
迴龍站,亞東醫院站,2,1,51.016666666666666,7.0,2,33.75,15.0,2,17.266666666666666,8.0,0,Same transfers
迴龍站,亞東醫院站,3,1,52.73333333333333,2.0,1,33.75,15.0,2,18.983333333333327,13.0,1,Fewer transfers
迴龍站,公館站,2,1,43.35,2.0,1,42.06666666666667,5.0,2,1.2833333333333314,3.0,1,Fewer transfers
迴龍站,劍潭站,2,1,51.71666666666667,2.0,1,30.15,3.0,1,21.56666666666667,1.0,0,Same transfers
迴龍站,北投站,2,1,65.06666666666666,2.0,1,43.5,3.0,1,21.566666666666663,1.0,0,Same transfers
迴龍站,北門站,2,1,35.31666666666667,2.0,1,34.35,6.0,2,0.9666666666666686,4.0,1,Fewer transfers
迴龍站,十四張站,2,1,55.2,5.0,2,41.2,6.0,1,14.0,1.0,-1,More transfers
迴龍站,南勢角站,2,1,47.5,0.0,0,43.333333333333336,12.0,2,4.166666666666664,12.0,2,Fewer transfers
迴龍站,台北車站,2,1,36.18333333333333,2.0,1,30.466666666666665,3.0,1,5.716666666666665,1.0,0,Same transfers
迴龍站,台大醫院站,2,1,41.05,2.0,1,32.166666666666664,3.0,1,8.883333333333333,1.0,0,Same transfers
迴龍站,台電大樓站,2,1,41.53333333333333,2.0,1,40.25,5.0,2,1.2833333333333314,3.0,1,Fewer transfers
迴龍站,唭哩岸站,2,1,61.4,2.0,1,39.833333333333336,3.0,1,21.566666666666663,1.0,0,Same transfers
迴龍站,圓山站,2,1,49.36666666666667,2.0,1,27.8,3.0,1,21.566666666666666,1.0,0,Same transfers
迴龍站,土城站,2,1,56.016666666666666,7.0,2,38.75,15.0,2,17.266666666666666,8.0,0,Same transfers
迴龍站,土城站,3,1,57.73333333333333,2.0,1,38.75,15.0,2,18.983333333333327,13.0,1,Fewer transfers
迴龍站,士林站,2,1,53.85,2.0,1,32.28333333333333,3.0,1,21.56666666666667,1.0,0,Same transfers
迴龍站,大坪林站,2,1,48.5,5.0,2,44.0,6.0,1,4.5,1.0,-1,More transfers
迴龍站,大坪林站,3,1,49.78333333333333,2.0,1,44.0,6.0,1,5.783333333333331,4.0,0,Same transfers
迴龍站,奇岩站,2,1,63.1,2.0,1,41.53333333333333,3.0,1,21.56666666666667,1.0,0,Same transfers
迴龍站,小南門站,2,1,39.16666666666666,2.0,1,38.1,5.0,2,1.0666666666666558,3.0,1,Fewer transfers
迴龍站,小碧潭站,2,1,56.63333333333333,8.0,3,55.13333333333333,12.0,3,1.5,4.0,0,Same transfers
迴龍站,小碧潭站,3,1,57.91666666666666,5.0,2,55.13333333333333,12.0,3,2.7833333333333243,7.0,1,Fewer transfers
迴龍站,幸福站,2,1,82.58333333333333,5.0,2,17.95,6.0,1,64.63333333333333,1.0,-1,More transfers
迴龍站,府中站,2,1,48.85,7.0,2,31.58333333333333,15.0,2,17.266666666666673,8.0,0,Same transfers
迴龍站,府中站,3,1,50.56666666666667,2.0,1,31.58333333333333,15.0,2,18.98333333333334,13.0,1,Fewer transfers
迴龍站,復興崗站,2,1,67.76666666666667,2.0,1,46.2,3.0,1,21.566666666666663,1.0,0,Same transfers
迴龍站,忠義站,2,1,70.16666666666667,2.0,1,48.6,3.0,1,21.56666666666667,1.0,0,Same transfers
迴龍站,新北投站,2,1,70.68333333333334,5.0,2,49.11666666666667,6.0,2,21.56666666666667,1.0,0,Same transfers
迴龍站,新北產業園區站,2,1,85.21666666666667,5.0,2,20.58333333333333,6.0,1,64.63333333333334,1.0,-1,More transfers
迴龍站,新埔民生站,2,1,77.61666666666666,5.0,2,18.75,6.0,1,58.86666666666666,1.0,-1,More transfers
迴龍站,新埔站,2,1,45.016666666666666,7.0,2,27.75,15.0,2,17.266666666666666,8.0,0,Same transfers
迴龍站,新埔站,3,1,46.73333333333333,2.0,1,27.75,15.0,2,18.983333333333327,13.0,1,Fewer transfers
迴龍站,新店區公所站,2,1,52.0,5.0,2,50.5,9.0,2,1.5,4.0,0,Same transfers
迴龍站,新店區公所站,3,1,53.28333333333333,2.0,1,50.5,9.0,2,2.7833333333333314,7.0,1,Fewer transfers
迴龍站,新店站,2,1,54.266666666666666,5.0,2,52.766666666666666,9.0,2,1.5,4.0,0,Same transfers
迴龍站,新店站,3,1,55.55,2.0,1,52.766666666666666,9.0,2,2.7833333333333314,7.0,1,Fewer transfers
迴龍站,明德站,2,1,57.63333333333333,2.0,1,36.06666666666667,3.0,1,21.566666666666663,1.0,0,Same transfers
迴龍站,景安站,2,1,45.41666666666666,0.0,0,35.25,6.0,1,10.166666666666657,6.0,1,Fewer transfers
迴龍站,景平站,2,1,59.13333333333333,5.0,2,37.23333333333333,6.0,1,21.900000000000006,1.0,-1,More transfers
迴龍站,景美站,2,1,47.8,2.0,1,46.516666666666666,5.0,2,1.2833333333333314,3.0,1,Fewer transfers
迴龍站,板新站,2,1,70.8,5.0,2,25.566666666666663,6.0,1,45.233333333333334,1.0,-1,More transfers
迴龍站,板橋站,2,1,48.98333333333333,2.0,1,22.35,6.0,1,26.633333333333326,4.0,0,Same transfers
迴龍站,橋和站,2,1,66.91666666666667,5.0,2,29.45,6.0,1,37.46666666666667,1.0,-1,More transfers
迴龍站,永安市場站,2,1,43.43333333333333,0.0,0,43.21666666666667,12.0,2,0.21666666666666146,12.0,2,Fewer transfers
迴龍站,永寧站,2,1,58.03333333333333,7.0,2,40.766666666666666,15.0,2,17.266666666666666,8.0,0,Same transfers
迴龍站,永寧站,3,1,59.75,2.0,1,40.766666666666666,15.0,2,18.983333333333334,13.0,1,Fewer transfers
迴龍站,江子翠站,2,1,43.266666666666666,7.0,2,29.5,15.0,2,13.766666666666666,8.0,0,Same transfers
迴龍站,江子翠站,3,1,44.98333333333333,2.0,1,29.5,15.0,2,15.483333333333327,13.0,1,Fewer transfers
迴龍站,海山站,2,1,53.81666666666667,7.0,2,36.55,15.0,2,17.266666666666673,8.0,0,Same transfers
迴龍站,海山站,3,1,55.53333333333333,2.0,1,36.55,15.0,2,18.983333333333334,13.0,1,Fewer transfers
迴龍站,淡水站,2,1,81.08333333333333,2.0,1,59.516666666666666,3.0,1,21.566666666666663,1.0,0,Same transfers
迴龍站,石牌站,2,1,59.13333333333333,2.0,1,37.56666666666667,3.0,1,21.566666666666663,1.0,0,Same transfers
迴龍站,秀朗橋站,2,1,57.43333333333333,5.0,2,38.96666666666667,6.0,1,18.46666666666666,1.0,-1,More transfers
迴龍站,竹圍站,2,1,74.9,2.0,1,53.333333333333336,3.0,1,21.56666666666667,1.0,0,Same transfers
迴龍站,紅樹林站,2,1,77.71666666666667,2.0,1,56.15,3.0,1,21.56666666666667,1.0,0,Same transfers
迴龍站,芝山站,2,1,55.86666666666667,2.0,1,34.3,3.0,1,21.56666666666667,1.0,0,Same transfers
迴龍站,萬隆站,2,1,45.86666666666667,2.0,1,44.583333333333336,5.0,2,1.2833333333333314,3.0,1,Fewer transfers
迴龍站,西門站,2,1,36.25,6.0,2,35.483333333333334,15.0,2,0.7666666666666657,9.0,0,Same transfers
迴龍站,西門站,3,1,37.21666666666667,2.0,1,35.483333333333334,15.0,2,1.7333333333333343,13.0,1,Fewer transfers
迴龍站,關渡站,2,1,71.95,2.0,1,50.38333333333333,3.0,1,21.56666666666667,1.0,0,Same transfers
迴龍站,雙連站,2,1,45.86666666666667,2.0,1,27.3,3.0,1,18.566666666666666,1.0,0,Same transfers
迴龍站,頂埔站,2,1,61.5,7.0,2,44.23333333333333,15.0,2,17.266666666666673,8.0,0,Same transfers
迴龍站,頂埔站,3,1,63.21666666666667,2.0,1,44.23333333333333,15.0,2,18.98333333333334,13.0,1,Fewer transfers
迴龍站,龍山寺站,2,1,39.583333333333336,7.0,2,33.166666666666664,15.0,2,6.416666666666671,8.0,0,Same transfers
迴龍站,龍山寺站,3,1,41.3,2.0,1,33.166666666666664,15.0,2,8.133333333333333,13.0,1,Fewer transfers
關渡站,三和國中站,2,1,55.55,2.0,1,33.983333333333334,3.0,1,21.566666666666663,1.0,0,Same transfers
關渡站,三民高中站,2,1,59.28333333333333,2.0,1,37.71666666666667,3.0,1,21.566666666666663,1.0,0,Same transfers
關渡站,三重國小站,2,1,53.35,2.0,1,31.78333333333333,3.0,1,21.56666666666667,1.0,0,Same transfers
關渡站,三重站,2,1,56.8,2.0,1,35.233333333333334,3.0,1,21.566666666666663,1.0,0,Same transfers
關渡站,中原站,2,1,63.35,8.0,2,58.28333333333333,9.0,2,5.06666666666667,1.0,0,Same transfers
關渡站,中原站,3,1,65.53333333333333,5.0,2,58.28333333333333,9.0,2,7.25,4.0,0,Same transfers
關渡站,中和站,2,1,59.516666666666666,9.0,2,56.23333333333333,10.0,3,3.2833333333333385,1.0,1,Fewer transfers
關渡站,中和站,3,1,59.583333333333336,8.0,2,56.23333333333333,10.0,3,3.3500000000000085,2.0,1,Fewer transfers
關渡站,中和站,4,1,61.766666666666666,5.0,2,56.23333333333333,10.0,3,5.5333333333333385,5.0,1,Fewer transfers
關渡站,中山國中站,2,1,49.9,5.0,1,41.266666666666666,8.0,2,8.633333333333333,3.0,1,Fewer transfers
關渡站,中山國小站,2,1,46.95,2.0,1,28.83333333333333,3.0,1,18.116666666666674,1.0,0,Same transfers
關渡站,丹鳳站,2,1,68.78333333333333,2.0,1,47.21666666666667,3.0,1,21.566666666666663,1.0,0,Same transfers
關渡站,先嗇宮站,2,1,59.583333333333336,2.0,1,38.016666666666666,3.0,1,21.56666666666667,1.0,0,Same transfers
關渡站,內湖站,2,1,65.7,5.0,1,57.06666666666667,8.0,2,8.633333333333333,3.0,1,Fewer transfers
關渡站,六張犁站,2,1,48.516666666666666,5.0,1,47.65,8.0,2,0.8666666666666671,3.0,1,Fewer transfers
關渡站,劍南路站,2,1,58.61666666666667,5.0,1,49.98333333333333,8.0,2,8.63333333333334,3.0,1,Fewer transfers
關渡站,動物園站,2,1,59.88333333333333,5.0,1,59.016666666666666,8.0,2,0.8666666666666671,3.0,1,Fewer transfers
關渡站,北門站,2,1,40.21666666666667,2.0,1,32.63333333333333,3.0,1,7.583333333333336,1.0,0,Same transfers
關渡站,南京三民站,2,1,51.18333333333333,2.0,1,38.68333333333333,3.0,1,12.5,1.0,0,Same transfers
關渡站,南京復興站,2,1,47.083333333333336,2.0,1,34.583333333333336,3.0,1,12.5,1.0,0,Same transfers
關渡站,南勢角站,2,1,51.78333333333333,3.0,1,48.5,4.0,2,3.2833333333333314,1.0,1,Fewer transfers
關渡站,南勢角站,3,1,51.85,2.0,1,48.5,4.0,2,3.3500000000000014,2.0,1,Fewer transfers
關渡站,南港軟體園區站,2,1,64.65,8.0,2,60.3,9.0,2,4.3500000000000085,1.0,0,Same transfers
關渡站,南港軟體園區站,3,1,73.28333333333333,5.0,1,60.3,9.0,2,12.983333333333334,4.0,1,Fewer transfers
關渡站,台北小巨蛋站,2,1,49.03333333333333,2.0,1,36.53333333333333,3.0,1,12.5,1.0,0,Same transfers
關渡站,台北橋站,2,1,52.95,2.0,1,31.383333333333333,3.0,1,21.56666666666667,1.0,0,Same transfers
關渡站,大橋頭站,2,1,50.4,2.0,1,28.83333333333333,3.0,1,21.56666666666667,1.0,0,Same transfers
關渡站,大湖公園站,2,1,67.3,5.0,1,58.66666666666666,8.0,2,8.63333333333334,3.0,1,Fewer transfers
關渡站,大直站,2,1,56.46666666666667,5.0,1,47.833333333333336,8.0,2,8.633333333333333,3.0,1,Fewer transfers
關渡站,幸福站,2,1,69.96666666666667,8.0,2,48.4,9.0,2,21.56666666666667,1.0,0,Same transfers
關渡站,幸福站,3,1,79.58333333333333,5.0,2,48.4,9.0,2,31.18333333333333,4.0,0,Same transfers
關渡站,徐匯中學站,2,1,57.333333333333336,2.0,1,35.766666666666666,3.0,1,21.56666666666667,1.0,0,Same transfers
關渡站,忠孝新生站,2,1,40.71666666666667,2.0,1,34.93333333333333,3.0,1,5.7833333333333385,1.0,0,Same transfers
關渡站,文德站,2,1,63.98333333333333,5.0,1,55.35,8.0,2,8.633333333333326,3.0,1,Fewer transfers
關渡站,新北產業園區站,2,1,72.6,8.0,2,51.03333333333333,9.0,2,21.566666666666663,1.0,0,Same transfers
關渡站,新北產業園區站,3,1,82.21666666666667,5.0,2,51.03333333333333,9.0,2,31.183333333333337,4.0,0,Same transfers
關渡站,新埔民生站,2,1,70.76666666666667,8.0,2,49.2,9.0,2,21.566666666666663,1.0,0,Same transfers
關渡站,新埔民生站,3,1,74.61666666666666,5.0,2,49.2,9.0,2,25.416666666666657,4.0,0,Same transfers
關渡站,新莊站,2,1,63.78333333333333,2.0,1,42.21666666666667,3.0,1,21.566666666666663,1.0,0,Same transfers
關渡站,景安站,2,1,49.7,3.0,1,46.41666666666666,4.0,2,3.2833333333333456,1.0,1,Fewer transfers
關渡站,景安站,3,1,49.766666666666666,2.0,1,46.41666666666666,4.0,2,3.3500000000000085,2.0,1,Fewer transfers
關渡站,景平站,2,1,56.13333333333333,5.0,2,54.4,10.0,3,1.7333333333333343,5.0,1,Fewer transfers
關渡站,木柵站,2,1,58.35,5.0,1,57.48333333333333,8.0,2,0.8666666666666742,3.0,1,Fewer transfers
關渡站,東湖站,2,1,62.81666666666667,8.0,2,62.13333333333333,9.0,2,0.6833333333333371,1.0,0,Same transfers
關渡站,東湖站,3,1,71.45,5.0,1,62.13333333333333,9.0,2,9.31666666666667,4.0,1,Fewer transfers
關渡站,松山機場站,2,1,53.1,5.0,1,44.46666666666667,8.0,2,8.633333333333333,3.0,1,Fewer transfers
關渡站,松山站,2,1,53.93333333333333,2.0,1,41.43333333333333,3.0,1,12.5,1.0,0,Same transfers
關渡站,松江南京站,2,1,43.05,2.0,1,32.46666666666667,3.0,1,10.583333333333329,1.0,0,Same transfers
關渡站,板新站,2,1,65.61666666666666,8.0,2,56.016666666666666,9.0,2,9.599999999999994,1.0,0,Same transfers
關渡站,板新站,3,1,67.8,5.0,2,56.016666666666666,9.0,2,11.783333333333331,4.0,0,Same transfers
關渡站,橋和站,2,1,59.9,9.0,2,58.38333333333333,10.0,3,1.5166666666666657,1.0,1,Fewer transfers
關渡站,橋和站,3,1,61.73333333333333,8.0,2,58.38333333333333,10.0,3,3.3499999999999943,2.0,1,Fewer transfers
關渡站,橋和站,4,1,63.91666666666666,5.0,2,58.38333333333333,10.0,3,5.533333333333324,5.0,1,Fewer transfers
關渡站,永安市場站,2,1,47.71666666666667,3.0,1,44.43333333333333,4.0,2,3.2833333333333385,1.0,1,Fewer transfers
關渡站,永安市場站,3,1,47.78333333333333,2.0,1,44.43333333333333,4.0,2,3.3500000000000014,2.0,1,Fewer transfers
關渡站,港墘站,2,1,62.36666666666667,5.0,1,53.73333333333333,8.0,2,8.63333333333334,3.0,1,Fewer transfers
關渡站,科技大樓站,2,1,46.06666666666667,5.0,1,45.2,8.0,2,0.8666666666666671,3.0,1,Fewer transfers
關渡站,菜寮站,2,1,54.98333333333333,2.0,1,33.416666666666664,3.0,1,21.566666666666663,1.0,0,Same transfers
關渡站,萬芳社區站,2,1,57.15,5.0,1,56.28333333333333,8.0,2,0.8666666666666671,3.0,1,Fewer transfers
關渡站,萬芳醫院站,2,1,55.083333333333336,5.0,1,54.21666666666667,8.0,2,0.8666666666666671,3.0,1,Fewer transfers
關渡站,葫洲站,2,1,69.73333333333333,5.0,1,61.1,8.0,2,8.633333333333333,3.0,1,Fewer transfers
關渡站,蘆洲站,2,1,61.55,2.0,1,39.98333333333333,3.0,1,21.56666666666667,1.0,0,Same transfers
關渡站,行天宮站,2,1,44.85,2.0,1,30.933333333333334,3.0,1,13.916666666666668,1.0,0,Same transfers
關渡站,西湖站,2,1,60.86666666666667,5.0,1,52.23333333333333,8.0,2,8.63333333333334,3.0,1,Fewer transfers
關渡站,西門站,2,1,38.21666666666667,2.0,1,34.53333333333333,3.0,1,3.683333333333337,1.0,0,Same transfers
關渡站,輔大站,2,1,66.48333333333333,2.0,1,44.91666666666666,3.0,1,21.566666666666677,1.0,0,Same transfers
關渡站,辛亥站,2,1,52.9,5.0,1,52.03333333333333,8.0,2,0.8666666666666671,3.0,1,Fewer transfers
關渡站,迴龍站,2,1,72.0,2.0,1,50.43333333333333,3.0,1,21.56666666666667,1.0,0,Same transfers
關渡站,頂溪站,2,1,45.516666666666666,3.0,1,42.23333333333333,4.0,2,3.2833333333333385,1.0,1,Fewer transfers
關渡站,頂溪站,3,1,45.583333333333336,2.0,1,42.23333333333333,4.0,2,3.3500000000000085,2.0,1,Fewer transfers
關渡站,頭前庄站,2,1,61.8,2.0,1,40.23333333333333,3.0,1,21.56666666666667,1.0,0,Same transfers
關渡站,麟光站,2,1,50.13333333333333,5.0,1,49.266666666666666,8.0,2,0.8666666666666671,3.0,1,Fewer transfers
雙連站,三和國中站,2,1,29.466666666666665,2.0,1,10.9,3.0,1,18.566666666666663,1.0,0,Same transfers
雙連站,三民高中站,2,1,33.2,2.0,1,14.633333333333333,3.0,1,18.56666666666667,1.0,0,Same transfers
雙連站,三重國小站,2,1,27.266666666666666,2.0,1,8.7,3.0,1,18.566666666666666,1.0,0,Same transfers
雙連站,三重站,2,1,30.716666666666665,2.0,1,12.15,3.0,1,18.566666666666663,1.0,0,Same transfers
雙連站,中原站,2,1,35.2,9.0,2,33.916666666666664,10.0,3,1.2833333333333385,1.0,1,Fewer transfers
雙連站,中原站,3,1,37.266666666666666,8.0,2,33.916666666666664,10.0,3,3.3500000000000014,2.0,1,Fewer transfers
雙連站,中原站,4,1,39.45,5.0,2,33.916666666666664,10.0,3,5.5333333333333385,5.0,1,Fewer transfers
雙連站,中和站,2,1,33.5,8.0,2,30.15,10.0,3,3.3500000000000014,2.0,1,Fewer transfers
雙連站,中和站,3,1,35.68333333333333,5.0,2,30.15,10.0,3,5.533333333333331,5.0,1,Fewer transfers
雙連站,中山國中站,2,1,23.816666666666663,5.0,1,15.183333333333334,8.0,2,8.63333333333333,3.0,1,Fewer transfers
雙連站,中山國小站,2,1,20.866666666666667,2.0,1,5.75,3.0,1,15.116666666666667,1.0,0,Same transfers
雙連站,丹鳳站,2,1,42.7,2.0,1,24.133333333333333,3.0,1,18.56666666666667,1.0,0,Same transfers
雙連站,先嗇宮站,2,1,33.5,2.0,1,14.933333333333334,3.0,1,18.566666666666666,1.0,0,Same transfers
雙連站,內湖站,2,1,39.61666666666667,5.0,1,30.98333333333333,8.0,2,8.633333333333336,3.0,1,Fewer transfers
雙連站,六張犁站,2,1,22.433333333333334,5.0,1,21.566666666666663,8.0,2,0.8666666666666707,3.0,1,Fewer transfers
雙連站,劍南路站,2,1,32.53333333333333,5.0,1,23.9,8.0,2,8.633333333333333,3.0,1,Fewer transfers
雙連站,動物園站,2,1,33.8,5.0,1,32.93333333333333,8.0,2,0.8666666666666671,3.0,1,Fewer transfers
雙連站,北門站,2,1,14.133333333333333,2.0,1,6.55,3.0,1,7.583333333333333,1.0,0,Same transfers
雙連站,南京三民站,2,1,25.1,2.0,1,12.6,3.0,1,12.500000000000002,1.0,0,Same transfers
雙連站,南京復興站,2,1,21.0,2.0,1,8.5,3.0,1,12.5,1.0,0,Same transfers
雙連站,南勢角站,2,1,25.766666666666666,2.0,1,22.416666666666668,4.0,2,3.349999999999998,2.0,1,Fewer transfers
雙連站,南港軟體園區站,2,1,38.56666666666667,8.0,2,34.21666666666667,9.0,2,4.350000000000001,1.0,0,Same transfers
雙連站,南港軟體園區站,3,1,47.2,5.0,1,34.21666666666667,9.0,2,12.983333333333334,4.0,1,Fewer transfers
雙連站,台北小巨蛋站,2,1,22.95,2.0,1,10.45,3.0,1,12.5,1.0,0,Same transfers
雙連站,台北橋站,2,1,26.866666666666667,2.0,1,8.3,3.0,1,18.566666666666666,1.0,0,Same transfers
雙連站,大橋頭站,2,1,24.316666666666663,2.0,1,5.75,3.0,1,18.566666666666663,1.0,0,Same transfers
雙連站,大湖公園站,2,1,41.21666666666667,5.0,1,32.583333333333336,8.0,2,8.633333333333333,3.0,1,Fewer transfers
雙連站,大直站,2,1,30.383333333333333,5.0,1,21.75,8.0,2,8.633333333333333,3.0,1,Fewer transfers
雙連站,幸福站,2,1,43.88333333333333,8.0,2,25.316666666666663,9.0,2,18.56666666666667,1.0,0,Same transfers
雙連站,幸福站,3,1,53.5,5.0,2,25.316666666666663,9.0,2,28.183333333333337,4.0,0,Same transfers
雙連站,徐匯中學站,2,1,31.25,2.0,1,12.683333333333334,3.0,1,18.566666666666666,1.0,0,Same transfers
雙連站,忠孝新生站,2,1,11.85,3.0,1,10.233333333333333,4.0,1,1.6166666666666671,1.0,0,Same transfers
雙連站,忠孝新生站,3,1,14.633333333333333,2.0,1,10.233333333333333,4.0,1,4.4,2.0,0,Same transfers
雙連站,文德站,2,1,37.9,5.0,1,29.266666666666666,8.0,2,8.633333333333333,3.0,1,Fewer transfers
雙連站,新北產業園區站,2,1,46.516666666666666,8.0,2,27.95,9.0,2,18.566666666666666,1.0,0,Same transfers
雙連站,新北產業園區站,3,1,56.13333333333333,5.0,2,27.95,9.0,2,28.183333333333334,4.0,0,Same transfers
雙連站,新埔民生站,2,1,44.68333333333333,8.0,2,26.116666666666667,9.0,2,18.566666666666663,1.0,0,Same transfers
雙連站,新埔民生站,3,1,48.53333333333333,5.0,2,26.116666666666667,9.0,2,22.416666666666664,4.0,0,Same transfers
雙連站,新莊站,2,1,37.7,2.0,1,19.133333333333333,3.0,1,18.56666666666667,1.0,0,Same transfers
雙連站,景安站,2,1,23.683333333333334,2.0,1,20.33333333333333,4.0,2,3.350000000000005,2.0,1,Fewer transfers
雙連站,景平站,2,1,30.05,5.0,2,28.316666666666663,10.0,3,1.7333333333333378,5.0,1,Fewer transfers
雙連站,木柵站,2,1,32.266666666666666,5.0,1,31.4,8.0,2,0.8666666666666671,3.0,1,Fewer transfers
雙連站,東湖站,2,1,36.73333333333333,8.0,2,36.05,9.0,2,0.68333333333333,1.0,0,Same transfers
雙連站,東湖站,3,1,45.36666666666667,5.0,1,36.05,9.0,2,9.31666666666667,4.0,1,Fewer transfers
雙連站,松山機場站,2,1,27.016666666666666,5.0,1,18.383333333333333,8.0,2,8.633333333333333,3.0,1,Fewer transfers
雙連站,松山站,2,1,27.85,2.0,1,15.35,3.0,1,12.500000000000002,1.0,0,Same transfers
雙連站,松江南京站,2,1,16.966666666666665,2.0,1,6.383333333333334,3.0,1,10.583333333333332,1.0,0,Same transfers
雙連站,板新站,2,1,39.53333333333333,8.0,2,32.93333333333333,9.0,2,6.600000000000001,1.0,0,Same transfers
雙連站,板新站,3,1,41.71666666666667,5.0,2,32.93333333333333,9.0,2,8.783333333333339,4.0,0,Same transfers
雙連站,橋和站,2,1,35.65,8.0,2,32.3,10.0,3,3.3500000000000014,2.0,1,Fewer transfers
雙連站,橋和站,3,1,37.833333333333336,5.0,2,32.3,10.0,3,5.5333333333333385,5.0,1,Fewer transfers
雙連站,永安市場站,2,1,21.7,2.0,1,18.35,4.0,2,3.349999999999998,2.0,1,Fewer transfers
雙連站,港墘站,2,1,36.28333333333333,5.0,1,27.65,8.0,2,8.633333333333333,3.0,1,Fewer transfers
雙連站,科技大樓站,2,1,19.98333333333333,5.0,1,19.116666666666667,8.0,2,0.8666666666666636,3.0,1,Fewer transfers
雙連站,菜寮站,2,1,28.9,2.0,1,10.333333333333334,3.0,1,18.566666666666663,1.0,0,Same transfers
雙連站,萬芳社區站,2,1,31.066666666666663,5.0,1,30.2,8.0,2,0.8666666666666636,3.0,1,Fewer transfers
雙連站,萬芳醫院站,2,1,29.0,5.0,1,28.133333333333333,8.0,2,0.8666666666666671,3.0,1,Fewer transfers
雙連站,葫洲站,2,1,43.65,5.0,1,35.016666666666666,8.0,2,8.633333333333333,3.0,1,Fewer transfers
雙連站,蘆洲站,2,1,35.46666666666667,2.0,1,16.9,3.0,1,18.56666666666667,1.0,0,Same transfers
雙連站,行天宮站,2,1,18.766666666666666,2.0,1,7.85,3.0,1,10.916666666666666,1.0,0,Same transfers
雙連站,西湖站,2,1,34.78333333333333,5.0,1,26.15,8.0,2,8.633333333333333,3.0,1,Fewer transfers
雙連站,西門站,2,1,12.133333333333333,2.0,1,8.45,3.0,1,3.6833333333333336,1.0,0,Same transfers
雙連站,輔大站,2,1,40.4,2.0,1,21.83333333333333,3.0,1,18.56666666666667,1.0,0,Same transfers
雙連站,辛亥站,2,1,26.816666666666663,5.0,1,25.95,8.0,2,0.8666666666666636,3.0,1,Fewer transfers
雙連站,迴龍站,2,1,45.91666666666666,2.0,1,27.35,3.0,1,18.566666666666656,1.0,0,Same transfers
雙連站,頂溪站,2,1,19.5,2.0,1,16.15,4.0,2,3.3500000000000014,2.0,1,Fewer transfers
雙連站,頭前庄站,2,1,35.71666666666667,2.0,1,17.15,3.0,1,18.56666666666667,1.0,0,Same transfers
雙連站,麟光站,2,1,24.05,5.0,1,23.183333333333334,8.0,2,0.8666666666666671,3.0,1,Fewer transfers
頂埔站,三和國中站,2,1,46.73333333333333,2.0,1,44.98333333333333,7.0,2,1.75,5.0,1,Fewer transfers
頂埔站,三民高中站,2,1,50.46666666666667,2.0,1,48.71666666666667,7.0,2,1.75,5.0,1,Fewer transfers
頂埔站,三重國小站,2,1,44.53333333333333,2.0,1,42.78333333333333,7.0,2,1.75,5.0,1,Fewer transfers
頂埔站,三重站,2,1,46.23333333333333,7.0,2,38.81666666666667,15.0,2,7.416666666666657,8.0,0,Same transfers
頂埔站,三重站,3,1,47.98333333333333,2.0,1,38.81666666666667,15.0,2,9.166666666666657,13.0,1,Fewer transfers
頂埔站,中原站,2,1,34.1,9.0,1,30.25,11.0,1,3.8500000000000014,2.0,0,Same transfers
頂埔站,中原站,3,1,60.25,8.0,2,30.25,11.0,1,30.0,3.0,-1,More transfers
頂埔站,中原站,4,1,60.46666666666667,5.0,2,30.25,11.0,1,30.21666666666667,6.0,-1,More transfers
頂埔站,中和站,2,1,37.86666666666667,9.0,1,34.016666666666666,11.0,1,3.8500000000000014,2.0,0,Same transfers
頂埔站,中和站,3,1,56.48333333333333,8.0,2,34.016666666666666,11.0,1,22.46666666666666,3.0,-1,More transfers
頂埔站,中和站,4,1,56.7,5.0,2,34.016666666666666,11.0,1,22.683333333333337,6.0,-1,More transfers
頂埔站,丹鳳站,2,1,58.21666666666667,7.0,2,40.8,15.0,2,17.41666666666667,8.0,0,Same transfers
頂埔站,丹鳳站,3,1,59.96666666666667,2.0,1,40.8,15.0,2,19.16666666666667,13.0,1,Fewer transfers
頂埔站,信義安和站,2,1,42.91666666666666,4.0,1,40.266666666666666,4.0,2,2.6499999999999915,0.0,1,Fewer transfers
頂埔站,先嗇宮站,2,1,49.016666666666666,7.0,2,36.03333333333333,15.0,2,12.983333333333334,8.0,0,Same transfers
頂埔站,先嗇宮站,3,1,50.766666666666666,2.0,1,36.03333333333333,15.0,2,14.733333333333334,13.0,1,Fewer transfers
頂埔站,十四張站,2,1,47.13333333333333,5.0,2,43.61666666666667,11.0,1,3.5166666666666657,6.0,-1,More transfers
頂埔站,十四張站,3,1,47.46666666666667,9.0,1,43.61666666666667,11.0,1,3.8500000000000014,2.0,0,Same transfers
頂埔站,南勢角站,2,1,48.75,2.0,1,43.43333333333333,4.0,2,5.31666666666667,2.0,1,Fewer transfers
頂埔站,台北101/世貿站,2,1,44.75,4.0,1,42.1,4.0,2,2.6499999999999986,0.0,1,Fewer transfers
頂埔站,台北橋站,2,1,44.13333333333333,2.0,1,42.38333333333333,7.0,2,1.75,5.0,1,Fewer transfers
頂埔站,大安森林公園站,2,1,39.23333333333333,4.0,1,36.583333333333336,4.0,2,2.6499999999999915,0.0,1,Fewer transfers
頂埔站,大安站,2,1,38.93333333333333,5.0,1,38.266666666666666,4.0,2,0.6666666666666643,-1.0,1,Fewer transfers
頂埔站,大安站,3,1,40.91666666666666,4.0,1,38.266666666666666,4.0,2,2.6499999999999915,0.0,1,Fewer transfers
頂埔站,大橋頭站,2,1,41.583333333333336,2.0,1,39.833333333333336,7.0,2,1.75,5.0,1,Fewer transfers
頂埔站,幸福站,2,1,61.15,8.0,2,29.98333333333333,9.0,1,31.166666666666668,1.0,-1,More transfers
頂埔站,幸福站,3,1,74.51666666666667,5.0,2,29.98333333333333,9.0,1,44.53333333333333,4.0,-1,More transfers
頂埔站,廣慈/奉天宮站,2,1,49.3,4.0,1,46.65,4.0,2,2.6499999999999986,0.0,1,Fewer transfers
頂埔站,徐匯中學站,2,1,48.516666666666666,2.0,1,46.766666666666666,7.0,2,1.75,5.0,1,Fewer transfers
頂埔站,新北產業園區站,2,1,63.78333333333333,8.0,2,32.61666666666667,9.0,1,31.166666666666664,1.0,-1,More transfers
頂埔站,新北產業園區站,3,1,77.15,5.0,2,32.61666666666667,9.0,1,44.53333333333334,4.0,-1,More transfers
頂埔站,新埔民生站,2,1,61.95,8.0,2,25.016666666666666,9.0,1,36.93333333333334,1.0,-1,More transfers
頂埔站,新埔民生站,3,1,69.55,5.0,2,25.016666666666666,9.0,1,44.53333333333333,4.0,-1,More transfers
頂埔站,新莊站,2,1,53.21666666666667,7.0,2,35.8,15.0,2,17.41666666666667,8.0,0,Same transfers
頂埔站,新莊站,3,1,54.96666666666667,2.0,1,35.8,15.0,2,19.16666666666667,13.0,1,Fewer transfers
頂埔站,景安站,2,1,41.35,4.0,2,37.66666666666666,11.0,1,3.6833333333333442,7.0,-1,More transfers
頂埔站,景安站,3,1,41.516666666666666,9.0,1,37.66666666666666,11.0,1,3.8500000000000085,2.0,0,Same transfers
頂埔站,景安站,4,1,46.66666666666666,2.0,1,37.66666666666666,11.0,1,9.0,9.0,0,Same transfers
頂埔站,景平站,2,1,43.5,9.0,1,39.65,11.0,1,3.8500000000000014,2.0,0,Same transfers
頂埔站,景平站,3,1,51.06666666666667,5.0,2,39.65,11.0,1,11.416666666666671,6.0,-1,More transfers
頂埔站,板新站,2,1,31.83333333333333,9.0,1,27.98333333333333,11.0,1,3.849999999999998,2.0,0,Same transfers
頂埔站,板新站,3,1,62.516666666666666,8.0,2,27.98333333333333,11.0,1,34.53333333333333,3.0,-1,More transfers
頂埔站,板新站,4,1,62.73333333333333,5.0,2,27.98333333333333,11.0,1,34.75,6.0,-1,More transfers
頂埔站,橋和站,2,1,35.71666666666667,9.0,1,31.866666666666667,11.0,1,3.8500000000000014,2.0,0,Same transfers
頂埔站,橋和站,3,1,58.63333333333333,8.0,2,31.866666666666667,11.0,1,26.766666666666666,3.0,-1,More transfers
頂埔站,橋和站,4,1,58.85,5.0,2,31.866666666666667,11.0,1,26.983333333333334,6.0,-1,More transfers
頂埔站,民權西路站,2,1,39.833333333333336,2.0,1,35.083333333333336,4.0,1,4.75,2.0,0,Same transfers
頂埔站,永安市場站,2,1,44.68333333333333,2.0,1,39.36666666666667,4.0,2,5.316666666666663,2.0,1,Fewer transfers
頂埔站,秀朗橋站,2,1,45.23333333333333,9.0,1,41.38333333333333,11.0,1,3.8499999999999943,2.0,0,Same transfers
頂埔站,秀朗橋站,3,1,49.36666666666667,5.0,2,41.38333333333333,11.0,1,7.983333333333334,6.0,-1,More transfers
頂埔站,菜寮站,2,1,44.41666666666666,7.0,2,40.63333333333333,15.0,2,3.7833333333333243,8.0,0,Same transfers
頂埔站,菜寮站,3,1,46.16666666666666,2.0,1,40.63333333333333,15.0,2,5.533333333333324,13.0,1,Fewer transfers
頂埔站,蘆洲站,2,1,52.73333333333333,2.0,1,50.98333333333333,7.0,2,1.75,5.0,1,Fewer transfers
頂埔站,象山站,2,1,46.35,4.0,1,43.7,4.0,2,2.6499999999999986,0.0,1,Fewer transfers
頂埔站,輔大站,2,1,55.91666666666666,7.0,2,38.5,15.0,2,17.416666666666657,8.0,0,Same transfers
頂埔站,輔大站,3,1,57.66666666666666,2.0,1,38.5,15.0,2,19.166666666666657,13.0,1,Fewer transfers
頂埔站,迴龍站,2,1,61.43333333333333,7.0,2,44.016666666666666,15.0,2,17.416666666666664,8.0,0,Same transfers
頂埔站,迴龍站,3,1,63.18333333333333,2.0,1,44.016666666666666,15.0,2,19.166666666666664,13.0,1,Fewer transfers
頂埔站,頂溪站,2,1,42.48333333333333,2.0,1,37.16666666666666,4.0,2,5.31666666666667,2.0,1,Fewer transfers
頂埔站,頭前庄站,2,1,51.23333333333333,7.0,2,27.816666666666663,9.0,1,23.416666666666664,2.0,-1,More transfers
頂埔站,頭前庄站,3,1,52.98333333333333,2.0,1,27.816666666666663,9.0,1,25.166666666666664,7.0,0,Same transfers
頂溪站,中原站,2,1,34.083333333333336,5.0,2,17.283333333333335,6.0,1,16.8,1.0,-1,More transfers
頂溪站,中和站,2,1,30.316666666666663,5.0,2,13.516666666666667,6.0,1,16.799999999999997,1.0,-1,More transfers
頂溪站,中山站,2,1,15.25,2.0,1,14.483333333333333,4.0,2,0.7666666666666675,2.0,1,Fewer transfers
頂溪站,亞東醫院站,2,1,32.03333333333333,2.0,1,26.7,4.0,2,5.333333333333332,2.0,1,Fewer transfers
頂溪站,劍潭站,2,1,25.23333333333333,3.0,1,21.866666666666667,4.0,2,3.3666666666666636,1.0,1,Fewer transfers
頂溪站,劍潭站,3,1,25.3,2.0,1,21.866666666666667,4.0,2,3.4333333333333336,2.0,1,Fewer transfers
頂溪站,北投站,2,1,38.583333333333336,3.0,1,35.21666666666667,4.0,2,3.366666666666667,1.0,1,Fewer transfers
頂溪站,北投站,3,1,38.65,2.0,1,35.21666666666667,4.0,2,3.43333333333333,2.0,1,Fewer transfers
頂溪站,十四張站,2,1,20.75,5.0,2,15.65,6.0,1,5.1,1.0,-1,More transfers
頂溪站,台北車站,2,1,15.483333333333333,2.0,1,12.766666666666667,4.0,2,2.716666666666665,2.0,1,Fewer transfers
頂溪站,台大醫院站,2,1,14.633333333333333,2.0,1,11.2,4.0,2,3.4333333333333336,2.0,1,Fewer transfers
頂溪站,唭哩岸站,2,1,34.916666666666664,3.0,1,31.55,4.0,2,3.3666666666666636,1.0,1,Fewer transfers
頂溪站,唭哩岸站,3,1,34.983333333333334,2.0,1,31.55,4.0,2,3.4333333333333336,2.0,1,Fewer transfers
頂溪站,圓山站,2,1,22.883333333333333,3.0,1,19.516666666666666,4.0,2,3.366666666666667,1.0,1,Fewer transfers
頂溪站,圓山站,3,1,22.95,2.0,1,19.516666666666666,4.0,2,3.4333333333333336,2.0,1,Fewer transfers
頂溪站,土城站,2,1,37.03333333333333,2.0,1,31.7,4.0,2,5.333333333333332,2.0,1,Fewer transfers
頂溪站,士林站,2,1,27.366666666666667,3.0,1,24.0,4.0,2,3.366666666666667,1.0,1,Fewer transfers
頂溪站,士林站,3,1,27.433333333333334,2.0,1,24.0,4.0,2,3.4333333333333336,2.0,1,Fewer transfers
頂溪站,奇岩站,2,1,36.61666666666667,3.0,1,33.25,4.0,2,3.366666666666667,1.0,1,Fewer transfers
頂溪站,奇岩站,3,1,36.68333333333333,2.0,1,33.25,4.0,2,3.43333333333333,2.0,1,Fewer transfers
頂溪站,幸福站,2,1,48.13333333333333,5.0,2,31.33333333333333,6.0,1,16.800000000000004,1.0,-1,More transfers
頂溪站,府中站,2,1,29.866666666666667,2.0,1,24.53333333333333,4.0,2,5.333333333333336,2.0,1,Fewer transfers
頂溪站,復興崗站,2,1,41.28333333333333,3.0,1,37.91666666666666,4.0,2,3.3666666666666742,1.0,1,Fewer transfers
頂溪站,復興崗站,3,1,41.35,2.0,1,37.91666666666666,4.0,2,3.4333333333333442,2.0,1,Fewer transfers
頂溪站,忠義站,2,1,43.68333333333333,3.0,1,40.31666666666667,4.0,2,3.36666666666666,1.0,1,Fewer transfers
頂溪站,忠義站,3,1,43.75,2.0,1,40.31666666666667,4.0,2,3.43333333333333,2.0,1,Fewer transfers
頂溪站,新北投站,2,1,44.2,6.0,2,40.833333333333336,7.0,3,3.366666666666667,1.0,1,Fewer transfers
頂溪站,新北投站,3,1,44.266666666666666,5.0,2,40.833333333333336,7.0,3,3.43333333333333,2.0,1,Fewer transfers
頂溪站,新北產業園區站,2,1,50.766666666666666,5.0,2,33.96666666666667,6.0,1,16.799999999999997,1.0,-1,More transfers
頂溪站,新埔民生站,2,1,43.16666666666666,5.0,2,26.366666666666667,6.0,1,16.79999999999999,1.0,-1,More transfers
頂溪站,新埔站,2,1,26.03333333333333,2.0,1,20.7,4.0,2,5.333333333333332,2.0,1,Fewer transfers
頂溪站,明德站,2,1,31.15,3.0,1,27.78333333333333,4.0,2,3.366666666666667,1.0,1,Fewer transfers
頂溪站,明德站,3,1,31.216666666666665,2.0,1,27.78333333333333,4.0,2,3.4333333333333336,2.0,1,Fewer transfers
頂溪站,景平站,2,1,24.683333333333334,5.0,2,11.683333333333334,6.0,1,13.0,1.0,-1,More transfers
頂溪站,板新站,2,1,36.35,5.0,2,19.55,6.0,1,16.8,1.0,-1,More transfers
頂溪站,板橋站,2,1,22.95,4.0,2,22.516666666666666,6.0,1,0.43333333333333357,2.0,-1,More transfers
頂溪站,板橋站,3,1,28.28333333333333,2.0,1,22.516666666666666,6.0,1,5.766666666666666,4.0,0,Same transfers
頂溪站,橋和站,2,1,32.46666666666667,5.0,2,15.666666666666666,6.0,1,16.800000000000004,1.0,-1,More transfers
頂溪站,民權西路站,2,1,17.883333333333333,0.0,0,17.516666666666666,4.0,2,0.36666666666666714,4.0,2,Fewer transfers
頂溪站,永寧站,2,1,39.05,2.0,1,33.71666666666667,4.0,2,5.333333333333329,2.0,1,Fewer transfers
頂溪站,江子翠站,2,1,24.28333333333333,2.0,1,18.95,4.0,2,5.333333333333332,2.0,1,Fewer transfers
頂溪站,海山站,2,1,34.833333333333336,2.0,1,29.5,4.0,2,5.333333333333336,2.0,1,Fewer transfers
頂溪站,淡水站,2,1,54.6,3.0,1,51.23333333333333,4.0,2,3.3666666666666742,1.0,1,Fewer transfers
頂溪站,淡水站,3,1,54.66666666666666,2.0,1,51.23333333333333,4.0,2,3.43333333333333,2.0,1,Fewer transfers
頂溪站,石牌站,2,1,32.65,3.0,1,29.28333333333333,4.0,2,3.366666666666667,1.0,1,Fewer transfers
頂溪站,石牌站,3,1,32.71666666666667,2.0,1,29.28333333333333,4.0,2,3.433333333333337,2.0,1,Fewer transfers
頂溪站,秀朗橋站,2,1,22.98333333333333,5.0,2,13.416666666666666,6.0,1,9.566666666666665,1.0,-1,More transfers
頂溪站,竹圍站,2,1,48.41666666666666,3.0,1,45.05,4.0,2,3.36666666666666,1.0,1,Fewer transfers
頂溪站,竹圍站,3,1,48.48333333333333,2.0,1,45.05,4.0,2,3.43333333333333,2.0,1,Fewer transfers
頂溪站,紅樹林站,2,1,51.23333333333333,3.0,1,47.86666666666667,4.0,2,3.36666666666666,1.0,1,Fewer transfers
頂溪站,紅樹林站,3,1,51.3,2.0,1,47.86666666666667,4.0,2,3.43333333333333,2.0,1,Fewer transfers
頂溪站,芝山站,2,1,29.383333333333333,3.0,1,26.016666666666666,4.0,2,3.366666666666667,1.0,1,Fewer transfers
頂溪站,芝山站,3,1,29.45,2.0,1,26.016666666666666,4.0,2,3.4333333333333336,2.0,1,Fewer transfers
頂溪站,關渡站,2,1,45.46666666666667,3.0,1,42.1,4.0,2,3.366666666666667,1.0,1,Fewer transfers
頂溪站,關渡站,3,1,45.53333333333333,2.0,1,42.1,4.0,2,3.43333333333333,2.0,1,Fewer transfers
頂溪站,雙連站,2,1,19.45,2.0,1,16.016666666666666,4.0,2,3.4333333333333336,2.0,1,Fewer transfers
頂溪站,頂埔站,2,1,42.516666666666666,2.0,1,37.18333333333333,4.0,2,5.333333333333336,2.0,1,Fewer transfers
頂溪站,頭前庄站,2,1,31.03333333333333,0.0,0,29.166666666666668,6.0,1,1.8666666666666636,6.0,1,Fewer transfers
頂溪站,龍山寺站,2,1,20.6,2.0,1,15.266666666666667,4.0,2,5.333333333333334,2.0,1,Fewer transfers
頭前庄站,七張站,2,1,41.333333333333336,2.0,1,32.38333333333333,3.0,1,8.950000000000003,1.0,0,Same transfers
頭前庄站,中山站,2,1,22.6,2.0,1,18.633333333333333,3.0,1,3.9666666666666686,1.0,0,Same transfers
頭前庄站,中正紀念堂站,2,1,28.766666666666666,2.0,1,24.0,3.0,1,4.766666666666666,1.0,0,Same transfers
頭前庄站,亞東醫院站,2,1,40.81666666666667,7.0,2,17.383333333333333,9.0,1,23.433333333333337,2.0,-1,More transfers
頭前庄站,亞東醫院站,3,1,42.53333333333333,2.0,1,17.383333333333333,9.0,1,25.15,7.0,0,Same transfers
頭前庄站,公館站,2,1,31.866666666666667,5.0,2,30.65,11.0,2,1.2166666666666686,6.0,0,Same transfers
頭前庄站,公館站,3,1,33.15,2.0,1,30.65,11.0,2,2.5,9.0,1,Fewer transfers
頭前庄站,劍潭站,2,1,41.516666666666666,2.0,1,19.95,3.0,1,21.566666666666666,1.0,0,Same transfers
頭前庄站,北投站,2,1,54.86666666666667,2.0,1,33.3,3.0,1,21.56666666666667,1.0,0,Same transfers
頭前庄站,北門站,2,1,24.15,6.0,2,23.116666666666667,11.0,2,1.0333333333333314,5.0,0,Same transfers
頭前庄站,北門站,3,1,25.116666666666667,2.0,1,23.116666666666667,11.0,2,2.0,9.0,1,Fewer transfers
頭前庄站,南勢角站,2,1,37.3,0.0,0,26.966666666666665,6.0,1,10.333333333333332,6.0,1,Fewer transfers
頭前庄站,古亭站,2,1,27.366666666666667,0.0,0,26.866666666666667,11.0,2,0.5,11.0,2,Fewer transfers
頭前庄站,台北車站,2,1,25.98333333333333,2.0,1,20.266666666666666,3.0,1,5.716666666666665,1.0,0,Same transfers
頭前庄站,台大醫院站,2,1,30.85,2.0,1,21.966666666666665,3.0,1,8.883333333333336,1.0,0,Same transfers
頭前庄站,台電大樓站,2,1,30.05,5.0,2,28.83333333333333,11.0,2,1.2166666666666721,6.0,0,Same transfers
頭前庄站,台電大樓站,3,1,31.33333333333333,2.0,1,28.83333333333333,11.0,2,2.5,9.0,1,Fewer transfers
頭前庄站,唭哩岸站,2,1,51.2,2.0,1,29.633333333333333,3.0,1,21.56666666666667,1.0,0,Same transfers
頭前庄站,善導寺站,2,1,24.466666666666665,2.0,1,23.5,9.0,1,0.966666666666665,7.0,0,Same transfers
頭前庄站,圓山站,2,1,39.16666666666666,2.0,1,17.6,3.0,1,21.566666666666656,1.0,0,Same transfers
頭前庄站,土城站,2,1,45.81666666666667,7.0,2,22.383333333333333,9.0,1,23.433333333333337,2.0,-1,More transfers
頭前庄站,土城站,3,1,47.53333333333333,2.0,1,22.383333333333333,9.0,1,25.15,7.0,0,Same transfers
頭前庄站,士林站,2,1,43.65,2.0,1,22.08333333333333,3.0,1,21.56666666666667,1.0,0,Same transfers
頭前庄站,奇岩站,2,1,52.9,2.0,1,31.33333333333333,3.0,1,21.56666666666667,1.0,0,Same transfers
頭前庄站,小南門站,2,1,27.9,5.0,2,23.066666666666663,11.0,2,4.833333333333336,6.0,0,Same transfers
頭前庄站,小南門站,3,1,28.966666666666665,2.0,1,23.066666666666663,11.0,2,5.900000000000002,9.0,1,Fewer transfers
頭前庄站,小碧潭站,2,1,47.71666666666667,5.0,2,38.766666666666666,6.0,2,8.950000000000003,1.0,0,Same transfers
頭前庄站,府中站,2,1,38.65,7.0,2,15.216666666666669,9.0,1,23.43333333333333,2.0,-1,More transfers
頭前庄站,府中站,3,1,40.36666666666667,2.0,1,15.216666666666669,9.0,1,25.15,7.0,0,Same transfers
頭前庄站,復興崗站,2,1,57.56666666666667,2.0,1,36.0,3.0,1,21.56666666666667,1.0,0,Same transfers
頭前庄站,忠義站,2,1,59.96666666666667,2.0,1,38.4,3.0,1,21.56666666666667,1.0,0,Same transfers
頭前庄站,新北投站,2,1,60.48333333333333,5.0,2,38.91666666666666,6.0,2,21.56666666666667,1.0,0,Same transfers
頭前庄站,新埔站,2,1,34.81666666666667,7.0,2,11.383333333333333,9.0,1,23.433333333333337,2.0,-1,More transfers
頭前庄站,新埔站,3,1,36.53333333333333,2.0,1,11.383333333333333,9.0,1,25.15,7.0,0,Same transfers
頭前庄站,新店區公所站,2,1,43.083333333333336,2.0,1,34.13333333333333,3.0,1,8.950000000000003,1.0,0,Same transfers
頭前庄站,新店站,2,1,45.35,2.0,1,36.4,3.0,1,8.950000000000003,1.0,0,Same transfers
頭前庄站,明德站,2,1,47.43333333333333,2.0,1,25.866666666666667,3.0,1,21.566666666666663,1.0,0,Same transfers
頭前庄站,景美站,2,1,37.6,2.0,1,32.61666666666667,3.0,1,4.983333333333334,1.0,0,Same transfers
頭前庄站,永安市場站,2,1,33.233333333333334,0.0,0,26.85,6.0,1,6.383333333333333,6.0,1,Fewer transfers
頭前庄站,永寧站,2,1,47.833333333333336,7.0,2,24.4,9.0,1,23.433333333333337,2.0,-1,More transfers
頭前庄站,永寧站,3,1,49.55,2.0,1,24.4,9.0,1,25.15,7.0,0,Same transfers
頭前庄站,江子翠站,2,1,33.06666666666667,7.0,2,13.133333333333333,9.0,1,19.933333333333337,2.0,-1,More transfers
頭前庄站,江子翠站,3,1,34.78333333333333,2.0,1,13.133333333333333,9.0,1,21.65,7.0,0,Same transfers
頭前庄站,海山站,2,1,43.61666666666667,7.0,2,20.183333333333334,9.0,1,23.433333333333334,2.0,-1,More transfers
頭前庄站,海山站,3,1,45.333333333333336,2.0,1,20.183333333333334,9.0,1,25.150000000000002,7.0,0,Same transfers
頭前庄站,淡水站,2,1,70.88333333333334,2.0,1,49.31666666666667,3.0,1,21.56666666666667,1.0,0,Same transfers
頭前庄站,石牌站,2,1,48.93333333333333,2.0,1,27.366666666666667,3.0,1,21.566666666666663,1.0,0,Same transfers
頭前庄站,竹圍站,2,1,64.7,2.0,1,43.13333333333333,3.0,1,21.56666666666667,1.0,0,Same transfers
頭前庄站,紅樹林站,2,1,67.51666666666667,2.0,1,45.95,3.0,1,21.566666666666663,1.0,0,Same transfers
頭前庄站,芝山站,2,1,45.66666666666666,2.0,1,24.1,3.0,1,21.566666666666656,1.0,0,Same transfers
頭前庄站,萬隆站,2,1,34.38333333333333,5.0,2,33.166666666666664,11.0,2,1.2166666666666686,6.0,0,Same transfers
頭前庄站,萬隆站,3,1,34.55,3.0,1,33.166666666666664,11.0,2,1.3833333333333329,8.0,1,Fewer transfers
頭前庄站,萬隆站,4,1,35.666666666666664,2.0,1,33.166666666666664,11.0,2,2.5,9.0,1,Fewer transfers
頭前庄站,西門站,2,1,26.05,6.0,2,19.116666666666667,9.0,1,6.933333333333334,3.0,-1,More transfers
頭前庄站,西門站,3,1,27.016666666666666,2.0,1,19.116666666666667,9.0,1,7.899999999999999,7.0,0,Same transfers
頭前庄站,關渡站,2,1,61.75,2.0,1,40.18333333333333,3.0,1,21.56666666666667,1.0,0,Same transfers
頭前庄站,雙連站,2,1,35.666666666666664,2.0,1,17.1,3.0,1,18.566666666666663,1.0,0,Same transfers
頭前庄站,頂埔站,2,1,51.3,7.0,2,27.866666666666667,9.0,1,23.43333333333333,2.0,-1,More transfers
頭前庄站,頂埔站,3,1,53.016666666666666,2.0,1,27.866666666666667,9.0,1,25.15,7.0,0,Same transfers
頭前庄站,頂溪站,2,1,31.03333333333333,0.0,0,29.05,6.0,1,1.9833333333333307,6.0,1,Fewer transfers
頭前庄站,龍山寺站,2,1,29.383333333333333,7.0,2,16.8,9.0,1,12.583333333333332,2.0,-1,More transfers
頭前庄站,龍山寺站,3,1,31.1,2.0,1,16.8,9.0,1,14.3,7.0,0,Same transfers
麟光站,七張站,2,1,40.66666666666666,5.0,1,33.11666666666667,7.0,2,7.54999999999999,2.0,1,Fewer transfers
麟光站,中原站,2,1,46.25,14.0,2,41.1,13.0,3,5.149999999999999,-1.0,1,Fewer transfers
麟光站,中原站,3,1,50.11666666666667,10.0,3,41.1,13.0,3,9.016666666666666,3.0,0,Same transfers
麟光站,中原站,4,1,57.66666666666666,8.0,2,41.1,13.0,3,16.566666666666656,5.0,1,Fewer transfers
麟光站,中和站,2,1,46.35,10.0,3,37.333333333333336,13.0,3,9.016666666666666,3.0,0,Same transfers
麟光站,中和站,3,1,50.016666666666666,14.0,2,37.333333333333336,13.0,3,12.68333333333333,-1.0,1,Fewer transfers
麟光站,中和站,4,1,53.9,8.0,2,37.333333333333336,13.0,3,16.566666666666663,5.0,1,Fewer transfers
麟光站,公館站,2,1,32.483333333333334,5.0,1,24.933333333333334,7.0,2,7.550000000000001,2.0,1,Fewer transfers
麟光站,劍潭站,2,1,29.816666666666663,5.0,1,28.916666666666668,8.0,2,0.899999999999995,3.0,1,Fewer transfers
麟光站,北投站,2,1,43.16666666666666,5.0,1,42.266666666666666,8.0,2,0.8999999999999915,3.0,1,Fewer transfers
麟光站,十四張站,2,1,44.333333333333336,8.0,2,36.78333333333333,10.0,3,7.550000000000004,2.0,1,Fewer transfers
麟光站,南港展覽館站,2,1,35.88333333333333,0.0,0,27.433333333333334,5.0,1,8.45,5.0,1,Fewer transfers
麟光站,南港軟體園區站,2,1,34.166666666666664,0.0,0,33.733333333333334,10.0,2,0.43333333333333,10.0,2,Fewer transfers
麟光站,古亭站,2,1,28.7,5.0,1,19.666666666666668,7.0,2,9.033333333333331,2.0,1,Fewer transfers
麟光站,台電大樓站,2,1,30.666666666666668,5.0,1,23.116666666666667,7.0,2,7.550000000000001,2.0,1,Fewer transfers
麟光站,唭哩岸站,2,1,39.5,5.0,1,38.6,8.0,2,0.8999999999999986,3.0,1,Fewer transfers
麟光站,圓山站,2,1,27.466666666666665,5.0,1,26.566666666666663,8.0,2,0.9000000000000021,3.0,1,Fewer transfers
麟光站,士林站,2,1,31.95,5.0,1,31.05,8.0,2,0.8999999999999986,3.0,1,Fewer transfers
麟光站,大坪林站,2,1,38.91666666666666,5.0,1,31.366666666666667,7.0,2,7.54999999999999,2.0,1,Fewer transfers
麟光站,奇岩站,2,1,41.2,5.0,1,40.3,8.0,2,0.9000000000000057,3.0,1,Fewer transfers
麟光站,小南門站,2,1,24.9,5.0,1,20.966666666666665,7.0,2,3.9333333333333336,2.0,1,Fewer transfers
麟光站,小碧潭站,2,1,47.05,8.0,2,39.5,10.0,3,7.549999999999997,2.0,1,Fewer transfers
麟光站,幸福站,2,1,45.1,13.0,3,42.13333333333333,14.0,2,2.9666666666666686,1.0,-1,More transfers
麟光站,幸福站,3,1,64.16666666666667,10.0,3,42.13333333333333,14.0,2,22.03333333333334,4.0,-1,More transfers
麟光站,幸福站,4,1,71.71666666666667,8.0,2,42.13333333333333,14.0,2,29.583333333333336,6.0,0,Same transfers
麟光站,復興崗站,2,1,45.86666666666667,5.0,1,44.96666666666667,8.0,2,0.8999999999999986,3.0,1,Fewer transfers
麟光站,忠義站,2,1,48.266666666666666,5.0,1,47.36666666666667,8.0,2,0.8999999999999986,3.0,1,Fewer transfers
麟光站,新北投站,2,1,48.78333333333333,8.0,2,47.88333333333333,11.0,3,0.8999999999999986,3.0,1,Fewer transfers
麟光站,新北產業園區站,2,1,47.73333333333333,13.0,3,44.766666666666666,14.0,2,2.9666666666666615,1.0,-1,More transfers
麟光站,新北產業園區站,3,1,66.8,10.0,3,44.766666666666666,14.0,2,22.03333333333333,4.0,-1,More transfers
麟光站,新北產業園區站,4,1,74.35,8.0,2,44.766666666666666,14.0,2,29.58333333333333,6.0,0,Same transfers
麟光站,新埔民生站,2,1,45.9,13.0,3,37.16666666666666,14.0,2,8.733333333333341,1.0,-1,More transfers
麟光站,新埔民生站,3,1,59.2,10.0,3,37.16666666666666,14.0,2,22.033333333333346,4.0,-1,More transfers
麟光站,新埔民生站,4,1,66.75,8.0,2,37.16666666666666,14.0,2,29.583333333333343,6.0,0,Same transfers
麟光站,新店區公所站,2,1,42.41666666666666,5.0,1,34.86666666666667,7.0,2,7.54999999999999,2.0,1,Fewer transfers
麟光站,新店站,2,1,44.68333333333333,5.0,1,37.13333333333333,7.0,2,7.549999999999997,2.0,1,Fewer transfers
麟光站,明德站,2,1,35.733333333333334,5.0,1,34.833333333333336,8.0,2,0.8999999999999986,3.0,1,Fewer transfers
麟光站,景平站,2,1,40.71666666666667,10.0,3,35.5,13.0,3,5.216666666666669,3.0,0,Same transfers
麟光站,景平站,3,1,48.266666666666666,8.0,2,35.5,13.0,3,12.766666666666666,5.0,1,Fewer transfers
麟光站,景美站,2,1,36.93333333333333,5.0,1,29.383333333333333,7.0,2,7.549999999999997,2.0,1,Fewer transfers
麟光站,板新站,2,1,43.98333333333333,14.0,2,43.36666666666667,13.0,3,0.61666666666666,-1.0,1,Fewer transfers
麟光站,板新站,3,1,52.38333333333333,10.0,3,43.36666666666667,13.0,3,9.016666666666666,3.0,0,Same transfers
麟光站,板新站,4,1,59.93333333333333,8.0,2,43.36666666666667,13.0,3,16.566666666666663,5.0,1,Fewer transfers
麟光站,橋和站,2,1,47.86666666666667,14.0,2,39.48333333333333,13.0,3,8.38333333333334,-1.0,1,Fewer transfers
麟光站,橋和站,3,1,48.5,10.0,3,39.48333333333333,13.0,3,9.016666666666673,3.0,0,Same transfers
麟光站,橋和站,4,1,56.05,8.0,2,39.48333333333333,13.0,3,16.56666666666667,5.0,1,Fewer transfers
麟光站,民權西路站,2,1,25.466666666666665,5.0,1,23.78333333333333,7.0,2,1.6833333333333336,2.0,1,Fewer transfers
麟光站,淡水站,2,1,59.18333333333333,5.0,1,58.28333333333333,8.0,2,0.8999999999999986,3.0,1,Fewer transfers
麟光站,石牌站,2,1,37.23333333333333,5.0,1,36.333333333333336,8.0,2,0.8999999999999915,3.0,1,Fewer transfers
麟光站,秀朗橋站,2,1,39.016666666666666,10.0,3,37.23333333333333,13.0,3,1.7833333333333385,3.0,0,Same transfers
麟光站,秀朗橋站,3,1,46.56666666666667,8.0,2,37.23333333333333,13.0,3,9.333333333333343,5.0,1,Fewer transfers
麟光站,竹圍站,2,1,53.0,5.0,1,52.1,8.0,2,0.8999999999999986,3.0,1,Fewer transfers
麟光站,紅樹林站,2,1,55.81666666666667,5.0,1,54.91666666666666,8.0,2,0.9000000000000128,3.0,1,Fewer transfers
麟光站,芝山站,2,1,33.96666666666667,5.0,1,33.06666666666667,8.0,2,0.8999999999999986,3.0,1,Fewer transfers
麟光站,萬隆站,2,1,35.0,5.0,1,27.45,7.0,2,7.550000000000001,2.0,1,Fewer transfers
麟光站,關渡站,2,1,50.05,5.0,1,49.15,8.0,2,0.8999999999999986,3.0,1,Fewer transfers
麟光站,雙連站,2,1,23.966666666666665,5.0,1,23.066666666666663,8.0,2,0.9000000000000021,3.0,1,Fewer transfers
龍山寺站,三和國中站,2,1,24.816666666666663,2.0,1,23.066666666666663,7.0,2,1.75,5.0,1,Fewer transfers
龍山寺站,三民高中站,2,1,28.55,2.0,1,26.8,7.0,2,1.75,5.0,1,Fewer transfers
龍山寺站,三重國小站,2,1,22.616666666666667,2.0,1,20.866666666666667,7.0,2,1.75,5.0,1,Fewer transfers
龍山寺站,三重站,2,1,26.066666666666663,2.0,1,24.316666666666663,7.0,2,1.75,5.0,1,Fewer transfers
龍山寺站,中原站,2,1,38.333333333333336,8.0,2,23.03333333333333,9.0,1,15.300000000000004,1.0,-1,More transfers
龍山寺站,中原站,3,1,38.55,5.0,2,23.03333333333333,9.0,1,15.516666666666666,4.0,-1,More transfers
龍山寺站,中和站,2,1,34.56666666666667,8.0,2,26.8,9.0,1,7.766666666666669,1.0,-1,More transfers
龍山寺站,中和站,3,1,34.78333333333333,5.0,2,26.8,9.0,1,7.983333333333331,4.0,-1,More transfers
龍山寺站,丹鳳站,2,1,36.3,7.0,2,29.73333333333333,15.0,2,6.566666666666666,8.0,0,Same transfers
龍山寺站,丹鳳站,3,1,38.05,2.0,1,29.73333333333333,15.0,2,8.316666666666666,13.0,1,Fewer transfers
龍山寺站,信義安和站,2,1,21.0,4.0,1,18.35,4.0,2,2.6499999999999986,0.0,1,Fewer transfers
龍山寺站,先嗇宮站,2,1,27.1,7.0,2,24.966666666666665,15.0,2,2.1333333333333364,8.0,0,Same transfers
龍山寺站,先嗇宮站,3,1,28.85,2.0,1,24.966666666666665,15.0,2,3.8833333333333364,13.0,1,Fewer transfers
龍山寺站,十四張站,2,1,36.4,9.0,1,25.216666666666665,5.0,2,11.183333333333334,-4.0,1,Fewer transfers
龍山寺站,南勢角站,2,1,26.83333333333333,2.0,1,21.516666666666666,4.0,2,5.316666666666663,2.0,1,Fewer transfers
龍山寺站,台北101/世貿站,2,1,22.83333333333333,4.0,1,20.183333333333334,4.0,2,2.649999999999995,0.0,1,Fewer transfers
龍山寺站,台北橋站,2,1,22.216666666666665,2.0,1,20.466666666666665,7.0,2,1.75,5.0,1,Fewer transfers
龍山寺站,大安森林公園站,2,1,17.316666666666666,4.0,1,14.666666666666666,4.0,2,2.6500000000000004,0.0,1,Fewer transfers
龍山寺站,大安站,2,1,17.016666666666666,5.0,1,16.35,4.0,2,0.6666666666666643,-1.0,1,Fewer transfers
龍山寺站,大安站,3,1,19.0,4.0,1,16.35,4.0,2,2.6499999999999986,0.0,1,Fewer transfers
龍山寺站,大橋頭站,2,1,19.666666666666668,2.0,1,17.916666666666668,7.0,2,1.75,5.0,1,Fewer transfers
龍山寺站,幸福站,2,1,39.23333333333333,8.0,2,18.916666666666668,9.0,1,20.31666666666666,1.0,-1,More transfers
龍山寺站,幸福站,3,1,52.6,5.0,2,18.916666666666668,9.0,1,33.68333333333334,4.0,-1,More transfers
龍山寺站,廣慈/奉天宮站,2,1,27.383333333333333,4.0,1,24.73333333333333,4.0,2,2.650000000000002,0.0,1,Fewer transfers
龍山寺站,徐匯中學站,2,1,26.6,2.0,1,24.85,7.0,2,1.75,5.0,1,Fewer transfers
龍山寺站,新北產業園區站,2,1,41.86666666666667,8.0,2,21.55,9.0,1,20.316666666666666,1.0,-1,More transfers
龍山寺站,新北產業園區站,3,1,55.23333333333333,5.0,2,21.55,9.0,1,33.68333333333332,4.0,-1,More transfers
龍山寺站,新埔民生站,2,1,40.03333333333333,8.0,2,13.95,9.0,1,26.083333333333332,1.0,-1,More transfers
龍山寺站,新埔民生站,3,1,47.63333333333333,5.0,2,13.95,9.0,1,33.68333333333334,4.0,-1,More transfers
龍山寺站,新莊站,2,1,31.3,7.0,2,24.73333333333333,15.0,2,6.56666666666667,8.0,0,Same transfers
龍山寺站,新莊站,3,1,33.05,2.0,1,24.73333333333333,15.0,2,8.316666666666666,13.0,1,Fewer transfers
龍山寺站,景安站,2,1,24.75,2.0,1,19.433333333333334,4.0,2,5.316666666666666,2.0,1,Fewer transfers
龍山寺站,景平站,2,1,29.15,5.0,2,27.416666666666668,10.0,3,1.7333333333333307,5.0,1,Fewer transfers
龍山寺站,景平站,3,1,32.43333333333333,9.0,1,27.416666666666668,10.0,3,5.016666666666662,1.0,2,Fewer transfers
龍山寺站,板新站,2,1,40.6,8.0,2,20.766666666666666,9.0,1,19.833333333333336,1.0,-1,More transfers
龍山寺站,板新站,3,1,40.81666666666667,5.0,2,20.766666666666666,9.0,1,20.050000000000004,4.0,-1,More transfers
龍山寺站,橋和站,2,1,36.71666666666667,8.0,2,24.65,9.0,1,12.06666666666667,1.0,-1,More transfers
龍山寺站,橋和站,3,1,36.93333333333333,5.0,2,24.65,9.0,1,12.283333333333331,4.0,-1,More transfers
龍山寺站,民權西路站,2,1,17.916666666666668,2.0,1,13.166666666666666,4.0,1,4.750000000000002,2.0,0,Same transfers
龍山寺站,永安市場站,2,1,22.766666666666666,2.0,1,17.45,4.0,2,5.316666666666666,2.0,1,Fewer transfers
龍山寺站,秀朗橋站,2,1,34.166666666666664,9.0,1,27.45,5.0,2,6.716666666666665,-4.0,1,Fewer transfers
龍山寺站,菜寮站,2,1,24.25,2.0,1,22.5,7.0,2,1.75,5.0,1,Fewer transfers
龍山寺站,蘆洲站,2,1,30.816666666666663,2.0,1,29.066666666666663,7.0,2,1.75,5.0,1,Fewer transfers
龍山寺站,象山站,2,1,24.433333333333334,4.0,1,21.78333333333333,4.0,2,2.650000000000002,0.0,1,Fewer transfers
龍山寺站,輔大站,2,1,34.0,7.0,2,27.433333333333334,15.0,2,6.566666666666666,8.0,0,Same transfers
龍山寺站,輔大站,3,1,35.75,2.0,1,27.433333333333334,15.0,2,8.316666666666666,13.0,1,Fewer transfers
龍山寺站,迴龍站,2,1,39.516666666666666,7.0,2,32.95,15.0,2,6.566666666666663,8.0,0,Same transfers
龍山寺站,迴龍站,3,1,41.266666666666666,2.0,1,32.95,15.0,2,8.316666666666663,13.0,1,Fewer transfers
龍山寺站,頂溪站,2,1,20.566666666666663,2.0,1,15.25,4.0,2,5.316666666666663,2.0,1,Fewer transfers
龍山寺站,頭前庄站,2,1,29.316666666666663,7.0,2,16.75,9.0,1,12.566666666666663,2.0,-1,More transfers
龍山寺站,頭前庄站,3,1,31.066666666666663,2.0,1,16.75,9.0,1,14.316666666666663,7.0,0,Same transfers
