replicate_id,case_seed,objectives,structure,route_count,route_length,shared_length,unique_length,pairwise_overlap,pairwise_diversity,num_nodes,num_edges,rho_12,rho_13,rho_23,reference_pareto_labels,target_pareto_labels,generated_labels,kept_labels,pruned_labels,dominance_checks,comparisons_per_generated_label,max_labels_per_node,pruning_rate,runtime_seconds
0,20660929,3,prefix,8,16,4,12,0.25,0.75,94,100,0.10763517771230183,-0.022571454569530688,-0.00035374754295932633,3,3,100,96,4,22,0.22,3,0.04,0.00042669998947530985
0,20660929,3,suffix,8,16,4,12,0.25,0.75,94,100,0.10763517771230183,-0.022571454569530688,-0.00035374754295932633,3,3,108,104,4,46,0.42592592592592593,3,0.037037037037037035,0.000444200006313622
1,20660930,3,prefix,8,16,4,12,0.25,0.75,94,100,-0.023752188399813523,0.1695610003151895,-0.02565369169653667,5,5,100,97,3,25,0.25,5,0.03,0.00037569999403785914
1,20660930,3,suffix,8,16,4,12,0.25,0.75,94,100,-0.023752188399813523,0.1695610003151895,-0.02565369169653667,5,5,116,113,3,105,0.9051724137931034,5,0.02586206896551724,0.0005429000011645257
2,20660931,3,prefix,8,16,4,12,0.25,0.75,94,100,0.025361641811671182,0.09325381771344675,0.06029466302016216,6,6,100,98,2,36,0.36,6,0.02,0.0004061999934492633
2,20660931,3,suffix,8,16,4,12,0.25,0.75,94,100,0.025361641811671182,0.09325381771344675,0.06029466302016216,6,6,120,118,2,156,1.3,6,0.016666666666666666,0.0006183000077726319
3,20660932,3,prefix,8,16,4,12,0.25,0.75,94,100,0.003023169515402422,0.1492192813265396,0.048842273806157625,5,5,100,98,2,27,0.27,5,0.02,0.00036050000926479697
3,20660932,3,suffix,8,16,4,12,0.25,0.75,94,100,0.003023169515402422,0.1492192813265396,0.048842273806157625,5,5,116,114,2,107,0.9224137931034483,5,0.017241379310344827,0.000571900003706105
4,20660933,3,prefix,8,16,4,12,0.25,0.75,94,100,0.021871999031324453,0.07180614294395693,0.018639488440492086,7,7,100,99,1,43,0.43,7,0.01,0.00037740000698249787
4,20660933,3,suffix,8,16,4,12,0.25,0.75,94,100,0.021871999031324453,0.07180614294395693,0.018639488440492086,7,7,124,123,1,211,1.7016129032258065,7,0.008064516129032258,0.0007337999995797873
5,20660934,3,prefix,8,16,4,12,0.25,0.75,94,100,0.07126295892416865,0.06874124673889881,-0.08278753433801186,2,2,100,95,5,9,0.09,2,0.05,0.00032900000223889947
5,20660934,3,suffix,8,16,4,12,0.25,0.75,94,100,0.07126295892416865,0.06874124673889881,-0.08278753433801186,2,2,104,99,5,17,0.16346153846153846,2,0.04807692307692308,0.0003521000035107136
6,20660935,3,prefix,8,16,4,12,0.25,0.75,94,100,-0.02997370273969684,0.14267496051517833,-0.04680500502744274,4,4,100,96,4,16,0.16,4,0.04,0.00034929999674204737
6,20660935,3,suffix,8,16,4,12,0.25,0.75,94,100,-0.02997370273969684,0.14267496051517833,-0.04680500502744274,4,4,112,108,4,64,0.5714285714285714,4,0.03571428571428571,0.00045530000352300704
7,20660936,3,prefix,8,16,4,12,0.25,0.75,94,100,0.0328418284870162,-0.16469383177713898,-0.08232234498643622,5,5,100,97,3,23,0.23,5,0.03,0.0003529000096023083
7,20660936,3,suffix,8,16,4,12,0.25,0.75,94,100,0.0328418284870162,-0.16469383177713898,-0.08232234498643622,5,5,116,113,3,103,0.8879310344827587,5,0.02586206896551724,0.00053039999329485
8,20660937,3,prefix,8,16,4,12,0.25,0.75,94,100,0.008585262027985274,-0.22677934338612576,0.14685917738992088,5,5,100,98,2,28,0.28,5,0.02,0.0003930999955628067
8,20660937,3,suffix,8,16,4,12,0.25,0.75,94,100,0.008585262027985274,-0.22677934338612576,0.14685917738992088,5,5,116,114,2,108,0.9310344827586207,5,0.017241379310344827,0.0005492999916896224
9,20660938,3,prefix,8,16,4,12,0.25,0.75,94,100,-0.010793523624665163,-0.12741450465144852,0.0779868369706226,6,6,100,98,2,34,0.34,6,0.02,0.00037170000723563135
9,20660938,3,suffix,8,16,4,12,0.25,0.75,94,100,-0.010793523624665163,-0.12741450465144852,0.0779868369706226,6,6,120,118,2,154,1.2833333333333334,6,0.016666666666666666,0.000636800003121607
10,20660939,3,prefix,8,16,4,12,0.25,0.75,94,100,0.13814919065454712,-0.18710716481938233,0.0026281785360003874,4,4,100,96,4,16,0.16,4,0.04,0.00034500000765547156
10,20660939,3,suffix,8,16,4,12,0.25,0.75,94,100,0.13814919065454712,-0.18710716481938233,0.0026281785360003874,4,4,112,108,4,64,0.5714285714285714,4,0.03571428571428571,0.00046540000766981393
11,20660940,3,prefix,8,16,4,12,0.25,0.75,94,100,-0.16715535802914008,-0.10356198989603307,0.058441610983596376,6,6,100,98,2,37,0.37,6,0.02,0.00037789999623782933
11,20660940,3,suffix,8,16,4,12,0.25,0.75,94,100,-0.16715535802914008,-0.10356198989603307,0.058441610983596376,6,6,120,118,2,157,1.3083333333333333,6,0.016666666666666666,0.0006262999959290028
12,20660941,3,prefix,8,16,4,12,0.25,0.75,94,100,-0.10335482112588792,-0.04293874098276006,0.046440413690038915,5,5,100,97,3,27,0.27,5,0.03,0.0003802999999606982
12,20660941,3,suffix,8,16,4,12,0.25,0.75,94,100,-0.10335482112588792,-0.04293874098276006,0.046440413690038915,5,5,116,113,3,107,0.9224137931034483,5,0.02586206896551724,0.0005367000121623278
13,20660942,3,prefix,8,16,4,12,0.25,0.75,94,100,-0.05232985884744277,0.18907206210387165,0.15507569654572578,3,3,100,95,5,11,0.11,3,0.05,0.0003352999920025468
13,20660942,3,suffix,8,16,4,12,0.25,0.75,94,100,-0.05232985884744277,0.18907206210387165,0.15507569654572578,3,3,108,103,5,35,0.32407407407407407,3,0.046296296296296294,0.00039339999784715474
14,20660943,3,prefix,8,16,4,12,0.25,0.75,94,100,0.06471672432962385,-0.1335960781858193,-0.008325287500069828,5,5,100,97,3,23,0.23,5,0.03,0.0003547999949660152
14,20660943,3,suffix,8,16,4,12,0.25,0.75,94,100,0.06471672432962385,-0.1335960781858193,-0.008325287500069828,5,5,116,113,3,103,0.8879310344827587,5,0.02586206896551724,0.0005319999909261242
15,20660944,3,prefix,8,16,4,12,0.25,0.75,94,100,0.08538984415932471,-0.028283814510316467,-0.09068280237484251,5,5,100,97,3,26,0.26,5,0.03,0.0003634999884525314
15,20660944,3,suffix,8,16,4,12,0.25,0.75,94,100,0.08538984415932471,-0.028283814510316467,-0.09068280237484251,5,5,116,113,3,106,0.9137931034482759,5,0.02586206896551724,0.0005588000058196485
16,20660945,3,prefix,8,16,4,12,0.25,0.75,94,100,0.03612127078503575,-0.014139914343332588,-0.12269826028501497,6,6,100,98,2,39,0.39,6,0.02,0.0004158999945502728
16,20660945,3,suffix,8,16,4,12,0.25,0.75,94,100,0.03612127078503575,-0.014139914343332588,-0.12269826028501497,6,6,120,118,2,159,1.325,6,0.016666666666666666,0.0006360999977914616
17,20660946,3,prefix,8,16,4,12,0.25,0.75,94,100,-0.11437200999060386,-0.042974601834716124,-0.02808371886267217,4,4,100,96,4,16,0.16,4,0.04,0.0003529999958118424
17,20660946,3,suffix,8,16,4,12,0.25,0.75,94,100,-0.11437200999060386,-0.042974601834716124,-0.02808371886267217,4,4,112,108,4,64,0.5714285714285714,4,0.03571428571428571,0.00045340000360738486
18,20660947,3,prefix,8,16,4,12,0.25,0.75,94,100,0.030192224047373706,-0.10182806103397649,0.14200357894764562,4,4,100,96,4,21,0.21,4,0.04,0.00035200000274926424
18,20660947,3,suffix,8,16,4,12,0.25,0.75,94,100,0.030192224047373706,-0.10182806103397649,0.14200357894764562,4,4,112,108,4,69,0.6160714285714286,4,0.03571428571428571,0.0004622999986167997
19,20660948,3,prefix,8,16,4,12,0.25,0.75,94,100,-0.10039343221827093,-0.14553724173437646,-0.047278139225864525,5,5,100,98,2,32,0.32,5,0.02,0.0003699000080814585
19,20660948,3,suffix,8,16,4,12,0.25,0.75,94,100,-0.10039343221827093,-0.14553724173437646,-0.047278139225864525,5,5,116,114,2,112,0.9655172413793104,5,0.017241379310344827,0.0005515999946510419
20,20660949,3,prefix,8,16,4,12,0.25,0.75,94,100,-0.005603197610303232,-0.047380099760056624,0.0018505659061487198,5,5,100,97,3,23,0.23,5,0.03,0.00038979999953880906
20,20660949,3,suffix,8,16,4,12,0.25,0.75,94,100,-0.005603197610303232,-0.047380099760056624,0.0018505659061487198,5,5,116,113,3,103,0.8879310344827587,5,0.02586206896551724,0.0005425999988801777
21,20660950,3,prefix,8,16,4,12,0.25,0.75,94,100,-0.11418079116660797,0.05761518958522592,0.19190448974832902,5,5,100,97,3,27,0.27,5,0.03,0.00036450001061894
21,20660950,3,suffix,8,16,4,12,0.25,0.75,94,100,-0.11418079116660797,0.05761518958522592,0.19190448974832902,5,5,116,113,3,107,0.9224137931034483,5,0.02586206896551724,0.0005497999954968691
22,20660951,3,prefix,8,16,4,12,0.25,0.75,94,100,0.06399112762736897,-0.031146161616681885,-0.11564321989571592,6,6,100,99,1,34,0.34,6,0.01,0.0003760999970836565
22,20660951,3,suffix,8,16,4,12,0.25,0.75,94,100,0.06399112762736897,-0.031146161616681885,-0.11564321989571592,6,6,120,119,1,154,1.2833333333333334,6,0.008333333333333333,0.0006218000053195283
23,20660952,3,prefix,8,16,4,12,0.25,0.75,94,100,0.02675943256369467,0.06119830121640777,-0.02481250642601237,4,4,100,97,3,26,0.26,4,0.03,0.0003597999893827364
23,20660952,3,suffix,8,16,4,12,0.25,0.75,94,100,0.02675943256369467,0.06119830121640777,-0.02481250642601237,4,4,112,109,3,74,0.6607142857142857,4,0.026785714285714284,0.0004721000004792586
24,20660953,3,prefix,8,16,4,12,0.25,0.75,94,100,-0.03552099920704093,0.13190550076258772,-0.0028441163937657768,5,5,100,97,3,27,0.27,5,0.03,0.0003635000030044466
24,20660953,3,suffix,8,16,4,12,0.25,0.75,94,100,-0.03552099920704093,0.13190550076258772,-0.0028441163937657768,5,5,116,113,3,107,0.9224137931034483,5,0.02586206896551724,0.0005379999929573387
25,20660954,3,prefix,8,16,4,12,0.25,0.75,94,100,-0.24854579149108597,0.1948542584485287,-0.1158131660687521,5,5,100,97,3,26,0.26,5,0.03,0.00036899998667649925
25,20660954,3,suffix,8,16,4,12,0.25,0.75,94,100,-0.24854579149108597,0.1948542584485287,-0.1158131660687521,5,5,116,113,3,106,0.9137931034482759,5,0.02586206896551724,0.000534699996933341
26,20660955,3,prefix,8,16,4,12,0.25,0.75,94,100,0.15721080313547015,0.13958275768215023,0.08993052989467853,1,1,100,93,7,7,0.07,1,0.07,0.00032669999927747995
26,20660955,3,suffix,8,16,4,12,0.25,0.75,94,100,0.15721080313547015,0.13958275768215023,0.08993052989467853,1,1,100,93,7,7,0.07,1,0.07,0.0003192000003764406
27,20660956,3,prefix,8,16,4,12,0.25,0.75,94,100,0.09323320592150768,0.036867218807145934,0.10258730974757536,3,3,100,95,5,15,0.15,3,0.05,0.0004254000086802989
27,20660956,3,suffix,8,16,4,12,0.25,0.75,94,100,0.09323320592150768,0.036867218807145934,0.10258730974757536,3,3,108,103,5,39,0.3611111111111111,3,0.046296296296296294,0.0004273999948054552
28,20660957,3,prefix,8,16,4,12,0.25,0.75,94,100,0.08420095301149245,-0.00798662445045131,0.024467150156523693,5,5,100,97,3,26,0.26,5,0.03,0.00037399999564513564
28,20660957,3,suffix,8,16,4,12,0.25,0.75,94,100,0.08420095301149245,-0.00798662445045131,0.024467150156523693,5,5,116,113,3,106,0.9137931034482759,5,0.02586206896551724,0.0005499000108102337
29,20660958,3,prefix,8,16,4,12,0.25,0.75,94,100,0.05085131967674484,0.052361050133854274,0.023086759992093635,2,2,100,95,5,16,0.16,2,0.05,0.00038979999953880906
29,20660958,3,suffix,8,16,4,12,0.25,0.75,94,100,0.05085131967674484,0.052361050133854274,0.023086759992093635,2,2,104,99,5,24,0.23076923076923078,2,0.04807692307692308,0.00036290001298766583
30,20660959,3,prefix,8,16,4,12,0.25,0.75,94,100,-0.055076653641119466,0.05311605385804342,0.13223054839170303,3,3,100,95,5,15,0.15,3,0.05,0.0003502000035950914
30,20660959,3,suffix,8,16,4,12,0.25,0.75,94,100,-0.055076653641119466,0.05311605385804342,0.13223054839170303,3,3,108,103,5,39,0.3611111111111111,3,0.046296296296296294,0.0004005999944638461
31,20660960,3,prefix,8,16,4,12,0.25,0.75,94,100,0.16180606275135176,0.06352808870251024,-0.09513213597740877,5,5,100,97,3,28,0.28,5,0.03,0.00035790000401902944
31,20660960,3,suffix,8,16,4,12,0.25,0.75,94,100,0.16180606275135176,0.06352808870251024,-0.09513213597740877,5,5,116,113,3,108,0.9310344827586207,5,0.02586206896551724,0.0005346000107238069
32,20660961,3,prefix,8,16,4,12,0.25,0.75,94,100,-0.04802316610342086,-0.011733966661132543,-0.04476390589957714,5,5,100,98,2,24,0.24,5,0.02,0.0003664999967440963
32,20660961,3,suffix,8,16,4,12,0.25,0.75,94,100,-0.04802316610342086,-0.011733966661132543,-0.04476390589957714,5,5,116,114,2,104,0.896551724137931,5,0.017241379310344827,0.0005342000076780096
33,20660962,3,prefix,8,16,4,12,0.25,0.75,94,100,0.002520664525082606,0.015508537025292922,-0.023172766106272575,2,2,100,95,5,9,0.09,2,0.05,0.00032789999386295676
33,20660962,3,suffix,8,16,4,12,0.25,0.75,94,100,0.002520664525082606,0.015508537025292922,-0.023172766106272575,2,2,104,99,5,17,0.16346153846153846,2,0.04807692307692308,0.0003522000042721629
34,20660963,3,prefix,8,16,4,12,0.25,0.75,94,100,0.05749591834220362,0.1783155453670556,-0.06506802490818218,3,3,100,97,3,15,0.15,3,0.03,0.00034149999555666
34,20660963,3,suffix,8,16,4,12,0.25,0.75,94,100,0.05749591834220362,0.1783155453670556,-0.06506802490818218,3,3,108,105,3,39,0.3611111111111111,3,0.027777777777777776,0.0004123999970033765
35,20660964,3,prefix,8,16,4,12,0.25,0.75,94,100,0.2419119678086942,-0.0855322401083417,0.015912011360827552,5,5,100,97,3,26,0.26,5,0.03,0.0003603999939514324
35,20660964,3,suffix,8,16,4,12,0.25,0.75,94,100,0.2419119678086942,-0.0855322401083417,0.015912011360827552,5,5,116,113,3,106,0.9137931034482759,5,0.02586206896551724,0.0005399000074248761
36,20660965,3,prefix,8,16,4,12,0.25,0.75,94,100,0.024408225303761598,-0.028619721898791264,0.15667574693870376,2,2,100,95,5,9,0.09,2,0.05,0.00032809999538585544
36,20660965,3,suffix,8,16,4,12,0.25,0.75,94,100,0.024408225303761598,-0.028619721898791264,0.15667574693870376,2,2,104,99,5,17,0.16346153846153846,2,0.04807692307692308,0.00035000000207219273
37,20660966,3,prefix,8,16,4,12,0.25,0.75,94,100,-0.18264334612909447,0.090119529978233,-0.01791694277342475,2,2,100,94,6,8,0.08,2,0.06,0.00033519999124109745
37,20660966,3,suffix,8,16,4,12,0.25,0.75,94,100,-0.18264334612909447,0.090119529978233,-0.01791694277342475,2,2,104,98,6,16,0.15384615384615385,2,0.057692307692307696,0.000348299989127554
38,20660967,3,prefix,8,16,4,12,0.25,0.75,94,100,0.057679899776925045,0.03472069214787611,0.029641617174589466,7,7,100,99,1,44,0.44,7,0.01,0.0003892999957315624
38,20660967,3,suffix,8,16,4,12,0.25,0.75,94,100,0.057679899776925045,0.03472069214787611,0.029641617174589466,7,7,124,123,1,212,1.7096774193548387,7,0.008064516129032258,0.0007220000115921721
39,20660968,3,prefix,8,16,4,12,0.25,0.75,94,100,0.10013763572671615,-0.08869204136616676,0.04725437445131209,5,5,100,97,3,27,0.27,5,0.03,0.0003563999925972894
39,20660968,3,suffix,8,16,4,12,0.25,0.75,94,100,0.10013763572671615,-0.08869204136616676,0.04725437445131209,5,5,116,113,3,107,0.9224137931034483,5,0.02586206896551724,0.0005338000046322122
40,20660969,3,prefix,8,16,4,12,0.25,0.75,94,100,-0.08994075897196968,0.01515730624935313,-0.07237135944587524,6,6,100,98,2,34,0.34,6,0.02,0.00037629999860655516
40,20660969,3,suffix,8,16,4,12,0.25,0.75,94,100,-0.08994075897196968,0.01515730624935313,-0.07237135944587524,6,6,120,118,2,154,1.2833333333333334,6,0.016666666666666666,0.0006360999977914616
41,20660970,3,prefix,8,16,4,12,0.25,0.75,94,100,-0.09145408619227015,-0.08303089313667132,0.03259168482063376,4,4,100,96,4,18,0.18,4,0.04,0.0003449000068940222
41,20660970,3,suffix,8,16,4,12,0.25,0.75,94,100,-0.09145408619227015,-0.08303089313667132,0.03259168482063376,4,4,112,108,4,66,0.5892857142857143,4,0.03571428571428571,0.00046579999616369605
42,20660971,3,prefix,8,16,4,12,0.25,0.75,94,100,0.011676385386780614,-0.07519141190021895,0.020342205787719708,2,2,100,94,6,8,0.08,2,0.06,0.00032649999775458127
42,20660971,3,suffix,8,16,4,12,0.25,0.75,94,100,0.011676385386780614,-0.07519141190021895,0.020342205787719708,2,2,104,98,6,16,0.15384615384615385,2,0.057692307692307696,0.00034950001281686127
43,20660972,3,prefix,8,16,4,12,0.25,0.75,94,100,0.11330818255652474,0.0853073500765057,-0.06370122290264245,2,2,100,94,6,10,0.1,2,0.06,0.00032669999927747995
43,20660972,3,suffix,8,16,4,12,0.25,0.75,94,100,0.11330818255652474,0.0853073500765057,-0.06370122290264245,2,2,104,98,6,18,0.17307692307692307,2,0.057692307692307696,0.0003550000110408291
44,20660973,3,prefix,8,16,4,12,0.25,0.75,94,100,-0.0733460211466732,-0.08126945032012457,-0.10947408191925985,5,5,100,97,3,23,0.23,5,0.03,0.00035570000181905925
44,20660973,3,suffix,8,16,4,12,0.25,0.75,94,100,-0.0733460211466732,-0.08126945032012457,-0.10947408191925985,5,5,116,113,3,103,0.8879310344827587,5,0.02586206896551724,0.0005246999935479835
45,20660974,3,prefix,8,16,4,12,0.25,0.75,94,100,-0.027948302163020623,-0.09582412028801317,-0.07690619459264715,6,6,100,98,2,38,0.38,6,0.02,0.00037519999023061246
45,20660974,3,suffix,8,16,4,12,0.25,0.75,94,100,-0.027948302163020623,-0.09582412028801317,-0.07690619459264715,6,6,120,118,2,158,1.3166666666666667,6,0.016666666666666666,0.0006471999950008467
46,20660975,3,prefix,8,16,4,12,0.25,0.75,94,100,-0.10992008379407261,0.1597385051212271,-0.12789673498156476,4,4,100,96,4,20,0.2,4,0.04,0.0003508000081637874
46,20660975,3,suffix,8,16,4,12,0.25,0.75,94,100,-0.10992008379407261,0.1597385051212271,-0.12789673498156476,4,4,112,108,4,68,0.6071428571428571,4,0.03571428571428571,0.0004721000004792586
47,20660976,3,prefix,8,16,4,12,0.25,0.75,94,100,0.13358672412488573,0.003085262506648475,0.057988784811054614,1,1,100,93,7,7,0.07,1,0.07,0.0003222999948775396
47,20660976,3,suffix,8,16,4,12,0.25,0.75,94,100,0.13358672412488573,0.003085262506648475,0.057988784811054614,1,1,100,93,7,7,0.07,1,0.07,0.0003220000071451068
48,20660977,3,prefix,8,16,4,12,0.25,0.75,94,100,-0.015310410915851535,0.06529733072772714,-0.12920434908392114,5,5,100,97,3,26,0.26,5,0.03,0.0003635000030044466
48,20660977,3,suffix,8,16,4,12,0.25,0.75,94,100,-0.015310410915851535,0.06529733072772714,-0.12920434908392114,5,5,116,113,3,106,0.9137931034482759,5,0.02586206896551724,0.0005348999984562397
49,20660978,3,prefix,8,16,4,12,0.25,0.75,94,100,0.07340935913662193,0.09524140923858979,-0.10321259868807382,4,4,100,96,4,18,0.18,4,0.04,0.0003443000023253262
49,20660978,3,suffix,8,16,4,12,0.25,0.75,94,100,0.07340935913662193,0.09524140923858979,-0.10321259868807382,4,4,112,108,4,66,0.5892857142857143,4,0.03571428571428571,0.00046460000157821923
50,20660979,3,prefix,8,16,4,12,0.25,0.75,94,100,-0.005138655968394119,0.0004428976585582996,-0.005749015323729995,6,6,100,98,2,36,0.36,6,0.02,0.0003859999997075647
50,20660979,3,suffix,8,16,4,12,0.25,0.75,94,100,-0.005138655968394119,0.0004428976585582996,-0.005749015323729995,6,6,120,118,2,156,1.3,6,0.016666666666666666,0.0006276999920373783
51,20660980,3,prefix,8,16,4,12,0.25,0.75,94,100,-0.047421940395075364,-0.03547074570818732,0.006987110912845191,5,5,100,97,3,27,0.27,5,0.03,0.0003595999878598377
51,20660980,3,suffix,8,16,4,12,0.25,0.75,94,100,-0.047421940395075364,-0.03547074570818732,0.006987110912845191,5,5,116,113,3,107,0.9224137931034483,5,0.02586206896551724,0.0005356000037863851
52,20660981,3,prefix,8,16,4,12,0.25,0.75,94,100,0.05647431773365492,0.0031007519273263027,-0.05516884493915086,5,5,100,97,3,28,0.28,5,0.03,0.00037369999336078763
52,20660981,3,suffix,8,16,4,12,0.25,0.75,94,100,0.05647431773365492,0.0031007519273263027,-0.05516884493915086,5,5,116,113,3,108,0.9310344827586207,5,0.02586206896551724,0.000534399994648993
53,20660982,3,prefix,8,16,4,12,0.25,0.75,94,100,0.007615945366095358,-0.15140347368006057,-0.26251585981342135,2,2,100,94,6,14,0.14,2,0.06,0.0003394999948795885
53,20660982,3,suffix,8,16,4,12,0.25,0.75,94,100,0.007615945366095358,-0.15140347368006057,-0.26251585981342135,2,2,104,98,6,22,0.21153846153846154,2,0.057692307692307696,0.0003622999938670546
54,20660983,3,prefix,8,16,4,12,0.25,0.75,94,100,-0.07883684178913579,-0.07589419744534316,-0.11539260960267249,5,5,100,97,3,23,0.23,5,0.03,0.0003667999990284443
54,20660983,3,suffix,8,16,4,12,0.25,0.75,94,100,-0.07883684178913579,-0.07589419744534316,-0.11539260960267249,5,5,116,113,3,103,0.8879310344827587,5,0.02586206896551724,0.0005275000003166497
55,20660984,3,prefix,8,16,4,12,0.25,0.75,94,100,0.13005441983350247,-0.060679401074450114,0.09963194152785172,5,5,100,97,3,24,0.24,5,0.03,0.00039310001011472195
55,20660984,3,suffix,8,16,4,12,0.25,0.75,94,100,0.13005441983350247,-0.060679401074450114,0.09963194152785172,5,5,116,113,3,104,0.896551724137931,5,0.02586206896551724,0.000531600002432242
56,20660985,3,prefix,8,16,4,12,0.25,0.75,94,100,-0.05932762586126103,-0.09026942523611596,0.1202382635194464,6,6,100,98,2,34,0.34,6,0.02,0.00040750000334810466
56,20660985,3,suffix,8,16,4,12,0.25,0.75,94,100,-0.05932762586126103,-0.09026942523611596,0.1202382635194464,6,6,120,118,2,154,1.2833333333333334,6,0.016666666666666666,0.0006253000028664246
57,20660986,3,prefix,8,16,4,12,0.25,0.75,94,100,-0.006363475352864138,-0.027748007507427373,0.09347935812432248,4,4,100,98,2,28,0.28,4,0.02,0.00037810001231264323
57,20660986,3,suffix,8,16,4,12,0.25,0.75,94,100,-0.006363475352864138,-0.027748007507427373,0.09347935812432248,4,4,112,110,2,76,0.6785714285714286,4,0.017857142857142856,0.0004702000005636364
58,20660987,3,prefix,8,16,4,12,0.25,0.75,94,100,-0.053031339908294055,0.055487049602511544,-0.024397576905331463,7,7,100,99,1,44,0.44,7,0.01,0.0003880000003846362
58,20660987,3,suffix,8,16,4,12,0.25,0.75,94,100,-0.053031339908294055,0.055487049602511544,-0.024397576905331463,7,7,124,123,1,212,1.7096774193548387,7,0.008064516129032258,0.0007283000013558194
59,20660988,3,prefix,8,16,4,12,0.25,0.75,94,100,-0.06242650472015588,-0.0943716536900633,0.006632630406737726,4,4,100,96,4,18,0.18,4,0.04,0.00039059999107848853
59,20660988,3,suffix,8,16,4,12,0.25,0.75,94,100,-0.06242650472015588,-0.0943716536900633,0.006632630406737726,4,4,112,108,4,66,0.5892857142857143,4,0.03571428571428571,0.00045370000589173287
60,20660989,3,prefix,8,16,4,12,0.25,0.75,94,100,-0.18916343853915027,-0.15074004087815165,-0.001416302291899421,7,7,100,99,1,43,0.43,7,0.01,0.0003878999996231869
60,20660989,3,suffix,8,16,4,12,0.25,0.75,94,100,-0.18916343853915027,-0.15074004087815165,-0.001416302291899421,7,7,124,123,1,211,1.7016129032258065,7,0.008064516129032258,0.00072080000245478
61,20660990,3,prefix,8,16,4,12,0.25,0.75,94,100,0.0546918345928912,0.05608378898793504,0.12039660263106618,5,5,100,97,3,29,0.29,5,0.03,0.00035990000469610095
61,20660990,3,suffix,8,16,4,12,0.25,0.75,94,100,0.0546918345928912,0.05608378898793504,0.12039660263106618,5,5,116,113,3,109,0.9396551724137931,5,0.02586206896551724,0.0005462999979499727
62,20660991,3,prefix,8,16,4,12,0.25,0.75,94,100,0.0866487837522857,0.09814416731581893,-0.021324405143817296,5,5,100,97,3,33,0.33,5,0.03,0.0003690000012284145
62,20660991,3,suffix,8,16,4,12,0.25,0.75,94,100,0.0866487837522857,0.09814416731581893,-0.021324405143817296,5,5,116,113,3,113,0.9741379310344828,5,0.02586206896551724,0.0005566999898292124
63,20660992,3,prefix,8,16,4,12,0.25,0.75,94,100,-0.09929945004460715,0.0293809644350548,0.016799974226783004,4,4,100,97,3,23,0.23,4,0.03,0.00036040000850334764
63,20660992,3,suffix,8,16,4,12,0.25,0.75,94,100,-0.09929945004460715,0.0293809644350548,0.016799974226783004,4,4,112,109,3,71,0.6339285714285714,4,0.026785714285714284,0.0004710000066552311
64,20660993,3,prefix,8,16,4,12,0.25,0.75,94,100,-0.06469812629811697,-0.15599300213062642,-0.09189112533216771,4,4,100,96,4,18,0.18,4,0.04,0.0003480999876046553
64,20660993,3,suffix,8,16,4,12,0.25,0.75,94,100,-0.06469812629811697,-0.15599300213062642,-0.09189112533216771,4,4,112,108,4,66,0.5892857142857143,4,0.03571428571428571,0.0004521999944699928
65,20660994,3,prefix,8,16,4,12,0.25,0.75,94,100,-0.20578982776468982,0.018009742215749937,-0.15640035024427487,5,5,100,98,2,34,0.34,5,0.02,0.00037009999505244195
65,20660994,3,suffix,8,16,4,12,0.25,0.75,94,100,-0.20578982776468982,0.018009742215749937,-0.15640035024427487,5,5,116,114,2,114,0.9827586206896551,5,0.017241379310344827,0.0005456999933812767
66,20660995,3,prefix,8,16,4,12,0.25,0.75,94,100,-0.012369158246954672,-0.09746822963355999,-0.0880171487550961,4,4,100,96,4,18,0.18,4,0.04,0.00035069999285042286
66,20660995,3,suffix,8,16,4,12,0.25,0.75,94,100,-0.012369158246954672,-0.09746822963355999,-0.0880171487550961,4,4,112,108,4,66,0.5892857142857143,4,0.03571428571428571,0.0004572999896481633
67,20660996,3,prefix,8,16,4,12,0.25,0.75,94,100,-0.09515680883165999,0.05375155669965403,-0.06296423654366258,7,7,100,99,1,43,0.43,7,0.01,0.00038449998828582466
67,20660996,3,suffix,8,16,4,12,0.25,0.75,94,100,-0.09515680883165999,0.05375155669965403,-0.06296423654366258,7,7,124,123,1,211,1.7016129032258065,7,0.008064516129032258,0.0007559000077890232
68,20660997,3,prefix,8,16,4,12,0.25,0.75,94,100,0.2175720010097279,0.04780440723763773,0.0041247921181366345,3,3,100,96,4,14,0.14,3,0.04,0.00034149999555666
68,20660997,3,suffix,8,16,4,12,0.25,0.75,94,100,0.2175720010097279,0.04780440723763773,0.0041247921181366345,3,3,108,104,4,38,0.35185185185185186,3,0.037037037037037035,0.00039819999074097723
69,20660998,3,prefix,8,16,4,12,0.25,0.75,94,100,-0.10246426662235725,-0.1671415992042541,-0.025971619373827283,5,5,100,97,3,24,0.24,5,0.03,0.00035409998963586986
69,20660998,3,suffix,8,16,4,12,0.25,0.75,94,100,-0.10246426662235725,-0.1671415992042541,-0.025971619373827283,5,5,116,113,3,104,0.896551724137931,5,0.02586206896551724,0.000526399991940707
70,20660999,3,prefix,8,16,4,12,0.25,0.75,94,100,-0.07013091754509981,0.047499073767896915,-0.07594733262229375,6,6,100,98,2,35,0.35,6,0.02,0.00037259999953676015
70,20660999,3,suffix,8,16,4,12,0.25,0.75,94,100,-0.07013091754509981,0.047499073767896915,-0.07594733262229375,6,6,120,118,2,155,1.2916666666666667,6,0.016666666666666666,0.0006290999881457537
71,20661000,3,prefix,8,16,4,12,0.25,0.75,94,100,-0.04752272048703922,-0.1130498539025431,0.18861039285363854,4,4,100,97,3,26,0.26,4,0.03,0.0003541000041877851
71,20661000,3,suffix,8,16,4,12,0.25,0.75,94,100,-0.04752272048703922,-0.1130498539025431,0.18861039285363854,4,4,112,109,3,74,0.6607142857142857,4,0.026785714285714284,0.0004752999957418069
72,20661001,3,prefix,8,16,4,12,0.25,0.75,94,100,-0.004592715779336988,0.05754199914248439,-0.08629699796760669,4,4,100,96,4,16,0.16,4,0.04,0.00034389999927952886
72,20661001,3,suffix,8,16,4,12,0.25,0.75,94,100,-0.004592715779336988,0.05754199914248439,-0.08629699796760669,4,4,112,108,4,64,0.5714285714285714,4,0.03571428571428571,0.0004487999976845458
73,20661002,3,prefix,8,16,4,12,0.25,0.75,94,100,0.08356117125060394,-0.05356081753718538,0.024680230539530165,5,5,100,97,3,24,0.24,5,0.03,0.0003538000019034371
73,20661002,3,suffix,8,16,4,12,0.25,0.75,94,100,0.08356117125060394,-0.05356081753718538,0.024680230539530165,5,5,116,113,3,104,0.896551724137931,5,0.02586206896551724,0.0005273999995552003
74,20661003,3,prefix,8,16,4,12,0.25,0.75,94,100,-0.03207194992862367,0.11892778350323424,0.0137363584543879,5,5,100,98,2,28,0.28,5,0.02,0.0003623000084189698
74,20661003,3,suffix,8,16,4,12,0.25,0.75,94,100,-0.03207194992862367,0.11892778350323424,0.0137363584543879,5,5,116,114,2,108,0.9310344827586207,5,0.017241379310344827,0.0005375999899115413
75,20661004,3,prefix,8,16,4,12,0.25,0.75,94,100,0.03152349355863492,0.055768966743798276,-0.16306422070674917,5,5,100,97,3,28,0.28,5,0.03,0.000360800011549145
75,20661004,3,suffix,8,16,4,12,0.25,0.75,94,100,0.03152349355863492,0.055768966743798276,-0.16306422070674917,5,5,116,113,3,108,0.9310344827586207,5,0.02586206896551724,0.0005322999932104722
76,20661005,3,prefix,8,16,4,12,0.25,0.75,94,100,-0.01776348263559957,-0.06607250942125487,0.058496654752522914,4,4,100,97,3,26,0.26,4,0.03,0.00037029999657534063
76,20661005,3,suffix,8,16,4,12,0.25,0.75,94,100,-0.01776348263559957,-0.06607250942125487,0.058496654752522914,4,4,112,109,3,74,0.6607142857142857,4,0.026785714285714284,0.0004672999930335209
77,20661006,3,prefix,8,16,4,12,0.25,0.75,94,100,-0.06793437933531674,-0.06826837690073516,-0.12820834583218046,6,6,100,98,2,34,0.34,6,0.02,0.000374399998690933
77,20661006,3,suffix,8,16,4,12,0.25,0.75,94,100,-0.06793437933531674,-0.06826837690073516,-0.12820834583218046,6,6,120,118,2,154,1.2833333333333334,6,0.016666666666666666,0.0006208999984664842
78,20661007,3,prefix,8,16,4,12,0.25,0.75,94,100,0.08224657967367698,0.0795593600912671,-0.02796218857935335,4,4,100,96,4,16,0.16,4,0.04,0.00035289999505039304
78,20661007,3,suffix,8,16,4,12,0.25,0.75,94,100,0.08224657967367698,0.0795593600912671,-0.02796218857935335,4,4,112,108,4,64,0.5714285714285714,4,0.03571428571428571,0.00045000000682193786
79,20661008,3,prefix,8,16,4,12,0.25,0.75,94,100,0.04593999814917517,0.08855279011516223,0.002150808967126452,6,6,100,99,1,45,0.45,6,0.01,0.00038559999666176736
79,20661008,3,suffix,8,16,4,12,0.25,0.75,94,100,0.04593999814917517,0.08855279011516223,0.002150808967126452,6,6,120,119,1,165,1.375,6,0.008333333333333333,0.0006578000029549003
80,20661009,3,prefix,8,16,4,12,0.25,0.75,94,100,0.16329452795852567,-0.06118630031002269,-0.06306427641042006,4,4,100,96,4,17,0.17,4,0.04,0.0003437999985180795
80,20661009,3,suffix,8,16,4,12,0.25,0.75,94,100,0.16329452795852567,-0.06118630031002269,-0.06306427641042006,4,4,112,108,4,65,0.5803571428571429,4,0.03571428571428571,0.00046749999455641955
81,20661010,3,prefix,8,16,4,12,0.25,0.75,94,100,-0.007954462563649777,0.030196913217699024,-0.09419218496819683,4,4,100,96,4,19,0.19,4,0.04,0.00034970001433975995
81,20661010,3,suffix,8,16,4,12,0.25,0.75,94,100,-0.007954462563649777,0.030196913217699024,-0.09419218496819683,4,4,112,108,4,67,0.5982142857142857,4,0.03571428571428571,0.0004569000011542812
82,20661011,3,prefix,8,16,4,12,0.25,0.75,94,100,0.026906053330454326,-0.03208419973116337,-0.08928815419483871,3,3,100,95,5,17,0.17,3,0.05,0.00036700000055134296
82,20661011,3,suffix,8,16,4,12,0.25,0.75,94,100,0.026906053330454326,-0.03208419973116337,-0.08928815419483871,3,3,108,103,5,41,0.37962962962962965,3,0.046296296296296294,0.0004050999996252358
83,20661012,3,prefix,8,16,4,12,0.25,0.75,94,100,0.10936256252911868,-0.20196394754635386,-0.048603333698967896,6,6,100,98,2,36,0.36,6,0.02,0.0003761000116355717
83,20661012,3,suffix,8,16,4,12,0.25,0.75,94,100,0.10936256252911868,-0.20196394754635386,-0.048603333698967896,6,6,120,118,2,156,1.3,6,0.016666666666666666,0.0006375999946612865
84,20661013,3,prefix,8,16,4,12,0.25,0.75,94,100,-0.10411870749487803,0.020456504538580767,-0.004342165250237346,2,2,100,95,5,15,0.15,2,0.05,0.00034759999834932387
84,20661013,3,suffix,8,16,4,12,0.25,0.75,94,100,-0.10411870749487803,0.020456504538580767,-0.004342165250237346,2,2,104,99,5,23,0.22115384615384615,2,0.04807692307692308,0.00036219999310560524
85,20661014,3,prefix,8,16,4,12,0.25,0.75,94,100,-0.016611749778593185,0.08781184555891833,-0.0012753059585455609,2,2,100,96,4,13,0.13,2,0.04,0.0003502000035950914
85,20661014,3,suffix,8,16,4,12,0.25,0.75,94,100,-0.016611749778593185,0.08781184555891833,-0.0012753059585455609,2,2,104,100,4,21,0.20192307692307693,2,0.038461538461538464,0.0003572999994503334
86,20661015,3,prefix,8,16,4,12,0.25,0.75,94,100,-0.029837684435127628,-0.06926944556002586,-0.02521402298575395,6,6,100,98,2,37,0.37,6,0.02,0.00038660000427626073
86,20661015,3,suffix,8,16,4,12,0.25,0.75,94,100,-0.029837684435127628,-0.06926944556002586,-0.02521402298575395,6,6,120,118,2,157,1.3083333333333333,6,0.016666666666666666,0.0006214000022737309
87,20661016,3,prefix,8,16,4,12,0.25,0.75,94,100,0.08890059735027492,0.028772408702734155,0.06640832959981118,3,3,100,95,5,14,0.14,3,0.05,0.000338099998771213
87,20661016,3,suffix,8,16,4,12,0.25,0.75,94,100,0.08890059735027492,0.028772408702734155,0.06640832959981118,3,3,108,103,5,38,0.35185185185185186,3,0.046296296296296294,0.00040499999886378646
88,20661017,3,prefix,8,16,4,12,0.25,0.75,94,100,-0.1750345588249566,0.11117299668715211,-0.11158292442845155,6,6,100,98,2,34,0.34,6,0.02,0.0003696000057971105
88,20661017,3,suffix,8,16,4,12,0.25,0.75,94,100,-0.1750345588249566,0.11117299668715211,-0.11158292442845155,6,6,120,118,2,154,1.2833333333333334,6,0.016666666666666666,0.0006576000014320016
89,20661018,3,prefix,8,16,4,12,0.25,0.75,94,100,-0.05764061951067035,-0.008905834871242602,-0.04999181063432574,4,4,100,96,4,23,0.23,4,0.04,0.0003515999997034669
89,20661018,3,suffix,8,16,4,12,0.25,0.75,94,100,-0.05764061951067035,-0.008905834871242602,-0.04999181063432574,4,4,112,108,4,71,0.6339285714285714,4,0.03571428571428571,0.00045989999489393085
90,20661019,3,prefix,8,16,4,12,0.25,0.75,94,100,-0.17545734792770204,0.15265476438294645,0.010510401250998067,4,4,100,96,4,24,0.24,4,0.04,0.0003728000010596588
90,20661019,3,suffix,8,16,4,12,0.25,0.75,94,100,-0.17545734792770204,0.15265476438294645,0.010510401250998067,4,4,112,108,4,72,0.6428571428571429,4,0.03571428571428571,0.0004656000091927126
91,20661020,3,prefix,8,16,4,12,0.25,0.75,94,100,-0.03445545669315691,-0.09109454765380495,0.0884854666979037,5,5,100,98,2,24,0.24,5,0.02,0.0003612000000430271
91,20661020,3,suffix,8,16,4,12,0.25,0.75,94,100,-0.03445545669315691,-0.09109454765380495,0.0884854666979037,5,5,116,114,2,104,0.896551724137931,5,0.017241379310344827,0.0005288999964250252
92,20661021,3,prefix,8,16,4,12,0.25,0.75,94,100,-0.2192593560134328,0.06418208378885729,-0.09671731246169357,5,5,100,97,3,25,0.25,5,0.03,0.00035930000012740493
92,20661021,3,suffix,8,16,4,12,0.25,0.75,94,100,-0.2192593560134328,0.06418208378885729,-0.09671731246169357,5,5,116,113,3,105,0.9051724137931034,5,0.02586206896551724,0.0005272000125842169
93,20661022,3,prefix,8,16,4,12,0.25,0.75,94,100,-0.08268208885829584,-0.033193641524924246,-0.06313932683193356,3,3,100,96,4,12,0.12,3,0.04,0.0003352000057930127
93,20661022,3,suffix,8,16,4,12,0.25,0.75,94,100,-0.08268208885829584,-0.033193641524924246,-0.06313932683193356,3,3,108,104,4,36,0.3333333333333333,3,0.037037037037037035,0.0003952999977627769
94,20661023,3,prefix,8,16,4,12,0.25,0.75,94,100,0.16587520776116588,0.05391816740470507,-0.09255729349576133,3,3,100,95,5,11,0.11,3,0.05,0.0003608999977586791
94,20661023,3,suffix,8,16,4,12,0.25,0.75,94,100,0.16587520776116588,0.05391816740470507,-0.09255729349576133,3,3,108,103,5,35,0.32407407407407407,3,0.046296296296296294,0.00039370000013150275
95,20661024,3,prefix,8,16,4,12,0.25,0.75,94,100,-0.14593668403700946,0.012879681227647256,-0.06823491175510596,5,5,100,97,3,27,0.27,5,0.03,0.00036050000926479697
95,20661024,3,suffix,8,16,4,12,0.25,0.75,94,100,-0.14593668403700946,0.012879681227647256,-0.06823491175510596,5,5,116,113,3,107,0.9224137931034483,5,0.02586206896551724,0.000531600002432242
96,20661025,3,prefix,8,16,4,12,0.25,0.75,94,100,0.08455802034405163,-0.05924597300051892,-0.1310381979736277,5,5,100,98,2,25,0.25,5,0.02,0.00035940000088885427
96,20661025,3,suffix,8,16,4,12,0.25,0.75,94,100,0.08455802034405163,-0.05924597300051892,-0.1310381979736277,5,5,116,114,2,105,0.9051724137931034,5,0.017241379310344827,0.0005524000007426366
97,20661026,3,prefix,8,16,4,12,0.25,0.75,94,100,-0.0783930769330754,0.08663800129767982,0.0934063299680146,4,4,100,96,4,24,0.24,4,0.04,0.0003549999964889139
97,20661026,3,suffix,8,16,4,12,0.25,0.75,94,100,-0.0783930769330754,0.08663800129767982,0.0934063299680146,4,4,112,108,4,72,0.6428571428571429,4,0.03571428571428571,0.0004836999869439751
98,20661027,3,prefix,8,16,4,12,0.25,0.75,94,100,0.11400419842911587,0.08328397883467219,0.17012337135339503,2,2,100,94,6,13,0.13,2,0.06,0.0003446000046096742
98,20661027,3,suffix,8,16,4,12,0.25,0.75,94,100,0.11400419842911587,0.08328397883467219,0.17012337135339503,2,2,104,98,6,21,0.20192307692307693,2,0.057692307692307696,0.0003532999980961904
99,20661028,3,prefix,8,16,4,12,0.25,0.75,94,100,0.09910244104622222,-0.02314900481497572,-0.07749867933337795,4,4,100,96,4,19,0.19,4,0.04,0.000344899992342107
99,20661028,3,suffix,8,16,4,12,0.25,0.75,94,100,0.09910244104622222,-0.02314900481497572,-0.07749867933337795,4,4,112,108,4,67,0.5982142857142857,4,0.03571428571428571,0.00045849999878555536
100,20661029,3,prefix,8,16,4,12,0.25,0.75,94,100,0.006001461583854608,0.11657120727563512,0.030096694527547423,4,4,100,96,4,18,0.18,4,0.04,0.0004329999937908724
100,20661029,3,suffix,8,16,4,12,0.25,0.75,94,100,0.006001461583854608,0.11657120727563512,0.030096694527547423,4,4,112,108,4,66,0.5892857142857143,4,0.03571428571428571,0.00046440000005532056
101,20661030,3,prefix,8,16,4,12,0.25,0.75,94,100,0.005234036221370998,0.1401273166585892,-0.08495718428391481,3,3,100,96,4,18,0.18,3,0.04,0.0003476999991107732
101,20661030,3,suffix,8,16,4,12,0.25,0.75,94,100,0.005234036221370998,0.1401273166585892,-0.08495718428391481,3,3,108,104,4,42,0.3888888888888889,3,0.037037037037037035,0.0004183000128250569
102,20661031,3,prefix,8,16,4,12,0.25,0.75,94,100,0.2923392280200309,-0.030199616175904834,0.09916171878804005,3,3,100,95,5,11,0.11,3,0.05,0.000335000004270114
102,20661031,3,suffix,8,16,4,12,0.25,0.75,94,100,0.2923392280200309,-0.030199616175904834,0.09916171878804005,3,3,108,103,5,35,0.32407407407407407,3,0.046296296296296294,0.00039340001239906996
103,20661032,3,prefix,8,16,4,12,0.25,0.75,94,100,-0.029902488137227116,-0.009647385633031014,-0.1380695020256157,6,6,100,98,2,37,0.37,6,0.02,0.0003758999955607578
103,20661032,3,suffix,8,16,4,12,0.25,0.75,94,100,-0.029902488137227116,-0.009647385633031014,-0.1380695020256157,6,6,120,118,2,157,1.3083333333333333,6,0.016666666666666666,0.000625400003627874
104,20661033,3,prefix,8,16,4,12,0.25,0.75,94,100,-0.05117081673731916,0.13871528625590177,0.090931501936914,7,7,100,99,1,44,0.44,7,0.01,0.0003913999971700832
104,20661033,3,suffix,8,16,4,12,0.25,0.75,94,100,-0.05117081673731916,0.13871528625590177,0.090931501936914,7,7,124,123,1,212,1.7096774193548387,7,0.008064516129032258,0.0007295999967027456
105,20661034,3,prefix,8,16,4,12,0.25,0.75,94,100,-0.0840924749267458,0.20357617778809267,-0.06473405793668774,6,6,100,98,2,38,0.38,6,0.02,0.000443900004029274
105,20661034,3,suffix,8,16,4,12,0.25,0.75,94,100,-0.0840924749267458,0.20357617778809267,-0.06473405793668774,6,6,120,118,2,158,1.3166666666666667,6,0.016666666666666666,0.0006278000073507428
106,20661035,3,prefix,8,16,4,12,0.25,0.75,94,100,-0.026180886447868562,-0.026083078785932808,0.05971850335358648,7,7,100,100,0,46,0.46,7,0.0,0.0003966000076616183
106,20661035,3,suffix,8,16,4,12,0.25,0.75,94,100,-0.026180886447868562,-0.026083078785932808,0.05971850335358648,7,7,124,124,0,214,1.7258064516129032,7,0.0,0.0007361000025412068
107,20661036,3,prefix,8,16,4,12,0.25,0.75,94,100,0.016704705219722712,-0.002061610216351219,-0.08383316753604658,3,3,100,95,5,14,0.14,3,0.05,0.00033480000274721533
107,20661036,3,suffix,8,16,4,12,0.25,0.75,94,100,0.016704705219722712,-0.002061610216351219,-0.08383316753604658,3,3,108,103,5,38,0.35185185185185186,3,0.046296296296296294,0.00039799998921807855
108,20661037,3,prefix,8,16,4,12,0.25,0.75,94,100,0.17462042552032392,-0.09240168108105094,0.04699691285840376,4,4,100,96,4,17,0.17,4,0.04,0.00033960001019295305
108,20661037,3,suffix,8,16,4,12,0.25,0.75,94,100,0.17462042552032392,-0.09240168108105094,0.04699691285840376,4,4,112,108,4,65,0.5803571428571429,4,0.03571428571428571,0.00044970000453758985
109,20661038,3,prefix,8,16,4,12,0.25,0.75,94,100,-0.16950919278648768,-0.012972772311048304,-0.12793909417055818,6,6,100,98,2,34,0.34,6,0.02,0.0003949000092688948
109,20661038,3,suffix,8,16,4,12,0.25,0.75,94,100,-0.16950919278648768,-0.012972772311048304,-0.12793909417055818,6,6,120,118,2,154,1.2833333333333334,6,0.016666666666666666,0.0006246999982977286
110,20661039,3,prefix,8,16,4,12,0.25,0.75,94,100,-0.15070946971136928,-0.0720358163007157,-0.16475272941019808,5,5,100,98,2,33,0.33,5,0.02,0.00037599999632220715
110,20661039,3,suffix,8,16,4,12,0.25,0.75,94,100,-0.15070946971136928,-0.0720358163007157,-0.16475272941019808,5,5,116,114,2,113,0.9741379310344828,5,0.017241379310344827,0.0005435000057332218
111,20661040,3,prefix,8,16,4,12,0.25,0.75,94,100,0.07734498198062761,0.043320114537550226,-0.13237552712442185,6,6,100,98,2,32,0.32,6,0.02,0.0003730000025825575
111,20661040,3,suffix,8,16,4,12,0.25,0.75,94,100,0.07734498198062761,0.043320114537550226,-0.13237552712442185,6,6,120,118,2,152,1.2666666666666666,6,0.016666666666666666,0.0006159000040497631
112,20661041,3,prefix,8,16,4,12,0.25,0.75,94,100,-0.12366525874659769,-0.15991982974700455,-0.08030618651504967,6,6,100,98,2,32,0.32,6,0.02,0.00038320000749081373
112,20661041,3,suffix,8,16,4,12,0.25,0.75,94,100,-0.12366525874659769,-0.15991982974700455,-0.08030618651504967,6,6,120,118,2,152,1.2666666666666666,6,0.016666666666666666,0.0006181999924592674
113,20661042,3,prefix,8,16,4,12,0.25,0.75,94,100,-0.050407503099934775,-0.08004597233610054,-0.000544772831801475,3,3,100,95,5,19,0.19,3,0.05,0.0003567000094335526
113,20661042,3,suffix,8,16,4,12,0.25,0.75,94,100,-0.050407503099934775,-0.08004597233610054,-0.000544772831801475,3,3,108,103,5,43,0.39814814814814814,3,0.046296296296296294,0.0004074000025866553
114,20661043,3,prefix,8,16,4,12,0.25,0.75,94,100,-0.12199477198882946,-0.09569842494560808,0.0006638737325500993,4,4,100,97,3,19,0.19,4,0.03,0.0003480000013951212
114,20661043,3,suffix,8,16,4,12,0.25,0.75,94,100,-0.12199477198882946,-0.09569842494560808,0.0006638737325500993,4,4,112,109,3,67,0.5982142857142857,4,0.026785714285714284,0.0004591000033542514
115,20661044,3,prefix,8,16,4,12,0.25,0.75,94,100,0.009992596972947432,0.06719388296293578,0.10462956763210769,3,3,100,96,4,13,0.13,3,0.04,0.0003321999975014478
115,20661044,3,suffix,8,16,4,12,0.25,0.75,94,100,0.009992596972947432,0.06719388296293578,0.10462956763210769,3,3,108,104,4,37,0.3425925925925926,3,0.037037037037037035,0.00040330000047106296
116,20661045,3,prefix,8,16,4,12,0.25,0.75,94,100,0.04487789174395463,0.029895510707552687,-0.08474583918289212,3,3,100,96,4,15,0.15,3,0.04,0.0003412000078242272
116,20661045,3,suffix,8,16,4,12,0.25,0.75,94,100,0.04487789174395463,0.029895510707552687,-0.08474583918289212,3,3,108,104,4,39,0.3611111111111111,3,0.037037037037037035,0.0004028999974252656
117,20661046,3,prefix,8,16,4,12,0.25,0.75,94,100,-0.06110627110936738,-0.07518775495154974,0.07867745094295865,4,4,100,96,4,20,0.2,4,0.04,0.00035450000723358244
117,20661046,3,suffix,8,16,4,12,0.25,0.75,94,100,-0.06110627110936738,-0.07518775495154974,0.07867745094295865,4,4,112,108,4,68,0.6071428571428571,4,0.03571428571428571,0.0004626000009011477
118,20661047,3,prefix,8,16,4,12,0.25,0.75,94,100,0.15009556437675295,0.02865391937412751,-0.11882238311718825,5,5,100,97,3,27,0.27,5,0.03,0.00036780000664293766
118,20661047,3,suffix,8,16,4,12,0.25,0.75,94,100,0.15009556437675295,0.02865391937412751,-0.11882238311718825,5,5,116,113,3,107,0.9224137931034483,5,0.02586206896551724,0.0005334000015864149
119,20661048,3,prefix,8,16,4,12,0.25,0.75,94,100,-0.22938861676895045,0.04861435280174786,-0.18426413067684086,7,7,100,99,1,44,0.44,7,0.01,0.0003927000070689246
119,20661048,3,suffix,8,16,4,12,0.25,0.75,94,100,-0.22938861676895045,0.04861435280174786,-0.18426413067684086,7,7,124,123,1,212,1.7096774193548387,7,0.008064516129032258,0.0007306000043172389
120,20661049,3,prefix,8,16,4,12,0.25,0.75,94,100,0.12002472907625394,-0.09947101874703583,-0.07321940158371984,3,3,100,96,4,13,0.13,3,0.04,0.00040770000487100333
120,20661049,3,suffix,8,16,4,12,0.25,0.75,94,100,0.12002472907625394,-0.09947101874703583,-0.07321940158371984,3,3,108,104,4,37,0.3425925925925926,3,0.037037037037037035,0.00039579998701810837
121,20661050,3,prefix,8,16,4,12,0.25,0.75,94,100,-0.04202932086604325,-0.1437812276497139,0.10628482358039824,6,6,100,98,2,33,0.33,6,0.02,0.00039119999564718455
121,20661050,3,suffix,8,16,4,12,0.25,0.75,94,100,-0.04202932086604325,-0.1437812276497139,0.10628482358039824,6,6,120,118,2,153,1.275,6,0.016666666666666666,0.0006142000056570396
122,20661051,3,prefix,8,16,4,12,0.25,0.75,94,100,0.04087908154958892,0.06395152254352374,-0.1039117185827302,2,2,100,96,4,11,0.11,2,0.04,0.00034410000080242753
122,20661051,3,suffix,8,16,4,12,0.25,0.75,94,100,0.04087908154958892,0.06395152254352374,-0.1039117185827302,2,2,104,100,4,19,0.18269230769230768,2,0.038461538461538464,0.00035650000791065395
123,20661052,3,prefix,8,16,4,12,0.25,0.75,94,100,0.03765817740779469,-0.04261026444832977,-0.056279887723434355,2,2,100,95,5,15,0.15,2,0.05,0.00034440000308677554
123,20661052,3,suffix,8,16,4,12,0.25,0.75,94,100,0.03765817740779469,-0.04261026444832977,-0.056279887723434355,2,2,104,99,5,23,0.22115384615384615,2,0.04807692307692308,0.00037199999496806413
124,20661053,3,prefix,8,16,4,12,0.25,0.75,94,100,-0.028628972703825896,0.042620053138814444,-0.06662973378872991,5,5,100,97,3,28,0.28,5,0.03,0.00039879999530967325
124,20661053,3,suffix,8,16,4,12,0.25,0.75,94,100,-0.028628972703825896,0.042620053138814444,-0.06662973378872991,5,5,116,113,3,108,0.9310344827586207,5,0.02586206896551724,0.0005474999925354496
125,20661054,3,prefix,8,16,4,12,0.25,0.75,94,100,0.11141098635095387,-0.0360973476178747,0.07022204621593772,2,2,100,95,5,11,0.11,2,0.05,0.00033480000274721533
125,20661054,3,suffix,8,16,4,12,0.25,0.75,94,100,0.11141098635095387,-0.0360973476178747,0.07022204621593772,2,2,104,99,5,19,0.18269230769230768,2,0.04807692307692308,0.00035879999632015824
126,20661055,3,prefix,8,16,4,12,0.25,0.75,94,100,0.060136151865462256,-0.020227072969441626,0.06921630481743378,4,4,100,96,4,17,0.17,4,0.04,0.00034840000444091856
126,20661055,3,suffix,8,16,4,12,0.25,0.75,94,100,0.060136151865462256,-0.020227072969441626,0.06921630481743378,4,4,112,108,4,65,0.5803571428571429,4,0.03571428571428571,0.0004504999960772693
127,20661056,3,prefix,8,16,4,12,0.25,0.75,94,100,0.10575527464235573,-0.12394363628014023,0.12481056156151606,4,4,100,96,4,18,0.18,4,0.04,0.00035370000114198774
127,20661056,3,suffix,8,16,4,12,0.25,0.75,94,100,0.10575527464235573,-0.12394363628014023,0.12481056156151606,4,4,112,108,4,66,0.5892857142857143,4,0.03571428571428571,0.0004557999927783385
128,20661057,3,prefix,8,16,4,12,0.25,0.75,94,100,-0.16815513377393332,-0.043353465528090857,-0.029629751561676333,3,3,100,95,5,11,0.11,3,0.05,0.00033650000113993883
128,20661057,3,suffix,8,16,4,12,0.25,0.75,94,100,-0.16815513377393332,-0.043353465528090857,-0.029629751561676333,3,3,108,103,5,35,0.32407407407407407,3,0.046296296296296294,0.00040699999954085797
129,20661058,3,prefix,8,16,4,12,0.25,0.75,94,100,-0.005119141498148799,0.07101650994078391,-0.026582087523758707,5,5,100,98,2,36,0.36,5,0.02,0.0003799999976763502
129,20661058,3,suffix,8,16,4,12,0.25,0.75,94,100,-0.005119141498148799,0.07101650994078391,-0.026582087523758707,5,5,116,114,2,116,1.0,5,0.017241379310344827,0.0005594000103883445
130,20661059,3,prefix,8,16,4,12,0.25,0.75,94,100,-0.10173911572691126,-0.07755775741012669,0.09626650591312964,7,7,100,99,1,45,0.45,7,0.01,0.00042219999886583537
130,20661059,3,suffix,8,16,4,12,0.25,0.75,94,100,-0.10173911572691126,-0.07755775741012669,0.09626650591312964,7,7,124,123,1,213,1.717741935483871,7,0.008064516129032258,0.000738900009309873
131,20661060,3,prefix,8,16,4,12,0.25,0.75,94,100,-0.09695397627471444,0.21251556244838382,0.07380630463715251,5,5,100,97,3,24,0.24,5,0.03,0.0003529999958118424
131,20661060,3,suffix,8,16,4,12,0.25,0.75,94,100,-0.09695397627471444,0.21251556244838382,0.07380630463715251,5,5,116,113,3,104,0.896551724137931,5,0.02586206896551724,0.0005361000075936317
132,20661061,3,prefix,8,16,4,12,0.25,0.75,94,100,0.14847889296378963,-0.023600592981202144,-0.05098596558800243,5,5,100,97,3,23,0.23,5,0.03,0.00037599999632220715
132,20661061,3,suffix,8,16,4,12,0.25,0.75,94,100,0.14847889296378963,-0.023600592981202144,-0.05098596558800243,5,5,116,113,3,103,0.8879310344827587,5,0.02586206896551724,0.0005430000019259751
133,20661062,3,prefix,8,16,4,12,0.25,0.75,94,100,0.020229233404018596,0.08473507313642897,0.019033451332708014,2,2,100,94,6,9,0.09,2,0.06,0.00033149999217130244
133,20661062,3,suffix,8,16,4,12,0.25,0.75,94,100,0.020229233404018596,0.08473507313642897,0.019033451332708014,2,2,104,98,6,17,0.16346153846153846,2,0.057692307692307696,0.00035149999894201756
134,20661063,3,prefix,8,16,4,12,0.25,0.75,94,100,-0.055591804682073274,0.14309745718395223,-0.0580634411237544,6,6,100,98,2,32,0.32,6,0.02,0.000374700000975281
134,20661063,3,suffix,8,16,4,12,0.25,0.75,94,100,-0.055591804682073274,0.14309745718395223,-0.0580634411237544,6,6,120,118,2,152,1.2666666666666666,6,0.016666666666666666,0.0006246999982977286
135,20661064,3,prefix,8,16,4,12,0.25,0.75,94,100,0.09749197515368127,-0.09675661745662256,0.04133920522330601,4,4,100,96,4,20,0.2,4,0.04,0.0003456999984337017
135,20661064,3,suffix,8,16,4,12,0.25,0.75,94,100,0.09749197515368127,-0.09675661745662256,0.04133920522330601,4,4,112,108,4,68,0.6071428571428571,4,0.03571428571428571,0.000458099995739758
136,20661065,3,prefix,8,16,4,12,0.25,0.75,94,100,-0.14478431823025106,0.1892760159663725,-0.038158960692828765,3,3,100,95,5,12,0.12,3,0.05,0.0003549999964889139
136,20661065,3,suffix,8,16,4,12,0.25,0.75,94,100,-0.14478431823025106,0.1892760159663725,-0.038158960692828765,3,3,108,103,5,36,0.3333333333333333,3,0.046296296296296294,0.00039059999107848853
137,20661066,3,prefix,8,16,4,12,0.25,0.75,94,100,-0.07903011080717147,-0.09816824464681,0.02916599052973708,5,5,100,97,3,28,0.28,5,0.03,0.00036759999056812376
137,20661066,3,suffix,8,16,4,12,0.25,0.75,94,100,-0.07903011080717147,-0.09816824464681,0.02916599052973708,5,5,116,113,3,108,0.9310344827586207,5,0.02586206896551724,0.0005328999977791682
138,20661067,3,prefix,8,16,4,12,0.25,0.75,94,100,0.25294169234123703,-0.08627147979861986,0.02763630181723625,5,5,100,97,3,26,0.26,5,0.03,0.0003575000009732321
138,20661067,3,suffix,8,16,4,12,0.25,0.75,94,100,0.25294169234123703,-0.08627147979861986,0.02763630181723625,5,5,116,113,3,106,0.9137931034482759,5,0.02586206896551724,0.0005287999956635758
139,20661068,3,prefix,8,16,4,12,0.25,0.75,94,100,-0.0897383347815794,-0.1510237388933571,0.04477945431265108,5,5,100,97,3,27,0.27,5,0.03,0.0003615000023273751
139,20661068,3,suffix,8,16,4,12,0.25,0.75,94,100,-0.0897383347815794,-0.1510237388933571,0.04477945431265108,5,5,116,113,3,107,0.9224137931034483,5,0.02586206896551724,0.0005466000002343208
140,20661069,3,prefix,8,16,4,12,0.25,0.75,94,100,0.018418352013154872,-0.05529282908091187,-0.2550205862414624,6,6,100,98,2,40,0.4,6,0.02,0.0004022999928565696
140,20661069,3,suffix,8,16,4,12,0.25,0.75,94,100,0.018418352013154872,-0.05529282908091187,-0.2550205862414624,6,6,120,118,2,160,1.3333333333333333,6,0.016666666666666666,0.0006526000070152804
141,20661070,3,prefix,8,16,4,12,0.25,0.75,94,100,-0.03247619514342617,-0.025808590223426214,0.08068027184508862,5,5,100,98,2,30,0.3,5,0.02,0.0003660000074887648
141,20661070,3,suffix,8,16,4,12,0.25,0.75,94,100,-0.03247619514342617,-0.025808590223426214,0.08068027184508862,5,5,116,114,2,110,0.9482758620689655,5,0.017241379310344827,0.0005478999955812469
142,20661071,3,prefix,8,16,4,12,0.25,0.75,94,100,0.011856748247953137,0.033360981728855175,0.02581433400289987,5,5,100,97,3,27,0.27,5,0.03,0.0003597000031732023
142,20661071,3,suffix,8,16,4,12,0.25,0.75,94,100,0.011856748247953137,0.033360981728855175,0.02581433400289987,5,5,116,113,3,107,0.9224137931034483,5,0.02586206896551724,0.0005376999906729907
143,20661072,3,prefix,8,16,4,12,0.25,0.75,94,100,-0.025004469116747804,0.03383028121445375,0.04344668305385588,5,5,100,98,2,32,0.32,5,0.02,0.0003651000006357208
143,20661072,3,suffix,8,16,4,12,0.25,0.75,94,100,-0.025004469116747804,0.03383028121445375,0.04344668305385588,5,5,116,114,2,112,0.9655172413793104,5,0.017241379310344827,0.0005633999971905723
144,20661073,3,prefix,8,16,4,12,0.25,0.75,94,100,0.026581999133792895,-0.0535195558507645,-0.1354477061175822,5,5,100,97,3,25,0.25,5,0.03,0.00036759999056812376
144,20661073,3,suffix,8,16,4,12,0.25,0.75,94,100,0.026581999133792895,-0.0535195558507645,-0.1354477061175822,5,5,116,113,3,105,0.9051724137931034,5,0.02586206896551724,0.0005328999977791682
145,20661074,3,prefix,8,16,4,12,0.25,0.75,94,100,-0.23984218794420287,-0.05208448016005432,-0.048765025785718806,5,5,100,98,2,28,0.28,5,0.02,0.00035879999632015824
145,20661074,3,suffix,8,16,4,12,0.25,0.75,94,100,-0.23984218794420287,-0.05208448016005432,-0.048765025785718806,5,5,116,114,2,108,0.9310344827586207,5,0.017241379310344827,0.0005421999958343804
146,20661075,3,prefix,8,16,4,12,0.25,0.75,94,100,-0.033404879999332476,0.005846103513531208,-0.1702081647909549,5,5,100,97,3,24,0.24,5,0.03,0.0003878999996231869
146,20661075,3,suffix,8,16,4,12,0.25,0.75,94,100,-0.033404879999332476,0.005846103513531208,-0.1702081647909549,5,5,116,113,3,104,0.896551724137931,5,0.02586206896551724,0.0005277000018395483
147,20661076,3,prefix,8,16,4,12,0.25,0.75,94,100,-0.027873273756799346,-0.10343467600144213,0.04462839832706579,5,5,100,97,3,27,0.27,5,0.03,0.0003623999946285039
147,20661076,3,suffix,8,16,4,12,0.25,0.75,94,100,-0.027873273756799346,-0.10343467600144213,0.04462839832706579,5,5,116,113,3,107,0.9224137931034483,5,0.02586206896551724,0.0005450000026030466
148,20661077,3,prefix,8,16,4,12,0.25,0.75,94,100,-0.09271450469444295,0.06498601975571072,0.0333682013445021,4,4,100,96,4,17,0.17,4,0.04,0.0003571999986888841
148,20661077,3,suffix,8,16,4,12,0.25,0.75,94,100,-0.09271450469444295,0.06498601975571072,0.0333682013445021,4,4,112,108,4,65,0.5803571428571429,4,0.03571428571428571,0.0004528999998001382
149,20661078,3,prefix,8,16,4,12,0.25,0.75,94,100,0.0709330727866232,0.03714368109103621,-0.007302072797492285,5,5,100,97,3,27,0.27,5,0.03,0.00035859999479725957
149,20661078,3,suffix,8,16,4,12,0.25,0.75,94,100,0.0709330727866232,0.03714368109103621,-0.007302072797492285,5,5,116,113,3,107,0.9224137931034483,5,0.02586206896551724,0.0005304999940562993
150,20661079,3,prefix,8,16,4,12,0.25,0.75,94,100,-0.07955490366736966,0.16553701226832784,0.11803736386610574,4,4,100,96,4,18,0.18,4,0.04,0.0004977000062353909
150,20661079,3,suffix,8,16,4,12,0.25,0.75,94,100,-0.07955490366736966,0.16553701226832784,0.11803736386610574,4,4,112,108,4,66,0.5892857142857143,4,0.03571428571428571,0.00045279999903868884
151,20661080,3,prefix,8,16,4,12,0.25,0.75,94,100,-0.11124182511371412,-0.1203159860814699,-0.06712484615427139,3,3,100,95,5,11,0.11,3,0.05,0.0003572999994503334
151,20661080,3,suffix,8,16,4,12,0.25,0.75,94,100,-0.11124182511371412,-0.1203159860814699,-0.06712484615427139,3,3,108,103,5,35,0.32407407407407407,3,0.046296296296296294,0.00038920000952202827
152,20661081,3,prefix,8,16,4,12,0.25,0.75,94,100,0.026245600929878404,-0.05752632588839808,0.07070724596080354,2,2,100,94,6,8,0.08,2,0.06,0.00032950000604614615
152,20661081,3,suffix,8,16,4,12,0.25,0.75,94,100,0.026245600929878404,-0.05752632588839808,0.07070724596080354,2,2,104,98,6,16,0.15384615384615385,2,0.057692307692307696,0.0003495999990263954
153,20661082,3,prefix,8,16,4,12,0.25,0.75,94,100,0.10844310443992768,0.06405236037538146,0.008896201157381423,3,3,100,95,5,11,0.11,3,0.05,0.00033909999183379114
153,20661082,3,suffix,8,16,4,12,0.25,0.75,94,100,0.10844310443992768,0.06405236037538146,0.008896201157381423,3,3,108,103,5,35,0.32407407407407407,3,0.046296296296296294,0.00039000000106170774
154,20661083,3,prefix,8,16,4,12,0.25,0.75,94,100,-0.03384714846944395,0.03337362521967385,0.06248827593658837,4,4,100,97,3,25,0.25,4,0.03,0.0003546000079950318
154,20661083,3,suffix,8,16,4,12,0.25,0.75,94,100,-0.03384714846944395,0.03337362521967385,0.06248827593658837,4,4,112,109,3,73,0.6517857142857143,4,0.026785714285714284,0.0005024999991292134
155,20661084,3,prefix,8,16,4,12,0.25,0.75,94,100,0.11237227961415065,0.1215816160754246,-0.16558445983703085,5,5,100,97,3,29,0.29,5,0.03,0.0003699999942909926
155,20661084,3,suffix,8,16,4,12,0.25,0.75,94,100,0.11237227961415065,0.1215816160754246,-0.16558445983703085,5,5,116,113,3,109,0.9396551724137931,5,0.02586206896551724,0.000549100004718639
156,20661085,3,prefix,8,16,4,12,0.25,0.75,94,100,-0.026577818395994664,0.040035974451039215,0.061554816589665336,3,3,100,95,5,15,0.15,3,0.05,0.0003434999962337315
156,20661085,3,suffix,8,16,4,12,0.25,0.75,94,100,-0.026577818395994664,0.040035974451039215,0.061554816589665336,3,3,108,103,5,39,0.3611111111111111,3,0.046296296296296294,0.00039960000140126795
157,20661086,3,prefix,8,16,4,12,0.25,0.75,94,100,0.08886131284337218,-0.12288950434745749,-0.15677461610147533,5,5,100,97,3,24,0.24,5,0.03,0.0003525000065565109
157,20661086,3,suffix,8,16,4,12,0.25,0.75,94,100,0.08886131284337218,-0.12288950434745749,-0.15677461610147533,5,5,116,113,3,104,0.896551724137931,5,0.02586206896551724,0.0005259000026853755
158,20661087,3,prefix,8,16,4,12,0.25,0.75,94,100,0.09665604478816116,-0.025096012613403534,0.008094378619205936,3,3,100,96,4,14,0.14,3,0.04,0.00033459998667240143
158,20661087,3,suffix,8,16,4,12,0.25,0.75,94,100,0.09665604478816116,-0.025096012613403534,0.008094378619205936,3,3,108,104,4,38,0.35185185185185186,3,0.037037037037037035,0.0003958000015700236
159,20661088,3,prefix,8,16,4,12,0.25,0.75,94,100,0.15442226595126363,-0.11361527499498204,0.07300536461693431,6,6,100,98,2,36,0.36,6,0.02,0.0004141000099480152
159,20661088,3,suffix,8,16,4,12,0.25,0.75,94,100,0.15442226595126363,-0.11361527499498204,0.07300536461693431,6,6,120,118,2,156,1.3,6,0.016666666666666666,0.0006382999999914318
160,20661089,3,prefix,8,16,4,12,0.25,0.75,94,100,-0.017925811986768035,0.0238519859695158,-0.1048595363921404,2,2,100,94,6,9,0.09,2,0.06,0.00035060000664088875
160,20661089,3,suffix,8,16,4,12,0.25,0.75,94,100,-0.017925811986768035,0.0238519859695158,-0.1048595363921404,2,2,104,98,6,17,0.16346153846153846,2,0.057692307692307696,0.0003527000080794096
161,20661090,3,prefix,8,16,4,12,0.25,0.75,94,100,0.06386651635864045,0.0924695836440843,-0.11986252502027585,5,5,100,97,3,23,0.23,5,0.03,0.0003549999964889139
161,20661090,3,suffix,8,16,4,12,0.25,0.75,94,100,0.06386651635864045,0.0924695836440843,-0.11986252502027585,5,5,116,113,3,103,0.8879310344827587,5,0.02586206896551724,0.0005323999939719215
162,20661091,3,prefix,8,16,4,12,0.25,0.75,94,100,0.1276364752094529,-0.012785079130189147,-0.18159448717810717,5,5,100,97,3,27,0.27,5,0.03,0.0003635000030044466
162,20661091,3,suffix,8,16,4,12,0.25,0.75,94,100,0.1276364752094529,-0.012785079130189147,-0.18159448717810717,5,5,116,113,3,107,0.9224137931034483,5,0.02586206896551724,0.000530699995579198
163,20661092,3,prefix,8,16,4,12,0.25,0.75,94,100,0.012022776514010796,0.09940687978855123,0.028796781877703157,3,3,100,95,5,11,0.11,3,0.05,0.000345499996910803
163,20661092,3,suffix,8,16,4,12,0.25,0.75,94,100,0.012022776514010796,0.09940687978855123,0.028796781877703157,3,3,108,103,5,35,0.32407407407407407,3,0.046296296296296294,0.000414399997680448
164,20661093,3,prefix,8,16,4,12,0.25,0.75,94,100,-0.08839639613639241,0.018896369500700255,0.2746431331420765,5,5,100,97,3,31,0.31,5,0.03,0.00037719999090768397
164,20661093,3,suffix,8,16,4,12,0.25,0.75,94,100,-0.08839639613639241,0.018896369500700255,0.2746431331420765,5,5,116,113,3,111,0.9568965517241379,5,0.02586206896551724,0.0005573000089498237
165,20661094,3,prefix,8,16,4,12,0.25,0.75,94,100,0.014696003585127662,-0.00338659478350891,0.003911520911378706,6,6,100,98,2,34,0.34,6,0.02,0.0003701999958138913
165,20661094,3,suffix,8,16,4,12,0.25,0.75,94,100,0.014696003585127662,-0.00338659478350891,0.003911520911378706,6,6,120,118,2,154,1.2833333333333334,6,0.016666666666666666,0.0006284000119194388
166,20661095,3,prefix,8,16,4,12,0.25,0.75,94,100,0.026483403908055314,-0.20108659832947628,-0.12334057097646811,7,7,100,99,1,44,0.44,7,0.01,0.000388599990401417
166,20661095,3,suffix,8,16,4,12,0.25,0.75,94,100,0.026483403908055314,-0.20108659832947628,-0.12334057097646811,7,7,124,123,1,212,1.7096774193548387,7,0.008064516129032258,0.000745099998312071
167,20661096,3,prefix,8,16,4,12,0.25,0.75,94,100,-0.239263895190198,0.04034437324307278,-0.08468635049963892,6,6,100,98,2,35,0.35,6,0.02,0.00039590000233147293
167,20661096,3,suffix,8,16,4,12,0.25,0.75,94,100,-0.239263895190198,0.04034437324307278,-0.08468635049963892,6,6,120,118,2,155,1.2916666666666667,6,0.016666666666666666,0.0006393000076059252
168,20661097,3,prefix,8,16,4,12,0.25,0.75,94,100,-0.0879179832591821,-0.10337452571418944,-0.038652709967053646,4,4,100,96,4,18,0.18,4,0.04,0.0003479000006336719
168,20661097,3,suffix,8,16,4,12,0.25,0.75,94,100,-0.0879179832591821,-0.10337452571418944,-0.038652709967053646,4,4,112,108,4,66,0.5892857142857143,4,0.03571428571428571,0.00046349999320227653
169,20661098,3,prefix,8,16,4,12,0.25,0.75,94,100,0.060770625670078085,0.0848999223581127,0.07282063023164344,3,3,100,95,5,11,0.11,3,0.05,0.00033579999580979347
169,20661098,3,suffix,8,16,4,12,0.25,0.75,94,100,0.060770625670078085,0.0848999223581127,0.07282063023164344,3,3,108,103,5,35,0.32407407407407407,3,0.046296296296296294,0.00039280000783037394
170,20661099,3,prefix,8,16,4,12,0.25,0.75,94,100,-0.07746774121561721,-0.05027259549152284,-0.13886892033549394,7,7,100,99,1,46,0.46,7,0.01,0.0004981999954907224
170,20661099,3,suffix,8,16,4,12,0.25,0.75,94,100,-0.07746774121561721,-0.05027259549152284,-0.13886892033549394,7,7,124,123,1,214,1.7258064516129032,7,0.008064516129032258,0.0011100999981863424
171,20661100,3,prefix,8,16,4,12,0.25,0.75,94,100,0.11313329528307656,-0.14931780588039661,-0.12336643846687678,5,5,100,97,3,24,0.24,5,0.03,0.0003542000049492344
171,20661100,3,suffix,8,16,4,12,0.25,0.75,94,100,0.11313329528307656,-0.14931780588039661,-0.12336643846687678,5,5,116,113,3,104,0.896551724137931,5,0.02586206896551724,0.0005360000068321824
172,20661101,3,prefix,8,16,4,12,0.25,0.75,94,100,0.0438724930970977,-0.07746016537087638,-0.18060731978573186,7,7,100,99,1,49,0.49,7,0.01,0.0003974999999627471
172,20661101,3,suffix,8,16,4,12,0.25,0.75,94,100,0.0438724930970977,-0.07746016537087638,-0.18060731978573186,7,7,124,123,1,217,1.75,7,0.008064516129032258,0.0007365999917965382
173,20661102,3,prefix,8,16,4,12,0.25,0.75,94,100,0.12390391220074795,0.01786878528071944,-0.027458314690776364,4,4,100,96,4,19,0.19,4,0.04,0.0003460000007180497
173,20661102,3,suffix,8,16,4,12,0.25,0.75,94,100,0.12390391220074795,0.01786878528071944,-0.027458314690776364,4,4,112,108,4,67,0.5982142857142857,4,0.03571428571428571,0.0004611000040313229
174,20661103,3,prefix,8,16,4,12,0.25,0.75,94,100,0.007425348192864516,-0.08474051757694114,-0.06347700116390159,4,4,100,97,3,27,0.27,4,0.03,0.00036720000207424164
174,20661103,3,suffix,8,16,4,12,0.25,0.75,94,100,0.007425348192864516,-0.08474051757694114,-0.06347700116390159,4,4,112,109,3,75,0.6696428571428571,4,0.026785714285714284,0.00046779999684076756
175,20661104,3,prefix,8,16,4,12,0.25,0.75,94,100,0.05164042283809483,-0.2600327935432539,-0.0707224085196088,4,4,100,96,4,16,0.16,4,0.04,0.000338099998771213
175,20661104,3,suffix,8,16,4,12,0.25,0.75,94,100,0.05164042283809483,-0.2600327935432539,-0.0707224085196088,4,4,112,108,4,64,0.5714285714285714,4,0.03571428571428571,0.00044749998778570443
176,20661105,3,prefix,8,16,4,12,0.25,0.75,94,100,0.15547041698878694,0.04449324365563747,-0.10770372578546741,2,2,100,94,6,10,0.1,2,0.06,0.00033519999124109745
176,20661105,3,suffix,8,16,4,12,0.25,0.75,94,100,0.15547041698878694,0.04449324365563747,-0.10770372578546741,2,2,104,98,6,18,0.17307692307692307,2,0.057692307692307696,0.00035099999513477087
177,20661106,3,prefix,8,16,4,12,0.25,0.75,94,100,0.06772989015067117,0.0445905278685337,0.06767806120548668,5,5,100,98,2,28,0.28,5,0.02,0.00036019999242853373
177,20661106,3,suffix,8,16,4,12,0.25,0.75,94,100,0.06772989015067117,0.0445905278685337,0.06767806120548668,5,5,116,114,2,108,0.9310344827586207,5,0.017241379310344827,0.000545700007933192
178,20661107,3,prefix,8,16,4,12,0.25,0.75,94,100,-0.01055313359404313,-0.07440366195926594,-0.029916707087072336,3,3,100,95,5,13,0.13,3,0.05,0.00035459999344311655
178,20661107,3,suffix,8,16,4,12,0.25,0.75,94,100,-0.01055313359404313,-0.07440366195926594,-0.029916707087072336,3,3,108,103,5,37,0.3425925925925926,3,0.046296296296296294,0.00039509999623987824
179,20661108,3,prefix,8,16,4,12,0.25,0.75,94,100,-0.08952186130996609,0.028400284454651134,-0.1046336937716923,5,5,100,97,3,23,0.23,5,0.03,0.0003490000090096146
179,20661108,3,suffix,8,16,4,12,0.25,0.75,94,100,-0.08952186130996609,0.028400284454651134,-0.1046336937716923,5,5,116,113,3,103,0.8879310344827587,5,0.02586206896551724,0.0005377000052249059
180,20661109,3,prefix,8,16,4,12,0.25,0.75,94,100,-0.0033725460974318388,-0.03008477556666846,-0.11933936700891519,4,4,100,96,4,20,0.2,4,0.04,0.0003453000099398196
180,20661109,3,suffix,8,16,4,12,0.25,0.75,94,100,-0.0033725460974318388,-0.03008477556666846,-0.11933936700891519,4,4,112,108,4,68,0.6071428571428571,4,0.03571428571428571,0.00046019999717827886
181,20661110,3,prefix,8,16,4,12,0.25,0.75,94,100,0.015791692080788712,0.007685741204458053,0.1964774650803888,4,4,100,96,4,21,0.21,4,0.04,0.0003507999936118722
181,20661110,3,suffix,8,16,4,12,0.25,0.75,94,100,0.015791692080788712,0.007685741204458053,0.1964774650803888,4,4,112,108,4,69,0.6160714285714286,4,0.03571428571428571,0.0004729999927803874
182,20661111,3,prefix,8,16,4,12,0.25,0.75,94,100,-0.16154596098157184,-0.002342898194463713,-0.025203784017723937,7,7,100,99,1,45,0.45,7,0.01,0.0004099999932805076
182,20661111,3,suffix,8,16,4,12,0.25,0.75,94,100,-0.16154596098157184,-0.002342898194463713,-0.025203784017723937,7,7,124,123,1,213,1.717741935483871,7,0.008064516129032258,0.0007422000053338706
183,20661112,3,prefix,8,16,4,12,0.25,0.75,94,100,0.1486271193198198,-0.16612854099520016,-0.06588299240790665,6,6,100,99,1,41,0.41,6,0.01,0.00038129999302327633
183,20661112,3,suffix,8,16,4,12,0.25,0.75,94,100,0.1486271193198198,-0.16612854099520016,-0.06588299240790665,6,6,120,119,1,161,1.3416666666666666,6,0.008333333333333333,0.000633700008620508
184,20661113,3,prefix,8,16,4,12,0.25,0.75,94,100,0.0065640943302671655,0.10451550323960586,0.02373023704633252,2,2,100,94,6,9,0.09,2,0.06,0.00032970000756904483
184,20661113,3,suffix,8,16,4,12,0.25,0.75,94,100,0.0065640943302671655,0.10451550323960586,0.02373023704633252,2,2,104,98,6,17,0.16346153846153846,2,0.057692307692307696,0.00035060000664088875
185,20661114,3,prefix,8,16,4,12,0.25,0.75,94,100,-0.08718529630670939,0.0017362890846685988,0.03011463998684622,5,5,100,97,3,23,0.23,5,0.03,0.00036550000368151814
185,20661114,3,suffix,8,16,4,12,0.25,0.75,94,100,-0.08718529630670939,0.0017362890846685988,0.03011463998684622,5,5,116,113,3,103,0.8879310344827587,5,0.02586206896551724,0.0005329999985406175
186,20661115,3,prefix,8,16,4,12,0.25,0.75,94,100,0.16745285077781716,-0.1646907521229393,-0.08331652191741207,2,2,100,94,6,8,0.08,2,0.06,0.00034449998929630965
186,20661115,3,suffix,8,16,4,12,0.25,0.75,94,100,0.16745285077781716,-0.1646907521229393,-0.08331652191741207,2,2,104,98,6,16,0.15384615384615385,2,0.057692307692307696,0.00034889999369625
187,20661116,3,prefix,8,16,4,12,0.25,0.75,94,100,0.05572062030432523,0.06499938098279753,-0.065303015535276,2,2,100,94,6,9,0.09,2,0.06,0.0003259000077378005
187,20661116,3,suffix,8,16,4,12,0.25,0.75,94,100,0.05572062030432523,0.06499938098279753,-0.065303015535276,2,2,104,98,6,17,0.16346153846153846,2,0.057692307692307696,0.00036419999378267676
188,20661117,3,prefix,8,16,4,12,0.25,0.75,94,100,-0.022173249333578983,-0.15712490976779955,0.049672546256184356,5,5,100,97,3,27,0.27,5,0.03,0.0003648999991128221
188,20661117,3,suffix,8,16,4,12,0.25,0.75,94,100,-0.022173249333578983,-0.15712490976779955,0.049672546256184356,5,5,116,113,3,107,0.9224137931034483,5,0.02586206896551724,0.0005412999889813364
189,20661118,3,prefix,8,16,4,12,0.25,0.75,94,100,0.10982298727090457,-0.010650758362763664,0.048829391223005815,5,5,100,97,3,32,0.32,5,0.03,0.000378400000045076
189,20661118,3,suffix,8,16,4,12,0.25,0.75,94,100,0.10982298727090457,-0.010650758362763664,0.048829391223005815,5,5,116,113,3,112,0.9655172413793104,5,0.02586206896551724,0.0005467000009957701
190,20661119,3,prefix,8,16,4,12,0.25,0.75,94,100,0.0104229874271079,0.07215409602063515,0.056550929774470994,4,4,100,96,4,23,0.23,4,0.04,0.00038749999657738954
190,20661119,3,suffix,8,16,4,12,0.25,0.75,94,100,0.0104229874271079,0.07215409602063515,0.056550929774470994,4,4,112,108,4,71,0.6339285714285714,4,0.03571428571428571,0.00045950000640004873
191,20661120,3,prefix,8,16,4,12,0.25,0.75,94,100,-0.024050832338052833,0.04279444785467019,-0.04739286346993122,6,6,100,98,2,35,0.35,6,0.02,0.00037710000469814986
191,20661120,3,suffix,8,16,4,12,0.25,0.75,94,100,-0.024050832338052833,0.04279444785467019,-0.04739286346993122,6,6,120,118,2,155,1.2916666666666667,6,0.016666666666666666,0.0006238000059965998
192,20661121,3,prefix,8,16,4,12,0.25,0.75,94,100,-0.08175818461877978,0.03745058892201908,-0.04690102250885695,5,5,100,97,3,26,0.26,5,0.03,0.00036029999318998307
192,20661121,3,suffix,8,16,4,12,0.25,0.75,94,100,-0.08175818461877978,0.03745058892201908,-0.04690102250885695,5,5,116,113,3,106,0.9137931034482759,5,0.02586206896551724,0.0005320000054780394
193,20661122,3,prefix,8,16,4,12,0.25,0.75,94,100,-0.008818641633830946,0.008809201589115172,-0.06383179983666525,4,4,100,96,4,16,0.16,4,0.04,0.0003454000107012689
193,20661122,3,suffix,8,16,4,12,0.25,0.75,94,100,-0.008818641633830946,0.008809201589115172,-0.06383179983666525,4,4,112,108,4,64,0.5714285714285714,4,0.03571428571428571,0.000491600003442727
194,20661123,3,prefix,8,16,4,12,0.25,0.75,94,100,0.10722405128830774,0.15429247706588228,-0.13710070855038228,4,4,100,96,4,22,0.22,4,0.04,0.0003662999952211976
194,20661123,3,suffix,8,16,4,12,0.25,0.75,94,100,0.10722405128830774,0.15429247706588228,-0.13710070855038228,4,4,112,108,4,70,0.625,4,0.03571428571428571,0.0004648000031011179
195,20661124,3,prefix,8,16,4,12,0.25,0.75,94,100,-0.06815956478150499,-0.10295262276532893,0.11546678676577653,3,3,100,95,5,17,0.17,3,0.05,0.00036269999691285193
195,20661124,3,suffix,8,16,4,12,0.25,0.75,94,100,-0.06815956478150499,-0.10295262276532893,0.11546678676577653,3,3,108,103,5,41,0.37962962962962965,3,0.046296296296296294,0.0004008999967481941
196,20661125,3,prefix,8,16,4,12,0.25,0.75,94,100,-0.008768855702639668,-0.19570722995776668,0.14208975691034365,6,6,100,98,2,32,0.32,6,0.02,0.00037209999572951347
196,20661125,3,suffix,8,16,4,12,0.25,0.75,94,100,-0.008768855702639668,-0.19570722995776668,0.14208975691034365,6,6,120,118,2,152,1.2666666666666666,6,0.016666666666666666,0.0006285000126808882
197,20661126,3,prefix,8,16,4,12,0.25,0.75,94,100,0.09794271058838923,0.06346595600570847,0.05993947824430546,1,1,100,93,7,7,0.07,1,0.07,0.0003332999913254753
197,20661126,3,suffix,8,16,4,12,0.25,0.75,94,100,0.09794271058838923,0.06346595600570847,0.05993947824430546,1,1,100,93,7,7,0.07,1,0.07,0.0003350999904796481
198,20661127,3,prefix,8,16,4,12,0.25,0.75,94,100,-0.2294888536290832,0.05580922709642172,-0.11531044674430808,3,3,100,96,4,16,0.16,3,0.04,0.0003434000100241974
198,20661127,3,suffix,8,16,4,12,0.25,0.75,94,100,-0.2294888536290832,0.05580922709642172,-0.11531044674430808,3,3,108,104,4,40,0.37037037037037035,3,0.037037037037037035,0.00040079999598674476
199,20661128,3,prefix,8,16,4,12,0.25,0.75,94,100,-0.16145114125067675,-0.0908639024313682,-0.0694500713388647,6,6,100,99,1,37,0.37,6,0.01,0.0003733999910764396
199,20661128,3,suffix,8,16,4,12,0.25,0.75,94,100,-0.16145114125067675,-0.0908639024313682,-0.0694500713388647,6,6,120,119,1,157,1.3083333333333333,6,0.008333333333333333,0.0006184999947436154
200,20661129,3,prefix,8,16,4,12,0.25,0.75,94,100,-0.08202691986735577,0.12937317140635626,0.10205695804631001,6,6,100,98,2,32,0.32,6,0.02,0.00038160000985953957
200,20661129,3,suffix,8,16,4,12,0.25,0.75,94,100,-0.08202691986735577,0.12937317140635626,0.10205695804631001,6,6,120,118,2,152,1.2666666666666666,6,0.016666666666666666,0.0006353999924613163
201,20661130,3,prefix,8,16,4,12,0.25,0.75,94,100,0.09934356730442215,0.14327998776423778,0.12892969633013762,3,3,100,96,4,16,0.16,3,0.04,0.00035089999437332153
201,20661130,3,suffix,8,16,4,12,0.25,0.75,94,100,0.09934356730442215,0.14327998776423778,0.12892969633013762,3,3,108,104,4,40,0.37037037037037035,3,0.037037037037037035,0.0004200999974273145
202,20661131,3,prefix,8,16,4,12,0.25,0.75,94,100,-0.00974684340003513,-0.0011472930006254964,-0.0701232216860074,4,4,100,96,4,20,0.2,4,0.04,0.00035429999115876853
202,20661131,3,suffix,8,16,4,12,0.25,0.75,94,100,-0.00974684340003513,-0.0011472930006254964,-0.0701232216860074,4,4,112,108,4,68,0.6071428571428571,4,0.03571428571428571,0.00047280000580940396
203,20661132,3,prefix,8,16,4,12,0.25,0.75,94,100,-0.0038447336371594384,-0.07150473437127962,-0.001764216162563735,5,5,100,98,2,27,0.27,5,0.02,0.0003623999946285039
203,20661132,3,suffix,8,16,4,12,0.25,0.75,94,100,-0.0038447336371594384,-0.07150473437127962,-0.001764216162563735,5,5,116,114,2,107,0.9224137931034483,5,0.017241379310344827,0.0005367999983718619
204,20661133,3,prefix,8,16,4,12,0.25,0.75,94,100,-0.0486190159291488,-0.005428849190852701,-0.025557530233393112,4,4,100,96,4,18,0.18,4,0.04,0.0003515999997034669
204,20661133,3,suffix,8,16,4,12,0.25,0.75,94,100,-0.0486190159291488,-0.005428849190852701,-0.025557530233393112,4,4,112,108,4,66,0.5892857142857143,4,0.03571428571428571,0.00046130000555422157
205,20661134,3,prefix,8,16,4,12,0.25,0.75,94,100,-0.05304844201043717,0.028396214520921084,0.05612491765254615,4,4,100,96,4,23,0.23,4,0.04,0.0003608999977586791
205,20661134,3,suffix,8,16,4,12,0.25,0.75,94,100,-0.05304844201043717,0.028396214520921084,0.05612491765254615,4,4,112,108,4,71,0.6339285714285714,4,0.03571428571428571,0.00046239999937824905
206,20661135,3,prefix,8,16,4,12,0.25,0.75,94,100,-0.13148219365761926,-0.014702912246012513,-0.05662932621061944,3,3,100,95,5,20,0.2,3,0.05,0.0003502000035950914
206,20661135,3,suffix,8,16,4,12,0.25,0.75,94,100,-0.13148219365761926,-0.014702912246012513,-0.05662932621061944,3,3,108,103,5,44,0.4074074074074074,3,0.046296296296296294,0.0004065000102855265
207,20661136,3,prefix,8,16,4,12,0.25,0.75,94,100,-0.1430188727063661,0.1712967623623062,-0.09798213384002874,4,4,100,97,3,24,0.24,4,0.03,0.0003631999861681834
207,20661136,3,suffix,8,16,4,12,0.25,0.75,94,100,-0.1430188727063661,0.1712967623623062,-0.09798213384002874,4,4,112,109,3,72,0.6428571428571429,4,0.026785714285714284,0.0004628000024240464
208,20661137,3,prefix,8,16,4,12,0.25,0.75,94,100,0.017342361302943067,0.08662881149421439,0.0847056360322966,4,4,100,96,4,16,0.16,4,0.04,0.0003409000055398792
208,20661137,3,suffix,8,16,4,12,0.25,0.75,94,100,0.017342361302943067,0.08662881149421439,0.0847056360322966,4,4,112,108,4,64,0.5714285714285714,4,0.03571428571428571,0.0005630000086966902
209,20661138,3,prefix,8,16,4,12,0.25,0.75,94,100,-0.034388686228593375,0.1234254826760896,-0.040830150512695375,4,4,100,96,4,16,0.16,4,0.04,0.0003555000002961606
209,20661138,3,suffix,8,16,4,12,0.25,0.75,94,100,-0.034388686228593375,0.1234254826760896,-0.040830150512695375,4,4,112,108,4,64,0.5714285714285714,4,0.03571428571428571,0.000450999999884516
210,20661139,3,prefix,8,16,4,12,0.25,0.75,94,100,0.19499729907770938,-0.08664180680160752,0.07061449335197018,5,5,100,97,3,25,0.25,5,0.03,0.00035509999725036323
210,20661139,3,suffix,8,16,4,12,0.25,0.75,94,100,0.19499729907770938,-0.08664180680160752,0.07061449335197018,5,5,116,113,3,105,0.9051724137931034,5,0.02586206896551724,0.0005406999989645556
211,20661140,3,prefix,8,16,4,12,0.25,0.75,94,100,0.06578756280382639,-0.031014685218322707,0.006320084195973642,5,5,100,97,3,23,0.23,5,0.03,0.00035230000503361225
211,20661140,3,suffix,8,16,4,12,0.25,0.75,94,100,0.06578756280382639,-0.031014685218322707,0.006320084195973642,5,5,116,113,3,103,0.8879310344827587,5,0.02586206896551724,0.0005445999995572492
212,20661141,3,prefix,8,16,4,12,0.25,0.75,94,100,-0.10295746572233819,0.12209964537043869,-0.046204902582818834,3,3,100,95,5,12,0.12,3,0.05,0.00033930000790860504
212,20661141,3,suffix,8,16,4,12,0.25,0.75,94,100,-0.10295746572233819,0.12209964537043869,-0.046204902582818834,3,3,108,103,5,36,0.3333333333333333,3,0.046296296296296294,0.00046270000166259706
213,20661142,3,prefix,8,16,4,12,0.25,0.75,94,100,-0.10269043018040484,0.04479611664014929,0.1281667569930884,5,5,100,98,2,33,0.33,5,0.02,0.0003871000080835074
213,20661142,3,suffix,8,16,4,12,0.25,0.75,94,100,-0.10269043018040484,0.04479611664014929,0.1281667569930884,5,5,116,114,2,113,0.9741379310344828,5,0.017241379310344827,0.0005429000011645257
214,20661143,3,prefix,8,16,4,12,0.25,0.75,94,100,-0.04512970330774623,0.07154024627934667,0.08181986893392963,7,7,100,99,1,45,0.45,7,0.01,0.00039570000080857426
214,20661143,3,suffix,8,16,4,12,0.25,0.75,94,100,-0.04512970330774623,0.07154024627934667,0.08181986893392963,7,7,124,123,1,213,1.717741935483871,7,0.008064516129032258,0.0007289999921340495
215,20661144,3,prefix,8,16,4,12,0.25,0.75,94,100,-0.009001179958592643,0.10672217718758906,0.04147436044629453,6,6,100,98,2,37,0.37,6,0.02,0.00037539999175351113
215,20661144,3,suffix,8,16,4,12,0.25,0.75,94,100,-0.009001179958592643,0.10672217718758906,0.04147436044629453,6,6,120,118,2,157,1.3083333333333333,6,0.016666666666666666,0.00062600000819657
216,20661145,3,prefix,8,16,4,12,0.25,0.75,94,100,-0.009757312353096445,0.07693654844070709,0.15733614012920383,4,4,100,96,4,18,0.18,4,0.04,0.00036369998997543007
216,20661145,3,suffix,8,16,4,12,0.25,0.75,94,100,-0.009757312353096445,0.07693654844070709,0.15733614012920383,4,4,112,108,4,66,0.5892857142857143,4,0.03571428571428571,0.00048489999608136714
217,20661146,3,prefix,8,16,4,12,0.25,0.75,94,100,0.04883448087648556,-0.12246655284587254,-0.04800800161850908,6,6,100,98,2,32,0.32,6,0.02,0.0003749999887077138
217,20661146,3,suffix,8,16,4,12,0.25,0.75,94,100,0.04883448087648556,-0.12246655284587254,-0.04800800161850908,6,6,120,118,2,152,1.2666666666666666,6,0.016666666666666666,0.0006159000040497631
218,20661147,3,prefix,8,16,4,12,0.25,0.75,94,100,0.1549665437981848,-0.08581719340139626,-0.15776313823708388,3,3,100,96,4,18,0.18,3,0.04,0.00034499999310355633
218,20661147,3,suffix,8,16,4,12,0.25,0.75,94,100,0.1549665437981848,-0.08581719340139626,-0.15776313823708388,3,3,108,104,4,42,0.3888888888888889,3,0.037037037037037035,0.0004050999996252358
219,20661148,3,prefix,8,16,4,12,0.25,0.75,94,100,-0.0006563469475223285,0.0017918895129359835,0.15000486992872694,7,7,100,99,1,47,0.47,7,0.01,0.0004017000028397888
219,20661148,3,suffix,8,16,4,12,0.25,0.75,94,100,-0.0006563469475223285,0.0017918895129359835,0.15000486992872694,7,7,124,123,1,215,1.7338709677419355,7,0.008064516129032258,0.0007563999970443547
220,20661149,3,prefix,8,16,4,12,0.25,0.75,94,100,0.030926460281405162,0.19747709398602703,0.058169429704335744,3,3,100,95,5,14,0.14,3,0.05,0.00037199999496806413
220,20661149,3,suffix,8,16,4,12,0.25,0.75,94,100,0.030926460281405162,0.19747709398602703,0.058169429704335744,3,3,108,103,5,38,0.35185185185185186,3,0.046296296296296294,0.0003930999955628067
221,20661150,3,prefix,8,16,4,12,0.25,0.75,94,100,0.09498814207266751,-0.1007741993698658,-0.044616214981035254,4,4,100,97,3,19,0.19,4,0.03,0.0003519000019878149
221,20661150,3,suffix,8,16,4,12,0.25,0.75,94,100,0.09498814207266751,-0.1007741993698658,-0.044616214981035254,4,4,112,109,3,67,0.5982142857142857,4,0.026785714285714284,0.0004633000062312931
222,20661151,3,prefix,8,16,4,12,0.25,0.75,94,100,0.026029784458297314,-0.09387001583135146,0.15192752944760232,3,3,100,95,5,15,0.15,3,0.05,0.00034149999555666
222,20661151,3,suffix,8,16,4,12,0.25,0.75,94,100,0.026029784458297314,-0.09387001583135146,0.15192752944760232,3,3,108,103,5,39,0.3611111111111111,3,0.046296296296296294,0.00039400000241585076
223,20661152,3,prefix,8,16,4,12,0.25,0.75,94,100,-0.10708861045830258,0.09507837994190886,-0.11088925839011061,5,5,100,97,3,24,0.24,5,0.03,0.00035099999513477087
223,20661152,3,suffix,8,16,4,12,0.25,0.75,94,100,-0.10708861045830258,0.09507837994190886,-0.11088925839011061,5,5,116,113,3,104,0.896551724137931,5,0.02586206896551724,0.0006221000076038763
224,20661153,3,prefix,8,16,4,12,0.25,0.75,94,100,-0.020555326559987583,-0.061714926431552054,-0.11944934368359873,5,5,100,97,3,27,0.27,5,0.03,0.0003674999898066744
224,20661153,3,suffix,8,16,4,12,0.25,0.75,94,100,-0.020555326559987583,-0.061714926431552054,-0.11944934368359873,5,5,116,113,3,107,0.9224137931034483,5,0.02586206896551724,0.0005536000098800287
225,20661154,3,prefix,8,16,4,12,0.25,0.75,94,100,-0.01635665383778028,-0.11673754733423498,0.02315525669402303,3,3,100,96,4,12,0.12,3,0.04,0.00033059999987017363
225,20661154,3,suffix,8,16,4,12,0.25,0.75,94,100,-0.01635665383778028,-0.11673754733423498,0.02315525669402303,3,3,108,104,4,36,0.3333333333333333,3,0.037037037037037035,0.0003924000047845766
226,20661155,3,prefix,8,16,4,12,0.25,0.75,94,100,0.11208171722931498,-0.12175794636602762,-0.16028522701062597,6,6,100,98,2,32,0.32,6,0.02,0.0003667999990284443
226,20661155,3,suffix,8,16,4,12,0.25,0.75,94,100,0.11208171722931498,-0.12175794636602762,-0.16028522701062597,6,6,120,118,2,152,1.2666666666666666,6,0.016666666666666666,0.0006154000002425164
227,20661156,3,prefix,8,16,4,12,0.25,0.75,94,100,0.021038039985777714,-0.1291079139171083,0.025582623512864052,6,6,100,98,2,34,0.34,6,0.02,0.000378099997760728
227,20661156,3,suffix,8,16,4,12,0.25,0.75,94,100,0.021038039985777714,-0.1291079139171083,0.025582623512864052,6,6,120,118,2,154,1.2833333333333334,6,0.016666666666666666,0.0006245999975362793
228,20661157,3,prefix,8,16,4,12,0.25,0.75,94,100,0.07114043127831475,0.03784884448382676,0.12720030629595389,5,5,100,97,3,27,0.27,5,0.03,0.00039059999107848853
228,20661157,3,suffix,8,16,4,12,0.25,0.75,94,100,0.07114043127831475,0.03784884448382676,0.12720030629595389,5,5,116,113,3,107,0.9224137931034483,5,0.02586206896551724,0.0005532000068342313
229,20661158,3,prefix,8,16,4,12,0.25,0.75,94,100,-0.03618442099559107,0.01991479722600683,-0.26343751389230463,5,5,100,98,2,31,0.31,5,0.02,0.00036750000435858965
229,20661158,3,suffix,8,16,4,12,0.25,0.75,94,100,-0.03618442099559107,0.01991479722600683,-0.26343751389230463,5,5,116,114,2,111,0.9568965517241379,5,0.017241379310344827,0.000538699998287484
230,20661159,3,prefix,8,16,4,12,0.25,0.75,94,100,0.11548461204458207,-0.016215323379216665,0.12227437252736137,3,3,100,95,5,12,0.12,3,0.05,0.0003394999948795885
230,20661159,3,suffix,8,16,4,12,0.25,0.75,94,100,0.11548461204458207,-0.016215323379216665,0.12227437252736137,3,3,108,103,5,36,0.3333333333333333,3,0.046296296296296294,0.0003927999932784587
231,20661160,3,prefix,8,16,4,12,0.25,0.75,94,100,-0.24901174829073,0.09265148388877874,0.04014736369978591,4,4,100,96,4,18,0.18,4,0.04,0.0003524999920045957
231,20661160,3,suffix,8,16,4,12,0.25,0.75,94,100,-0.24901174829073,0.09265148388877874,0.04014736369978591,4,4,112,108,4,66,0.5892857142857143,4,0.03571428571428571,0.0004563999973470345
232,20661161,3,prefix,8,16,4,12,0.25,0.75,94,100,-0.20266453234967924,-0.03797050620565863,-0.09151540148771681,6,6,100,98,2,33,0.33,6,0.02,0.0003716999926837161
232,20661161,3,suffix,8,16,4,12,0.25,0.75,94,100,-0.20266453234967924,-0.03797050620565863,-0.09151540148771681,6,6,120,118,2,153,1.275,6,0.016666666666666666,0.0006253000028664246
233,20661162,3,prefix,8,16,4,12,0.25,0.75,94,100,-0.16087241773499739,0.0361338538665995,0.011279948029758659,3,3,100,96,4,16,0.16,3,0.04,0.00033830000029411167
233,20661162,3,suffix,8,16,4,12,0.25,0.75,94,100,-0.16087241773499739,0.0361338538665995,0.011279948029758659,3,3,108,104,4,40,0.37037037037037035,3,0.037037037037037035,0.0004123999970033765
234,20661163,3,prefix,8,16,4,12,0.25,0.75,94,100,-0.03227118581177944,-0.03235064808068377,-0.028132064544677402,3,3,100,95,5,13,0.13,3,0.05,0.000342100000125356
234,20661163,3,suffix,8,16,4,12,0.25,0.75,94,100,-0.03227118581177944,-0.03235064808068377,-0.028132064544677402,3,3,108,103,5,37,0.3425925925925926,3,0.046296296296296294,0.00039489999471697956
235,20661164,3,prefix,8,16,4,12,0.25,0.75,94,100,-0.03200824914790857,-0.12320963197657646,0.04589126881391719,4,4,100,97,3,25,0.25,4,0.03,0.00036160000308882445
235,20661164,3,suffix,8,16,4,12,0.25,0.75,94,100,-0.03200824914790857,-0.12320963197657646,0.04589126881391719,4,4,112,109,3,73,0.6517857142857143,4,0.026785714285714284,0.0004785999917658046
236,20661165,3,prefix,8,16,4,12,0.25,0.75,94,100,-0.030962467940907405,0.035322288425049954,-0.1661529770971533,5,5,100,97,3,25,0.25,5,0.03,0.0003578999894671142
236,20661165,3,suffix,8,16,4,12,0.25,0.75,94,100,-0.030962467940907405,0.035322288425049954,-0.1661529770971533,5,5,116,113,3,105,0.9051724137931034,5,0.02586206896551724,0.0005272000125842169
237,20661166,3,prefix,8,16,4,12,0.25,0.75,94,100,0.14453434145332253,0.0020561838814540977,-0.062106846456497895,3,3,100,95,5,11,0.11,3,0.05,0.000371300004189834
237,20661166,3,suffix,8,16,4,12,0.25,0.75,94,100,0.14453434145332253,0.0020561838814540977,-0.062106846456497895,3,3,108,103,5,35,0.32407407407407407,3,0.046296296296296294,0.00039010000182315707
238,20661167,3,prefix,8,16,4,12,0.25,0.75,94,100,-0.04858498035225379,-0.11074523154979801,-0.10445998776298268,3,3,100,96,4,17,0.17,3,0.04,0.0003411000070627779
238,20661167,3,suffix,8,16,4,12,0.25,0.75,94,100,-0.04858498035225379,-0.11074523154979801,-0.10445998776298268,3,3,108,104,4,41,0.37962962962962965,3,0.037037037037037035,0.0004096000047866255
239,20661168,3,prefix,8,16,4,12,0.25,0.75,94,100,-0.07034814497320223,-0.13903012403800719,0.10914231590087846,7,7,100,99,1,43,0.43,7,0.01,0.00039840000681579113
239,20661168,3,suffix,8,16,4,12,0.25,0.75,94,100,-0.07034814497320223,-0.13903012403800719,0.10914231590087846,7,7,124,123,1,211,1.7016129032258065,7,0.008064516129032258,0.0007557000062661245
240,20661169,3,prefix,8,16,4,12,0.25,0.75,94,100,0.06294038264163423,-0.11087315972042876,0.018295347874665243,6,6,100,98,2,34,0.34,6,0.02,0.0003718000079970807
240,20661169,3,suffix,8,16,4,12,0.25,0.75,94,100,0.06294038264163423,-0.11087315972042876,0.018295347874665243,6,6,120,118,2,154,1.2833333333333334,6,0.016666666666666666,0.0006284000119194388
241,20661170,3,prefix,8,16,4,12,0.25,0.75,94,100,0.18710107494495654,-0.18777816708022912,-0.06787266912261443,3,3,100,96,4,12,0.12,3,0.04,0.0003332999913254753
241,20661170,3,suffix,8,16,4,12,0.25,0.75,94,100,0.18710107494495654,-0.18777816708022912,-0.06787266912261443,3,3,108,104,4,36,0.3333333333333333,3,0.037037037037037035,0.0003946000069845468
242,20661171,3,prefix,8,16,4,12,0.25,0.75,94,100,0.039978429012516394,0.1369829282375639,0.010153620953654508,5,5,100,97,3,27,0.27,5,0.03,0.00036779999209102243
242,20661171,3,suffix,8,16,4,12,0.25,0.75,94,100,0.039978429012516394,0.1369829282375639,0.010153620953654508,5,5,116,113,3,107,0.9224137931034483,5,0.02586206896551724,0.0005325999954948202
243,20661172,3,prefix,8,16,4,12,0.25,0.75,94,100,-0.09015328834084957,0.03175014008508606,0.1891319120924333,5,5,100,97,3,24,0.24,5,0.03,0.00037650000012945384
243,20661172,3,suffix,8,16,4,12,0.25,0.75,94,100,-0.09015328834084957,0.03175014008508606,0.1891319120924333,5,5,116,113,3,104,0.896551724137931,5,0.02586206896551724,0.0005327000108081847
244,20661173,3,prefix,8,16,4,12,0.25,0.75,94,100,0.1878030162952665,-0.00915391391459281,-0.04802842366335024,3,3,100,97,3,21,0.21,3,0.03,0.00036700000055134296
244,20661173,3,suffix,8,16,4,12,0.25,0.75,94,100,0.1878030162952665,-0.00915391391459281,-0.04802842366335024,3,3,108,105,3,45,0.4166666666666667,3,0.027777777777777776,0.0004124000115552917
245,20661174,3,prefix,8,16,4,12,0.25,0.75,94,100,-0.12220779721242266,0.04432339881341361,0.009112379130874655,6,6,100,98,2,34,0.34,6,0.02,0.00040180000360123813
245,20661174,3,suffix,8,16,4,12,0.25,0.75,94,100,-0.12220779721242266,0.04432339881341361,0.009112379130874655,6,6,120,118,2,154,1.2833333333333334,6,0.016666666666666666,0.0006248999998206273
246,20661175,3,prefix,8,16,4,12,0.25,0.75,94,100,-0.04391125839012104,-0.021950051608343638,0.004187954170486542,3,3,100,95,5,13,0.13,3,0.05,0.00033710000570863485
246,20661175,3,suffix,8,16,4,12,0.25,0.75,94,100,-0.04391125839012104,-0.021950051608343638,0.004187954170486542,3,3,108,103,5,37,0.3425925925925926,3,0.046296296296296294,0.00039539999852422625
247,20661176,3,prefix,8,16,4,12,0.25,0.75,94,100,0.16445447710720507,-0.03581708897323943,0.05574678249243026,5,5,100,97,3,24,0.24,5,0.03,0.0003797000099439174
247,20661176,3,suffix,8,16,4,12,0.25,0.75,94,100,0.16445447710720507,-0.03581708897323943,0.05574678249243026,5,5,116,113,3,104,0.896551724137931,5,0.02586206896551724,0.000529799988726154
248,20661177,3,prefix,8,16,4,12,0.25,0.75,94,100,0.057496179324305466,-0.0830151192572697,-0.15606288945033017,6,6,100,98,2,33,0.33,6,0.02,0.00038019999919924885
248,20661177,3,suffix,8,16,4,12,0.25,0.75,94,100,0.057496179324305466,-0.0830151192572697,-0.15606288945033017,6,6,120,118,2,153,1.275,6,0.016666666666666666,0.0006294999911915511
249,20661178,3,prefix,8,16,4,12,0.25,0.75,94,100,-0.012931086229460835,0.09411221827493206,0.0034639026928009902,5,5,100,97,3,26,0.26,5,0.03,0.00035940000088885427
249,20661178,3,suffix,8,16,4,12,0.25,0.75,94,100,-0.012931086229460835,0.09411221827493206,0.0034639026928009902,5,5,116,113,3,106,0.9137931034482759,5,0.02586206896551724,0.000527900003362447
250,20661179,3,prefix,8,16,4,12,0.25,0.75,94,100,-0.008345056095785817,0.09743554371988952,0.04186568203147657,6,6,100,98,2,33,0.33,6,0.02,0.00041590000910218805
250,20661179,3,suffix,8,16,4,12,0.25,0.75,94,100,-0.008345056095785817,0.09743554371988952,0.04186568203147657,6,6,120,118,2,153,1.275,6,0.016666666666666666,0.0006240999937290326
251,20661180,3,prefix,8,16,4,12,0.25,0.75,94,100,0.09144877270456164,0.025777719591693907,0.08071223737750509,5,5,100,97,3,30,0.3,5,0.03,0.00036380000528879464
251,20661180,3,suffix,8,16,4,12,0.25,0.75,94,100,0.09144877270456164,0.025777719591693907,0.08071223737750509,5,5,116,113,3,110,0.9482758620689655,5,0.02586206896551724,0.0005376000044634566
252,20661181,3,prefix,8,16,4,12,0.25,0.75,94,100,0.05012815426433612,-0.08256401420483364,0.05824553845712152,4,4,100,96,4,20,0.2,4,0.04,0.0003453999961493537
252,20661181,3,suffix,8,16,4,12,0.25,0.75,94,100,0.05012815426433612,-0.08256401420483364,0.05824553845712152,4,4,112,108,4,68,0.6071428571428571,4,0.03571428571428571,0.00045870000030845404
253,20661182,3,prefix,8,16,4,12,0.25,0.75,94,100,-0.12928117417048804,-0.1322538172561878,-0.0605328196422682,3,3,100,95,5,12,0.12,3,0.05,0.0003400999994482845
253,20661182,3,suffix,8,16,4,12,0.25,0.75,94,100,-0.12928117417048804,-0.1322538172561878,-0.0605328196422682,3,3,108,103,5,36,0.3333333333333333,3,0.046296296296296294,0.00042559999565128237
254,20661183,3,prefix,8,16,4,12,0.25,0.75,94,100,-0.038725998439215925,0.09645212243647706,0.1653461372335446,5,5,100,97,3,23,0.23,5,0.03,0.00037969999539200217
254,20661183,3,suffix,8,16,4,12,0.25,0.75,94,100,-0.038725998439215925,0.09645212243647706,0.1653461372335446,5,5,116,113,3,103,0.8879310344827587,5,0.02586206896551724,0.0005305999948177487
255,20661184,3,prefix,8,16,4,12,0.25,0.75,94,100,-0.16848061952902413,-0.16177436835808567,0.1940120859017669,4,4,100,96,4,19,0.19,4,0.04,0.0003465000045252964
255,20661184,3,suffix,8,16,4,12,0.25,0.75,94,100,-0.16848061952902413,-0.16177436835808567,0.1940120859017669,4,4,112,108,4,67,0.5982142857142857,4,0.03571428571428571,0.0004592000041157007
256,20661185,3,prefix,8,16,4,12,0.25,0.75,94,100,-0.1909228948465087,0.0021600694661088114,-0.08575308465310669,6,6,100,98,2,34,0.34,6,0.02,0.00037480000173673034
256,20661185,3,suffix,8,16,4,12,0.25,0.75,94,100,-0.1909228948465087,0.0021600694661088114,-0.08575308465310669,6,6,120,118,2,154,1.2833333333333334,6,0.016666666666666666,0.000626600012765266
257,20661186,3,prefix,8,16,4,12,0.25,0.75,94,100,0.017958244144690216,0.04029699157181503,-0.10342145554470236,2,2,100,94,6,11,0.11,2,0.06,0.00032950000604614615
257,20661186,3,suffix,8,16,4,12,0.25,0.75,94,100,0.017958244144690216,0.04029699157181503,-0.10342145554470236,2,2,104,98,6,19,0.18269230769230768,2,0.057692307692307696,0.0003512999974191189
258,20661187,3,prefix,8,16,4,12,0.25,0.75,94,100,-0.0266182279030533,0.15379772206175163,0.03144521727649941,5,5,100,97,3,26,0.26,5,0.03,0.0003736000071512535
258,20661187,3,suffix,8,16,4,12,0.25,0.75,94,100,-0.0266182279030533,0.15379772206175163,0.03144521727649941,5,5,116,113,3,106,0.9137931034482759,5,0.02586206896551724,0.0005409000004874542
259,20661188,3,prefix,8,16,4,12,0.25,0.75,94,100,-0.07158507546531595,-0.03458610547657393,0.1037942331094454,7,7,100,100,0,48,0.48,7,0.0,0.00041090000013355166
259,20661188,3,suffix,8,16,4,12,0.25,0.75,94,100,-0.07158507546531595,-0.03458610547657393,0.1037942331094454,7,7,124,124,0,216,1.7419354838709677,7,0.0,0.000745099998312071
260,20661189,3,prefix,8,16,4,12,0.25,0.75,94,100,0.08664596899164259,-0.08098771625521459,0.12481413278837956,2,2,100,94,6,12,0.12,2,0.06,0.0003330000035930425
260,20661189,3,suffix,8,16,4,12,0.25,0.75,94,100,0.08664596899164259,-0.08098771625521459,0.12481413278837956,2,2,104,98,6,20,0.19230769230769232,2,0.057692307692307696,0.0003524000057950616
261,20661190,3,prefix,8,16,4,12,0.25,0.75,94,100,-0.054457411670541245,0.12263997700505899,-0.005247413946931008,5,5,100,98,2,27,0.27,5,0.02,0.00035799999022856355
261,20661190,3,suffix,8,16,4,12,0.25,0.75,94,100,-0.054457411670541245,0.12263997700505899,-0.005247413946931008,5,5,116,114,2,107,0.9224137931034483,5,0.017241379310344827,0.0005473999917740002
262,20661191,3,prefix,8,16,4,12,0.25,0.75,94,100,-0.0567712376747718,-0.15425566411967445,0.012374617988062926,6,6,100,99,1,42,0.42,6,0.01,0.00042490000487305224
262,20661191,3,suffix,8,16,4,12,0.25,0.75,94,100,-0.0567712376747718,-0.15425566411967445,0.012374617988062926,6,6,120,119,1,162,1.35,6,0.008333333333333333,0.0006423000013455749
263,20661192,3,prefix,8,16,4,12,0.25,0.75,94,100,-0.12150962016311616,0.16867975163296095,-0.06593984979318608,5,5,100,97,3,23,0.23,5,0.03,0.00035680001019500196
263,20661192,3,suffix,8,16,4,12,0.25,0.75,94,100,-0.12150962016311616,0.16867975163296095,-0.06593984979318608,5,5,116,113,3,103,0.8879310344827587,5,0.02586206896551724,0.000520200002938509
264,20661193,3,prefix,8,16,4,12,0.25,0.75,94,100,0.04447209879380515,-0.027151735021193963,-0.15718942669806726,4,4,100,97,3,24,0.24,4,0.03,0.00035539999953471124
264,20661193,3,suffix,8,16,4,12,0.25,0.75,94,100,0.04447209879380515,-0.027151735021193963,-0.15718942669806726,4,4,112,109,3,72,0.6428571428571429,4,0.026785714285714284,0.0004692000075010583
265,20661194,3,prefix,8,16,4,12,0.25,0.75,94,100,0.06898284208644861,0.05258691327821288,-0.20039558823073658,6,6,100,98,2,35,0.35,6,0.02,0.00039340001239906996
265,20661194,3,suffix,8,16,4,12,0.25,0.75,94,100,0.06898284208644861,0.05258691327821288,-0.20039558823073658,6,6,120,118,2,155,1.2916666666666667,6,0.016666666666666666,0.0006217000045580789
266,20661195,3,prefix,8,16,4,12,0.25,0.75,94,100,-0.09890855765625135,0.07467579458311269,-0.048921059072121166,4,4,100,96,4,20,0.2,4,0.04,0.0003693000035127625
266,20661195,3,suffix,8,16,4,12,0.25,0.75,94,100,-0.09890855765625135,0.07467579458311269,-0.048921059072121166,4,4,112,108,4,68,0.6071428571428571,4,0.03571428571428571,0.0004658999969251454
267,20661196,3,prefix,8,16,4,12,0.25,0.75,94,100,-0.018814637801777317,-0.04947435311274115,0.0531220521061563,4,4,100,96,4,16,0.16,4,0.04,0.00035289999505039304
267,20661196,3,suffix,8,16,4,12,0.25,0.75,94,100,-0.018814637801777317,-0.04947435311274115,0.0531220521061563,4,4,112,108,4,64,0.5714285714285714,4,0.03571428571428571,0.000450999999884516
268,20661197,3,prefix,8,16,4,12,0.25,0.75,94,100,-0.1425214417951955,-0.1959086957555379,0.039117620535461,6,6,100,98,2,33,0.33,6,0.02,0.00037789999623782933
268,20661197,3,suffix,8,16,4,12,0.25,0.75,94,100,-0.1425214417951955,-0.1959086957555379,0.039117620535461,6,6,120,118,2,153,1.275,6,0.016666666666666666,0.0006178000039653853
269,20661198,3,prefix,8,16,4,12,0.25,0.75,94,100,0.0046207178823275685,0.025377630043925674,0.007005319722348308,5,5,100,97,3,28,0.28,5,0.03,0.00039319999632425606
269,20661198,3,suffix,8,16,4,12,0.25,0.75,94,100,0.0046207178823275685,0.025377630043925674,0.007005319722348308,5,5,116,113,3,108,0.9310344827586207,5,0.02586206896551724,0.0005662000039592385
270,20661199,3,prefix,8,16,4,12,0.25,0.75,94,100,0.05875650253105949,0.0835162994194178,0.05131723576227589,5,5,100,97,3,25,0.25,5,0.03,0.0003606999962357804
270,20661199,3,suffix,8,16,4,12,0.25,0.75,94,100,0.05875650253105949,0.0835162994194178,0.05131723576227589,5,5,116,113,3,105,0.9051724137931034,5,0.02586206896551724,0.0009171999990940094
271,20661200,3,prefix,8,16,4,12,0.25,0.75,94,100,-0.0005313570089161758,-0.003008568855815415,-0.06793123218171086,5,5,100,97,3,23,0.23,5,0.03,0.0003617000038502738
271,20661200,3,suffix,8,16,4,12,0.25,0.75,94,100,-0.0005313570089161758,-0.003008568855815415,-0.06793123218171086,5,5,116,113,3,103,0.8879310344827587,5,0.02586206896551724,0.0005297000025166199
272,20661201,3,prefix,8,16,4,12,0.25,0.75,94,100,0.16744365373080983,-0.020610740814803387,-0.10429482264720515,5,5,100,97,3,29,0.29,5,0.03,0.0003775000077439472
272,20661201,3,suffix,8,16,4,12,0.25,0.75,94,100,0.16744365373080983,-0.020610740814803387,-0.10429482264720515,5,5,116,113,3,109,0.9396551724137931,5,0.02586206896551724,0.0005442000110633671
273,20661202,3,prefix,8,16,4,12,0.25,0.75,94,100,0.1436645526956064,0.051059519901618125,0.08603337040278562,2,2,100,95,5,16,0.16,2,0.05,0.00036019999242853373
273,20661202,3,suffix,8,16,4,12,0.25,0.75,94,100,0.1436645526956064,0.051059519901618125,0.08603337040278562,2,2,104,99,5,24,0.23076923076923078,2,0.04807692307692308,0.0003630999999586493
274,20661203,3,prefix,8,16,4,12,0.25,0.75,94,100,0.05678230469484989,-0.2584654876210972,-0.00969182765279214,6,6,100,98,2,34,0.34,6,0.02,0.00037199999496806413
274,20661203,3,suffix,8,16,4,12,0.25,0.75,94,100,0.05678230469484989,-0.2584654876210972,-0.00969182765279214,6,6,120,118,2,154,1.2833333333333334,6,0.016666666666666666,0.000636199998552911
275,20661204,3,prefix,8,16,4,12,0.25,0.75,94,100,0.09698310465854786,-0.02347908752540207,0.13389490832608794,4,4,100,97,3,24,0.24,4,0.03,0.00035510001180227846
275,20661204,3,suffix,8,16,4,12,0.25,0.75,94,100,0.09698310465854786,-0.02347908752540207,0.13389490832608794,4,4,112,109,3,72,0.6428571428571429,4,0.026785714285714284,0.0004695999959949404
276,20661205,3,prefix,8,16,4,12,0.25,0.75,94,100,0.09251546576589693,-0.029071927162432443,-0.0185654512305982,2,2,100,94,6,11,0.11,2,0.06,0.0003428000054555014
276,20661205,3,suffix,8,16,4,12,0.25,0.75,94,100,0.09251546576589693,-0.029071927162432443,-0.0185654512305982,2,2,104,98,6,19,0.18269230769230768,2,0.057692307692307696,0.0003566999948816374
277,20661206,3,prefix,8,16,4,12,0.25,0.75,94,100,0.026456327587594492,0.13018237001687993,0.025687896539274824,2,2,100,94,6,8,0.08,2,0.06,0.0003260000084992498
277,20661206,3,suffix,8,16,4,12,0.25,0.75,94,100,0.026456327587594492,0.13018237001687993,0.025687896539274824,2,2,104,98,6,16,0.15384615384615385,2,0.057692307692307696,0.00035370000114198774
278,20661207,3,prefix,8,16,4,12,0.25,0.75,94,100,0.11395413737443351,-0.13936874750389447,-0.030879836952745893,5,5,100,97,3,28,0.28,5,0.03,0.00037390000943560153
278,20661207,3,suffix,8,16,4,12,0.25,0.75,94,100,0.11395413737443351,-0.13936874750389447,-0.030879836952745893,5,5,116,113,3,108,0.9310344827586207,5,0.02586206896551724,0.0005335000023478642
279,20661208,3,prefix,8,16,4,12,0.25,0.75,94,100,-0.021489926910047228,5.361890271756296e-05,-0.041838818790790606,4,4,100,96,4,19,0.19,4,0.04,0.0003521000035107136
279,20661208,3,suffix,8,16,4,12,0.25,0.75,94,100,-0.021489926910047228,5.361890271756296e-05,-0.041838818790790606,4,4,112,108,4,67,0.5982142857142857,4,0.03571428571428571,0.000454399996669963
280,20661209,3,prefix,8,16,4,12,0.25,0.75,94,100,-0.11783635850984442,0.12826799235673117,-0.03016303390409726,6,6,100,98,2,32,0.32,6,0.02,0.00036800000816583633
280,20661209,3,suffix,8,16,4,12,0.25,0.75,94,100,-0.11783635850984442,0.12826799235673117,-0.03016303390409726,6,6,120,118,2,152,1.2666666666666666,6,0.016666666666666666,0.000703200013958849
281,20661210,3,prefix,8,16,4,12,0.25,0.75,94,100,0.19612419162015976,-0.021937544474241167,-0.03436862176426484,5,5,100,97,3,25,0.25,5,0.03,0.00037960000918246806
281,20661210,3,suffix,8,16,4,12,0.25,0.75,94,100,0.19612419162015976,-0.021937544474241167,-0.03436862176426484,5,5,116,113,3,105,0.9051724137931034,5,0.02586206896551724,0.0005399999936344102
282,20661211,3,prefix,8,16,4,12,0.25,0.75,94,100,-0.09763916539691832,-0.13670571721671063,0.09484553634044589,2,2,100,97,3,17,0.17,3,0.03,0.0003623000084189698
282,20661211,3,suffix,8,16,4,12,0.25,0.75,94,100,-0.09763916539691832,-0.13670571721671063,0.09484553634044589,2,2,104,101,3,25,0.2403846153846154,3,0.028846153846153848,0.000374399998690933
283,20661212,3,prefix,8,16,4,12,0.25,0.75,94,100,0.008074015458209455,-0.11396731926949595,-0.06690333013285615,5,5,100,97,3,27,0.27,5,0.03,0.0003694000042742118
283,20661212,3,suffix,8,16,4,12,0.25,0.75,94,100,0.008074015458209455,-0.11396731926949595,-0.06690333013285615,5,5,116,113,3,107,0.9224137931034483,5,0.02586206896551724,0.0005533000075956807
284,20661213,3,prefix,8,16,4,12,0.25,0.75,94,100,0.13711772782873982,0.19893873905936132,0.002565407982237576,3,3,100,95,5,11,0.11,3,0.05,0.00035289999505039304
284,20661213,3,suffix,8,16,4,12,0.25,0.75,94,100,0.13711772782873982,0.19893873905936132,0.002565407982237576,3,3,108,103,5,35,0.32407407407407407,3,0.046296296296296294,0.0004141000099480152
285,20661214,3,prefix,8,16,4,12,0.25,0.75,94,100,-0.005800786645896007,-0.18988108595254574,0.0031859395322864493,5,5,100,97,3,28,0.28,5,0.03,0.00037090000114403665
285,20661214,3,suffix,8,16,4,12,0.25,0.75,94,100,-0.005800786645896007,-0.18988108595254574,0.0031859395322864493,5,5,116,113,3,108,0.9310344827586207,5,0.02586206896551724,0.000556500002858229
286,20661215,3,prefix,8,16,4,12,0.25,0.75,94,100,-0.0007295981843404044,-0.07366563684912072,-0.12835710501470463,7,7,100,99,1,43,0.43,7,0.01,0.0003904000041075051
286,20661215,3,suffix,8,16,4,12,0.25,0.75,94,100,-0.0007295981843404044,-0.07366563684912072,-0.12835710501470463,7,7,124,123,1,211,1.7016129032258065,7,0.008064516129032258,0.0007276999967871234
287,20661216,3,prefix,8,16,4,12,0.25,0.75,94,100,0.05863941569316029,0.061812678303534055,-0.04054813569695998,6,6,100,98,2,32,0.32,6,0.02,0.0003679999936139211
287,20661216,3,suffix,8,16,4,12,0.25,0.75,94,100,0.05863941569316029,0.061812678303534055,-0.04054813569695998,6,6,120,118,2,152,1.2666666666666666,6,0.016666666666666666,0.000853999998071231
288,20661217,3,prefix,8,16,4,12,0.25,0.75,94,100,0.028291851601624993,-0.06429383870880462,-0.06821946715675535,6,6,100,98,2,32,0.32,6,0.02,0.000371600006474182
288,20661217,3,suffix,8,16,4,12,0.25,0.75,94,100,0.028291851601624993,-0.06429383870880462,-0.06821946715675535,6,6,120,118,2,152,1.2666666666666666,6,0.016666666666666666,0.0006396999960998073
289,20661218,3,prefix,8,16,4,12,0.25,0.75,94,100,0.010133249365165182,0.17011801675433455,-0.12011390690725339,5,5,100,97,3,23,0.23,5,0.03,0.00035090000892523676
289,20661218,3,suffix,8,16,4,12,0.25,0.75,94,100,0.010133249365165182,0.17011801675433455,-0.12011390690725339,5,5,116,113,3,103,0.8879310344827587,5,0.02586206896551724,0.0005345000099623576
290,20661219,3,prefix,8,16,4,12,0.25,0.75,94,100,-0.0076019560488929825,0.0921780240830516,0.22766639197246905,3,3,100,95,5,17,0.17,3,0.05,0.0003471999953035265
290,20661219,3,suffix,8,16,4,12,0.25,0.75,94,100,-0.0076019560488929825,0.0921780240830516,0.22766639197246905,3,3,108,103,5,41,0.37962962962962965,3,0.046296296296296294,0.00040049999370239675
291,20661220,3,prefix,8,16,4,12,0.25,0.75,94,100,-0.035598628160873086,0.18022165850185548,0.059227930921477115,6,6,100,99,1,34,0.34,6,0.01,0.000378400000045076
291,20661220,3,suffix,8,16,4,12,0.25,0.75,94,100,-0.035598628160873086,0.18022165850185548,0.059227930921477115,6,6,120,119,1,154,1.2833333333333334,6,0.008333333333333333,0.0006276999920373783
292,20661221,3,prefix,8,16,4,12,0.25,0.75,94,100,-0.131218484431459,-0.003590653479867052,0.04079648491149186,4,4,100,96,4,16,0.16,4,0.04,0.00034589999995660037
292,20661221,3,suffix,8,16,4,12,0.25,0.75,94,100,-0.131218484431459,-0.003590653479867052,0.04079648491149186,4,4,112,108,4,64,0.5714285714285714,4,0.03571428571428571,0.00045249999675434083
293,20661222,3,prefix,8,16,4,12,0.25,0.75,94,100,0.06113909922614044,0.04719789143557519,-0.06662881208598383,3,3,100,95,5,15,0.15,3,0.05,0.0003404000017326325
293,20661222,3,suffix,8,16,4,12,0.25,0.75,94,100,0.06113909922614044,0.04719789143557519,-0.06662881208598383,3,3,108,103,5,39,0.3611111111111111,3,0.046296296296296294,0.0004256999964127317
294,20661223,3,prefix,8,16,4,12,0.25,0.75,94,100,-0.01797204001997485,0.013683406422349229,0.00867920258074129,3,3,100,95,5,12,0.12,3,0.05,0.0003429000062169507
294,20661223,3,suffix,8,16,4,12,0.25,0.75,94,100,-0.01797204001997485,0.013683406422349229,0.00867920258074129,3,3,108,103,5,36,0.3333333333333333,3,0.046296296296296294,0.0003910999948857352
295,20661224,3,prefix,8,16,4,12,0.25,0.75,94,100,-0.10137505229647639,0.006703551383050796,0.023691301268000314,4,4,100,96,4,19,0.19,4,0.04,0.0003466000052867457
295,20661224,3,suffix,8,16,4,12,0.25,0.75,94,100,-0.10137505229647639,0.006703551383050796,0.023691301268000314,4,4,112,108,4,67,0.5982142857142857,4,0.03571428571428571,0.00047030000132508576
296,20661225,3,prefix,8,16,4,12,0.25,0.75,94,100,0.11672099069214462,-0.08915896853096564,-0.14237905937719492,2,2,100,94,6,8,0.08,2,0.06,0.00032869999995455146
296,20661225,3,suffix,8,16,4,12,0.25,0.75,94,100,0.11672099069214462,-0.08915896853096564,-0.14237905937719492,2,2,104,98,6,16,0.15384615384615385,2,0.057692307692307696,0.00036040000850334764
297,20661226,3,prefix,8,16,4,12,0.25,0.75,94,100,-0.03444518208573176,-0.05532944949531611,-0.11424694233312675,6,6,100,98,2,40,0.4,6,0.02,0.0003800000122282654
297,20661226,3,suffix,8,16,4,12,0.25,0.75,94,100,-0.03444518208573176,-0.05532944949531611,-0.11424694233312675,6,6,120,118,2,160,1.3333333333333333,6,0.016666666666666666,0.0006346000009216368
298,20661227,3,prefix,8,16,4,12,0.25,0.75,94,100,0.02789388964821808,-0.09874365033521611,0.11577829812891159,6,6,100,98,2,33,0.33,6,0.02,0.00036920000275131315
298,20661227,3,suffix,8,16,4,12,0.25,0.75,94,100,0.02789388964821808,-0.09874365033521611,0.11577829812891159,6,6,120,118,2,153,1.275,6,0.016666666666666666,0.0006144999933894724
299,20661228,3,prefix,8,16,4,12,0.25,0.75,94,100,-0.0725181800632755,-0.06232987967979028,-0.028201416634383598,2,2,100,95,5,13,0.13,2,0.05,0.0003505000058794394
299,20661228,3,suffix,8,16,4,12,0.25,0.75,94,100,-0.0725181800632755,-0.06232987967979028,-0.028201416634383598,2,2,104,99,5,21,0.20192307692307693,2,0.04807692307692308,0.00036639999598264694
300,20661229,3,prefix,8,16,4,12,0.25,0.75,94,100,-0.06861386882537115,0.15173276276691164,0.02416217538877005,1,1,100,93,7,7,0.07,1,0.07,0.0003364000003784895
300,20661229,3,suffix,8,16,4,12,0.25,0.75,94,100,-0.06861386882537115,0.15173276276691164,0.02416217538877005,1,1,100,93,7,7,0.07,1,0.07,0.00031600000511389226
301,20661230,3,prefix,8,16,4,12,0.25,0.75,94,100,-0.11222533168590425,0.13872644601156206,-0.07156552306226739,7,7,100,99,1,43,0.43,7,0.01,0.0003887000057147816
301,20661230,3,suffix,8,16,4,12,0.25,0.75,94,100,-0.11222533168590425,0.13872644601156206,-0.07156552306226739,7,7,124,123,1,211,1.7016129032258065,7,0.008064516129032258,0.0007991000020410866
302,20661231,3,prefix,8,16,4,12,0.25,0.75,94,100,0.16163156340484883,0.03920352372746711,-0.14318835530297022,4,4,100,97,3,23,0.23,4,0.03,0.00035680001019500196
302,20661231,3,suffix,8,16,4,12,0.25,0.75,94,100,0.16163156340484883,0.03920352372746711,-0.14318835530297022,4,4,112,109,3,71,0.6339285714285714,4,0.026785714285714284,0.00046329999167937785
303,20661232,3,prefix,8,16,4,12,0.25,0.75,94,100,-0.05149513648115327,0.11652886005333368,-0.016428878659445433,5,5,100,97,3,26,0.26,5,0.03,0.0006933999975444749
303,20661232,3,suffix,8,16,4,12,0.25,0.75,94,100,-0.05149513648115327,0.11652886005333368,-0.016428878659445433,5,5,116,113,3,106,0.9137931034482759,5,0.02586206896551724,0.0005384999967645854
304,20661233,3,prefix,8,16,4,12,0.25,0.75,94,100,-0.07168097015598944,0.16128391590635885,-0.08795040446721207,4,4,100,96,4,18,0.18,4,0.04,0.0003473000106168911
304,20661233,3,suffix,8,16,4,12,0.25,0.75,94,100,-0.07168097015598944,0.16128391590635885,-0.08795040446721207,4,4,112,108,4,66,0.5892857142857143,4,0.03571428571428571,0.00045089999912306666
305,20661234,3,prefix,8,16,4,12,0.25,0.75,94,100,-0.10281538538437733,-0.02241529816482302,0.026043144435565314,5,5,100,97,3,27,0.27,5,0.03,0.0003558000025805086
305,20661234,3,suffix,8,16,4,12,0.25,0.75,94,100,-0.10281538538437733,-0.02241529816482302,0.026043144435565314,5,5,116,113,3,107,0.9224137931034483,5,0.02586206896551724,0.0005364999960875139
306,20661235,3,prefix,8,16,4,12,0.25,0.75,94,100,-0.11880289095859939,0.05536000190788668,-0.014526666679242307,6,6,100,98,2,32,0.32,6,0.02,0.0009980000031646341
306,20661235,3,suffix,8,16,4,12,0.25,0.75,94,100,-0.11880289095859939,0.05536000190788668,-0.014526666679242307,6,6,120,118,2,152,1.2666666666666666,6,0.016666666666666666,0.0008486000006087124
307,20661236,3,prefix,8,16,4,12,0.25,0.75,94,100,-0.10076608355746515,-0.1491563330401849,-0.07953274233256051,4,4,100,96,4,22,0.22,4,0.04,0.0003530000103637576
307,20661236,3,suffix,8,16,4,12,0.25,0.75,94,100,-0.10076608355746515,-0.1491563330401849,-0.07953274233256051,4,4,112,108,4,70,0.625,4,0.03571428571428571,0.0004628000024240464
308,20661237,3,prefix,8,16,4,12,0.25,0.75,94,100,0.0140963654987628,-0.004448992199791163,0.12931390917623242,4,4,100,96,4,18,0.18,4,0.04,0.00035790000401902944
308,20661237,3,suffix,8,16,4,12,0.25,0.75,94,100,0.0140963654987628,-0.004448992199791163,0.12931390917623242,4,4,112,108,4,66,0.5892857142857143,4,0.03571428571428571,0.0004552000027615577
309,20661238,3,prefix,8,16,4,12,0.25,0.75,94,100,-0.01872854275749215,0.10420575720330354,0.07881925463458957,3,3,100,95,5,12,0.12,3,0.05,0.0005136000108905137
309,20661238,3,suffix,8,16,4,12,0.25,0.75,94,100,-0.01872854275749215,0.10420575720330354,0.07881925463458957,3,3,108,103,5,36,0.3333333333333333,3,0.046296296296296294,0.0005065000004833564
310,20661239,3,prefix,8,16,4,12,0.25,0.75,94,100,0.05342977193139917,0.025710405455852504,0.011076619242266808,2,2,100,94,6,8,0.08,2,0.06,0.0003563999925972894
310,20661239,3,suffix,8,16,4,12,0.25,0.75,94,100,0.05342977193139917,0.025710405455852504,0.011076619242266808,2,2,104,98,6,16,0.15384615384615385,2,0.057692307692307696,0.00034729999606497586
311,20661240,3,prefix,8,16,4,12,0.25,0.75,94,100,0.021112071736526856,0.06057886773987847,-0.027512514454465578,3,3,100,95,5,13,0.13,3,0.05,0.0004104000108782202
311,20661240,3,suffix,8,16,4,12,0.25,0.75,94,100,0.021112071736526856,0.06057886773987847,-0.027512514454465578,3,3,108,103,5,37,0.3425925925925926,3,0.046296296296296294,0.00039600000309292227
312,20661241,3,prefix,8,16,4,12,0.25,0.75,94,100,0.04737185085165754,-0.0010058053555971542,-0.11213573542715137,4,4,100,96,4,17,0.17,4,0.04,0.00034050000249408185
312,20661241,3,suffix,8,16,4,12,0.25,0.75,94,100,0.04737185085165754,-0.0010058053555971542,-0.11213573542715137,4,4,112,108,4,65,0.5803571428571429,4,0.03571428571428571,0.00045680000039283186
313,20661242,3,prefix,8,16,4,12,0.25,0.75,94,100,-0.09452906441961403,0.04117900503943151,-0.059160808795126384,5,5,100,97,3,23,0.23,5,0.03,0.0005617999995592982
313,20661242,3,suffix,8,16,4,12,0.25,0.75,94,100,-0.09452906441961403,0.04117900503943151,-0.059160808795126384,5,5,116,113,3,103,0.8879310344827587,5,0.02586206896551724,0.0007283000013558194
314,20661243,3,prefix,8,16,4,12,0.25,0.75,94,100,-0.008836499078456015,0.27490719505885114,-0.14820526049545807,3,3,100,95,5,12,0.12,3,0.05,0.00034050000249408185
314,20661243,3,suffix,8,16,4,12,0.25,0.75,94,100,-0.008836499078456015,0.27490719505885114,-0.14820526049545807,3,3,108,103,5,36,0.3333333333333333,3,0.046296296296296294,0.00039370000013150275
315,20661244,3,prefix,8,16,4,12,0.25,0.75,94,100,0.07761939676141033,0.03760725529394903,-0.10869454861800536,3,3,100,95,5,11,0.11,3,0.05,0.0003308000013930723
315,20661244,3,suffix,8,16,4,12,0.25,0.75,94,100,0.07761939676141033,0.03760725529394903,-0.10869454861800536,3,3,108,103,5,35,0.32407407407407407,3,0.046296296296296294,0.00040889999945648015
316,20661245,3,prefix,8,16,4,12,0.25,0.75,94,100,-0.1585816891248684,-0.08382257049458877,0.04811171167616462,3,3,100,95,5,11,0.11,3,0.05,0.00033409999741706997
316,20661245,3,suffix,8,16,4,12,0.25,0.75,94,100,-0.1585816891248684,-0.08382257049458877,0.04811171167616462,3,3,108,103,5,35,0.32407407407407407,3,0.046296296296296294,0.0003978000022470951
317,20661246,3,prefix,8,16,4,12,0.25,0.75,94,100,0.13580541623285983,-0.20014790459930223,-0.03389773970269989,4,4,100,96,4,18,0.18,4,0.04,0.00036810000892728567
317,20661246,3,suffix,8,16,4,12,0.25,0.75,94,100,0.13580541623285983,-0.20014790459930223,-0.03389773970269989,4,4,112,108,4,66,0.5892857142857143,4,0.03571428571428571,0.00046300000394694507
318,20661247,3,prefix,8,16,4,12,0.25,0.75,94,100,-0.0205422981900379,0.22414568197750553,-0.13353308476736617,1,1,100,93,7,7,0.07,1,0.07,0.0003298999945400283
318,20661247,3,suffix,8,16,4,12,0.25,0.75,94,100,-0.0205422981900379,0.22414568197750553,-0.13353308476736617,1,1,100,93,7,7,0.07,1,0.07,0.0003218000056222081
319,20661248,3,prefix,8,16,4,12,0.25,0.75,94,100,0.07617529568168355,0.14465944005623171,0.035763020683437,4,4,100,96,4,16,0.16,4,0.04,0.0003522000042721629
319,20661248,3,suffix,8,16,4,12,0.25,0.75,94,100,0.07617529568168355,0.14465944005623171,0.035763020683437,4,4,112,108,4,64,0.5714285714285714,4,0.03571428571428571,0.0004599000094458461
320,20661249,3,prefix,8,16,4,12,0.25,0.75,94,100,-0.2136594786582437,-0.1429218362760987,-0.04257861994374205,6,6,100,98,2,37,0.37,6,0.02,0.00038050000148359686
320,20661249,3,suffix,8,16,4,12,0.25,0.75,94,100,-0.2136594786582437,-0.1429218362760987,-0.04257861994374205,6,6,120,118,2,157,1.3083333333333333,6,0.016666666666666666,0.0006390999915311113
321,20661250,3,prefix,8,16,4,12,0.25,0.75,94,100,-0.06941001816701886,-0.07752071306150818,-0.04811162161123069,3,3,100,95,5,11,0.11,3,0.05,0.00033790001180022955
321,20661250,3,suffix,8,16,4,12,0.25,0.75,94,100,-0.06941001816701886,-0.07752071306150818,-0.04811162161123069,3,3,108,103,5,35,0.32407407407407407,3,0.046296296296296294,0.0003944999916711822
322,20661251,3,prefix,8,16,4,12,0.25,0.75,94,100,0.12122324953822824,0.07331745220720214,-0.022256395813945933,3,3,100,95,5,13,0.13,3,0.05,0.0003412000078242272
322,20661251,3,suffix,8,16,4,12,0.25,0.75,94,100,0.12122324953822824,0.07331745220720214,-0.022256395813945933,3,3,108,103,5,37,0.3425925925925926,3,0.046296296296296294,0.00040699999954085797
323,20661252,3,prefix,8,16,4,12,0.25,0.75,94,100,-0.025013445517389595,0.1475985991404247,-0.05241168880943334,4,4,100,96,4,20,0.2,4,0.04,0.000345499996910803
323,20661252,3,suffix,8,16,4,12,0.25,0.75,94,100,-0.025013445517389595,0.1475985991404247,-0.05241168880943334,4,4,112,108,4,68,0.6071428571428571,4,0.03571428571428571,0.0004560000088531524
324,20661253,3,prefix,8,16,4,12,0.25,0.75,94,100,0.07230460555516671,0.12535857794054286,0.06332373712824894,4,4,100,96,4,23,0.23,4,0.04,0.0003546000079950318
324,20661253,3,suffix,8,16,4,12,0.25,0.75,94,100,0.07230460555516671,0.12535857794054286,0.06332373712824894,4,4,112,108,4,71,0.6339285714285714,4,0.03571428571428571,0.00048600000445730984
325,20661254,3,prefix,8,16,4,12,0.25,0.75,94,100,-0.012601256577052631,0.13736950983360588,0.3199750800541354,4,4,100,96,4,17,0.17,4,0.04,0.00034499999310355633
325,20661254,3,suffix,8,16,4,12,0.25,0.75,94,100,-0.012601256577052631,0.13736950983360588,0.3199750800541354,4,4,112,108,4,65,0.5803571428571429,4,0.03571428571428571,0.00045680000039283186
326,20661255,3,prefix,8,16,4,12,0.25,0.75,94,100,0.05393866943775269,-0.1624884853143625,0.05884229742598087,3,3,100,95,5,18,0.18,3,0.05,0.0003505000058794394
326,20661255,3,suffix,8,16,4,12,0.25,0.75,94,100,0.05393866943775269,-0.1624884853143625,0.05884229742598087,3,3,108,103,5,42,0.3888888888888889,3,0.046296296296296294,0.0004056999896420166
327,20661256,3,prefix,8,16,4,12,0.25,0.75,94,100,0.09995910561894858,0.047802012875303466,0.18245338214246687,3,3,100,95,5,15,0.15,3,0.05,0.00034839998988900334
327,20661256,3,suffix,8,16,4,12,0.25,0.75,94,100,0.09995910561894858,0.047802012875303466,0.18245338214246687,3,3,108,103,5,39,0.3611111111111111,3,0.046296296296296294,0.00040360000275541097
328,20661257,3,prefix,8,16,4,12,0.25,0.75,94,100,0.09380741403179549,-0.011461317546688535,0.04181930930012174,1,1,100,93,7,7,0.07,1,0.07,0.0003220999933546409
328,20661257,3,suffix,8,16,4,12,0.25,0.75,94,100,0.09380741403179549,-0.011461317546688535,0.04181930930012174,1,1,100,93,7,7,0.07,1,0.07,0.00032700000156182796
329,20661258,3,prefix,8,16,4,12,0.25,0.75,94,100,-0.13130671233454108,0.016188315409259846,-0.017636039950012315,5,5,100,97,3,23,0.23,5,0.03,0.000450999999884516
329,20661258,3,suffix,8,16,4,12,0.25,0.75,94,100,-0.13130671233454108,0.016188315409259846,-0.017636039950012315,5,5,116,113,3,103,0.8879310344827587,5,0.02586206896551724,0.0005378999921958894
330,20661259,3,prefix,8,16,4,12,0.25,0.75,94,100,-0.08435477858744457,-0.09200181522689709,0.07386959906437177,4,4,100,96,4,18,0.18,4,0.04,0.00035119999665766954
330,20661259,3,suffix,8,16,4,12,0.25,0.75,94,100,-0.08435477858744457,-0.09200181522689709,0.07386959906437177,4,4,112,108,4,66,0.5892857142857143,4,0.03571428571428571,0.00045849999878555536
331,20661260,3,prefix,8,16,4,12,0.25,0.75,94,100,0.08535921545858718,0.1170173512559559,-0.11986850176518314,3,3,100,95,5,11,0.11,3,0.05,0.00032869999995455146
331,20661260,3,suffix,8,16,4,12,0.25,0.75,94,100,0.08535921545858718,0.1170173512559559,-0.11986850176518314,3,3,108,103,5,35,0.32407407407407407,3,0.046296296296296294,0.00039459999243263155
332,20661261,3,prefix,8,16,4,12,0.25,0.75,94,100,0.10036828077636717,-0.03578540021632559,0.12256661073191041,2,2,100,94,6,9,0.09,2,0.06,0.00033939999411813915
332,20661261,3,suffix,8,16,4,12,0.25,0.75,94,100,0.10036828077636717,-0.03578540021632559,0.12256661073191041,2,2,104,98,6,17,0.16346153846153846,2,0.057692307692307696,0.000367600005120039
333,20661262,3,prefix,8,16,4,12,0.25,0.75,94,100,0.02547624863612871,-0.048318979456606716,-0.13639307489579677,5,5,100,97,3,26,0.26,5,0.03,0.0003856000112136826
333,20661262,3,suffix,8,16,4,12,0.25,0.75,94,100,0.02547624863612871,-0.048318979456606716,-0.13639307489579677,5,5,116,113,3,106,0.9137931034482759,5,0.02586206896551724,0.000541199988219887
334,20661263,3,prefix,8,16,4,12,0.25,0.75,94,100,-0.04115854058466689,0.14304665654041826,-0.017447085197092756,4,4,100,96,4,20,0.2,4,0.04,0.00036130000080447644
334,20661263,3,suffix,8,16,4,12,0.25,0.75,94,100,-0.04115854058466689,0.14304665654041826,-0.017447085197092756,4,4,112,108,4,68,0.6071428571428571,4,0.03571428571428571,0.00045259999751579016
335,20661264,3,prefix,8,16,4,12,0.25,0.75,94,100,-0.10036269741929711,-0.051393188179142534,0.10309711015844775,4,4,100,96,4,16,0.16,4,0.04,0.0003603000077418983
335,20661264,3,suffix,8,16,4,12,0.25,0.75,94,100,-0.10036269741929711,-0.051393188179142534,0.10309711015844775,4,4,112,108,4,64,0.5714285714285714,4,0.03571428571428571,0.00045250001130625606
336,20661265,3,prefix,8,16,4,12,0.25,0.75,94,100,0.24276211403978232,0.05929522425292984,-0.016934337646556753,4,4,100,96,4,22,0.22,4,0.04,0.00038019999919924885
336,20661265,3,suffix,8,16,4,12,0.25,0.75,94,100,0.24276211403978232,0.05929522425292984,-0.016934337646556753,4,4,112,108,4,70,0.625,4,0.03571428571428571,0.00046970001130830497
337,20661266,3,prefix,8,16,4,12,0.25,0.75,94,100,-0.01608504503639897,0.01656897842395506,0.09876023837749695,3,3,100,95,5,16,0.16,3,0.05,0.00034729999606497586
337,20661266,3,suffix,8,16,4,12,0.25,0.75,94,100,-0.01608504503639897,0.01656897842395506,0.09876023837749695,3,3,108,103,5,40,0.37037037037037035,3,0.046296296296296294,0.00040160000207833946
338,20661267,3,prefix,8,16,4,12,0.25,0.75,94,100,0.00987356762906964,0.11335194405730538,0.08900079010973555,2,2,100,94,6,8,0.08,2,0.06,0.00034169999707955867
338,20661267,3,suffix,8,16,4,12,0.25,0.75,94,100,0.00987356762906964,0.11335194405730538,0.08900079010973555,2,2,104,98,6,16,0.15384615384615385,2,0.057692307692307696,0.0003561999910743907
339,20661268,3,prefix,8,16,4,12,0.25,0.75,94,100,0.24385509612444398,0.05894783420352792,0.0827419420392002,5,5,100,97,3,23,0.23,5,0.03,0.0003584000078262761
339,20661268,3,suffix,8,16,4,12,0.25,0.75,94,100,0.24385509612444398,0.05894783420352792,0.0827419420392002,5,5,116,113,3,103,0.8879310344827587,5,0.02586206896551724,0.0005452000041259453
340,20661269,3,prefix,8,16,4,12,0.25,0.75,94,100,0.08007570389196891,0.14071687732420451,-0.04479950941896353,2,2,100,94,6,8,0.08,2,0.06,0.0003512999974191189
340,20661269,3,suffix,8,16,4,12,0.25,0.75,94,100,0.08007570389196891,0.14071687732420451,-0.04479950941896353,2,2,104,98,6,16,0.15384615384615385,2,0.057692307692307696,0.0003462999884504825
341,20661270,3,prefix,8,16,4,12,0.25,0.75,94,100,0.09450195795175048,-0.006820794055348095,0.025501864037274172,2,2,100,94,6,8,0.08,2,0.06,0.00033480000274721533
341,20661270,3,suffix,8,16,4,12,0.25,0.75,94,100,0.09450195795175048,-0.006820794055348095,0.025501864037274172,2,2,104,98,6,16,0.15384615384615385,2,0.057692307692307696,0.0003487000067252666
342,20661271,3,prefix,8,16,4,12,0.25,0.75,94,100,-0.12474258711090722,0.08423022290019112,-0.04597541012158868,5,5,100,97,3,26,0.26,5,0.03,0.00036450001061894
342,20661271,3,suffix,8,16,4,12,0.25,0.75,94,100,-0.12474258711090722,0.08423022290019112,-0.04597541012158868,5,5,116,113,3,106,0.9137931034482759,5,0.02586206896551724,0.0005291999987093732
343,20661272,3,prefix,8,16,4,12,0.25,0.75,94,100,-0.053205280748651,-0.006704438572305233,-0.12714140763654602,3,3,100,96,4,12,0.12,3,0.04,0.000334700001985766
343,20661272,3,suffix,8,16,4,12,0.25,0.75,94,100,-0.053205280748651,-0.006704438572305233,-0.12714140763654602,3,3,108,104,4,36,0.3333333333333333,3,0.037037037037037035,0.0003966999938711524
344,20661273,3,prefix,8,16,4,12,0.25,0.75,94,100,-0.013945333152375627,-0.14846040379423142,-0.12553832728633596,5,5,100,98,2,31,0.31,5,0.02,0.00041310000233352184
344,20661273,3,suffix,8,16,4,12,0.25,0.75,94,100,-0.013945333152375627,-0.14846040379423142,-0.12553832728633596,5,5,116,114,2,111,0.9568965517241379,5,0.017241379310344827,0.0005557000113185495
345,20661274,3,prefix,8,16,4,12,0.25,0.75,94,100,-0.1364280525343386,0.07237629871758061,0.051009820300880304,4,4,100,97,3,21,0.21,4,0.03,0.0003825000021606684
345,20661274,3,suffix,8,16,4,12,0.25,0.75,94,100,-0.1364280525343386,0.07237629871758061,0.051009820300880304,4,4,112,109,3,69,0.6160714285714286,4,0.026785714285714284,0.00046180000936146826
346,20661275,3,prefix,8,16,4,12,0.25,0.75,94,100,0.09867294279535335,-0.06493383316473783,0.00832354776248588,4,4,100,96,4,20,0.2,4,0.04,0.00036959999124519527
346,20661275,3,suffix,8,16,4,12,0.25,0.75,94,100,0.09867294279535335,-0.06493383316473783,0.00832354776248588,4,4,112,108,4,68,0.6071428571428571,4,0.03571428571428571,0.00046030001249164343
347,20661276,3,prefix,8,16,4,12,0.25,0.75,94,100,0.027350188792235976,-0.1382125820175728,-0.0072107405360290295,3,3,100,95,5,16,0.16,3,0.05,0.0003404000017326325
347,20661276,3,suffix,8,16,4,12,0.25,0.75,94,100,0.027350188792235976,-0.1382125820175728,-0.0072107405360290295,3,3,108,103,5,40,0.37037037037037035,3,0.046296296296296294,0.0004037999897263944
348,20661277,3,prefix,8,16,4,12,0.25,0.75,94,100,-0.23940735235163624,-0.111637987848613,0.12465779317134477,4,4,100,96,4,19,0.19,4,0.04,0.00035339999885763973
348,20661277,3,suffix,8,16,4,12,0.25,0.75,94,100,-0.23940735235163624,-0.111637987848613,0.12465779317134477,4,4,112,108,4,67,0.5982142857142857,4,0.03571428571428571,0.00047700000868644565
349,20661278,3,prefix,8,16,4,12,0.25,0.75,94,100,-0.034011324367447145,-0.09138992376715953,-0.18805917266415031,4,4,100,97,3,17,0.17,4,0.03,0.000351999988197349
349,20661278,3,suffix,8,16,4,12,0.25,0.75,94,100,-0.034011324367447145,-0.09138992376715953,-0.18805917266415031,4,4,112,109,3,65,0.5803571428571429,4,0.026785714285714284,0.0004668000037781894
350,20661279,3,prefix,8,16,4,12,0.25,0.75,94,100,-0.024338687768243373,-0.059631622503300764,-0.06618223440403401,7,7,100,99,1,44,0.44,7,0.01,0.0004192000051261857
350,20661279,3,suffix,8,16,4,12,0.25,0.75,94,100,-0.024338687768243373,-0.059631622503300764,-0.06618223440403401,7,7,124,123,1,212,1.7096774193548387,7,0.008064516129032258,0.0007349999941652641
351,20661280,3,prefix,8,16,4,12,0.25,0.75,94,100,-0.12315625875016904,0.03757154091213539,0.013886731907659081,4,4,100,97,3,27,0.27,4,0.03,0.00039080000715330243
351,20661280,3,suffix,8,16,4,12,0.25,0.75,94,100,-0.12315625875016904,0.03757154091213539,0.013886731907659081,4,4,112,109,3,75,0.6696428571428571,4,0.026785714285714284,0.0004724000027636066
352,20661281,3,prefix,8,16,4,12,0.25,0.75,94,100,-0.00538018499817564,-0.009060853268795136,0.1523603827190519,4,4,100,98,2,28,0.28,4,0.02,0.00037259999953676015
352,20661281,3,suffix,8,16,4,12,0.25,0.75,94,100,-0.00538018499817564,-0.009060853268795136,0.1523603827190519,4,4,112,110,2,76,0.6785714285714286,4,0.017857142857142856,0.00048400000378023833
353,20661282,3,prefix,8,16,4,12,0.25,0.75,94,100,-0.0729075871767259,-0.032374444095105294,0.01212510006265458,7,7,100,99,1,49,0.49,7,0.01,0.0003932000108761713
353,20661282,3,suffix,8,16,4,12,0.25,0.75,94,100,-0.0729075871767259,-0.032374444095105294,0.01212510006265458,7,7,124,123,1,217,1.75,7,0.008064516129032258,0.0007520999934058636
354,20661283,3,prefix,8,16,4,12,0.25,0.75,94,100,0.04753659490797883,0.1669424408834018,-0.11906315047095171,4,4,100,96,4,19,0.19,4,0.04,0.00034579999919515103
354,20661283,3,suffix,8,16,4,12,0.25,0.75,94,100,0.04753659490797883,0.1669424408834018,-0.11906315047095171,4,4,112,108,4,67,0.5982142857142857,4,0.03571428571428571,0.0004667999892262742
355,20661284,3,prefix,8,16,4,12,0.25,0.75,94,100,-0.02217911545523178,0.02648547370895605,0.0336482899361722,4,4,100,96,4,20,0.2,4,0.04,0.00036219999310560524
355,20661284,3,suffix,8,16,4,12,0.25,0.75,94,100,-0.02217911545523178,0.02648547370895605,0.0336482899361722,4,4,112,108,4,68,0.6071428571428571,4,0.03571428571428571,0.00048439999227412045
356,20661285,3,prefix,8,16,4,12,0.25,0.75,94,100,0.008700153991840702,-0.06515533346595866,-0.24259026485975257,7,7,100,99,1,46,0.46,7,0.01,0.00040080001053866
356,20661285,3,suffix,8,16,4,12,0.25,0.75,94,100,0.008700153991840702,-0.06515533346595866,-0.24259026485975257,7,7,124,123,1,214,1.7258064516129032,7,0.008064516129032258,0.0007383999909507111
357,20661286,3,prefix,8,16,4,12,0.25,0.75,94,100,0.07488092184399166,0.02822133732360272,0.052849532022742424,6,6,100,98,2,38,0.38,6,0.02,0.00037850000080652535
357,20661286,3,suffix,8,16,4,12,0.25,0.75,94,100,0.07488092184399166,0.02822133732360272,0.052849532022742424,6,6,120,118,2,158,1.3166666666666667,6,0.016666666666666666,0.0006359000108204782
358,20661287,3,prefix,8,16,4,12,0.25,0.75,94,100,0.05329931299290347,0.09246128489366733,-0.023627345264062925,6,6,100,98,2,34,0.34,6,0.02,0.00039709999691694975
358,20661287,3,suffix,8,16,4,12,0.25,0.75,94,100,0.05329931299290347,0.09246128489366733,-0.023627345264062925,6,6,120,118,2,154,1.2833333333333334,6,0.016666666666666666,0.0006444000027840957
359,20661288,3,prefix,8,16,4,12,0.25,0.75,94,100,-0.09664187022165027,-0.05130410154008442,-0.025087755016521194,6,6,100,98,2,36,0.36,6,0.02,0.00038979999953880906
359,20661288,3,suffix,8,16,4,12,0.25,0.75,94,100,-0.09664187022165027,-0.05130410154008442,-0.025087755016521194,6,6,120,118,2,156,1.3,6,0.016666666666666666,0.0006357000092975795
360,20661289,3,prefix,8,16,4,12,0.25,0.75,94,100,-0.08144742939120991,-0.07594211899980546,-0.014862585107519552,4,4,100,97,3,28,0.28,4,0.03,0.00036750000435858965
360,20661289,3,suffix,8,16,4,12,0.25,0.75,94,100,-0.08144742939120991,-0.07594211899980546,-0.014862585107519552,4,4,112,109,3,76,0.6785714285714286,4,0.026785714285714284,0.00048049999168142676
361,20661290,3,prefix,8,16,4,12,0.25,0.75,94,100,0.06884448463978886,-0.05269958017506139,-0.02255460785725415,6,6,100,99,1,34,0.34,6,0.01,0.0003684999974211678
361,20661290,3,suffix,8,16,4,12,0.25,0.75,94,100,0.06884448463978886,-0.05269958017506139,-0.02255460785725415,6,6,120,119,1,154,1.2833333333333334,6,0.008333333333333333,0.0006636000034632161
362,20661291,3,prefix,8,16,4,12,0.25,0.75,94,100,0.01727349215323633,-0.03277720366893984,-0.04426735330002742,4,4,100,96,4,19,0.19,4,0.04,0.00036630000977311283
362,20661291,3,suffix,8,16,4,12,0.25,0.75,94,100,0.01727349215323633,-0.03277720366893984,-0.04426735330002742,4,4,112,108,4,67,0.5982142857142857,4,0.03571428571428571,0.0004727000050479546
363,20661292,3,prefix,8,16,4,12,0.25,0.75,94,100,-0.04882446013823426,0.008713651061214698,0.0766284848464868,3,3,100,95,5,12,0.12,3,0.05,0.00033650000113993883
363,20661292,3,suffix,8,16,4,12,0.25,0.75,94,100,-0.04882446013823426,0.008713651061214698,0.0766284848464868,3,3,108,103,5,36,0.3333333333333333,3,0.046296296296296294,0.00040290001197718084
364,20661293,3,prefix,8,16,4,12,0.25,0.75,94,100,0.028534148969372456,0.019769463403599655,0.007444530945228561,4,4,100,96,4,16,0.16,4,0.04,0.000341799997841008
364,20661293,3,suffix,8,16,4,12,0.25,0.75,94,100,0.028534148969372456,0.019769463403599655,0.007444530945228561,4,4,112,108,4,64,0.5714285714285714,4,0.03571428571428571,0.00044669999624602497
365,20661294,3,prefix,8,16,4,12,0.25,0.75,94,100,0.1235808015634053,0.09572891992811676,-0.2342144526243615,3,3,100,96,4,20,0.2,3,0.04,0.00035339999885763973
365,20661294,3,suffix,8,16,4,12,0.25,0.75,94,100,0.1235808015634053,0.09572891992811676,-0.2342144526243615,3,3,108,104,4,44,0.4074074074074074,3,0.037037037037037035,0.0004115000047022477
366,20661295,3,prefix,8,16,4,12,0.25,0.75,94,100,0.06819592782243496,0.03724635716461489,0.2105904935789631,3,3,100,96,4,16,0.16,3,0.04,0.0003588999970816076
366,20661295,3,suffix,8,16,4,12,0.25,0.75,94,100,0.06819592782243496,0.03724635716461489,0.2105904935789631,3,3,108,104,4,40,0.37037037037037035,3,0.037037037037037035,0.0003992000129073858
367,20661296,3,prefix,8,16,4,12,0.25,0.75,94,100,0.3077869056684817,0.13777694147077263,0.12922375362777214,4,4,100,96,4,16,0.16,4,0.04,0.0003546000079950318
367,20661296,3,suffix,8,16,4,12,0.25,0.75,94,100,0.3077869056684817,0.13777694147077263,0.12922375362777214,4,4,112,108,4,64,0.5714285714285714,4,0.03571428571428571,0.0004580000095302239
368,20661297,3,prefix,8,16,4,12,0.25,0.75,94,100,0.08069062423724567,-0.06429508783920919,0.08696900107175258,3,3,100,95,5,15,0.15,3,0.05,0.00033730000723153353
368,20661297,3,suffix,8,16,4,12,0.25,0.75,94,100,0.08069062423724567,-0.06429508783920919,0.08696900107175258,3,3,108,103,5,39,0.3611111111111111,3,0.046296296296296294,0.0003983999922638759
369,20661298,3,prefix,8,16,4,12,0.25,0.75,94,100,-0.10297786063383463,-0.07924129278866526,-0.12558998251259393,8,8,100,100,0,56,0.56,8,0.0,0.0004023999936180189
369,20661298,3,suffix,8,16,4,12,0.25,0.75,94,100,-0.10297786063383463,-0.07924129278866526,-0.12558998251259393,8,8,128,128,0,280,2.1875,8,0.0,0.0008745999948587269
370,20661299,3,prefix,8,16,4,12,0.25,0.75,94,100,0.04100631763936812,-0.0470503435252471,-0.12126809532719905,4,4,100,97,3,19,0.19,4,0.03,0.0003547999949660152
370,20661299,3,suffix,8,16,4,12,0.25,0.75,94,100,0.04100631763936812,-0.0470503435252471,-0.12126809532719905,4,4,112,109,3,67,0.5982142857142857,4,0.026785714285714284,0.0004594000056385994
371,20661300,3,prefix,8,16,4,12,0.25,0.75,94,100,0.07410784910984168,-0.028189011217307592,0.02594225793608342,4,4,100,96,4,28,0.28,4,0.04,0.0003572999994503334
371,20661300,3,suffix,8,16,4,12,0.25,0.75,94,100,0.07410784910984168,-0.028189011217307592,0.02594225793608342,4,4,112,108,4,76,0.6785714285714286,4,0.03571428571428571,0.00048099999548867345
372,20661301,3,prefix,8,16,4,12,0.25,0.75,94,100,-0.0829778967448103,0.032267777698191086,-0.02492734659004307,6,6,100,98,2,32,0.32,6,0.02,0.0003782999992836267
372,20661301,3,suffix,8,16,4,12,0.25,0.75,94,100,-0.0829778967448103,0.032267777698191086,-0.02492734659004307,6,6,120,118,2,152,1.2666666666666666,6,0.016666666666666666,0.0006305999995674938
373,20661302,3,prefix,8,16,4,12,0.25,0.75,94,100,-0.19894049032029998,0.13648240864807398,0.1312494309653446,2,2,100,94,6,8,0.08,2,0.06,0.0003542000049492344
373,20661302,3,suffix,8,16,4,12,0.25,0.75,94,100,-0.19894049032029998,0.13648240864807398,0.1312494309653446,2,2,104,98,6,16,0.15384615384615385,2,0.057692307692307696,0.00035289999505039304
374,20661303,3,prefix,8,16,4,12,0.25,0.75,94,100,0.0626297680600921,-0.021192628736536424,-0.06014825183851508,6,6,100,99,1,42,0.42,6,0.01,0.00043119999463669956
374,20661303,3,suffix,8,16,4,12,0.25,0.75,94,100,0.0626297680600921,-0.021192628736536424,-0.06014825183851508,6,6,120,119,1,162,1.35,6,0.008333333333333333,0.0006351000047288835
375,20661304,3,prefix,8,16,4,12,0.25,0.75,94,100,0.06568519035990034,-0.06589044945132835,-0.028104100795308146,6,6,100,98,2,34,0.34,6,0.02,0.00038080000376794487
375,20661304,3,suffix,8,16,4,12,0.25,0.75,94,100,0.06568519035990034,-0.06589044945132835,-0.028104100795308146,6,6,120,118,2,154,1.2833333333333334,6,0.016666666666666666,0.0006238999922061339
376,20661305,3,prefix,8,16,4,12,0.25,0.75,94,100,-0.15552488259482042,0.11724311577847099,0.0518341891443683,3,3,100,95,5,11,0.11,3,0.05,0.000335300006554462
376,20661305,3,suffix,8,16,4,12,0.25,0.75,94,100,-0.15552488259482042,0.11724311577847099,0.0518341891443683,3,3,108,103,5,35,0.32407407407407407,3,0.046296296296296294,0.0003934999986086041
377,20661306,3,prefix,8,16,4,12,0.25,0.75,94,100,0.11253199119311481,0.09918066846038162,-0.06964074414411356,5,5,100,97,3,27,0.27,5,0.03,0.00037680000241380185
377,20661306,3,suffix,8,16,4,12,0.25,0.75,94,100,0.11253199119311481,0.09918066846038162,-0.06964074414411356,5,5,116,113,3,107,0.9224137931034483,5,0.02586206896551724,0.000566399990930222
378,20661307,3,prefix,8,16,4,12,0.25,0.75,94,100,-0.17716865751343802,-0.011136279206157958,0.11471551920438995,6,6,100,98,2,33,0.33,6,0.02,0.00037480000173673034
378,20661307,3,suffix,8,16,4,12,0.25,0.75,94,100,-0.17716865751343802,-0.011136279206157958,0.11471551920438995,6,6,120,118,2,153,1.275,6,0.016666666666666666,0.0006228999991435558
379,20661308,3,prefix,8,16,4,12,0.25,0.75,94,100,0.0009014152883313679,0.048456488440557346,-0.27994560575777905,5,5,100,98,2,28,0.28,5,0.02,0.0003645999968284741
379,20661308,3,suffix,8,16,4,12,0.25,0.75,94,100,0.0009014152883313679,0.048456488440557346,-0.27994560575777905,5,5,116,114,2,108,0.9310344827586207,5,0.017241379310344827,0.0005337000038707629
380,20661309,3,prefix,8,16,4,12,0.25,0.75,94,100,-0.05335547145061783,-0.06646970080325942,-0.060195274253402424,4,4,100,96,4,21,0.21,4,0.04,0.0003519000019878149
380,20661309,3,suffix,8,16,4,12,0.25,0.75,94,100,-0.05335547145061783,-0.06646970080325942,-0.060195274253402424,4,4,112,108,4,69,0.6160714285714286,4,0.03571428571428571,0.00046370000927709043
381,20661310,3,prefix,8,16,4,12,0.25,0.75,94,100,-0.01895837148679289,-0.022574332008725495,0.12839050901560395,7,7,100,99,1,43,0.43,7,0.01,0.0004135999915888533
381,20661310,3,suffix,8,16,4,12,0.25,0.75,94,100,-0.01895837148679289,-0.022574332008725495,0.12839050901560395,7,7,124,123,1,211,1.7016129032258065,7,0.008064516129032258,0.0007272000075317919
382,20661311,3,prefix,8,16,4,12,0.25,0.75,94,100,0.1452095157603175,0.0014522774583780446,-0.034078115676501396,4,4,100,96,4,19,0.19,4,0.04,0.0003468999930191785
382,20661311,3,suffix,8,16,4,12,0.25,0.75,94,100,0.1452095157603175,0.0014522774583780446,-0.034078115676501396,4,4,112,108,4,67,0.5982142857142857,4,0.03571428571428571,0.0004602999979397282
383,20661312,3,prefix,8,16,4,12,0.25,0.75,94,100,-0.05486367532696224,0.03723533946610818,0.1511749394274871,4,4,100,97,3,19,0.19,4,0.03,0.00036279999767430127
383,20661312,3,suffix,8,16,4,12,0.25,0.75,94,100,-0.05486367532696224,0.03723533946610818,0.1511749394274871,4,4,112,109,3,67,0.5982142857142857,4,0.026785714285714284,0.00045870000030845404
384,20661313,3,prefix,8,16,4,12,0.25,0.75,94,100,0.18468534304234188,-0.06679369812436774,-0.12874954285401283,4,4,100,96,4,24,0.24,4,0.04,0.00047199999971780926
384,20661313,3,suffix,8,16,4,12,0.25,0.75,94,100,0.18468534304234188,-0.06679369812436774,-0.12874954285401283,4,4,112,108,4,72,0.6428571428571429,4,0.03571428571428571,0.00046940000902395695
385,20661314,3,prefix,8,16,4,12,0.25,0.75,94,100,-0.04393320514235318,-0.06772012934824255,-0.002032026503887607,7,7,100,99,1,49,0.49,7,0.01,0.00043929999810643494
385,20661314,3,suffix,8,16,4,12,0.25,0.75,94,100,-0.04393320514235318,-0.06772012934824255,-0.002032026503887607,7,7,124,123,1,217,1.75,7,0.008064516129032258,0.000750000006519258
386,20661315,3,prefix,8,16,4,12,0.25,0.75,94,100,-0.04749278982710907,0.05858618690745367,0.045590828794534695,1,1,100,93,7,7,0.07,1,0.07,0.0003321999975014478
386,20661315,3,suffix,8,16,4,12,0.25,0.75,94,100,-0.04749278982710907,0.05858618690745367,0.045590828794534695,1,1,100,93,7,7,0.07,1,0.07,0.0003234000032534823
387,20661316,3,prefix,8,16,4,12,0.25,0.75,94,100,0.08003335264032378,-0.15861300826886932,-0.009646161783663516,4,4,100,96,4,20,0.2,4,0.04,0.00034980000054929405
387,20661316,3,suffix,8,16,4,12,0.25,0.75,94,100,0.08003335264032378,-0.15861300826886932,-0.009646161783663516,4,4,112,108,4,68,0.6071428571428571,4,0.03571428571428571,0.0004600999964168295
388,20661317,3,prefix,8,16,4,12,0.25,0.75,94,100,-0.07217098281835538,0.11734571817266164,-0.08768563795699999,5,5,100,97,3,28,0.28,5,0.03,0.0003799999976763502
388,20661317,3,suffix,8,16,4,12,0.25,0.75,94,100,-0.07217098281835538,0.11734571817266164,-0.08768563795699999,5,5,116,113,3,108,0.9310344827586207,5,0.02586206896551724,0.0005456999933812767
389,20661318,3,prefix,8,16,4,12,0.25,0.75,94,100,-0.08179789041290281,-0.08717552348565401,0.0907179397383049,4,4,100,96,4,18,0.18,4,0.04,0.000344899992342107
389,20661318,3,suffix,8,16,4,12,0.25,0.75,94,100,-0.08179789041290281,-0.08717552348565401,0.0907179397383049,4,4,112,108,4,66,0.5892857142857143,4,0.03571428571428571,0.0004515000036917627
390,20661319,3,prefix,8,16,4,12,0.25,0.75,94,100,0.008544369946773588,0.0896537151852875,0.22367447041678587,3,3,100,95,5,13,0.13,3,0.05,0.00034279999090358615
390,20661319,3,suffix,8,16,4,12,0.25,0.75,94,100,0.008544369946773588,0.0896537151852875,0.22367447041678587,3,3,108,103,5,37,0.3425925925925926,3,0.046296296296296294,0.00040530000114813447
391,20661320,3,prefix,8,16,4,12,0.25,0.75,94,100,-0.09935661181938686,-0.10174370517754686,0.029843921799382257,5,5,100,97,3,32,0.32,5,0.03,0.00037930000689812005
391,20661320,3,suffix,8,16,4,12,0.25,0.75,94,100,-0.09935661181938686,-0.10174370517754686,0.029843921799382257,5,5,116,113,3,112,0.9655172413793104,5,0.02586206896551724,0.0005681000038748607
392,20661321,3,prefix,8,16,4,12,0.25,0.75,94,100,0.1098986313726775,-0.06352387141406554,-0.183681583533432,6,6,100,98,2,37,0.37,6,0.02,0.00039790000300854445
392,20661321,3,suffix,8,16,4,12,0.25,0.75,94,100,0.1098986313726775,-0.06352387141406554,-0.183681583533432,6,6,120,118,2,157,1.3083333333333333,6,0.016666666666666666,0.000644200001261197
393,20661322,3,prefix,8,16,4,12,0.25,0.75,94,100,-0.12791411261780256,-0.05144601659050086,-0.15828989176339156,5,5,100,97,3,29,0.29,5,0.03,0.0003620000061346218
393,20661322,3,suffix,8,16,4,12,0.25,0.75,94,100,-0.12791411261780256,-0.05144601659050086,-0.15828989176339156,5,5,116,113,3,109,0.9396551724137931,5,0.02586206896551724,0.0005443999980343506
394,20661323,3,prefix,8,16,4,12,0.25,0.75,94,100,-0.04840613141420751,-0.055759619693343365,-0.09995098282372955,6,6,100,98,2,32,0.32,6,0.02,0.000370699999621138
394,20661323,3,suffix,8,16,4,12,0.25,0.75,94,100,-0.04840613141420751,-0.055759619693343365,-0.09995098282372955,6,6,120,118,2,152,1.2666666666666666,6,0.016666666666666666,0.0006284000119194388
395,20661324,3,prefix,8,16,4,12,0.25,0.75,94,100,0.12580788747709673,-0.03135354170607913,0.03690505807530984,1,1,100,93,7,7,0.07,1,0.07,0.0003456999984337017
395,20661324,3,suffix,8,16,4,12,0.25,0.75,94,100,0.12580788747709673,-0.03135354170607913,0.03690505807530984,1,1,100,93,7,7,0.07,1,0.07,0.0003269000008003786
396,20661325,3,prefix,8,16,4,12,0.25,0.75,94,100,-0.09004815457260117,0.044640990484679496,-0.11187503191863411,4,4,100,96,4,17,0.17,4,0.04,0.0003529999958118424
396,20661325,3,suffix,8,16,4,12,0.25,0.75,94,100,-0.09004815457260117,0.044640990484679496,-0.11187503191863411,4,4,112,108,4,65,0.5803571428571429,4,0.03571428571428571,0.000454399996669963
397,20661326,3,prefix,8,16,4,12,0.25,0.75,94,100,-0.16190619370432147,-0.07400857196001828,0.037653763198711596,3,3,100,95,5,11,0.11,3,0.05,0.00033650000113993883
397,20661326,3,suffix,8,16,4,12,0.25,0.75,94,100,-0.16190619370432147,-0.07400857196001828,0.037653763198711596,3,3,108,103,5,35,0.32407407407407407,3,0.046296296296296294,0.0003922000032616779
398,20661327,3,prefix,8,16,4,12,0.25,0.75,94,100,0.003867886023599444,-0.10454143818226476,-0.15459295069642182,4,4,100,96,4,16,0.16,4,0.04,0.0003823000006377697
398,20661327,3,suffix,8,16,4,12,0.25,0.75,94,100,0.003867886023599444,-0.10454143818226476,-0.15459295069642182,4,4,112,108,4,64,0.5714285714285714,4,0.03571428571428571,0.00045259999751579016
399,20661328,3,prefix,8,16,4,12,0.25,0.75,94,100,-0.04312348289308588,-0.1742415347783148,-0.1322987839485865,2,2,100,95,5,11,0.11,2,0.05,0.00037510000402107835
399,20661328,3,suffix,8,16,4,12,0.25,0.75,94,100,-0.04312348289308588,-0.1742415347783148,-0.1322987839485865,2,2,104,99,5,19,0.18269230769230768,2,0.04807692307692308,0.0003561000048648566
400,20661329,3,prefix,8,16,4,12,0.25,0.75,94,100,-0.034322767681134354,0.010100128650125105,0.005971376595711479,6,6,100,98,2,35,0.35,6,0.02,0.00038720000884495676
400,20661329,3,suffix,8,16,4,12,0.25,0.75,94,100,-0.034322767681134354,0.010100128650125105,0.005971376595711479,6,6,120,118,2,155,1.2916666666666667,6,0.016666666666666666,0.0006407000037143007
401,20661330,3,prefix,8,16,4,12,0.25,0.75,94,100,0.12254062088338605,-0.0019059096097098862,-0.12248725924828079,6,6,100,98,2,32,0.32,6,0.02,0.00037900000461377203
401,20661330,3,suffix,8,16,4,12,0.25,0.75,94,100,0.12254062088338605,-0.0019059096097098862,-0.12248725924828079,6,6,120,118,2,152,1.2666666666666666,6,0.016666666666666666,0.0006265999982133508
402,20661331,3,prefix,8,16,4,12,0.25,0.75,94,100,-0.057157856322088266,-0.14781726847410848,-0.01436602415020914,3,3,100,95,5,11,0.11,3,0.05,0.0003412999940337613
402,20661331,3,suffix,8,16,4,12,0.25,0.75,94,100,-0.057157856322088266,-0.14781726847410848,-0.01436602415020914,3,3,108,103,5,35,0.32407407407407407,3,0.046296296296296294,0.00041429999691899866
403,20661332,3,prefix,8,16,4,12,0.25,0.75,94,100,-0.07868062188712888,0.04055937912552556,0.05863915115827268,3,3,100,95,5,12,0.12,3,0.05,0.00035090000892523676
403,20661332,3,suffix,8,16,4,12,0.25,0.75,94,100,-0.07868062188712888,0.04055937912552556,0.05863915115827268,3,3,108,103,5,36,0.3333333333333333,3,0.046296296296296294,0.0003983000060543418
404,20661333,3,prefix,8,16,4,12,0.25,0.75,94,100,-0.12360756977539136,-0.030208962429710304,-0.01304537978787884,5,5,100,97,3,27,0.27,5,0.03,0.0003846000035991892
404,20661333,3,suffix,8,16,4,12,0.25,0.75,94,100,-0.12360756977539136,-0.030208962429710304,-0.01304537978787884,5,5,116,113,3,107,0.9224137931034483,5,0.02586206896551724,0.0005280000041238964
405,20661334,3,prefix,8,16,4,12,0.25,0.75,94,100,0.23593421225523376,0.06685199486992464,-0.06731101508418168,5,5,100,97,3,31,0.31,5,0.03,0.00037739999243058264
405,20661334,3,suffix,8,16,4,12,0.25,0.75,94,100,0.23593421225523376,0.06685199486992464,-0.06731101508418168,5,5,116,113,3,111,0.9568965517241379,5,0.02586206896551724,0.0005720999906770885
406,20661335,3,prefix,8,16,4,12,0.25,0.75,94,100,0.02229160581601038,-0.006664006093423759,-0.02333523271400244,4,4,100,96,4,16,0.16,4,0.04,0.0003634000022429973
406,20661335,3,suffix,8,16,4,12,0.25,0.75,94,100,0.02229160581601038,-0.006664006093423759,-0.02333523271400244,4,4,112,108,4,64,0.5714285714285714,4,0.03571428571428571,0.00045310000132303685
407,20661336,3,prefix,8,16,4,12,0.25,0.75,94,100,0.07199347546245098,0.16105592752836143,-0.1951824462229442,2,2,100,94,6,8,0.08,2,0.06,0.00035069999285042286
407,20661336,3,suffix,8,16,4,12,0.25,0.75,94,100,0.07199347546245098,0.16105592752836143,-0.1951824462229442,2,2,104,98,6,16,0.15384615384615385,2,0.057692307692307696,0.00035200000274926424
408,20661337,3,prefix,8,16,4,12,0.25,0.75,94,100,-0.07581019608825215,0.077511704204206,-0.14899645142231355,7,7,100,99,1,43,0.43,7,0.01,0.00039629999082535505
408,20661337,3,suffix,8,16,4,12,0.25,0.75,94,100,-0.07581019608825215,0.077511704204206,-0.14899645142231355,7,7,124,123,1,211,1.7016129032258065,7,0.008064516129032258,0.0007220999978017062
409,20661338,3,prefix,8,16,4,12,0.25,0.75,94,100,0.011568307130963702,0.09013434827868398,-0.053030586131149915,4,4,100,96,4,20,0.2,4,0.04,0.00035000000207219273
409,20661338,3,suffix,8,16,4,12,0.25,0.75,94,100,0.011568307130963702,0.09013434827868398,-0.053030586131149915,4,4,112,108,4,68,0.6071428571428571,4,0.03571428571428571,0.0005144000024301931
410,20661339,3,prefix,8,16,4,12,0.25,0.75,94,100,-0.11757465765714165,-0.007674857512559037,-0.004276578843180445,6,6,100,99,1,42,0.42,6,0.01,0.0004275000101188198
410,20661339,3,suffix,8,16,4,12,0.25,0.75,94,100,-0.11757465765714165,-0.007674857512559037,-0.004276578843180445,6,6,120,119,1,162,1.35,6,0.008333333333333333,0.0006376000092132017
411,20661340,3,prefix,8,16,4,12,0.25,0.75,94,100,0.16242933898920558,0.09791169595750424,0.05300243555601637,6,6,100,98,2,35,0.35,6,0.02,0.00037710000469814986
411,20661340,3,suffix,8,16,4,12,0.25,0.75,94,100,0.16242933898920558,0.09791169595750424,0.05300243555601637,6,6,120,118,2,155,1.2916666666666667,6,0.016666666666666666,0.0006130000110715628
412,20661341,3,prefix,8,16,4,12,0.25,0.75,94,100,-0.08519081826438768,-0.03308173797777232,0.00448726124313791,5,5,100,97,3,25,0.25,5,0.03,0.0003595000016503036
412,20661341,3,suffix,8,16,4,12,0.25,0.75,94,100,-0.08519081826438768,-0.03308173797777232,0.00448726124313791,5,5,116,113,3,105,0.9051724137931034,5,0.02586206896551724,0.0005256000004010275
413,20661342,3,prefix,8,16,4,12,0.25,0.75,94,100,-0.18273900382360497,0.030560056478494278,-0.1301292548729928,3,3,100,96,4,13,0.13,3,0.04,0.0003643000090960413
413,20661342,3,suffix,8,16,4,12,0.25,0.75,94,100,-0.18273900382360497,0.030560056478494278,-0.1301292548729928,3,3,108,104,4,37,0.3425925925925926,3,0.037037037037037035,0.0004015000013168901
414,20661343,3,prefix,8,16,4,12,0.25,0.75,94,100,-0.19459090540821455,0.023766016990616964,-0.062528553792483,5,5,100,97,3,25,0.25,5,0.03,0.00036360000376589596
414,20661343,3,suffix,8,16,4,12,0.25,0.75,94,100,-0.19459090540821455,0.023766016990616964,-0.062528553792483,5,5,116,113,3,105,0.9051724137931034,5,0.02586206896551724,0.0005305000086082146
415,20661344,3,prefix,8,16,4,12,0.25,0.75,94,100,0.008669667061048304,-0.13264377478415337,0.26492142407819197,3,3,100,95,5,15,0.15,3,0.05,0.0003395999956410378
415,20661344,3,suffix,8,16,4,12,0.25,0.75,94,100,0.008669667061048304,-0.13264377478415337,0.26492142407819197,3,3,108,103,5,39,0.3611111111111111,3,0.046296296296296294,0.0003988999960711226
416,20661345,3,prefix,8,16,4,12,0.25,0.75,94,100,-0.2530452283670815,0.08752629238781137,-0.12416953270556232,5,5,100,99,1,41,0.41,5,0.01,0.0004027999966638163
416,20661345,3,suffix,8,16,4,12,0.25,0.75,94,100,-0.2530452283670815,0.08752629238781137,-0.12416953270556232,5,5,116,115,1,121,1.043103448275862,5,0.008620689655172414,0.0005736000020988286
417,20661346,3,prefix,8,16,4,12,0.25,0.75,94,100,0.029054399132963392,-0.09945695995692161,-0.029482986603271713,6,6,100,99,1,36,0.36,6,0.01,0.0003971999976783991
417,20661346,3,suffix,8,16,4,12,0.25,0.75,94,100,0.029054399132963392,-0.09945695995692161,-0.029482986603271713,6,6,120,119,1,156,1.3,6,0.008333333333333333,0.0006293999904301018
418,20661347,3,prefix,8,16,4,12,0.25,0.75,94,100,-0.09518831062753272,0.032434399727099605,0.09852802895812858,3,3,100,95,5,11,0.11,3,0.05,0.000345199994626455
418,20661347,3,suffix,8,16,4,12,0.25,0.75,94,100,-0.09518831062753272,0.032434399727099605,0.09852802895812858,3,3,108,103,5,35,0.32407407407407407,3,0.046296296296296294,0.0003910000086762011
419,20661348,3,prefix,8,16,4,12,0.25,0.75,94,100,-0.013777248726099377,-0.060871994440032655,-0.016616536473273682,6,6,100,98,2,34,0.34,6,0.02,0.0003932999970857054
419,20661348,3,suffix,8,16,4,12,0.25,0.75,94,100,-0.013777248726099377,-0.060871994440032655,-0.016616536473273682,6,6,120,118,2,154,1.2833333333333334,6,0.016666666666666666,0.0006170999986352399
420,20661349,3,prefix,8,16,4,12,0.25,0.75,94,100,-0.06156612992567964,0.02198465379808671,0.10597685513431604,6,6,100,98,2,34,0.34,6,0.02,0.0004084999964106828
420,20661349,3,suffix,8,16,4,12,0.25,0.75,94,100,-0.06156612992567964,0.02198465379808671,0.10597685513431604,6,6,120,118,2,154,1.2833333333333334,6,0.016666666666666666,0.0006246000120881945
421,20661350,3,prefix,8,16,4,12,0.25,0.75,94,100,-0.19627881251852458,-0.14170821903016348,-0.17339171444942425,1,1,100,93,7,7,0.07,1,0.07,0.0003335000074002892
421,20661350,3,suffix,8,16,4,12,0.25,0.75,94,100,-0.19627881251852458,-0.14170821903016348,-0.17339171444942425,1,1,100,93,7,7,0.07,1,0.07,0.00032279999868478626
422,20661351,3,prefix,8,16,4,12,0.25,0.75,94,100,0.1015761734377765,0.030219943030915953,0.014215949739987875,4,4,100,96,4,23,0.23,4,0.04,0.0003772000054595992
422,20661351,3,suffix,8,16,4,12,0.25,0.75,94,100,0.1015761734377765,0.030219943030915953,0.014215949739987875,4,4,112,108,4,71,0.6339285714285714,4,0.03571428571428571,0.00046640000073239207
423,20661352,3,prefix,8,16,4,12,0.25,0.75,94,100,-0.038532900282976956,-0.08368807010380881,-0.014643310384243206,4,4,100,96,4,22,0.22,4,0.04,0.00035430000571068376
423,20661352,3,suffix,8,16,4,12,0.25,0.75,94,100,-0.038532900282976956,-0.08368807010380881,-0.014643310384243206,4,4,112,108,4,70,0.625,4,0.03571428571428571,0.0004642999992938712
424,20661353,3,prefix,8,16,4,12,0.25,0.75,94,100,-0.1367670979296001,0.075041387280644,0.009663926927052743,4,4,100,97,3,22,0.22,4,0.03,0.00038160000985953957
424,20661353,3,suffix,8,16,4,12,0.25,0.75,94,100,-0.1367670979296001,0.075041387280644,0.009663926927052743,4,4,112,109,3,70,0.625,4,0.026785714285714284,0.00047190001350827515
425,20661354,3,prefix,8,16,4,12,0.25,0.75,94,100,0.06663944016656406,-0.07615254870542214,-0.05007197810141434,5,5,100,98,2,24,0.24,5,0.02,0.00036980000732000917
425,20661354,3,suffix,8,16,4,12,0.25,0.75,94,100,0.06663944016656406,-0.07615254870542214,-0.05007197810141434,5,5,116,114,2,104,0.896551724137931,5,0.017241379310344827,0.0005501999985426664
426,20661355,3,prefix,8,16,4,12,0.25,0.75,94,100,-0.16888296785240428,-0.059127985273535494,-0.014664701605638394,2,2,100,94,6,8,0.08,2,0.06,0.0003271000023232773
426,20661355,3,suffix,8,16,4,12,0.25,0.75,94,100,-0.16888296785240428,-0.059127985273535494,-0.014664701605638394,2,2,104,98,6,16,0.15384615384615385,2,0.057692307692307696,0.0003530999965732917
427,20661356,3,prefix,8,16,4,12,0.25,0.75,94,100,0.06575799063474543,-0.12738829831532497,-0.09147698167698096,4,4,100,96,4,19,0.19,4,0.04,0.0003460000007180497
427,20661356,3,suffix,8,16,4,12,0.25,0.75,94,100,0.06575799063474543,-0.12738829831532497,-0.09147698167698096,4,4,112,108,4,67,0.5982142857142857,4,0.03571428571428571,0.0004565000126603991
428,20661357,3,prefix,8,16,4,12,0.25,0.75,94,100,0.08729819909439446,-9.377102995630868e-05,0.03864473240341333,6,6,100,99,1,43,0.43,6,0.01,0.00040180000360123813
428,20661357,3,suffix,8,16,4,12,0.25,0.75,94,100,0.08729819909439446,-9.377102995630868e-05,0.03864473240341333,6,6,120,119,1,163,1.3583333333333334,6,0.008333333333333333,0.0006422000005841255
429,20661358,3,prefix,8,16,4,12,0.25,0.75,94,100,0.01775492339694267,0.014033708635271966,-0.00039296022365538813,5,5,100,97,3,23,0.23,5,0.03,0.00038749999657738954
429,20661358,3,suffix,8,16,4,12,0.25,0.75,94,100,0.01775492339694267,0.014033708635271966,-0.00039296022365538813,5,5,116,113,3,103,0.8879310344827587,5,0.02586206896551724,0.0005291999987093732
430,20661359,3,prefix,8,16,4,12,0.25,0.75,94,100,0.03668342571007022,0.03564965868968997,0.16296013355020747,2,2,100,94,6,8,0.08,2,0.06,0.00032839999767020345
430,20661359,3,suffix,8,16,4,12,0.25,0.75,94,100,0.03668342571007022,0.03564965868968997,0.16296013355020747,2,2,104,98,6,16,0.15384615384615385,2,0.057692307692307696,0.0003460000007180497
431,20661360,3,prefix,8,16,4,12,0.25,0.75,94,100,0.10204555074766715,-0.037364197349390615,0.09582862870813587,4,4,100,97,3,17,0.17,4,0.03,0.0003493999975034967
431,20661360,3,suffix,8,16,4,12,0.25,0.75,94,100,0.10204555074766715,-0.037364197349390615,0.09582862870813587,4,4,112,109,3,65,0.5803571428571429,4,0.026785714285714284,0.00045909998880233616
432,20661361,3,prefix,8,16,4,12,0.25,0.75,94,100,-0.033993374550824365,-0.0371544095593126,0.08383726899476088,2,2,100,94,6,9,0.09,2,0.06,0.0003547999949660152
432,20661361,3,suffix,8,16,4,12,0.25,0.75,94,100,-0.033993374550824365,-0.0371544095593126,0.08383726899476088,2,2,104,98,6,17,0.16346153846153846,2,0.057692307692307696,0.0003484999906504527
433,20661362,3,prefix,8,16,4,12,0.25,0.75,94,100,-0.1752698315966033,0.06530781974776566,0.07662983656879938,4,4,100,97,3,26,0.26,4,0.03,0.00038150000909809023
433,20661362,3,suffix,8,16,4,12,0.25,0.75,94,100,-0.1752698315966033,0.06530781974776566,0.07662983656879938,4,4,112,109,3,74,0.6607142857142857,4,0.026785714285714284,0.00046779999684076756
434,20661363,3,prefix,8,16,4,12,0.25,0.75,94,100,0.09125802417567985,-0.06578291417649487,-0.005691987673068433,3,3,100,95,5,11,0.11,3,0.05,0.0003372999926796183
434,20661363,3,suffix,8,16,4,12,0.25,0.75,94,100,0.09125802417567985,-0.06578291417649487,-0.005691987673068433,3,3,108,103,5,35,0.32407407407407407,3,0.046296296296296294,0.0003913999971700832
435,20661364,3,prefix,8,16,4,12,0.25,0.75,94,100,-0.0883356880835484,-0.051203410808748635,-0.11586276098211118,5,5,100,97,3,30,0.3,5,0.03,0.0003905000048689544
435,20661364,3,suffix,8,16,4,12,0.25,0.75,94,100,-0.0883356880835484,-0.051203410808748635,-0.11586276098211118,5,5,116,113,3,110,0.9482758620689655,5,0.02586206896551724,0.0005785000103060156
436,20661365,3,prefix,8,16,4,12,0.25,0.75,94,100,0.003890181169810753,-0.05941119808455107,0.0014562979284463518,4,4,100,97,3,23,0.23,4,0.03,0.00037179999344516546
436,20661365,3,suffix,8,16,4,12,0.25,0.75,94,100,0.003890181169810753,-0.05941119808455107,0.0014562979284463518,4,4,112,109,3,71,0.6339285714285714,4,0.026785714285714284,0.0004741000011563301
437,20661366,3,prefix,8,16,4,12,0.25,0.75,94,100,0.05427206203758396,0.005056569097275424,-0.07970711896331036,4,4,100,96,4,17,0.17,4,0.04,0.00036199999158270657
437,20661366,3,suffix,8,16,4,12,0.25,0.75,94,100,0.05427206203758396,0.005056569097275424,-0.07970711896331036,4,4,112,108,4,65,0.5803571428571429,4,0.03571428571428571,0.0004645000008167699
438,20661367,3,prefix,8,16,4,12,0.25,0.75,94,100,0.04201847872636816,-0.03799357682796796,-0.013164942662990665,6,6,100,98,2,37,0.37,6,0.02,0.0003797999961534515
438,20661367,3,suffix,8,16,4,12,0.25,0.75,94,100,0.04201847872636816,-0.03799357682796796,-0.013164942662990665,6,6,120,118,2,157,1.3083333333333333,6,0.016666666666666666,0.0006320000102277845
439,20661368,3,prefix,8,16,4,12,0.25,0.75,94,100,-0.059363301046399336,-0.013336837920578834,0.06908109512198016,4,4,100,96,4,20,0.2,4,0.04,0.0003660000074887648
439,20661368,3,suffix,8,16,4,12,0.25,0.75,94,100,-0.059363301046399336,-0.013336837920578834,0.06908109512198016,4,4,112,108,4,68,0.6071428571428571,4,0.03571428571428571,0.00048239999159704894
440,20661369,3,prefix,8,16,4,12,0.25,0.75,94,100,0.08392090238621655,0.04879608312971183,-0.0015639866381968954,5,5,100,97,3,23,0.23,5,0.03,0.0003549999964889139
440,20661369,3,suffix,8,16,4,12,0.25,0.75,94,100,0.08392090238621655,0.04879608312971183,-0.0015639866381968954,5,5,116,113,3,103,0.8879310344827587,5,0.02586206896551724,0.0005403999966802076
441,20661370,3,prefix,8,16,4,12,0.25,0.75,94,100,0.10019386380974493,-0.004324178782406005,0.02989061660003149,7,7,100,99,1,43,0.43,7,0.01,0.00038810000114608556
441,20661370,3,suffix,8,16,4,12,0.25,0.75,94,100,0.10019386380974493,-0.004324178782406005,0.02989061660003149,7,7,124,123,1,211,1.7016129032258065,7,0.008064516129032258,0.0007401999901048839
442,20661371,3,prefix,8,16,4,12,0.25,0.75,94,100,-0.21723477111374107,-0.17738843759964842,-0.000446510854066195,8,8,100,100,0,56,0.56,8,0.0,0.0004124999977648258
442,20661371,3,suffix,8,16,4,12,0.25,0.75,94,100,-0.21723477111374107,-0.17738843759964842,-0.000446510854066195,8,8,128,128,0,280,2.1875,8,0.0,0.0008729999972274527
443,20661372,3,prefix,8,16,4,12,0.25,0.75,94,100,-0.07492032221214823,-0.09438829340545625,-0.06875201835895828,4,4,100,96,4,19,0.19,4,0.04,0.000364200008334592
443,20661372,3,suffix,8,16,4,12,0.25,0.75,94,100,-0.07492032221214823,-0.09438829340545625,-0.06875201835895828,4,4,112,108,4,67,0.5982142857142857,4,0.03571428571428571,0.00046940000902395695
444,20661373,3,prefix,8,16,4,12,0.25,0.75,94,100,-0.17553987572879598,0.08860304336053289,-0.1741240833649249,4,4,100,96,4,16,0.16,4,0.04,0.0003542000049492344
444,20661373,3,suffix,8,16,4,12,0.25,0.75,94,100,-0.17553987572879598,0.08860304336053289,-0.1741240833649249,4,4,112,108,4,64,0.5714285714285714,4,0.03571428571428571,0.0004735999973490834
445,20661374,3,prefix,8,16,4,12,0.25,0.75,94,100,0.15767596197964295,-0.11874512588122624,0.1357609486257266,7,7,100,99,1,44,0.44,7,0.01,0.00039089999336283654
445,20661374,3,suffix,8,16,4,12,0.25,0.75,94,100,0.15767596197964295,-0.11874512588122624,0.1357609486257266,7,7,124,123,1,212,1.7096774193548387,7,0.008064516129032258,0.0007439000037265942
446,20661375,3,prefix,8,16,4,12,0.25,0.75,94,100,-0.04146001657831523,0.1589669961891103,-0.19134384374285804,3,3,100,95,5,15,0.15,3,0.05,0.0003612000000430271
446,20661375,3,suffix,8,16,4,12,0.25,0.75,94,100,-0.04146001657831523,0.1589669961891103,-0.19134384374285804,3,3,108,103,5,39,0.3611111111111111,3,0.046296296296296294,0.00041989999590441585
447,20661376,3,prefix,8,16,4,12,0.25,0.75,94,100,0.13175774892554537,0.02859864450535915,0.1178640827889105,2,2,100,96,4,13,0.13,2,0.04,0.0003361999988555908
447,20661376,3,suffix,8,16,4,12,0.25,0.75,94,100,0.13175774892554537,0.02859864450535915,0.1178640827889105,2,2,104,100,4,21,0.20192307692307693,2,0.038461538461538464,0.00036050000926479697
448,20661377,3,prefix,8,16,4,12,0.25,0.75,94,100,0.0345683386834671,0.13212982229722456,0.011317277326749302,5,5,100,97,3,24,0.24,5,0.03,0.00035990000469610095
448,20661377,3,suffix,8,16,4,12,0.25,0.75,94,100,0.0345683386834671,0.13212982229722456,0.011317277326749302,5,5,116,113,3,104,0.896551724137931,5,0.02586206896551724,0.0005358000053092837
449,20661378,3,prefix,8,16,4,12,0.25,0.75,94,100,0.008615150104560088,0.10614213445268393,-0.01935078890148624,5,5,100,97,3,32,0.32,5,0.03,0.0003718000079970807
449,20661378,3,suffix,8,16,4,12,0.25,0.75,94,100,0.008615150104560088,0.10614213445268393,-0.01935078890148624,5,5,116,113,3,112,0.9655172413793104,5,0.02586206896551724,0.0005444999987957999
450,20661379,3,prefix,8,16,4,12,0.25,0.75,94,100,-0.2019876395967267,-0.0595198047700828,-0.006203110777315127,5,5,100,97,3,24,0.24,5,0.03,0.00043110000842716545
450,20661379,3,suffix,8,16,4,12,0.25,0.75,94,100,-0.2019876395967267,-0.0595198047700828,-0.006203110777315127,5,5,116,113,3,104,0.896551724137931,5,0.02586206896551724,0.000528200005646795
451,20661380,3,prefix,8,16,4,12,0.25,0.75,94,100,0.022116302831019407,0.11929082069515363,0.10056744635958734,3,3,100,96,4,20,0.2,3,0.04,0.0004161000106250867
451,20661380,3,suffix,8,16,4,12,0.25,0.75,94,100,0.022116302831019407,0.11929082069515363,0.10056744635958734,3,3,108,104,4,44,0.4074074074074074,3,0.037037037037037035,0.0004354999982751906
452,20661381,3,prefix,8,16,4,12,0.25,0.75,94,100,-0.07467093364086119,-0.09597550675364444,-0.024741371065879248,6,6,100,99,1,34,0.34,6,0.01,0.0004330000083427876
452,20661381,3,suffix,8,16,4,12,0.25,0.75,94,100,-0.07467093364086119,-0.09597550675364444,-0.024741371065879248,6,6,120,119,1,154,1.2833333333333334,6,0.008333333333333333,0.0009323000122094527
453,20661382,3,prefix,8,16,4,12,0.25,0.75,94,100,0.20791958834096838,0.034459549347897224,-0.040487574077182696,2,2,100,94,6,8,0.08,2,0.06,0.00034059998870361596
453,20661382,3,suffix,8,16,4,12,0.25,0.75,94,100,0.20791958834096838,0.034459549347897224,-0.040487574077182696,2,2,104,98,6,16,0.15384615384615385,2,0.057692307692307696,0.0003667999990284443
454,20661383,3,prefix,8,16,4,12,0.25,0.75,94,100,-0.024695497238035626,0.020974925213076038,-0.02629695474474346,4,4,100,96,4,16,0.16,4,0.04,0.0003536000003805384
454,20661383,3,suffix,8,16,4,12,0.25,0.75,94,100,-0.024695497238035626,0.020974925213076038,-0.02629695474474346,4,4,112,108,4,64,0.5714285714285714,4,0.03571428571428571,0.0004887999966740608
455,20661384,3,prefix,8,16,4,12,0.25,0.75,94,100,0.12117071431230576,0.16936382363283356,0.13977479879880805,5,5,100,97,3,30,0.3,5,0.03,0.00037209999572951347
455,20661384,3,suffix,8,16,4,12,0.25,0.75,94,100,0.12117071431230576,0.16936382363283356,0.13977479879880805,5,5,116,113,3,110,0.9482758620689655,5,0.02586206896551724,0.0005869000015081838
456,20661385,3,prefix,8,16,4,12,0.25,0.75,94,100,0.14286921199309308,-0.004554237487585219,-0.008578947364715754,3,3,100,95,5,11,0.11,3,0.05,0.00039939999987836927
456,20661385,3,suffix,8,16,4,12,0.25,0.75,94,100,0.14286921199309308,-0.004554237487585219,-0.008578947364715754,3,3,108,103,5,35,0.32407407407407407,3,0.046296296296296294,0.00039960000140126795
457,20661386,3,prefix,8,16,4,12,0.25,0.75,94,100,-0.08335675335281102,-0.10964756388359459,-0.13922116549628186,5,5,100,97,3,26,0.26,5,0.03,0.0003654999891296029
457,20661386,3,suffix,8,16,4,12,0.25,0.75,94,100,-0.08335675335281102,-0.10964756388359459,-0.13922116549628186,5,5,116,113,3,106,0.9137931034482759,5,0.02586206896551724,0.0005358000053092837
458,20661387,3,prefix,8,16,4,12,0.25,0.75,94,100,-0.003383901416726268,0.06770412620964925,0.02987105256748621,3,3,100,96,4,12,0.12,3,0.04,0.0003460000007180497
458,20661387,3,suffix,8,16,4,12,0.25,0.75,94,100,-0.003383901416726268,0.06770412620964925,0.02987105256748621,3,3,108,104,4,36,0.3333333333333333,3,0.037037037037037035,0.0003968999953940511
459,20661388,3,prefix,8,16,4,12,0.25,0.75,94,100,0.03117632377557877,0.04714749549123529,-0.17134787708960067,3,3,100,95,5,13,0.13,3,0.05,0.0003440000000409782
459,20661388,3,suffix,8,16,4,12,0.25,0.75,94,100,0.03117632377557877,0.04714749549123529,-0.17134787708960067,3,3,108,103,5,37,0.3425925925925926,3,0.046296296296296294,0.0004898000042885542
460,20661389,3,prefix,8,16,4,12,0.25,0.75,94,100,-0.00994971310654926,0.08413873988677208,-0.09920397550121031,3,3,100,95,5,12,0.12,3,0.05,0.00035990000469610095
460,20661389,3,suffix,8,16,4,12,0.25,0.75,94,100,-0.00994971310654926,0.08413873988677208,-0.09920397550121031,3,3,108,103,5,36,0.3333333333333333,3,0.046296296296296294,0.00041880000208038837
461,20661390,3,prefix,8,16,4,12,0.25,0.75,94,100,-0.14995611993384786,-0.0515167115812209,0.007736426880363233,4,4,100,97,3,26,0.26,4,0.03,0.00037140000495128334
461,20661390,3,suffix,8,16,4,12,0.25,0.75,94,100,-0.14995611993384786,-0.0515167115812209,0.007736426880363233,4,4,112,109,3,74,0.6607142857142857,4,0.026785714285714284,0.0004927999980282038
462,20661391,3,prefix,8,16,4,12,0.25,0.75,94,100,0.1486957911434216,-0.09019183114323658,0.12218144389258012,3,3,100,95,5,11,0.11,3,0.05,0.00036469999758992344
462,20661391,3,suffix,8,16,4,12,0.25,0.75,94,100,0.1486957911434216,-0.09019183114323658,0.12218144389258012,3,3,108,103,5,35,0.32407407407407407,3,0.046296296296296294,0.00040460001036990434
463,20661392,3,prefix,8,16,4,12,0.25,0.75,94,100,0.03331099262197127,-0.05490984993424117,-0.1366943644363985,1,1,100,93,7,7,0.07,1,0.07,0.000327900008414872
463,20661392,3,suffix,8,16,4,12,0.25,0.75,94,100,0.03331099262197127,-0.05490984993424117,-0.1366943644363985,1,1,100,93,7,7,0.07,1,0.07,0.0003220999933546409
464,20661393,3,prefix,8,16,4,12,0.25,0.75,94,100,-0.09000961151814595,0.10369149371380793,-0.007985986965837836,5,5,100,97,3,25,0.25,5,0.03,0.00038309999217744917
464,20661393,3,suffix,8,16,4,12,0.25,0.75,94,100,-0.09000961151814595,0.10369149371380793,-0.007985986965837836,5,5,116,113,3,105,0.9051724137931034,5,0.02586206896551724,0.0005380000075092539
465,20661394,3,prefix,8,16,4,12,0.25,0.75,94,100,-0.027941277469739095,0.06082496084524902,0.12348598870124512,3,3,100,95,5,13,0.13,3,0.05,0.0003392999933566898
465,20661394,3,suffix,8,16,4,12,0.25,0.75,94,100,-0.027941277469739095,0.06082496084524902,0.12348598870124512,3,3,108,103,5,37,0.3425925925925926,3,0.046296296296296294,0.0003934999986086041
466,20661395,3,prefix,8,16,4,12,0.25,0.75,94,100,-0.08261565739840727,0.021226177866422363,-0.016491536753746972,3,3,100,95,5,13,0.13,3,0.05,0.00033850000181701034
466,20661395,3,suffix,8,16,4,12,0.25,0.75,94,100,-0.08261565739840727,0.021226177866422363,-0.016491536753746972,3,3,108,103,5,37,0.3425925925925926,3,0.046296296296296294,0.00039760000072419643
467,20661396,3,prefix,8,16,4,12,0.25,0.75,94,100,-0.08367882036297743,-0.16983935765774674,-0.04576058637878443,4,4,100,97,3,27,0.27,4,0.03,0.00038860000495333225
467,20661396,3,suffix,8,16,4,12,0.25,0.75,94,100,-0.08367882036297743,-0.16983935765774674,-0.04576058637878443,4,4,112,109,3,75,0.6696428571428571,4,0.026785714285714284,0.00047640000411774963
468,20661397,3,prefix,8,16,4,12,0.25,0.75,94,100,-0.09172041654327125,0.022421643139514193,-0.04230028740307761,4,4,100,96,4,16,0.16,4,0.04,0.0003634999884525314
468,20661397,3,suffix,8,16,4,12,0.25,0.75,94,100,-0.09172041654327125,0.022421643139514193,-0.04230028740307761,4,4,112,108,4,64,0.5714285714285714,4,0.03571428571428571,0.0004501999937929213
469,20661398,3,prefix,8,16,4,12,0.25,0.75,94,100,0.09511333420191721,-0.07197416531229421,0.001212735221086721,6,6,100,98,2,34,0.34,6,0.02,0.0003786000015679747
469,20661398,3,suffix,8,16,4,12,0.25,0.75,94,100,0.09511333420191721,-0.07197416531229421,0.001212735221086721,6,6,120,118,2,154,1.2833333333333334,6,0.016666666666666666,0.0006292000034591183
470,20661399,3,prefix,8,16,4,12,0.25,0.75,94,100,0.01954141969991043,0.05476259845839857,-0.11683425514512746,6,6,100,98,2,32,0.32,6,0.02,0.00037400001019705087
470,20661399,3,suffix,8,16,4,12,0.25,0.75,94,100,0.01954141969991043,0.05476259845839857,-0.11683425514512746,6,6,120,118,2,152,1.2666666666666666,6,0.016666666666666666,0.0006192000000737607
471,20661400,3,prefix,8,16,4,12,0.25,0.75,94,100,0.17803852856591362,-0.09402592721517752,-0.038980394937107636,4,4,100,96,4,17,0.17,4,0.04,0.0003546999942045659
471,20661400,3,suffix,8,16,4,12,0.25,0.75,94,100,0.17803852856591362,-0.09402592721517752,-0.038980394937107636,4,4,112,108,4,65,0.5803571428571429,4,0.03571428571428571,0.00045440001122187823
472,20661401,3,prefix,8,16,4,12,0.25,0.75,94,100,-0.19192139092113739,0.0952128138125836,-0.06282685976041999,5,5,100,97,3,29,0.29,5,0.03,0.00037519999023061246
472,20661401,3,suffix,8,16,4,12,0.25,0.75,94,100,-0.19192139092113739,0.0952128138125836,-0.06282685976041999,5,5,116,113,3,109,0.9396551724137931,5,0.02586206896551724,0.0005336000031093135
473,20661402,3,prefix,8,16,4,12,0.25,0.75,94,100,-0.115783016058816,-0.1937003516161035,0.1475253398882676,3,3,100,95,5,19,0.19,3,0.05,0.00035030000435654074
473,20661402,3,suffix,8,16,4,12,0.25,0.75,94,100,-0.115783016058816,-0.1937003516161035,0.1475253398882676,3,3,108,103,5,43,0.39814814814814814,3,0.046296296296296294,0.0004174000059720129
474,20661403,3,prefix,8,16,4,12,0.25,0.75,94,100,-0.012326329030191147,0.12048413666252963,-0.005509945874345627,6,6,100,98,2,35,0.35,6,0.02,0.00038019999919924885
474,20661403,3,suffix,8,16,4,12,0.25,0.75,94,100,-0.012326329030191147,0.12048413666252963,-0.005509945874345627,6,6,120,118,2,155,1.2916666666666667,6,0.016666666666666666,0.0007894999871496111
475,20661404,3,prefix,8,16,4,12,0.25,0.75,94,100,0.17431513354212885,0.01713714513713646,-0.11408700073596427,3,3,100,95,5,13,0.13,3,0.05,0.00034479999158065766
475,20661404,3,suffix,8,16,4,12,0.25,0.75,94,100,0.17431513354212885,0.01713714513713646,-0.11408700073596427,3,3,108,103,5,37,0.3425925925925926,3,0.046296296296296294,0.00040550000267103314
476,20661405,3,prefix,8,16,4,12,0.25,0.75,94,100,-0.06040451208876327,0.046911437089581114,0.09838804622240108,7,7,100,99,1,43,0.43,7,0.01,0.00038670000503771007
476,20661405,3,suffix,8,16,4,12,0.25,0.75,94,100,-0.06040451208876327,0.046911437089581114,0.09838804622240108,7,7,124,123,1,211,1.7016129032258065,7,0.008064516129032258,0.0007284000021172687
477,20661406,3,prefix,8,16,4,12,0.25,0.75,94,100,-0.013306616390256397,-0.22328384409327773,0.10317505982834671,6,6,100,98,2,38,0.38,6,0.02,0.00038640000275336206
477,20661406,3,suffix,8,16,4,12,0.25,0.75,94,100,-0.013306616390256397,-0.22328384409327773,0.10317505982834671,6,6,120,118,2,158,1.3166666666666667,6,0.016666666666666666,0.0006362999993143603
478,20661407,3,prefix,8,16,4,12,0.25,0.75,94,100,-0.15694562945057974,-0.22800817703695433,0.12985546362430272,5,5,100,99,1,43,0.43,6,0.01,0.00040580000495538116
478,20661407,3,suffix,8,16,4,12,0.25,0.75,94,100,-0.15694562945057974,-0.22800817703695433,0.12985546362430272,5,5,116,115,1,123,1.0603448275862069,6,0.008620689655172414,0.0005736000020988286
479,20661408,3,prefix,8,16,4,12,0.25,0.75,94,100,0.12714211585096633,0.00796847098709564,-0.22330475906968272,3,3,100,95,5,13,0.13,3,0.05,0.0003591999993659556
479,20661408,3,suffix,8,16,4,12,0.25,0.75,94,100,0.12714211585096633,0.00796847098709564,-0.22330475906968272,3,3,108,103,5,37,0.3425925925925926,3,0.046296296296296294,0.0004081000079168007
480,20661409,3,prefix,8,16,4,12,0.25,0.75,94,100,-0.03125087928358096,-0.046483292282019036,0.01376540192837503,3,3,100,95,5,11,0.11,3,0.05,0.00033569999504834414
480,20661409,3,suffix,8,16,4,12,0.25,0.75,94,100,-0.03125087928358096,-0.046483292282019036,0.01376540192837503,3,3,108,103,5,35,0.32407407407407407,3,0.046296296296296294,0.00039339999784715474
481,20661410,3,prefix,8,16,4,12,0.25,0.75,94,100,-0.035685662311939224,0.02052404859515224,0.10689198921106381,4,4,100,97,3,29,0.29,4,0.03,0.0003665999975055456
481,20661410,3,suffix,8,16,4,12,0.25,0.75,94,100,-0.035685662311939224,0.02052404859515224,0.10689198921106381,4,4,112,109,3,77,0.6875,4,0.026785714285714284,0.00047470000572502613
482,20661411,3,prefix,8,16,4,12,0.25,0.75,94,100,-0.09994900555118821,-0.08062636447606106,-0.05245324439757785,5,5,100,97,3,26,0.26,5,0.03,0.000378700002329424
482,20661411,3,suffix,8,16,4,12,0.25,0.75,94,100,-0.09994900555118821,-0.08062636447606106,-0.05245324439757785,5,5,116,113,3,106,0.9137931034482759,5,0.02586206896551724,0.0005367999983718619
483,20661412,3,prefix,8,16,4,12,0.25,0.75,94,100,0.05146740151705533,0.13160306725472407,-0.10132657933961368,4,4,100,96,4,16,0.16,4,0.04,0.0003529000096023083
483,20661412,3,suffix,8,16,4,12,0.25,0.75,94,100,0.05146740151705533,0.13160306725472407,-0.10132657933961368,4,4,112,108,4,64,0.5714285714285714,4,0.03571428571428571,0.0004886999959126115
484,20661413,3,prefix,8,16,4,12,0.25,0.75,94,100,0.062391513061022884,-0.16471046642760243,-0.051957744837516945,4,4,100,96,4,16,0.16,4,0.04,0.0003507000074023381
484,20661413,3,suffix,8,16,4,12,0.25,0.75,94,100,0.062391513061022884,-0.16471046642760243,-0.051957744837516945,4,4,112,108,4,64,0.5714285714285714,4,0.03571428571428571,0.00045680000039283186
485,20661414,3,prefix,8,16,4,12,0.25,0.75,94,100,0.07022447459858024,-0.08037892101306927,-0.03928297494911237,4,4,100,96,4,22,0.22,4,0.04,0.0003581000055419281
485,20661414,3,suffix,8,16,4,12,0.25,0.75,94,100,0.07022447459858024,-0.08037892101306927,-0.03928297494911237,4,4,112,108,4,70,0.625,4,0.03571428571428571,0.00046470000233966857
486,20661415,3,prefix,8,16,4,12,0.25,0.75,94,100,-0.07079107130335525,-0.0824991328475798,0.026569356200225477,7,7,100,99,1,47,0.47,7,0.01,0.00041029999556485564
486,20661415,3,suffix,8,16,4,12,0.25,0.75,94,100,-0.07079107130335525,-0.0824991328475798,0.026569356200225477,7,7,124,123,1,215,1.7338709677419355,7,0.008064516129032258,0.0007243000000016764
487,20661416,3,prefix,8,16,4,12,0.25,0.75,94,100,0.03833532242924333,0.1260186090302323,-0.07322096440628122,4,4,100,96,4,16,0.16,4,0.04,0.0003471999953035265
487,20661416,3,suffix,8,16,4,12,0.25,0.75,94,100,0.03833532242924333,0.1260186090302323,-0.07322096440628122,4,4,112,108,4,64,0.5714285714285714,4,0.03571428571428571,0.0004569000011542812
488,20661417,3,prefix,8,16,4,12,0.25,0.75,94,100,-0.008331218805068045,0.047550287368127546,-0.021425962658940496,4,4,100,96,4,16,0.16,4,0.04,0.00036100001307204366
488,20661417,3,suffix,8,16,4,12,0.25,0.75,94,100,-0.008331218805068045,0.047550287368127546,-0.021425962658940496,4,4,112,108,4,64,0.5714285714285714,4,0.03571428571428571,0.00045340000360738486
489,20661418,3,prefix,8,16,4,12,0.25,0.75,94,100,-0.09834340203299967,0.21932433514936422,-0.14174357802385082,4,4,100,96,4,19,0.19,4,0.04,0.0003637000045273453
489,20661418,3,suffix,8,16,4,12,0.25,0.75,94,100,-0.09834340203299967,0.21932433514936422,-0.14174357802385082,4,4,112,108,4,67,0.5982142857142857,4,0.03571428571428571,0.0004639999970095232
490,20661419,3,prefix,8,16,4,12,0.25,0.75,94,100,0.046832153932518085,-0.16064918277719195,0.10743709038458205,6,6,100,98,2,40,0.4,6,0.02,0.00039119999564718455
490,20661419,3,suffix,8,16,4,12,0.25,0.75,94,100,0.046832153932518085,-0.16064918277719195,0.10743709038458205,6,6,120,118,2,160,1.3333333333333333,6,0.016666666666666666,0.0006285999988904223
491,20661420,3,prefix,8,16,4,12,0.25,0.75,94,100,-0.014914372745054303,0.013343531363636942,0.028082753143811152,4,4,100,96,4,26,0.26,4,0.04,0.0003581999917514622
491,20661420,3,suffix,8,16,4,12,0.25,0.75,94,100,-0.014914372745054303,0.013343531363636942,0.028082753143811152,4,4,112,108,4,74,0.6607142857142857,4,0.03571428571428571,0.0004918000049656257
492,20661421,3,prefix,8,16,4,12,0.25,0.75,94,100,0.0016861860649811905,-0.006132606690744871,-0.05806143740181946,3,3,100,96,4,14,0.14,3,0.04,0.00034270000469405204
492,20661421,3,suffix,8,16,4,12,0.25,0.75,94,100,0.0016861860649811905,-0.006132606690744871,-0.05806143740181946,3,3,108,104,4,38,0.35185185185185186,3,0.037037037037037035,0.00040920000174082816
493,20661422,3,prefix,8,16,4,12,0.25,0.75,94,100,-0.07506943995041043,0.162005656368726,-0.04475058397811938,6,6,100,98,2,38,0.38,6,0.02,0.00039319999632425606
493,20661422,3,suffix,8,16,4,12,0.25,0.75,94,100,-0.07506943995041043,0.162005656368726,-0.04475058397811938,6,6,120,118,2,158,1.3166666666666667,6,0.016666666666666666,0.0006567000091308728
494,20661423,3,prefix,8,16,4,12,0.25,0.75,94,100,-0.04318324366043503,0.0012894410901470967,0.1793596427398782,2,2,100,95,5,12,0.12,2,0.05,0.0003536999865900725
494,20661423,3,suffix,8,16,4,12,0.25,0.75,94,100,-0.04318324366043503,0.0012894410901470967,0.1793596427398782,2,2,104,99,5,20,0.19230769230769232,2,0.04807692307692308,0.0003727000002982095
495,20661424,3,prefix,8,16,4,12,0.25,0.75,94,100,-0.08180181708375829,-0.08305762547622635,0.12079186394278804,5,5,100,97,3,29,0.29,5,0.03,0.00036449999606702477
495,20661424,3,suffix,8,16,4,12,0.25,0.75,94,100,-0.08180181708375829,-0.08305762547622635,0.12079186394278804,5,5,116,113,3,109,0.9396551724137931,5,0.02586206896551724,0.0005392000020947307
496,20661425,3,prefix,8,16,4,12,0.25,0.75,94,100,-0.013770095128434637,0.023030226879773272,-0.03207032786915457,4,4,100,96,4,22,0.22,4,0.04,0.00037789999623782933
496,20661425,3,suffix,8,16,4,12,0.25,0.75,94,100,-0.013770095128434637,0.023030226879773272,-0.03207032786915457,4,4,112,108,4,70,0.625,4,0.03571428571428571,0.0004633999924408272
497,20661426,3,prefix,8,16,4,12,0.25,0.75,94,100,0.07035687724331759,-0.11073445173469608,-0.07631346497925252,5,5,100,97,3,26,0.26,5,0.03,0.0003789000038523227
497,20661426,3,suffix,8,16,4,12,0.25,0.75,94,100,0.07035687724331759,-0.11073445173469608,-0.07631346497925252,5,5,116,113,3,106,0.9137931034482759,5,0.02586206896551724,0.0005390000005718321
498,20661427,3,prefix,8,16,4,12,0.25,0.75,94,100,-0.16334259942054563,-0.06878099407701395,-0.1089535380425712,6,6,100,99,1,33,0.33,6,0.01,0.000378099997760728
498,20661427,3,suffix,8,16,4,12,0.25,0.75,94,100,-0.16334259942054563,-0.06878099407701395,-0.1089535380425712,6,6,120,119,1,153,1.275,6,0.008333333333333333,0.0006205999961821362
499,20661428,3,prefix,8,16,4,12,0.25,0.75,94,100,-0.0936154361650636,0.12195976559382735,-0.02017291843943325,2,2,100,94,6,13,0.13,2,0.06,0.00033579999580979347
499,20661428,3,suffix,8,16,4,12,0.25,0.75,94,100,-0.0936154361650636,0.12195976559382735,-0.02017291843943325,2,2,104,98,6,21,0.20192307692307693,2,0.057692307692307696,0.0003608999977586791
0,21060929,3,prefix,8,16,8,8,0.5,0.5,66,72,-0.049439646675096476,0.02056194516755289,-0.06115417354298475,3,3,72,67,5,20,0.2777777777777778,3,0.06944444444444445,0.00040839999564923346
0,21060929,3,suffix,8,16,8,8,0.5,0.5,66,72,-0.049439646675096476,0.02056194516755289,-0.06115417354298475,3,3,88,83,5,68,0.7727272727272727,3,0.056818181818181816,0.0006098000012570992
1,21060930,3,prefix,8,16,8,8,0.5,0.5,66,72,-0.13544676104405032,0.03452701437308541,-0.06698086966543404,6,6,72,71,1,38,0.5277777777777778,6,0.013888888888888888,0.0003080000024056062
1,21060930,3,suffix,8,16,8,8,0.5,0.5,66,72,-0.13544676104405032,0.03452701437308541,-0.06698086966543404,6,6,112,111,1,278,2.482142857142857,6,0.008928571428571428,0.0008243999909609556
2,21060931,3,prefix,8,16,8,8,0.5,0.5,66,72,0.08668191002485544,-0.007730513146911188,-0.3192416035370123,4,4,72,68,4,16,0.2222222222222222,4,0.05555555555555555,0.0002643999905558303
2,21060931,3,suffix,8,16,8,8,0.5,0.5,66,72,0.08668191002485544,-0.007730513146911188,-0.3192416035370123,4,4,96,92,4,112,1.1666666666666667,4,0.041666666666666664,0.0004934000025968999
3,21060932,3,prefix,8,16,8,8,0.5,0.5,66,72,0.03946403164106385,0.03672911225288604,-0.16563422321915647,4,4,72,68,4,18,0.25,4,0.05555555555555555,0.0002747000107774511
3,21060932,3,suffix,8,16,8,8,0.5,0.5,66,72,0.03946403164106385,0.03672911225288604,-0.16563422321915647,4,4,96,92,4,114,1.1875,4,0.041666666666666664,0.00048549998609814793
4,21060933,3,prefix,8,16,8,8,0.5,0.5,66,72,0.12259261876082897,0.22334199770807894,0.17376153627610277,7,7,72,71,1,44,0.6111111111111112,7,0.013888888888888888,0.00030980000155977905
4,21060933,3,suffix,8,16,8,8,0.5,0.5,66,72,0.12259261876082897,0.22334199770807894,0.17376153627610277,7,7,120,119,1,380,3.1666666666666665,7,0.008333333333333333,0.0009841999999480322
5,21060934,3,prefix,8,16,8,8,0.5,0.5,66,72,-0.030967544331284996,0.052391247696847734,-0.18190896224609482,5,5,72,69,3,23,0.3194444444444444,5,0.041666666666666664,0.0002730999985942617
5,21060934,3,suffix,8,16,8,8,0.5,0.5,66,72,-0.030967544331284996,0.052391247696847734,-0.18190896224609482,5,5,104,101,3,183,1.7596153846153846,5,0.028846153846153848,0.0006151999987196177
6,21060935,3,prefix,8,16,8,8,0.5,0.5,66,72,-0.18461754943571337,-0.005680528622260388,-0.11772627671851771,7,7,72,71,1,44,0.6111111111111112,7,0.013888888888888888,0.00030559999868273735
6,21060935,3,suffix,8,16,8,8,0.5,0.5,66,72,-0.18461754943571337,-0.005680528622260388,-0.11772627671851771,7,7,120,119,1,380,3.1666666666666665,7,0.008333333333333333,0.0009775000071385875
7,21060936,3,prefix,8,16,8,8,0.5,0.5,66,72,-0.15542390789888763,-0.045765380805377655,-0.05670849944748256,2,2,72,66,6,8,0.1111111111111111,2,0.08333333333333333,0.00024259999918285757
7,21060936,3,suffix,8,16,8,8,0.5,0.5,66,72,-0.15542390789888763,-0.045765380805377655,-0.05670849944748256,2,2,80,74,6,24,0.3,2,0.075,0.0002871000033337623
8,21060937,3,prefix,8,16,8,8,0.5,0.5,66,72,0.07294096976416112,0.038103995370299265,-0.019681382877302752,5,5,72,70,2,32,0.4444444444444444,5,0.027777777777777776,0.0002950999914901331
8,21060937,3,suffix,8,16,8,8,0.5,0.5,66,72,0.07294096976416112,0.038103995370299265,-0.019681382877302752,5,5,104,102,2,192,1.8461538461538463,5,0.019230769230769232,0.0006360999977914616
9,21060938,3,prefix,8,16,8,8,0.5,0.5,66,72,0.005707733006510069,-0.0927565459050054,0.03544699013275975,5,5,72,69,3,28,0.3888888888888889,5,0.041666666666666664,0.00030420000257436186
9,21060938,3,suffix,8,16,8,8,0.5,0.5,66,72,0.005707733006510069,-0.0927565459050054,0.03544699013275975,5,5,104,101,3,188,1.8076923076923077,5,0.028846153846153848,0.0006299999949987978
10,21060939,3,prefix,8,16,8,8,0.5,0.5,66,72,-0.0069335075063680345,0.06530740987786009,-0.14544443471941215,5,5,72,69,3,25,0.3472222222222222,5,0.041666666666666664,0.0002792999875964597
10,21060939,3,suffix,8,16,8,8,0.5,0.5,66,72,-0.0069335075063680345,0.06530740987786009,-0.14544443471941215,5,5,104,101,3,185,1.7788461538461537,5,0.028846153846153848,0.0006443000020226464
11,21060940,3,prefix,8,16,8,8,0.5,0.5,66,72,0.05522056630070266,-0.08397320863568432,-0.08068758453343633,5,5,72,69,3,27,0.375,5,0.041666666666666664,0.00028639999800361693
11,21060940,3,suffix,8,16,8,8,0.5,0.5,66,72,0.05522056630070266,-0.08397320863568432,-0.08068758453343633,5,5,104,101,3,187,1.7980769230769231,5,0.028846153846153848,0.0006380999984685332
12,21060941,3,prefix,8,16,8,8,0.5,0.5,66,72,0.22219055190202325,-0.14760460356426752,0.10501095611605524,4,4,72,68,4,16,0.2222222222222222,4,0.05555555555555555,0.00027540000155568123
12,21060941,3,suffix,8,16,8,8,0.5,0.5,66,72,0.22219055190202325,-0.14760460356426752,0.10501095611605524,4,4,96,92,4,112,1.1666666666666667,4,0.041666666666666664,0.0004797000001417473
13,21060942,3,prefix,8,16,8,8,0.5,0.5,66,72,0.3272827888766123,0.059258038991530544,-0.03076415020887471,2,2,72,66,6,9,0.125,2,0.08333333333333333,0.0002423999976599589
13,21060942,3,suffix,8,16,8,8,0.5,0.5,66,72,0.3272827888766123,0.059258038991530544,-0.03076415020887471,2,2,80,74,6,25,0.3125,2,0.075,0.0002879999956348911
14,21060943,3,prefix,8,16,8,8,0.5,0.5,66,72,0.0868127467737115,-0.017660051928142274,-0.0654089225205949,7,7,72,71,1,44,0.6111111111111112,7,0.013888888888888888,0.00033090000215452164
14,21060943,3,suffix,8,16,8,8,0.5,0.5,66,72,0.0868127467737115,-0.017660051928142274,-0.0654089225205949,7,7,120,119,1,380,3.1666666666666665,7,0.008333333333333333,0.0009805000008782372
15,21060944,3,prefix,8,16,8,8,0.5,0.5,66,72,0.035835902707742895,-0.156716969537028,-0.21744588932078862,4,4,72,68,4,16,0.2222222222222222,4,0.05555555555555555,0.00026229998911730945
15,21060944,3,suffix,8,16,8,8,0.5,0.5,66,72,0.035835902707742895,-0.156716969537028,-0.21744588932078862,4,4,96,92,4,112,1.1666666666666667,4,0.041666666666666664,0.0004774999979417771
16,21060945,3,prefix,8,16,8,8,0.5,0.5,66,72,-0.009636266132713048,-0.002429312390500145,0.05423781377538558,5,5,72,69,3,23,0.3194444444444444,5,0.041666666666666664,0.0002756000030785799
16,21060945,3,suffix,8,16,8,8,0.5,0.5,66,72,-0.009636266132713048,-0.002429312390500145,0.05423781377538558,5,5,104,101,3,183,1.7596153846153846,5,0.028846153846153848,0.0006206999969435856
17,21060946,3,prefix,8,16,8,8,0.5,0.5,66,72,0.026286445177198,0.07093004597689048,-0.043865114036933,1,1,72,65,7,7,0.09722222222222222,1,0.09722222222222222,0.00024390000908169895
17,21060946,3,suffix,8,16,8,8,0.5,0.5,66,72,0.026286445177198,0.07093004597689048,-0.043865114036933,1,1,72,65,7,7,0.09722222222222222,1,0.09722222222222222,0.00024560000747442245
18,21060947,3,prefix,8,16,8,8,0.5,0.5,66,72,-0.10916597156517846,-0.09590548324681836,0.03734047425013418,5,5,72,69,3,26,0.3611111111111111,5,0.041666666666666664,0.0002868000010494143
18,21060947,3,suffix,8,16,8,8,0.5,0.5,66,72,-0.10916597156517846,-0.09590548324681836,0.03734047425013418,5,5,104,101,3,186,1.7884615384615385,5,0.028846153846153848,0.0006241999944904819
19,21060948,3,prefix,8,16,8,8,0.5,0.5,66,72,0.015987300329713034,-0.0010019192536735856,0.18697985937117848,5,5,72,69,3,30,0.4166666666666667,5,0.041666666666666664,0.0002801000082399696
19,21060948,3,suffix,8,16,8,8,0.5,0.5,66,72,0.015987300329713034,-0.0010019192536735856,0.18697985937117848,5,5,104,101,3,190,1.8269230769230769,5,0.028846153846153848,0.0006298999942373484
20,21060949,3,prefix,8,16,8,8,0.5,0.5,66,72,-0.08564485790757388,-0.03358410130244381,-0.1544271656671712,2,2,72,66,6,8,0.1111111111111111,2,0.08333333333333333,0.0002597999991849065
20,21060949,3,suffix,8,16,8,8,0.5,0.5,66,72,-0.08564485790757388,-0.03358410130244381,-0.1544271656671712,2,2,80,74,6,24,0.3,2,0.075,0.0002905000001192093
21,21060950,3,prefix,8,16,8,8,0.5,0.5,66,72,0.1019578339648061,0.0007375793045688905,0.08134280286017263,4,4,72,68,4,16,0.2222222222222222,4,0.05555555555555555,0.00025779999850783497
21,21060950,3,suffix,8,16,8,8,0.5,0.5,66,72,0.1019578339648061,0.0007375793045688905,0.08134280286017263,4,4,96,92,4,112,1.1666666666666667,4,0.041666666666666664,0.00048180000158026814
22,21060951,3,prefix,8,16,8,8,0.5,0.5,66,72,0.10533451214465084,0.0729885640617959,0.11546050385498878,3,3,72,67,5,16,0.2222222222222222,3,0.06944444444444445,0.0002641000028233975
22,21060951,3,suffix,8,16,8,8,0.5,0.5,66,72,0.10533451214465084,0.0729885640617959,0.11546050385498878,3,3,88,83,5,64,0.7272727272727273,3,0.056818181818181816,0.00037900000461377203
23,21060952,3,prefix,8,16,8,8,0.5,0.5,66,72,-0.1622138294585867,0.03905139011623812,0.05393560801132893,3,3,72,69,3,21,0.2916666666666667,3,0.041666666666666664,0.00027459999546408653
23,21060952,3,suffix,8,16,8,8,0.5,0.5,66,72,-0.1622138294585867,0.03905139011623812,0.05393560801132893,3,3,88,85,3,69,0.7840909090909091,3,0.03409090909090909,0.0003870000073220581
24,21060953,3,prefix,8,16,8,8,0.5,0.5,66,72,-0.04846680384491789,-0.08922898947652341,0.050426908490375254,2,2,72,66,6,8,0.1111111111111111,2,0.08333333333333333,0.000265800001216121
24,21060953,3,suffix,8,16,8,8,0.5,0.5,66,72,-0.04846680384491789,-0.08922898947652341,0.050426908490375254,2,2,80,74,6,24,0.3,2,0.075,0.0002884999994421378
25,21060954,3,prefix,8,16,8,8,0.5,0.5,66,72,0.15550555866098237,0.020413837133592128,0.05392462012760092,6,6,72,72,0,46,0.6388888888888888,6,0.0,0.0003176000027451664
25,21060954,3,suffix,8,16,8,8,0.5,0.5,66,72,0.15550555866098237,0.020413837133592128,0.05392462012760092,6,6,112,112,0,286,2.5535714285714284,6,0.0,0.0008467000006930903
26,21060955,3,prefix,8,16,8,8,0.5,0.5,66,72,0.05957168418057523,0.08611122975727223,-0.19069827814135554,6,6,72,70,2,36,0.5,6,0.027777777777777776,0.00029379999614320695
26,21060955,3,suffix,8,16,8,8,0.5,0.5,66,72,0.05957168418057523,0.08611122975727223,-0.19069827814135554,6,6,112,110,2,276,2.4642857142857144,6,0.017857142857142856,0.0008132999937515706
27,21060956,3,prefix,8,16,8,8,0.5,0.5,66,72,0.07670938689390537,0.007831729592111088,0.02943081732792606,5,5,72,69,3,28,0.3888888888888889,5,0.041666666666666664,0.0002905000001192093
27,21060956,3,suffix,8,16,8,8,0.5,0.5,66,72,0.07670938689390537,0.007831729592111088,0.02943081732792606,5,5,104,101,3,188,1.8076923076923077,5,0.028846153846153848,0.0006424999883165583
28,21060957,3,prefix,8,16,8,8,0.5,0.5,66,72,-0.11579220555363615,-0.044351678347864,-0.057245058914971954,3,3,72,67,5,12,0.16666666666666666,3,0.06944444444444445,0.000261799999861978
28,21060957,3,suffix,8,16,8,8,0.5,0.5,66,72,-0.11579220555363615,-0.044351678347864,-0.057245058914971954,3,3,88,83,5,60,0.6818181818181818,3,0.056818181818181816,0.00037480000173673034
29,21060958,3,prefix,8,16,8,8,0.5,0.5,66,72,-0.08575821282159421,0.05355090082564566,-0.12890645416478289,6,6,72,70,2,39,0.5416666666666666,6,0.027777777777777776,0.0003048000071430579
29,21060958,3,suffix,8,16,8,8,0.5,0.5,66,72,-0.08575821282159421,0.05355090082564566,-0.12890645416478289,6,6,112,110,2,279,2.4910714285714284,6,0.017857142857142856,0.0007905999955255538
30,21060959,3,prefix,8,16,8,8,0.5,0.5,66,72,-0.11659714234632727,-0.13260863926137637,0.06839451953866364,6,6,72,70,2,34,0.4722222222222222,6,0.027777777777777776,0.0002880000101868063
30,21060959,3,suffix,8,16,8,8,0.5,0.5,66,72,-0.11659714234632727,-0.13260863926137637,0.06839451953866364,6,6,112,110,2,274,2.4464285714285716,6,0.017857142857142856,0.0007874000002630055
31,21060960,3,prefix,8,16,8,8,0.5,0.5,66,72,0.05503301804840808,0.2529273383502356,-0.06843568973138059,5,5,72,70,2,27,0.375,5,0.027777777777777776,0.0002865999995265156
31,21060960,3,suffix,8,16,8,8,0.5,0.5,66,72,0.05503301804840808,0.2529273383502356,-0.06843568973138059,5,5,104,102,2,187,1.7980769230769231,5,0.019230769230769232,0.0006398000114131719
32,21060961,3,prefix,8,16,8,8,0.5,0.5,66,72,0.11887566433935831,-0.007172174986534659,-0.11952588882057419,3,3,72,68,4,18,0.25,3,0.05555555555555555,0.00026500000967644155
32,21060961,3,suffix,8,16,8,8,0.5,0.5,66,72,0.11887566433935831,-0.007172174986534659,-0.11952588882057419,3,3,88,84,4,66,0.75,3,0.045454545454545456,0.0003846000035991892
33,21060962,3,prefix,8,16,8,8,0.5,0.5,66,72,0.0077095943553416165,0.11708727353984155,-0.009368947748828306,7,7,72,71,1,43,0.5972222222222222,7,0.013888888888888888,0.0003259999939473346
33,21060962,3,suffix,8,16,8,8,0.5,0.5,66,72,0.0077095943553416165,0.11708727353984155,-0.009368947748828306,7,7,120,119,1,379,3.158333333333333,7,0.008333333333333333,0.000988700005109422
34,21060963,3,prefix,8,16,8,8,0.5,0.5,66,72,0.06380637106255381,-0.06490229781771815,0.0353172218747968,4,4,72,68,4,16,0.2222222222222222,4,0.05555555555555555,0.00027850001060869545
34,21060963,3,suffix,8,16,8,8,0.5,0.5,66,72,0.06380637106255381,-0.06490229781771815,0.0353172218747968,4,4,96,92,4,112,1.1666666666666667,4,0.041666666666666664,0.0004825000069104135
35,21060964,3,prefix,8,16,8,8,0.5,0.5,66,72,0.16524383708622364,0.09474275794358862,0.03445580908184781,3,3,72,69,3,16,0.2222222222222222,3,0.041666666666666664,0.000265800001216121
35,21060964,3,suffix,8,16,8,8,0.5,0.5,66,72,0.16524383708622364,0.09474275794358862,0.03445580908184781,3,3,88,85,3,64,0.7272727272727273,3,0.03409090909090909,0.0003995999868493527
36,21060965,3,prefix,8,16,8,8,0.5,0.5,66,72,-0.09643362335577978,0.04167180034705428,-0.08435607871627089,6,6,72,70,2,34,0.4722222222222222,6,0.027777777777777776,0.00030020000122021884
36,21060965,3,suffix,8,16,8,8,0.5,0.5,66,72,-0.09643362335577978,0.04167180034705428,-0.08435607871627089,6,6,112,110,2,274,2.4464285714285716,6,0.017857142857142856,0.0008067000017035753
37,21060966,3,prefix,8,16,8,8,0.5,0.5,66,72,0.07892626735010136,0.15832320819448983,0.2167365583368211,5,5,72,69,3,24,0.3333333333333333,5,0.041666666666666664,0.0002800999936880544
37,21060966,3,suffix,8,16,8,8,0.5,0.5,66,72,0.07892626735010136,0.15832320819448983,0.2167365583368211,5,5,104,101,3,184,1.7692307692307692,5,0.028846153846153848,0.0006551999977091327
38,21060967,3,prefix,8,16,8,8,0.5,0.5,66,72,0.012831043283397854,0.15008305562312596,0.15741759657415905,5,5,72,70,2,28,0.3888888888888889,5,0.027777777777777776,0.0002899000101024285
38,21060967,3,suffix,8,16,8,8,0.5,0.5,66,72,0.012831043283397854,0.15008305562312596,0.15741759657415905,5,5,104,102,2,188,1.8076923076923077,5,0.019230769230769232,0.0006320000102277845
39,21060968,3,prefix,8,16,8,8,0.5,0.5,66,72,-0.08966378199410409,0.058098933348567305,-0.011513624700731341,1,1,72,65,7,7,0.09722222222222222,1,0.09722222222222222,0.0002466000005370006
39,21060968,3,suffix,8,16,8,8,0.5,0.5,66,72,-0.08966378199410409,0.058098933348567305,-0.011513624700731341,1,1,72,65,7,7,0.09722222222222222,1,0.09722222222222222,0.00023859999782871455
40,21060969,3,prefix,8,16,8,8,0.5,0.5,66,72,-0.08288993379992156,-0.030962355898550474,0.27686745748767155,3,3,72,68,4,16,0.2222222222222222,3,0.05555555555555555,0.0002849000011337921
40,21060969,3,suffix,8,16,8,8,0.5,0.5,66,72,-0.08288993379992156,-0.030962355898550474,0.27686745748767155,3,3,88,84,4,64,0.7272727272727273,3,0.045454545454545456,0.00038129999302327633
41,21060970,3,prefix,8,16,8,8,0.5,0.5,66,72,-0.01493824131301051,0.17640318042311365,-0.1417061675039734,5,5,72,69,3,25,0.3472222222222222,5,0.041666666666666664,0.0002825999981723726
41,21060970,3,suffix,8,16,8,8,0.5,0.5,66,72,-0.01493824131301051,0.17640318042311365,-0.1417061675039734,5,5,104,101,3,185,1.7788461538461537,5,0.028846153846153848,0.0006379999977070838
42,21060971,3,prefix,8,16,8,8,0.5,0.5,66,72,0.0656304477889099,0.06531084571036919,-0.08082604365563995,6,6,72,70,2,32,0.4444444444444444,6,0.027777777777777776,0.0002925000007962808
42,21060971,3,suffix,8,16,8,8,0.5,0.5,66,72,0.0656304477889099,0.06531084571036919,-0.08082604365563995,6,6,112,110,2,272,2.4285714285714284,6,0.017857142857142856,0.0007976999913807958
43,21060972,3,prefix,8,16,8,8,0.5,0.5,66,72,-0.1080141927333078,-0.10511577931052708,0.03166889579033343,3,3,72,67,5,15,0.20833333333333334,3,0.06944444444444445,0.0002562000008765608
43,21060972,3,suffix,8,16,8,8,0.5,0.5,66,72,-0.1080141927333078,-0.10511577931052708,0.03166889579033343,3,3,88,83,5,63,0.7159090909090909,3,0.056818181818181816,0.00037680000241380185
44,21060973,3,prefix,8,16,8,8,0.5,0.5,66,72,0.08217920913013912,-0.024086159873241406,0.16532700613398135,3,3,72,67,5,14,0.19444444444444445,3,0.06944444444444445,0.00026339999749325216
44,21060973,3,suffix,8,16,8,8,0.5,0.5,66,72,0.08217920913013912,-0.024086159873241406,0.16532700613398135,3,3,88,83,5,62,0.7045454545454546,3,0.056818181818181816,0.000378400000045076
45,21060974,3,prefix,8,16,8,8,0.5,0.5,66,72,0.06730673494314549,0.05397414349691417,0.15781256429978077,3,3,72,67,5,15,0.20833333333333334,3,0.06944444444444445,0.00027970000519417226
45,21060974,3,suffix,8,16,8,8,0.5,0.5,66,72,0.06730673494314549,0.05397414349691417,0.15781256429978077,3,3,88,83,5,63,0.7159090909090909,3,0.056818181818181816,0.00037819999852217734
46,21060975,3,prefix,8,16,8,8,0.5,0.5,66,72,0.1894677799021343,0.2616384318779938,0.16256319177992382,3,3,72,67,5,14,0.19444444444444445,3,0.06944444444444445,0.00025599999935366213
46,21060975,3,suffix,8,16,8,8,0.5,0.5,66,72,0.1894677799021343,0.2616384318779938,0.16256319177992382,3,3,88,83,5,62,0.7045454545454546,3,0.056818181818181816,0.00039089999336283654
47,21060976,3,prefix,8,16,8,8,0.5,0.5,66,72,0.19479976399874774,-0.05681303960876151,0.0928983864032912,2,2,72,67,5,9,0.125,2,0.06944444444444445,0.0002474000066285953
47,21060976,3,suffix,8,16,8,8,0.5,0.5,66,72,0.19479976399874774,-0.05681303960876151,0.0928983864032912,2,2,80,75,5,25,0.3125,2,0.0625,0.00029409999842755497
48,21060977,3,prefix,8,16,8,8,0.5,0.5,66,72,-0.15780926249786484,-0.026876967049782804,-0.11793354688604107,4,4,72,68,4,19,0.2638888888888889,4,0.05555555555555555,0.0002745000092545524
48,21060977,3,suffix,8,16,8,8,0.5,0.5,66,72,-0.15780926249786484,-0.026876967049782804,-0.11793354688604107,4,4,96,92,4,115,1.1979166666666667,4,0.041666666666666664,0.00048809999134391546
49,21060978,3,prefix,8,16,8,8,0.5,0.5,66,72,-0.30190199096251225,0.15036342950454534,-0.0461217462370995,3,3,72,67,5,15,0.20833333333333334,3,0.06944444444444445,0.00025599999935366213
49,21060978,3,suffix,8,16,8,8,0.5,0.5,66,72,-0.30190199096251225,0.15036342950454534,-0.0461217462370995,3,3,88,83,5,63,0.7159090909090909,3,0.056818181818181816,0.0003804000007221475
50,21060979,3,prefix,8,16,8,8,0.5,0.5,66,72,-0.01832682501739616,0.058293335931576505,0.007891192992235641,1,1,72,65,7,7,0.09722222222222222,1,0.09722222222222222,0.00026020000223070383
50,21060979,3,suffix,8,16,8,8,0.5,0.5,66,72,-0.01832682501739616,0.058293335931576505,0.007891192992235641,1,1,72,65,7,7,0.09722222222222222,1,0.09722222222222222,0.0002398999931756407
51,21060980,3,prefix,8,16,8,8,0.5,0.5,66,72,-0.19726142860123186,0.07284191378700962,-0.1404758350568914,3,3,72,67,5,15,0.20833333333333334,3,0.06944444444444445,0.0002597000129753724
51,21060980,3,suffix,8,16,8,8,0.5,0.5,66,72,-0.19726142860123186,0.07284191378700962,-0.1404758350568914,3,3,88,83,5,63,0.7159090909090909,3,0.056818181818181816,0.00037590001011267304
52,21060981,3,prefix,8,16,8,8,0.5,0.5,66,72,-0.13970687871924106,0.21650246564025125,-0.16714583014569936,4,4,72,68,4,16,0.2222222222222222,4,0.05555555555555555,0.00027150000096298754
52,21060981,3,suffix,8,16,8,8,0.5,0.5,66,72,-0.13970687871924106,0.21650246564025125,-0.16714583014569936,4,4,96,92,4,112,1.1666666666666667,4,0.041666666666666664,0.000520500005222857
53,21060982,3,prefix,8,16,8,8,0.5,0.5,66,72,0.20048120932392477,0.18553542644992904,0.3071029860161191,1,1,72,65,7,7,0.09722222222222222,1,0.09722222222222222,0.0002398000069661066
53,21060982,3,suffix,8,16,8,8,0.5,0.5,66,72,0.20048120932392477,0.18553542644992904,0.3071029860161191,1,1,72,65,7,7,0.09722222222222222,1,0.09722222222222222,0.0002471999905537814
54,21060983,3,prefix,8,16,8,8,0.5,0.5,66,72,-0.054941884801918785,-0.08527950479577336,-0.11056111173876959,6,6,72,70,2,32,0.4444444444444444,6,0.027777777777777776,0.0002961999998660758
54,21060983,3,suffix,8,16,8,8,0.5,0.5,66,72,-0.054941884801918785,-0.08527950479577336,-0.11056111173876959,6,6,112,110,2,272,2.4285714285714284,6,0.017857142857142856,0.0007922000077087432
55,21060984,3,prefix,8,16,8,8,0.5,0.5,66,72,0.2213038572761091,0.1210287084812569,0.04488923174996317,2,2,72,66,6,8,0.1111111111111111,2,0.08333333333333333,0.0002449999883538112
55,21060984,3,suffix,8,16,8,8,0.5,0.5,66,72,0.2213038572761091,0.1210287084812569,0.04488923174996317,2,2,80,74,6,24,0.3,2,0.075,0.0003071000101044774
56,21060985,3,prefix,8,16,8,8,0.5,0.5,66,72,0.01931103650525152,0.24157270686738733,-0.08369949393842063,5,5,72,69,3,24,0.3333333333333333,5,0.041666666666666664,0.0002820999943651259
56,21060985,3,suffix,8,16,8,8,0.5,0.5,66,72,0.01931103650525152,0.24157270686738733,-0.08369949393842063,5,5,104,101,3,184,1.7692307692307692,5,0.028846153846153848,0.0006184999947436154
57,21060986,3,prefix,8,16,8,8,0.5,0.5,66,72,0.02172187425444052,0.08101517315084229,-0.11951898168260815,5,5,72,69,3,27,0.375,5,0.041666666666666664,0.0002960999991046265
57,21060986,3,suffix,8,16,8,8,0.5,0.5,66,72,0.02172187425444052,0.08101517315084229,-0.11951898168260815,5,5,104,101,3,187,1.7980769230769231,5,0.028846153846153848,0.0006289000011747703
58,21060987,3,prefix,8,16,8,8,0.5,0.5,66,72,-0.07569528425489655,0.08272587925303106,0.07303221500347402,1,1,72,65,7,7,0.09722222222222222,1,0.09722222222222222,0.0002660000027390197
58,21060987,3,suffix,8,16,8,8,0.5,0.5,66,72,-0.07569528425489655,0.08272587925303106,0.07303221500347402,1,1,72,65,7,7,0.09722222222222222,1,0.09722222222222222,0.00023710000095888972
59,21060988,3,prefix,8,16,8,8,0.5,0.5,66,72,-0.1086449137379117,0.11528969911290256,0.054031820060887414,4,4,72,68,4,16,0.2222222222222222,4,0.05555555555555555,0.00027740000223275274
59,21060988,3,suffix,8,16,8,8,0.5,0.5,66,72,-0.1086449137379117,0.11528969911290256,0.054031820060887414,4,4,96,92,4,112,1.1666666666666667,4,0.041666666666666664,0.0004967999993823469
60,21060989,3,prefix,8,16,8,8,0.5,0.5,66,72,0.10606008853018872,-0.2961150707976365,0.035747895555737,5,5,72,69,3,24,0.3333333333333333,5,0.041666666666666664,0.0002845999988494441
60,21060989,3,suffix,8,16,8,8,0.5,0.5,66,72,0.10606008853018872,-0.2961150707976365,0.035747895555737,5,5,104,101,3,184,1.7692307692307692,5,0.028846153846153848,0.0006198999908519909
61,21060990,3,prefix,8,16,8,8,0.5,0.5,66,72,-0.04552355020454418,-0.14797272323183086,0.22407569031956256,5,5,72,70,2,28,0.3888888888888889,5,0.027777777777777776,0.0002795000036712736
61,21060990,3,suffix,8,16,8,8,0.5,0.5,66,72,-0.04552355020454418,-0.14797272323183086,0.22407569031956256,5,5,104,102,2,188,1.8076923076923077,5,0.019230769230769232,0.0007029999978840351
62,21060991,3,prefix,8,16,8,8,0.5,0.5,66,72,-0.160311643324403,0.19951956419661118,0.08679885946376129,4,4,72,69,3,25,0.3472222222222222,4,0.041666666666666664,0.0002884999994421378
62,21060991,3,suffix,8,16,8,8,0.5,0.5,66,72,-0.160311643324403,0.19951956419661118,0.08679885946376129,4,4,96,93,3,121,1.2604166666666667,4,0.03125,0.0004998999938834459
63,21060992,3,prefix,8,16,8,8,0.5,0.5,66,72,-0.011702718309581788,-0.002093766114126195,-0.0716215344611571,7,7,72,71,1,43,0.5972222222222222,7,0.013888888888888888,0.0003163999936077744
63,21060992,3,suffix,8,16,8,8,0.5,0.5,66,72,-0.011702718309581788,-0.002093766114126195,-0.0716215344611571,7,7,120,119,1,379,3.158333333333333,7,0.008333333333333333,0.0009825000015553087
64,21060993,3,prefix,8,16,8,8,0.5,0.5,66,72,0.01575750335668167,-0.03212083721549065,-0.054050595222085655,3,3,72,67,5,15,0.20833333333333334,3,0.06944444444444445,0.0002615999983390793
64,21060993,3,suffix,8,16,8,8,0.5,0.5,66,72,0.01575750335668167,-0.03212083721549065,-0.054050595222085655,3,3,88,83,5,63,0.7159090909090909,3,0.056818181818181816,0.00037909999082330614
65,21060994,3,prefix,8,16,8,8,0.5,0.5,66,72,0.05394265144847277,-0.12684602906118234,0.1071440584330828,6,6,72,70,2,32,0.4444444444444444,6,0.027777777777777776,0.000295300007564947
65,21060994,3,suffix,8,16,8,8,0.5,0.5,66,72,0.05394265144847277,-0.12684602906118234,0.1071440584330828,6,6,112,110,2,272,2.4285714285714284,6,0.017857142857142856,0.0007777999999234453
66,21060995,3,prefix,8,16,8,8,0.5,0.5,66,72,-0.05814077304034831,0.1255594543904928,-0.04465934415868459,7,7,72,71,1,43,0.5972222222222222,7,0.013888888888888888,0.00032959999225568026
66,21060995,3,suffix,8,16,8,8,0.5,0.5,66,72,-0.05814077304034831,0.1255594543904928,-0.04465934415868459,7,7,120,119,1,379,3.158333333333333,7,0.008333333333333333,0.0009876999974949285
67,21060996,3,prefix,8,16,8,8,0.5,0.5,66,72,-0.17701155209520203,-0.03213670549285684,0.05020634351057605,7,7,72,71,1,46,0.6388888888888888,7,0.013888888888888888,0.0003093999985139817
67,21060996,3,suffix,8,16,8,8,0.5,0.5,66,72,-0.17701155209520203,-0.03213670549285684,0.05020634351057605,7,7,120,119,1,382,3.183333333333333,7,0.008333333333333333,0.0010067999974125996
68,21060997,3,prefix,8,16,8,8,0.5,0.5,66,72,0.15078626873223,-0.11223861931714768,-0.33998249704659006,7,7,72,72,0,48,0.6666666666666666,7,0.0,0.00031970000418368727
68,21060997,3,suffix,8,16,8,8,0.5,0.5,66,72,0.15078626873223,-0.11223861931714768,-0.33998249704659006,7,7,120,120,0,384,3.2,7,0.0,0.000985699996817857
69,21060998,3,prefix,8,16,8,8,0.5,0.5,66,72,-0.1264467331954275,0.008838568549924486,0.08320550157745911,5,5,72,70,2,27,0.375,5,0.027777777777777776,0.0002860999957192689
69,21060998,3,suffix,8,16,8,8,0.5,0.5,66,72,-0.1264467331954275,0.008838568549924486,0.08320550157745911,5,5,104,102,2,187,1.7980769230769231,5,0.019230769230769232,0.0006291999889072031
70,21060999,3,prefix,8,16,8,8,0.5,0.5,66,72,-0.02037738924982403,0.13217852136603672,0.01581418864865524,6,6,72,71,1,41,0.5694444444444444,6,0.013888888888888888,0.0003097000007983297
70,21060999,3,suffix,8,16,8,8,0.5,0.5,66,72,-0.02037738924982403,0.13217852136603672,0.01581418864865524,6,6,112,111,1,281,2.5089285714285716,6,0.008928571428571428,0.000796499996795319
71,21061000,3,prefix,8,16,8,8,0.5,0.5,66,72,0.07565864770772039,0.0005709832763638775,0.180911278852079,4,4,72,68,4,17,0.2361111111111111,4,0.05555555555555555,0.0002629000082379207
71,21061000,3,suffix,8,16,8,8,0.5,0.5,66,72,0.07565864770772039,0.0005709832763638775,0.180911278852079,4,4,96,92,4,113,1.1770833333333333,4,0.041666666666666664,0.00047980000090319663
72,21061001,3,prefix,8,16,8,8,0.5,0.5,66,72,0.0912491690292113,0.1400376524180081,-0.06354591960752294,4,4,72,68,4,21,0.2916666666666667,4,0.05555555555555555,0.00027859999681822956
72,21061001,3,suffix,8,16,8,8,0.5,0.5,66,72,0.0912491690292113,0.1400376524180081,-0.06354591960752294,4,4,96,92,4,117,1.21875,4,0.041666666666666664,0.000500899986946024
73,21061002,3,prefix,8,16,8,8,0.5,0.5,66,72,-0.03949687169826603,-0.04993118156328394,-0.21047003986365478,3,3,72,68,4,17,0.2361111111111111,3,0.05555555555555555,0.00027630000840872526
73,21061002,3,suffix,8,16,8,8,0.5,0.5,66,72,-0.03949687169826603,-0.04993118156328394,-0.21047003986365478,3,3,88,84,4,65,0.7386363636363636,3,0.045454545454545456,0.00039849999302532524
74,21061003,3,prefix,8,16,8,8,0.5,0.5,66,72,-0.029926543587047955,-0.16646910659862685,-0.2615150378934984,5,5,72,69,3,29,0.4027777777777778,5,0.041666666666666664,0.00029149999318178743
74,21061003,3,suffix,8,16,8,8,0.5,0.5,66,72,-0.029926543587047955,-0.16646910659862685,-0.2615150378934984,5,5,104,101,3,189,1.8173076923076923,5,0.028846153846153848,0.0006415000098058954
75,21061004,3,prefix,8,16,8,8,0.5,0.5,66,72,-0.04353746468598276,0.07278759040201911,-0.0766155803873158,4,4,72,68,4,16,0.2222222222222222,4,0.05555555555555555,0.00026470000739209354
75,21061004,3,suffix,8,16,8,8,0.5,0.5,66,72,-0.04353746468598276,0.07278759040201911,-0.0766155803873158,4,4,96,92,4,112,1.1666666666666667,4,0.041666666666666664,0.00048439999227412045
76,21061005,3,prefix,8,16,8,8,0.5,0.5,66,72,0.07605468672481583,-0.09796118221163004,-0.2181781705945003,6,6,72,70,2,34,0.4722222222222222,6,0.027777777777777776,0.0002955999952973798
76,21061005,3,suffix,8,16,8,8,0.5,0.5,66,72,0.07605468672481583,-0.09796118221163004,-0.2181781705945003,6,6,112,110,2,274,2.4464285714285716,6,0.017857142857142856,0.0007937999907881021
77,21061006,3,prefix,8,16,8,8,0.5,0.5,66,72,-0.05342082404924849,-0.022773662971985534,0.14352300191248069,3,3,72,67,5,11,0.1527777777777778,3,0.06944444444444445,0.000261799999861978
77,21061006,3,suffix,8,16,8,8,0.5,0.5,66,72,-0.05342082404924849,-0.022773662971985534,0.14352300191248069,3,3,88,83,5,59,0.6704545454545454,3,0.056818181818181816,0.00037379999412223697
78,21061007,3,prefix,8,16,8,8,0.5,0.5,66,72,-0.04834717598231505,0.07445701358348313,0.03414380740638572,4,4,72,69,3,17,0.2361111111111111,4,0.041666666666666664,0.0002686000079847872
78,21061007,3,suffix,8,16,8,8,0.5,0.5,66,72,-0.04834717598231505,0.07445701358348313,0.03414380740638572,4,4,96,93,3,113,1.1770833333333333,4,0.03125,0.00048090000927913934
79,21061008,3,prefix,8,16,8,8,0.5,0.5,66,72,0.03510792270619326,-0.20057060100701413,-0.10347872574045454,5,5,72,69,3,24,0.3333333333333333,5,0.041666666666666664,0.0002769000129774213
79,21061008,3,suffix,8,16,8,8,0.5,0.5,66,72,0.03510792270619326,-0.20057060100701413,-0.10347872574045454,5,5,104,101,3,184,1.7692307692307692,5,0.028846153846153848,0.0006290000019362196
80,21061009,3,prefix,8,16,8,8,0.5,0.5,66,72,-0.07097918654285149,-0.2931928117755146,0.11065174656428005,6,6,72,70,2,37,0.5138888888888888,6,0.027777777777777776,0.00029519999225158244
80,21061009,3,suffix,8,16,8,8,0.5,0.5,66,72,-0.07097918654285149,-0.2931928117755146,0.11065174656428005,6,6,112,110,2,277,2.4732142857142856,6,0.017857142857142856,0.0008012999896891415
81,21061010,3,prefix,8,16,8,8,0.5,0.5,66,72,0.1935350988902471,0.130384663712736,0.05752431509215193,2,2,72,66,6,8,0.1111111111111111,2,0.08333333333333333,0.00025100000493694097
81,21061010,3,suffix,8,16,8,8,0.5,0.5,66,72,0.1935350988902471,0.130384663712736,0.05752431509215193,2,2,80,74,6,24,0.3,2,0.075,0.00029349999385885894
82,21061011,3,prefix,8,16,8,8,0.5,0.5,66,72,0.059963278873802345,0.0027707265253296195,0.2374454696852171,5,5,72,69,3,25,0.3472222222222222,5,0.041666666666666664,0.0002818000066326931
82,21061011,3,suffix,8,16,8,8,0.5,0.5,66,72,0.059963278873802345,0.0027707265253296195,0.2374454696852171,5,5,104,101,3,185,1.7788461538461537,5,0.028846153846153848,0.0006217000045580789
83,21061012,3,prefix,8,16,8,8,0.5,0.5,66,72,-0.1369314899143212,0.12101347241611055,-0.028097940440142303,3,3,72,68,4,12,0.16666666666666666,3,0.05555555555555555,0.00026020000223070383
83,21061012,3,suffix,8,16,8,8,0.5,0.5,66,72,-0.1369314899143212,0.12101347241611055,-0.028097940440142303,3,3,88,84,4,60,0.6818181818181818,3,0.045454545454545456,0.0003752999909920618
84,21061013,3,prefix,8,16,8,8,0.5,0.5,66,72,0.09569387549146176,-0.0011858679779325784,-0.07276666837100339,5,5,72,70,2,34,0.4722222222222222,5,0.027777777777777776,0.0002952999930130318
84,21061013,3,suffix,8,16,8,8,0.5,0.5,66,72,0.09569387549146176,-0.0011858679779325784,-0.07276666837100339,5,5,104,102,2,194,1.8653846153846154,5,0.019230769230769232,0.0006489000079454854
85,21061014,3,prefix,8,16,8,8,0.5,0.5,66,72,-0.09378365031888458,0.0965835951224918,-0.007123231930915709,6,6,72,70,2,32,0.4444444444444444,6,0.027777777777777776,0.0002884999994421378
85,21061014,3,suffix,8,16,8,8,0.5,0.5,66,72,-0.09378365031888458,0.0965835951224918,-0.007123231930915709,6,6,112,110,2,272,2.4285714285714284,6,0.017857142857142856,0.0008084000000962988
86,21061015,3,prefix,8,16,8,8,0.5,0.5,66,72,0.03315876537060134,0.18186843535811084,0.11102981028223531,6,6,72,70,2,32,0.4444444444444444,6,0.027777777777777776,0.0002906000008806586
86,21061015,3,suffix,8,16,8,8,0.5,0.5,66,72,0.03315876537060134,0.18186843535811084,0.11102981028223531,6,6,112,110,2,272,2.4285714285714284,6,0.017857142857142856,0.0008288999961223453
87,21061016,3,prefix,8,16,8,8,0.5,0.5,66,72,0.03840820790812096,-0.13484465596415812,-0.027356830318161003,3,3,72,67,5,13,0.18055555555555555,3,0.06944444444444445,0.00025329999334644526
87,21061016,3,suffix,8,16,8,8,0.5,0.5,66,72,0.03840820790812096,-0.13484465596415812,-0.027356830318161003,3,3,88,83,5,61,0.6931818181818182,3,0.056818181818181816,0.00037799999699927866
88,21061017,3,prefix,8,16,8,8,0.5,0.5,66,72,-0.143532267205681,0.10799497237971213,-0.02350158072908997,2,2,72,66,6,8,0.1111111111111111,2,0.08333333333333333,0.0002443000121274963
88,21061017,3,suffix,8,16,8,8,0.5,0.5,66,72,-0.143532267205681,0.10799497237971213,-0.02350158072908997,2,2,80,74,6,24,0.3,2,0.075,0.00028989999555051327
89,21061018,3,prefix,8,16,8,8,0.5,0.5,66,72,0.14461282375266843,-0.1947045821407955,0.14970070711579866,3,3,72,67,5,11,0.1527777777777778,3,0.06944444444444445,0.0002528000040911138
89,21061018,3,suffix,8,16,8,8,0.5,0.5,66,72,0.14461282375266843,-0.1947045821407955,0.14970070711579866,3,3,88,83,5,59,0.6704545454545454,3,0.056818181818181816,0.00037540000630542636
90,21061019,3,prefix,8,16,8,8,0.5,0.5,66,72,-0.029377197686583836,-0.061994432023769766,0.11241267600169393,2,2,72,66,6,8,0.1111111111111111,2,0.08333333333333333,0.0002523000002838671
90,21061019,3,suffix,8,16,8,8,0.5,0.5,66,72,-0.029377197686583836,-0.061994432023769766,0.11241267600169393,2,2,80,74,6,24,0.3,2,0.075,0.0002888000017264858
91,21061020,3,prefix,8,16,8,8,0.5,0.5,66,72,0.18333656950543353,0.11217004633969065,0.06452863256673735,6,6,72,70,2,34,0.4722222222222222,6,0.027777777777777776,0.00028759999258909374
91,21061020,3,suffix,8,16,8,8,0.5,0.5,66,72,0.18333656950543353,0.11217004633969065,0.06452863256673735,6,6,112,110,2,274,2.4464285714285716,6,0.017857142857142856,0.0007832999981474131
92,21061021,3,prefix,8,16,8,8,0.5,0.5,66,72,0.04675411878860881,-0.10375759945826156,-0.03982584959130821,5,5,72,69,3,26,0.3611111111111111,5,0.041666666666666664,0.0002832000027410686
92,21061021,3,suffix,8,16,8,8,0.5,0.5,66,72,0.04675411878860881,-0.10375759945826156,-0.03982584959130821,5,5,104,101,3,186,1.7884615384615385,5,0.028846153846153848,0.0006336000078590587
93,21061022,3,prefix,8,16,8,8,0.5,0.5,66,72,-0.02774014291346574,0.06467221585579229,0.07120251929232131,5,5,72,70,2,32,0.4444444444444444,5,0.027777777777777776,0.0002842999965650961
93,21061022,3,suffix,8,16,8,8,0.5,0.5,66,72,-0.02774014291346574,0.06467221585579229,0.07120251929232131,5,5,104,102,2,192,1.8461538461538463,5,0.019230769230769232,0.0006323999987216666
94,21061023,3,prefix,8,16,8,8,0.5,0.5,66,72,0.013192500310683643,0.283142485609939,-0.033253099182022426,4,4,72,69,3,23,0.3194444444444444,4,0.041666666666666664,0.0002879999956348911
94,21061023,3,suffix,8,16,8,8,0.5,0.5,66,72,0.013192500310683643,0.283142485609939,-0.033253099182022426,4,4,96,93,3,119,1.2395833333333333,4,0.03125,0.0004999000084353611
95,21061024,3,prefix,8,16,8,8,0.5,0.5,66,72,-0.017038853277064957,-0.0052815461242000355,0.08458844376497647,5,5,72,69,3,23,0.3194444444444444,5,0.041666666666666664,0.0002891000040108338
95,21061024,3,suffix,8,16,8,8,0.5,0.5,66,72,-0.017038853277064957,-0.0052815461242000355,0.08458844376497647,5,5,104,101,3,183,1.7596153846153846,5,0.028846153846153848,0.0006307000003289431
96,21061025,3,prefix,8,16,8,8,0.5,0.5,66,72,0.027794821081151368,0.05622894817314317,-0.09822349349553032,4,4,72,69,3,25,0.3472222222222222,4,0.041666666666666664,0.0002730999985942617
96,21061025,3,suffix,8,16,8,8,0.5,0.5,66,72,0.027794821081151368,0.05622894817314317,-0.09822349349553032,4,4,96,93,3,121,1.2604166666666667,4,0.03125,0.0005049999890616164
97,21061026,3,prefix,8,16,8,8,0.5,0.5,66,72,-0.007013670074079762,0.026863128623253678,-0.09045832087558972,3,3,72,67,5,11,0.1527777777777778,3,0.06944444444444445,0.0002466000005370006
97,21061026,3,suffix,8,16,8,8,0.5,0.5,66,72,-0.007013670074079762,0.026863128623253678,-0.09045832087558972,3,3,88,83,5,59,0.6704545454545454,3,0.056818181818181816,0.0003766000008909032
98,21061027,3,prefix,8,16,8,8,0.5,0.5,66,72,-0.1718778305976994,0.06373580322076593,-0.0700392169219802,7,7,72,71,1,45,0.625,7,0.013888888888888888,0.0003161000058753416
98,21061027,3,suffix,8,16,8,8,0.5,0.5,66,72,-0.1718778305976994,0.06373580322076593,-0.0700392169219802,7,7,120,119,1,381,3.175,7,0.008333333333333333,0.0009992999985115603
99,21061028,3,prefix,8,16,8,8,0.5,0.5,66,72,-0.36697008298654715,-0.12274176221704183,-0.1407816582693416,6,6,72,70,2,34,0.4722222222222222,6,0.027777777777777776,0.0002938999969046563
99,21061028,3,suffix,8,16,8,8,0.5,0.5,66,72,-0.36697008298654715,-0.12274176221704183,-0.1407816582693416,6,6,112,110,2,274,2.4464285714285716,6,0.017857142857142856,0.0007907999970484525
100,21061029,3,prefix,8,16,8,8,0.5,0.5,66,72,-0.03258757427368843,-0.11793527200432849,0.04195011690891771,5,5,72,69,3,30,0.4166666666666667,5,0.041666666666666664,0.00043309999455232173
100,21061029,3,suffix,8,16,8,8,0.5,0.5,66,72,-0.03258757427368843,-0.11793527200432849,0.04195011690891771,5,5,104,101,3,190,1.8269230769230769,5,0.028846153846153848,0.000643299994408153
101,21061030,3,prefix,8,16,8,8,0.5,0.5,66,72,0.14629269660219793,0.12620178290791895,0.10871143821262005,6,6,72,70,2,34,0.4722222222222222,6,0.027777777777777776,0.0002921999985119328
101,21061030,3,suffix,8,16,8,8,0.5,0.5,66,72,0.14629269660219793,0.12620178290791895,0.10871143821262005,6,6,112,110,2,274,2.4464285714285716,6,0.017857142857142856,0.0008517999958712608
102,21061031,3,prefix,8,16,8,8,0.5,0.5,66,72,-0.16861972810210257,0.11586153459980239,-0.05238478539891803,5,5,72,69,3,23,0.3194444444444444,5,0.041666666666666664,0.0002775999892037362
102,21061031,3,suffix,8,16,8,8,0.5,0.5,66,72,-0.16861972810210257,0.11586153459980239,-0.05238478539891803,5,5,104,101,3,183,1.7596153846153846,5,0.028846153846153848,0.0006326000002445653
103,21061032,3,prefix,8,16,8,8,0.5,0.5,66,72,0.1515556828799571,0.07366377007184068,0.03186756868809351,5,5,72,69,3,23,0.3194444444444444,5,0.041666666666666664,0.00026929999876301736
103,21061032,3,suffix,8,16,8,8,0.5,0.5,66,72,0.1515556828799571,0.07366377007184068,0.03186756868809351,5,5,104,101,3,183,1.7596153846153846,5,0.028846153846153848,0.00061779998941347
104,21061033,3,prefix,8,16,8,8,0.5,0.5,66,72,0.1404041623334639,-0.008872094421912698,0.09027251024229031,2,2,72,66,6,14,0.19444444444444445,2,0.08333333333333333,0.00025320000713691115
104,21061033,3,suffix,8,16,8,8,0.5,0.5,66,72,0.1404041623334639,-0.008872094421912698,0.09027251024229031,2,2,80,74,6,30,0.375,2,0.075,0.0002992999943671748
105,21061034,3,prefix,8,16,8,8,0.5,0.5,66,72,-0.09997394981116811,0.10718997348226689,-0.17627725999292226,5,5,72,69,3,24,0.3333333333333333,5,0.041666666666666664,0.0002800999936880544
105,21061034,3,suffix,8,16,8,8,0.5,0.5,66,72,-0.09997394981116811,0.10718997348226689,-0.17627725999292226,5,5,104,101,3,184,1.7692307692307692,5,0.028846153846153848,0.0006264999974519014
106,21061035,3,prefix,8,16,8,8,0.5,0.5,66,72,0.09786766580351079,-0.10413752079460413,-0.06578106931263844,4,4,72,69,3,19,0.2638888888888889,4,0.041666666666666664,0.00027889999910257757
106,21061035,3,suffix,8,16,8,8,0.5,0.5,66,72,0.09786766580351079,-0.10413752079460413,-0.06578106931263844,4,4,96,93,3,115,1.1979166666666667,4,0.03125,0.000490999998874031
107,21061036,3,prefix,8,16,8,8,0.5,0.5,66,72,-0.13624249496752686,-0.07450358473059203,0.010948278020392955,6,6,72,71,1,41,0.5694444444444444,6,0.013888888888888888,0.00029779999749735
107,21061036,3,suffix,8,16,8,8,0.5,0.5,66,72,-0.13624249496752686,-0.07450358473059203,0.010948278020392955,6,6,112,111,1,281,2.5089285714285716,6,0.008928571428571428,0.000823200010927394
108,21061037,3,prefix,8,16,8,8,0.5,0.5,66,72,-0.1612914921303507,-0.3104358140065556,-0.000934980848085898,4,4,72,68,4,21,0.2916666666666667,4,0.05555555555555555,0.00026890001026913524
108,21061037,3,suffix,8,16,8,8,0.5,0.5,66,72,-0.1612914921303507,-0.3104358140065556,-0.000934980848085898,4,4,96,92,4,117,1.21875,4,0.041666666666666664,0.0004907999973511323
109,21061038,3,prefix,8,16,8,8,0.5,0.5,66,72,-0.032938471923034264,0.08816755327188039,-0.03120117216790421,3,3,72,68,4,16,0.2222222222222222,3,0.05555555555555555,0.0002648000081535429
109,21061038,3,suffix,8,16,8,8,0.5,0.5,66,72,-0.032938471923034264,0.08816755327188039,-0.03120117216790421,3,3,88,84,4,64,0.7272727272727273,3,0.045454545454545456,0.00038219999987632036
110,21061039,3,prefix,8,16,8,8,0.5,0.5,66,72,0.12403640143440538,0.17677192582878304,-0.04518795717807406,4,4,72,68,4,16,0.2222222222222222,4,0.05555555555555555,0.000275699989288114
110,21061039,3,suffix,8,16,8,8,0.5,0.5,66,72,0.12403640143440538,0.17677192582878304,-0.04518795717807406,4,4,96,92,4,112,1.1666666666666667,4,0.041666666666666664,0.00048129999777302146
111,21061040,3,prefix,8,16,8,8,0.5,0.5,66,72,0.07591129016735274,0.011877471916501294,-0.0032891225257775493,3,3,72,67,5,11,0.1527777777777778,3,0.06944444444444445,0.00025409999943803996
111,21061040,3,suffix,8,16,8,8,0.5,0.5,66,72,0.07591129016735274,0.011877471916501294,-0.0032891225257775493,3,3,88,83,5,59,0.6704545454545454,3,0.056818181818181816,0.00037150000571273267
112,21061041,3,prefix,8,16,8,8,0.5,0.5,66,72,0.026467993564484562,-0.061970504086390835,-0.04041016034916955,4,4,72,68,4,19,0.2638888888888889,4,0.05555555555555555,0.00026369999977760017
112,21061041,3,suffix,8,16,8,8,0.5,0.5,66,72,0.026467993564484562,-0.061970504086390835,-0.04041016034916955,4,4,96,92,4,115,1.1979166666666667,4,0.041666666666666664,0.0004999999946448952
113,21061042,3,prefix,8,16,8,8,0.5,0.5,66,72,-0.16484437499900878,0.08534572337556022,0.06312706120277034,4,4,72,68,4,16,0.2222222222222222,4,0.05555555555555555,0.0002578999992692843
113,21061042,3,suffix,8,16,8,8,0.5,0.5,66,72,-0.16484437499900878,0.08534572337556022,0.06312706120277034,4,4,96,92,4,112,1.1666666666666667,4,0.041666666666666664,0.0004917000042041764
114,21061043,3,prefix,8,16,8,8,0.5,0.5,66,72,-0.04731700061502837,0.05866510472546881,0.015842926038077507,5,5,72,69,3,29,0.4027777777777778,5,0.041666666666666664,0.00028679998649749905
114,21061043,3,suffix,8,16,8,8,0.5,0.5,66,72,-0.04731700061502837,0.05866510472546881,0.015842926038077507,5,5,104,101,3,189,1.8173076923076923,5,0.028846153846153848,0.000637100005405955
115,21061044,3,prefix,8,16,8,8,0.5,0.5,66,72,-0.2902403888220113,0.09366649098696546,-0.13850328731987382,5,5,72,69,3,25,0.3472222222222222,5,0.041666666666666664,0.00029909999284427613
115,21061044,3,suffix,8,16,8,8,0.5,0.5,66,72,-0.2902403888220113,0.09366649098696546,-0.13850328731987382,5,5,104,101,3,185,1.7788461538461537,5,0.028846153846153848,0.000625400003627874
116,21061045,3,prefix,8,16,8,8,0.5,0.5,66,72,-0.07773015104167427,0.26533999461437946,0.19326441406920505,3,3,72,67,5,13,0.18055555555555555,3,0.06944444444444445,0.0002779000060399994
116,21061045,3,suffix,8,16,8,8,0.5,0.5,66,72,-0.07773015104167427,0.26533999461437946,0.19326441406920505,3,3,88,83,5,61,0.6931818181818182,3,0.056818181818181816,0.0003760999970836565
117,21061046,3,prefix,8,16,8,8,0.5,0.5,66,72,0.058533918375430594,-0.09463165409889868,-0.02722284029853122,4,4,72,69,3,24,0.3333333333333333,4,0.041666666666666664,0.00026810000417754054
117,21061046,3,suffix,8,16,8,8,0.5,0.5,66,72,0.058533918375430594,-0.09463165409889868,-0.02722284029853122,4,4,96,93,3,120,1.25,4,0.03125,0.0005063999997219071
118,21061047,3,prefix,8,16,8,8,0.5,0.5,66,72,-0.13910455641225494,0.22624159636946842,-0.017039011307697405,5,5,72,69,3,29,0.4027777777777778,5,0.041666666666666664,0.00028569999267347157
118,21061047,3,suffix,8,16,8,8,0.5,0.5,66,72,-0.13910455641225494,0.22624159636946842,-0.017039011307697405,5,5,104,101,3,189,1.8173076923076923,5,0.028846153846153848,0.0006283999973675236
119,21061048,3,prefix,8,16,8,8,0.5,0.5,66,72,0.12579704116750057,-0.09308063317158675,0.1777301624753006,4,4,72,69,3,24,0.3333333333333333,4,0.041666666666666664,0.0002994999958900735
119,21061048,3,suffix,8,16,8,8,0.5,0.5,66,72,0.12579704116750057,-0.09308063317158675,0.1777301624753006,4,4,96,93,3,120,1.25,4,0.03125,0.0004993999900761992
120,21061049,3,prefix,8,16,8,8,0.5,0.5,66,72,-0.1256238511375902,-0.17631434837958904,0.08662905586842527,5,5,72,69,3,30,0.4166666666666667,5,0.041666666666666664,0.0002913999924203381
120,21061049,3,suffix,8,16,8,8,0.5,0.5,66,72,-0.1256238511375902,-0.17631434837958904,0.08662905586842527,5,5,104,101,3,190,1.8269230769230769,5,0.028846153846153848,0.0006275999912759289
121,21061050,3,prefix,8,16,8,8,0.5,0.5,66,72,0.15413270218083908,0.1761877032799603,0.1515647573507673,3,3,72,67,5,11,0.1527777777777778,3,0.06944444444444445,0.0002601000014692545
121,21061050,3,suffix,8,16,8,8,0.5,0.5,66,72,0.15413270218083908,0.1761877032799603,0.1515647573507673,3,3,88,83,5,59,0.6704545454545454,3,0.056818181818181816,0.0003723999980138615
122,21061051,3,prefix,8,16,8,8,0.5,0.5,66,72,-0.10715969151461395,0.1169295981585045,-0.11744185908948956,5,5,72,69,3,27,0.375,5,0.041666666666666664,0.00028649999876506627
122,21061051,3,suffix,8,16,8,8,0.5,0.5,66,72,-0.10715969151461395,0.1169295981585045,-0.11744185908948956,5,5,104,101,3,187,1.7980769230769231,5,0.028846153846153848,0.0006722999969497323
123,21061052,3,prefix,8,16,8,8,0.5,0.5,66,72,0.08034667043975342,0.1464103078218069,0.07914357947150306,4,4,72,68,4,16,0.2222222222222222,4,0.05555555555555555,0.0002634999982547015
123,21061052,3,suffix,8,16,8,8,0.5,0.5,66,72,0.08034667043975342,0.1464103078218069,0.07914357947150306,4,4,96,92,4,112,1.1666666666666667,4,0.041666666666666664,0.0004933999880449846
124,21061053,3,prefix,8,16,8,8,0.5,0.5,66,72,-0.18034897945500256,0.03915000255851286,0.02501566730326753,5,5,72,71,1,27,0.375,5,0.013888888888888888,0.00027979999140370637
124,21061053,3,suffix,8,16,8,8,0.5,0.5,66,72,-0.18034897945500256,0.03915000255851286,0.02501566730326753,5,5,104,103,1,187,1.7980769230769231,5,0.009615384615384616,0.0006388000037986785
125,21061054,3,prefix,8,16,8,8,0.5,0.5,66,72,-0.129385866198485,-0.011450095942944856,0.0007087949080712005,5,5,72,69,3,30,0.4166666666666667,5,0.041666666666666664,0.00028839999868068844
125,21061054,3,suffix,8,16,8,8,0.5,0.5,66,72,-0.129385866198485,-0.011450095942944856,0.0007087949080712005,5,5,104,101,3,190,1.8269230769230769,5,0.028846153846153848,0.0006276999920373783
126,21061055,3,prefix,8,16,8,8,0.5,0.5,66,72,0.21974816490252827,0.09170500613543597,0.03737704764820556,6,6,72,70,2,37,0.5138888888888888,6,0.027777777777777776,0.00030440000409726053
126,21061055,3,suffix,8,16,8,8,0.5,0.5,66,72,0.21974816490252827,0.09170500613543597,0.03737704764820556,6,6,112,110,2,277,2.4732142857142856,6,0.017857142857142856,0.0007955000037327409
127,21061056,3,prefix,8,16,8,8,0.5,0.5,66,72,0.03642526972076213,-0.12190472219457422,-0.11026858055191971,4,4,72,68,4,18,0.25,4,0.05555555555555555,0.0002714000002015382
127,21061056,3,suffix,8,16,8,8,0.5,0.5,66,72,0.03642526972076213,-0.12190472219457422,-0.11026858055191971,4,4,96,92,4,114,1.1875,4,0.041666666666666664,0.00048669999523553997
128,21061057,3,prefix,8,16,8,8,0.5,0.5,66,72,0.010745807864038986,0.08746433827529297,-0.03266614846129961,7,7,72,71,1,44,0.6111111111111112,7,0.013888888888888888,0.00032720000308472663
128,21061057,3,suffix,8,16,8,8,0.5,0.5,66,72,0.010745807864038986,0.08746433827529297,-0.03266614846129961,7,7,120,119,1,380,3.1666666666666665,7,0.008333333333333333,0.0009915000118780881
129,21061058,3,prefix,8,16,8,8,0.5,0.5,66,72,-0.12766610222525432,-0.0007931773975991189,-0.008788429464467774,6,6,72,70,2,40,0.5555555555555556,6,0.027777777777777776,0.00030470000638160855
129,21061058,3,suffix,8,16,8,8,0.5,0.5,66,72,-0.12766610222525432,-0.0007931773975991189,-0.008788429464467774,6,6,112,110,2,280,2.5,6,0.017857142857142856,0.0007919000054243952
130,21061059,3,prefix,8,16,8,8,0.5,0.5,66,72,-0.051302502319080255,0.00918134890217302,-0.16984121316287934,5,5,72,69,3,26,0.3611111111111111,5,0.041666666666666664,0.00031149999995250255
130,21061059,3,suffix,8,16,8,8,0.5,0.5,66,72,-0.051302502319080255,0.00918134890217302,-0.16984121316287934,5,5,104,101,3,186,1.7884615384615385,5,0.028846153846153848,0.0006602000066777691
131,21061060,3,prefix,8,16,8,8,0.5,0.5,66,72,0.17640107621984022,0.14796908618718824,-0.14187579412743967,3,3,72,67,5,11,0.1527777777777778,3,0.06944444444444445,0.0002586999908089638
131,21061060,3,suffix,8,16,8,8,0.5,0.5,66,72,0.17640107621984022,0.14796908618718824,-0.14187579412743967,3,3,88,83,5,59,0.6704545454545454,3,0.056818181818181816,0.00037199999496806413
132,21061061,3,prefix,8,16,8,8,0.5,0.5,66,72,0.03585103980303694,0.03607430687848617,-0.16842401393894252,2,2,72,66,6,8,0.1111111111111111,2,0.08333333333333333,0.0002442999975755811
132,21061061,3,suffix,8,16,8,8,0.5,0.5,66,72,0.03585103980303694,0.03607430687848617,-0.16842401393894252,2,2,80,74,6,24,0.3,2,0.075,0.0002871000033337623
133,21061062,3,prefix,8,16,8,8,0.5,0.5,66,72,0.0025047474142144244,0.038653709801940855,0.07226934958448475,5,5,72,69,3,27,0.375,5,0.041666666666666664,0.00027520000003278255
133,21061062,3,suffix,8,16,8,8,0.5,0.5,66,72,0.0025047474142144244,0.038653709801940855,0.07226934958448475,5,5,104,101,3,187,1.7980769230769231,5,0.028846153846153848,0.0006198000046424568
134,21061063,3,prefix,8,16,8,8,0.5,0.5,66,72,0.0069467286946162665,0.04798328368300117,0.004870596656661405,5,5,72,70,2,28,0.3888888888888889,5,0.027777777777777776,0.00028750000637955964
134,21061063,3,suffix,8,16,8,8,0.5,0.5,66,72,0.0069467286946162665,0.04798328368300117,0.004870596656661405,5,5,104,102,2,188,1.8076923076923077,5,0.019230769230769232,0.0006240999937290326
135,21061064,3,prefix,8,16,8,8,0.5,0.5,66,72,0.029904249636260934,0.2526884589753199,0.29030673475456165,4,4,72,68,4,16,0.2222222222222222,4,0.05555555555555555,0.00027829999453388155
135,21061064,3,suffix,8,16,8,8,0.5,0.5,66,72,0.029904249636260934,0.2526884589753199,0.29030673475456165,4,4,96,92,4,112,1.1666666666666667,4,0.041666666666666664,0.0004805999924428761
136,21061065,3,prefix,8,16,8,8,0.5,0.5,66,72,0.1628764860491055,-0.28370364741846144,-0.015293559936756341,8,8,72,72,0,56,0.7777777777777778,8,0.0,0.00032279999868478626
136,21061065,3,suffix,8,16,8,8,0.5,0.5,66,72,0.1628764860491055,-0.28370364741846144,-0.015293559936756341,8,8,128,128,0,504,3.9375,8,0.0,0.0012146999943070114
137,21061066,3,prefix,8,16,8,8,0.5,0.5,66,72,0.09705022193841113,-0.18761070088876844,-0.04494267926540133,5,5,72,69,3,26,0.3611111111111111,5,0.041666666666666664,0.00028399999428074807
137,21061066,3,suffix,8,16,8,8,0.5,0.5,66,72,0.09705022193841113,-0.18761070088876844,-0.04494267926540133,5,5,104,101,3,186,1.7884615384615385,5,0.028846153846153848,0.0006229999999050051
138,21061067,3,prefix,8,16,8,8,0.5,0.5,66,72,0.07963389440957105,-0.05990124891752495,0.04126130607078771,6,6,72,70,2,32,0.4444444444444444,6,0.027777777777777776,0.0002994999958900735
138,21061067,3,suffix,8,16,8,8,0.5,0.5,66,72,0.07963389440957105,-0.05990124891752495,0.04126130607078771,6,6,112,110,2,272,2.4285714285714284,6,0.017857142857142856,0.0007997000066097826
139,21061068,3,prefix,8,16,8,8,0.5,0.5,66,72,0.16375995031706891,-0.010340252003218933,0.11616113372023674,4,4,72,68,4,22,0.3055555555555556,4,0.05555555555555555,0.0002905000001192093
139,21061068,3,suffix,8,16,8,8,0.5,0.5,66,72,0.16375995031706891,-0.010340252003218933,0.11616113372023674,4,4,96,92,4,118,1.2291666666666667,4,0.041666666666666664,0.0005025999998906627
140,21061069,3,prefix,8,16,8,8,0.5,0.5,66,72,0.06366527391442726,-0.18417410876021262,0.03831984066892707,5,5,72,69,3,27,0.375,5,0.041666666666666664,0.0002860000095097348
140,21061069,3,suffix,8,16,8,8,0.5,0.5,66,72,0.06366527391442726,-0.18417410876021262,0.03831984066892707,5,5,104,101,3,187,1.7980769230769231,5,0.028846153846153848,0.0006465000042226166
141,21061070,3,prefix,8,16,8,8,0.5,0.5,66,72,-0.07555301196249437,-0.18921759161695653,-0.24246108594287077,5,5,72,71,1,32,0.4444444444444444,5,0.013888888888888888,0.00028809999639634043
141,21061070,3,suffix,8,16,8,8,0.5,0.5,66,72,-0.07555301196249437,-0.18921759161695653,-0.24246108594287077,5,5,104,103,1,192,1.8461538461538463,5,0.009615384615384616,0.0006451999943237752
142,21061071,3,prefix,8,16,8,8,0.5,0.5,66,72,0.048314233783057735,0.06545197659364842,-0.07190144566565393,5,5,72,71,1,27,0.375,5,0.013888888888888888,0.0002931000053649768
142,21061071,3,suffix,8,16,8,8,0.5,0.5,66,72,0.048314233783057735,0.06545197659364842,-0.07190144566565393,5,5,104,103,1,187,1.7980769230769231,5,0.009615384615384616,0.0006356999947456643
143,21061072,3,prefix,8,16,8,8,0.5,0.5,66,72,-0.059480640558002174,-0.07670731745084128,-0.210382561761317,4,4,72,68,4,20,0.2777777777777778,4,0.05555555555555555,0.000265499998931773
143,21061072,3,suffix,8,16,8,8,0.5,0.5,66,72,-0.059480640558002174,-0.07670731745084128,-0.210382561761317,4,4,96,92,4,116,1.2083333333333333,4,0.041666666666666664,0.0004864999937126413
144,21061073,3,prefix,8,16,8,8,0.5,0.5,66,72,0.15652150007719193,-0.0633434776891077,0.08501043030791654,3,3,72,67,5,13,0.18055555555555555,3,0.06944444444444445,0.0002628999936860055
144,21061073,3,suffix,8,16,8,8,0.5,0.5,66,72,0.15652150007719193,-0.0633434776891077,0.08501043030791654,3,3,88,83,5,61,0.6931818181818182,3,0.056818181818181816,0.000375000003259629
145,21061074,3,prefix,8,16,8,8,0.5,0.5,66,72,0.10942553609877234,-0.10731327630910231,0.03172353458481662,5,5,72,70,2,28,0.3888888888888889,5,0.027777777777777776,0.0002753000007942319
145,21061074,3,suffix,8,16,8,8,0.5,0.5,66,72,0.10942553609877234,-0.10731327630910231,0.03172353458481662,5,5,104,102,2,188,1.8076923076923077,5,0.019230769230769232,0.0006351999909384176
146,21061075,3,prefix,8,16,8,8,0.5,0.5,66,72,0.03976153896870071,-0.041153920208448276,0.06494039876518662,5,5,72,69,3,24,0.3333333333333333,5,0.041666666666666664,0.00027829999453388155
146,21061075,3,suffix,8,16,8,8,0.5,0.5,66,72,0.03976153896870071,-0.041153920208448276,0.06494039876518662,5,5,104,101,3,184,1.7692307692307692,5,0.028846153846153848,0.0006365999870467931
147,21061076,3,prefix,8,16,8,8,0.5,0.5,66,72,0.20647146323854326,-0.01710466316445837,0.04384488552924283,6,6,72,70,2,33,0.4583333333333333,6,0.027777777777777776,0.0002901999978348613
147,21061076,3,suffix,8,16,8,8,0.5,0.5,66,72,0.20647146323854326,-0.01710466316445837,0.04384488552924283,6,6,112,110,2,273,2.4375,6,0.017857142857142856,0.0008114999945973977
148,21061077,3,prefix,8,16,8,8,0.5,0.5,66,72,0.0640700081916051,-0.13639774275300964,0.10074657902687884,4,4,72,68,4,17,0.2361111111111111,4,0.05555555555555555,0.00027400000544730574
148,21061077,3,suffix,8,16,8,8,0.5,0.5,66,72,0.0640700081916051,-0.13639774275300964,0.10074657902687884,4,4,96,92,4,113,1.1770833333333333,4,0.041666666666666664,0.0004914999881293625
149,21061078,3,prefix,8,16,8,8,0.5,0.5,66,72,-0.010545456900651694,-0.06416620601796642,0.16380687104569353,3,3,72,67,5,13,0.18055555555555555,3,0.06944444444444445,0.00025009999808389693
149,21061078,3,suffix,8,16,8,8,0.5,0.5,66,72,-0.010545456900651694,-0.06416620601796642,0.16380687104569353,3,3,88,83,5,61,0.6931818181818182,3,0.056818181818181816,0.0003752999909920618
150,21061079,3,prefix,8,16,8,8,0.5,0.5,66,72,0.08503304671256108,0.05098902856078803,0.01595009226154119,5,5,72,69,3,29,0.4027777777777778,5,0.041666666666666664,0.00044290001096669585
150,21061079,3,suffix,8,16,8,8,0.5,0.5,66,72,0.08503304671256108,0.05098902856078803,0.01595009226154119,5,5,104,101,3,189,1.8173076923076923,5,0.028846153846153848,0.0006719000084558502
151,21061080,3,prefix,8,16,8,8,0.5,0.5,66,72,0.16542019502349797,0.06268480647552127,0.09657712934628675,4,4,72,68,4,21,0.2916666666666667,4,0.05555555555555555,0.00026610000350046903
151,21061080,3,suffix,8,16,8,8,0.5,0.5,66,72,0.16542019502349797,0.06268480647552127,0.09657712934628675,4,4,96,92,4,117,1.21875,4,0.041666666666666664,0.0005050000036135316
152,21061081,3,prefix,8,16,8,8,0.5,0.5,66,72,-0.03672514741686551,0.20139432383007394,0.07557097819005869,4,4,72,68,4,24,0.3333333333333333,4,0.05555555555555555,0.00027940000290982425
152,21061081,3,suffix,8,16,8,8,0.5,0.5,66,72,-0.03672514741686551,0.20139432383007394,0.07557097819005869,4,4,96,92,4,120,1.25,4,0.041666666666666664,0.0004928999987896532
153,21061082,3,prefix,8,16,8,8,0.5,0.5,66,72,-0.13127928767424163,0.08757022928815941,0.04151723814886175,7,7,72,71,1,43,0.5972222222222222,7,0.013888888888888888,0.00033569999504834414
153,21061082,3,suffix,8,16,8,8,0.5,0.5,66,72,-0.13127928767424163,0.08757022928815941,0.04151723814886175,7,7,120,119,1,379,3.158333333333333,7,0.008333333333333333,0.0009857000113697723
154,21061083,3,prefix,8,16,8,8,0.5,0.5,66,72,-0.10456580675845009,-0.08401880278423707,-0.042530059350007636,4,4,72,69,3,26,0.3611111111111111,4,0.041666666666666664,0.00029510000604204834
154,21061083,3,suffix,8,16,8,8,0.5,0.5,66,72,-0.10456580675845009,-0.08401880278423707,-0.042530059350007636,4,4,96,93,3,122,1.2708333333333333,4,0.03125,0.0005056999943917617
155,21061084,3,prefix,8,16,8,8,0.5,0.5,66,72,0.14537493995329673,-0.055178239119690296,0.0013117629212714321,4,4,72,68,4,19,0.2638888888888889,4,0.05555555555555555,0.00027319999935571104
155,21061084,3,suffix,8,16,8,8,0.5,0.5,66,72,0.14537493995329673,-0.055178239119690296,0.0013117629212714321,4,4,96,92,4,115,1.1979166666666667,4,0.041666666666666664,0.0004928999987896532
156,21061085,3,prefix,8,16,8,8,0.5,0.5,66,72,-0.19356009490008347,-0.11187152501528007,-0.0754028484207821,4,4,72,68,4,19,0.2638888888888889,4,0.05555555555555555,0.0002767999976640567
156,21061085,3,suffix,8,16,8,8,0.5,0.5,66,72,-0.19356009490008347,-0.11187152501528007,-0.0754028484207821,4,4,96,92,4,115,1.1979166666666667,4,0.041666666666666664,0.0004970000009052455
157,21061086,3,prefix,8,16,8,8,0.5,0.5,66,72,0.05874957806912472,0.029848397207179616,0.14621078293138998,6,6,72,70,2,36,0.5,6,0.027777777777777776,0.0003029999934369698
157,21061086,3,suffix,8,16,8,8,0.5,0.5,66,72,0.05874957806912472,0.029848397207179616,0.14621078293138998,6,6,112,110,2,276,2.4642857142857144,6,0.017857142857142856,0.000789700003224425
158,21061087,3,prefix,8,16,8,8,0.5,0.5,66,72,-0.10741456382601437,-0.18718139728680416,0.06252877672880257,7,7,72,72,0,48,0.6666666666666666,7,0.0,0.0003313999914098531
158,21061087,3,suffix,8,16,8,8,0.5,0.5,66,72,-0.10741456382601437,-0.18718139728680416,0.06252877672880257,7,7,120,120,0,384,3.2,7,0.0,0.0010049999982584268
159,21061088,3,prefix,8,16,8,8,0.5,0.5,66,72,0.06843192641952046,-0.02555306828890779,-0.1460039884712948,5,5,72,69,3,24,0.3333333333333333,5,0.041666666666666664,0.00028700000257231295
159,21061088,3,suffix,8,16,8,8,0.5,0.5,66,72,0.06843192641952046,-0.02555306828890779,-0.1460039884712948,5,5,104,101,3,184,1.7692307692307692,5,0.028846153846153848,0.0006219000060809776
160,21061089,3,prefix,8,16,8,8,0.5,0.5,66,72,0.043042817470727385,-0.018145140209609938,0.13519676310764137,4,4,72,68,4,16,0.2222222222222222,4,0.05555555555555555,0.0002631999959703535
160,21061089,3,suffix,8,16,8,8,0.5,0.5,66,72,0.043042817470727385,-0.018145140209609938,0.13519676310764137,4,4,96,92,4,112,1.1666666666666667,4,0.041666666666666664,0.0004967999993823469
161,21061090,3,prefix,8,16,8,8,0.5,0.5,66,72,-8.44763671814544e-05,0.06127589282159035,0.10933832730973386,4,4,72,68,4,16,0.2222222222222222,4,0.05555555555555555,0.0002624999906402081
161,21061090,3,suffix,8,16,8,8,0.5,0.5,66,72,-8.44763671814544e-05,0.06127589282159035,0.10933832730973386,4,4,96,92,4,112,1.1666666666666667,4,0.041666666666666664,0.0004979999939678237
162,21061091,3,prefix,8,16,8,8,0.5,0.5,66,72,0.11017415073872877,0.051727740351252105,-0.01947103114877477,6,6,72,70,2,32,0.4444444444444444,6,0.027777777777777776,0.0002955999952973798
162,21061091,3,suffix,8,16,8,8,0.5,0.5,66,72,0.11017415073872877,0.051727740351252105,-0.01947103114877477,6,6,112,110,2,272,2.4285714285714284,6,0.017857142857142856,0.0007985999982338399
163,21061092,3,prefix,8,16,8,8,0.5,0.5,66,72,-0.11948304007029238,-0.08774004534363912,-0.020618746531243858,3,3,72,68,4,12,0.16666666666666666,3,0.05555555555555555,0.0002570999931776896
163,21061092,3,suffix,8,16,8,8,0.5,0.5,66,72,-0.11948304007029238,-0.08774004534363912,-0.020618746531243858,3,3,88,84,4,60,0.6818181818181818,3,0.045454545454545456,0.000374399998690933
164,21061093,3,prefix,8,16,8,8,0.5,0.5,66,72,0.016918431656690967,-0.1273071880984864,-0.13024690270357203,2,2,72,66,6,8,0.1111111111111111,2,0.08333333333333333,0.0002556999970693141
164,21061093,3,suffix,8,16,8,8,0.5,0.5,66,72,0.016918431656690967,-0.1273071880984864,-0.13024690270357203,2,2,80,74,6,24,0.3,2,0.075,0.0002874999918276444
165,21061094,3,prefix,8,16,8,8,0.5,0.5,66,72,0.03440874322564516,-0.2730341549805933,-0.2474359046299698,6,6,72,70,2,32,0.4444444444444444,6,0.027777777777777776,0.0003141999914078042
165,21061094,3,suffix,8,16,8,8,0.5,0.5,66,72,0.03440874322564516,-0.2730341549805933,-0.2474359046299698,6,6,112,110,2,272,2.4285714285714284,6,0.017857142857142856,0.0007938000053400174
166,21061095,3,prefix,8,16,8,8,0.5,0.5,66,72,-0.008383161316249244,0.010501351935111983,0.043532922789651624,3,3,72,69,3,25,0.3472222222222222,4,0.041666666666666664,0.00029329999233596027
166,21061095,3,suffix,8,16,8,8,0.5,0.5,66,72,-0.008383161316249244,0.010501351935111983,0.043532922789651624,3,3,88,85,3,73,0.8295454545454546,4,0.03409090909090909,0.00040869999793358147
167,21061096,3,prefix,8,16,8,8,0.5,0.5,66,72,0.12287962351609634,0.0031892516811919884,-0.06988722113453766,5,5,72,69,3,27,0.375,5,0.041666666666666664,0.0002834999904735014
167,21061096,3,suffix,8,16,8,8,0.5,0.5,66,72,0.12287962351609634,0.0031892516811919884,-0.06988722113453766,5,5,104,101,3,187,1.7980769230769231,5,0.028846153846153848,0.00068450000253506
168,21061097,3,prefix,8,16,8,8,0.5,0.5,66,72,-0.14776065563123797,-0.031147530652058705,0.026601876086616207,4,4,72,68,4,20,0.2777777777777778,4,0.05555555555555555,0.00027940000290982425
168,21061097,3,suffix,8,16,8,8,0.5,0.5,66,72,-0.14776065563123797,-0.031147530652058705,0.026601876086616207,4,4,96,92,4,116,1.2083333333333333,4,0.041666666666666664,0.000487600002088584
169,21061098,3,prefix,8,16,8,8,0.5,0.5,66,72,-0.14768324711686298,-0.04893026663515511,-0.29734829491271275,5,5,72,70,2,28,0.3888888888888889,5,0.027777777777777776,0.0002834000042639673
169,21061098,3,suffix,8,16,8,8,0.5,0.5,66,72,-0.14768324711686298,-0.04893026663515511,-0.29734829491271275,5,5,104,102,2,188,1.8076923076923077,5,0.019230769230769232,0.000643899998976849
170,21061099,3,prefix,8,16,8,8,0.5,0.5,66,72,0.11556736522762925,0.008514798318985268,0.06445960772983274,4,4,72,68,4,22,0.3055555555555556,4,0.05555555555555555,0.0002869000018108636
170,21061099,3,suffix,8,16,8,8,0.5,0.5,66,72,0.11556736522762925,0.008514798318985268,0.06445960772983274,4,4,96,92,4,118,1.2291666666666667,4,0.041666666666666664,0.0005040999967604876
171,21061100,3,prefix,8,16,8,8,0.5,0.5,66,72,-0.07474375341019429,-0.0648698638409104,0.09683390357272145,4,4,72,70,2,36,0.5,5,0.027777777777777776,0.00029660000291187316
171,21061100,3,suffix,8,16,8,8,0.5,0.5,66,72,-0.07474375341019429,-0.0648698638409104,0.09683390357272145,4,4,96,94,2,132,1.375,5,0.020833333333333332,0.0005130000063218176
172,21061101,3,prefix,8,16,8,8,0.5,0.5,66,72,0.10090567352707931,0.05781101573141792,-0.18012844063300157,3,3,72,67,5,11,0.1527777777777778,3,0.06944444444444445,0.0002510999911464751
172,21061101,3,suffix,8,16,8,8,0.5,0.5,66,72,0.10090567352707931,0.05781101573141792,-0.18012844063300157,3,3,88,83,5,59,0.6704545454545454,3,0.056818181818181816,0.0003699999942909926
173,21061102,3,prefix,8,16,8,8,0.5,0.5,66,72,-0.16614454043957722,0.02235848624765827,0.03586806727345259,5,5,72,69,3,23,0.3194444444444444,5,0.041666666666666664,0.00027469999622553587
173,21061102,3,suffix,8,16,8,8,0.5,0.5,66,72,-0.16614454043957722,0.02235848624765827,0.03586806727345259,5,5,104,101,3,183,1.7596153846153846,5,0.028846153846153848,0.0006156999879749492
174,21061103,3,prefix,8,16,8,8,0.5,0.5,66,72,0.03983235017770753,0.06162072815999987,-0.12127006936522734,5,5,72,69,3,29,0.4027777777777778,5,0.041666666666666664,0.00028979999478906393
174,21061103,3,suffix,8,16,8,8,0.5,0.5,66,72,0.03983235017770753,0.06162072815999987,-0.12127006936522734,5,5,104,101,3,189,1.8173076923076923,5,0.028846153846153848,0.0006595000013476238
175,21061104,3,prefix,8,16,8,8,0.5,0.5,66,72,-0.16901922436540595,-0.06764759432072383,-0.06150675403020871,3,3,72,67,5,16,0.2222222222222222,3,0.06944444444444445,0.00025779999850783497
175,21061104,3,suffix,8,16,8,8,0.5,0.5,66,72,-0.16901922436540595,-0.06764759432072383,-0.06150675403020871,3,3,88,83,5,64,0.7272727272727273,3,0.056818181818181816,0.00037779999547638
176,21061105,3,prefix,8,16,8,8,0.5,0.5,66,72,0.1804919945662094,-0.050330554185664664,0.08565219457551693,5,5,72,69,3,23,0.3194444444444444,5,0.041666666666666664,0.0002707000094233081
176,21061105,3,suffix,8,16,8,8,0.5,0.5,66,72,0.1804919945662094,-0.050330554185664664,0.08565219457551693,5,5,104,101,3,183,1.7596153846153846,5,0.028846153846153848,0.0006136000010883436
177,21061106,3,prefix,8,16,8,8,0.5,0.5,66,72,-0.227450668729491,0.13490439994829917,0.120676303408349,4,4,72,69,3,21,0.2916666666666667,4,0.041666666666666664,0.0002702000056160614
177,21061106,3,suffix,8,16,8,8,0.5,0.5,66,72,-0.227450668729491,0.13490439994829917,0.120676303408349,4,4,96,93,3,117,1.21875,4,0.03125,0.0004895000020042062
178,21061107,3,prefix,8,16,8,8,0.5,0.5,66,72,-0.09153837131082034,0.14324567428254428,0.050395703596995474,5,5,72,69,3,26,0.3611111111111111,5,0.041666666666666664,0.0002906000008806586
178,21061107,3,suffix,8,16,8,8,0.5,0.5,66,72,-0.09153837131082034,0.14324567428254428,0.050395703596995474,5,5,104,101,3,186,1.7884615384615385,5,0.028846153846153848,0.0006206999969435856
179,21061108,3,prefix,8,16,8,8,0.5,0.5,66,72,0.014741314048028765,0.029618973399510033,0.06376401305857834,4,4,72,68,4,18,0.25,4,0.05555555555555555,0.00027119999867863953
179,21061108,3,suffix,8,16,8,8,0.5,0.5,66,72,0.014741314048028765,0.029618973399510033,0.06376401305857834,4,4,96,92,4,114,1.1875,4,0.041666666666666664,0.0004936999903293326
180,21061109,3,prefix,8,16,8,8,0.5,0.5,66,72,-0.19744004680687977,-0.0921404574167273,0.18190716927209813,5,5,72,69,3,27,0.375,5,0.041666666666666664,0.0002852000034181401
180,21061109,3,suffix,8,16,8,8,0.5,0.5,66,72,-0.19744004680687977,-0.0921404574167273,0.18190716927209813,5,5,104,101,3,187,1.7980769230769231,5,0.028846153846153848,0.0006335999933071434
181,21061110,3,prefix,8,16,8,8,0.5,0.5,66,72,0.20034594567462424,0.008044185372891154,0.09290282442131688,6,6,72,70,2,35,0.4861111111111111,6,0.027777777777777776,0.0002928000030806288
181,21061110,3,suffix,8,16,8,8,0.5,0.5,66,72,0.20034594567462424,0.008044185372891154,0.09290282442131688,6,6,112,110,2,275,2.455357142857143,6,0.017857142857142856,0.0007983999967109412
182,21061111,3,prefix,8,16,8,8,0.5,0.5,66,72,0.1930052914288837,0.05135568671216735,-0.10109434032563068,5,5,72,69,3,25,0.3472222222222222,5,0.041666666666666664,0.00027720000070985407
182,21061111,3,suffix,8,16,8,8,0.5,0.5,66,72,0.1930052914288837,0.05135568671216735,-0.10109434032563068,5,5,104,101,3,185,1.7788461538461537,5,0.028846153846153848,0.0006319000094663352
183,21061112,3,prefix,8,16,8,8,0.5,0.5,66,72,0.05177778885932785,0.060158739978304836,0.01572496188355705,5,5,72,69,3,23,0.3194444444444444,5,0.041666666666666664,0.00027770000451710075
183,21061112,3,suffix,8,16,8,8,0.5,0.5,66,72,0.05177778885932785,0.060158739978304836,0.01572496188355705,5,5,104,101,3,183,1.7596153846153846,5,0.028846153846153848,0.0006225000106496736
184,21061113,3,prefix,8,16,8,8,0.5,0.5,66,72,-0.11147750963879084,-0.05803619186136187,-0.026782165575109478,5,5,72,69,3,23,0.3194444444444444,5,0.041666666666666664,0.00027439999394118786
184,21061113,3,suffix,8,16,8,8,0.5,0.5,66,72,-0.11147750963879084,-0.05803619186136187,-0.026782165575109478,5,5,104,101,3,183,1.7596153846153846,5,0.028846153846153848,0.0006184999947436154
185,21061114,3,prefix,8,16,8,8,0.5,0.5,66,72,0.1574085913318594,-0.17121264958735163,0.14410553936071685,4,4,72,68,4,17,0.2361111111111111,4,0.05555555555555555,0.0002739000046858564
185,21061114,3,suffix,8,16,8,8,0.5,0.5,66,72,0.1574085913318594,-0.17121264958735163,0.14410553936071685,4,4,96,92,4,113,1.1770833333333333,4,0.041666666666666664,0.0004856000014115125
186,21061115,3,prefix,8,16,8,8,0.5,0.5,66,72,0.01923373137229911,0.1582511050113073,0.13311963843343008,5,5,72,69,3,31,0.4305555555555556,5,0.041666666666666664,0.0002860999957192689
186,21061115,3,suffix,8,16,8,8,0.5,0.5,66,72,0.01923373137229911,0.1582511050113073,0.13311963843343008,5,5,104,101,3,191,1.8365384615384615,5,0.028846153846153848,0.0006761000113328919
187,21061116,3,prefix,8,16,8,8,0.5,0.5,66,72,0.10483690033638243,0.33311159101694476,0.09754549480393605,5,5,72,69,3,23,0.3194444444444444,5,0.041666666666666664,0.0002801999944495037
187,21061116,3,suffix,8,16,8,8,0.5,0.5,66,72,0.10483690033638243,0.33311159101694476,0.09754549480393605,5,5,104,101,3,183,1.7596153846153846,5,0.028846153846153848,0.0006309000018518418
188,21061117,3,prefix,8,16,8,8,0.5,0.5,66,72,0.1089631300038567,0.03341587355307183,-0.07393581026850295,3,3,72,67,5,13,0.18055555555555555,3,0.06944444444444445,0.0002542000001994893
188,21061117,3,suffix,8,16,8,8,0.5,0.5,66,72,0.1089631300038567,0.03341587355307183,-0.07393581026850295,3,3,88,83,5,61,0.6931818181818182,3,0.056818181818181816,0.0003757999947993085
189,21061118,3,prefix,8,16,8,8,0.5,0.5,66,72,-0.018120995871509213,-0.02868926208722392,-0.08365721909212799,4,4,72,68,4,18,0.25,4,0.05555555555555555,0.00026149999757763
189,21061118,3,suffix,8,16,8,8,0.5,0.5,66,72,-0.018120995871509213,-0.02868926208722392,-0.08365721909212799,4,4,96,92,4,114,1.1875,4,0.041666666666666664,0.0004837000014958903
190,21061119,3,prefix,8,16,8,8,0.5,0.5,66,72,-0.06225474811661289,-0.0627926470970029,-0.07148023585550947,5,5,72,69,3,27,0.375,5,0.041666666666666664,0.00028509998810477555
190,21061119,3,suffix,8,16,8,8,0.5,0.5,66,72,-0.06225474811661289,-0.0627926470970029,-0.07148023585550947,5,5,104,101,3,187,1.7980769230769231,5,0.028846153846153848,0.0006301000103121623
191,21061120,3,prefix,8,16,8,8,0.5,0.5,66,72,0.22852062397851552,0.09573233934676201,0.06914509889874153,4,4,72,69,3,19,0.2638888888888889,4,0.041666666666666664,0.0002835999912349507
191,21061120,3,suffix,8,16,8,8,0.5,0.5,66,72,0.22852062397851552,0.09573233934676201,0.06914509889874153,4,4,96,93,3,115,1.1979166666666667,4,0.03125,0.000492200008011423
192,21061121,3,prefix,8,16,8,8,0.5,0.5,66,72,0.11617144505164653,0.19617246945057967,-0.1943439335900691,5,5,72,69,3,23,0.3194444444444444,5,0.041666666666666664,0.0002783999952953309
192,21061121,3,suffix,8,16,8,8,0.5,0.5,66,72,0.11617144505164653,0.19617246945057967,-0.1943439335900691,5,5,104,101,3,183,1.7596153846153846,5,0.028846153846153848,0.0006504000048153102
193,21061122,3,prefix,8,16,8,8,0.5,0.5,66,72,-0.01600744768205559,0.09552886974720684,0.16606899818973225,2,2,72,66,6,8,0.1111111111111111,2,0.08333333333333333,0.0002423999976599589
193,21061122,3,suffix,8,16,8,8,0.5,0.5,66,72,-0.01600744768205559,0.09552886974720684,0.16606899818973225,2,2,80,74,6,24,0.3,2,0.075,0.0002947999892057851
194,21061123,3,prefix,8,16,8,8,0.5,0.5,66,72,-0.016380698342199025,0.14594856879958704,0.024487148120770273,6,6,72,71,1,44,0.6111111111111112,6,0.013888888888888888,0.0003026999911526218
194,21061123,3,suffix,8,16,8,8,0.5,0.5,66,72,-0.016380698342199025,0.14594856879958704,0.024487148120770273,6,6,112,111,1,284,2.5357142857142856,6,0.008928571428571428,0.0008067000017035753
195,21061124,3,prefix,8,16,8,8,0.5,0.5,66,72,-0.12986362244590474,-0.047326046645104924,0.1391282454576038,7,7,72,71,1,45,0.625,7,0.013888888888888888,0.0003181999927619472
195,21061124,3,suffix,8,16,8,8,0.5,0.5,66,72,-0.12986362244590474,-0.047326046645104924,0.1391282454576038,7,7,120,119,1,381,3.175,7,0.008333333333333333,0.0009919000003719702
196,21061125,3,prefix,8,16,8,8,0.5,0.5,66,72,-0.052093027683617794,-0.272138155246898,0.18273477975963337,6,6,72,70,2,35,0.4861111111111111,6,0.027777777777777776,0.00029240000003483146
196,21061125,3,suffix,8,16,8,8,0.5,0.5,66,72,-0.052093027683617794,-0.272138155246898,0.18273477975963337,6,6,112,110,2,275,2.455357142857143,6,0.017857142857142856,0.000792199993156828
197,21061126,3,prefix,8,16,8,8,0.5,0.5,66,72,-0.25548982399239445,-0.21102140434946792,0.18609261874625938,5,5,72,69,3,32,0.4444444444444444,5,0.041666666666666664,0.0002832000027410686
197,21061126,3,suffix,8,16,8,8,0.5,0.5,66,72,-0.25548982399239445,-0.21102140434946792,0.18609261874625938,5,5,104,101,3,192,1.8461538461538463,5,0.028846153846153848,0.0006339999963529408
198,21061127,3,prefix,8,16,8,8,0.5,0.5,66,72,-0.07018307555267789,-0.14710730501409935,0.11744210337710431,4,4,72,70,2,29,0.4027777777777778,4,0.027777777777777776,0.0002806999982567504
198,21061127,3,suffix,8,16,8,8,0.5,0.5,66,72,-0.07018307555267789,-0.14710730501409935,0.11744210337710431,4,4,96,94,2,125,1.3020833333333333,4,0.020833333333333332,0.0005050000036135316
199,21061128,3,prefix,8,16,8,8,0.5,0.5,66,72,0.059115436940621297,-0.0067731039772244836,-0.23569512860961786,4,4,72,68,4,16,0.2222222222222222,4,0.05555555555555555,0.0003192000003764406
199,21061128,3,suffix,8,16,8,8,0.5,0.5,66,72,0.059115436940621297,-0.0067731039772244836,-0.23569512860961786,4,4,96,92,4,112,1.1666666666666667,4,0.041666666666666664,0.0004888999974355102
200,21061129,3,prefix,8,16,8,8,0.5,0.5,66,72,-0.08078745002581252,-0.06228970534699093,0.288596963346663,2,2,72,68,4,20,0.2777777777777778,3,0.05555555555555555,0.00030810000316705555
200,21061129,3,suffix,8,16,8,8,0.5,0.5,66,72,-0.08078745002581252,-0.06228970534699093,0.288596963346663,2,2,80,76,4,36,0.45,3,0.05,0.0003124000068055466
201,21061130,3,prefix,8,16,8,8,0.5,0.5,66,72,0.00019060089023520215,-0.03707470572507476,-0.06472123500864728,7,7,72,71,1,44,0.6111111111111112,7,0.013888888888888888,0.0003012999950442463
201,21061130,3,suffix,8,16,8,8,0.5,0.5,66,72,0.00019060089023520215,-0.03707470572507476,-0.06472123500864728,7,7,120,119,1,380,3.1666666666666665,7,0.008333333333333333,0.0009785000002011657
202,21061131,3,prefix,8,16,8,8,0.5,0.5,66,72,-0.03905320991101248,-0.271416634393539,0.04816397190505134,5,5,72,69,3,23,0.3194444444444444,5,0.041666666666666664,0.00027319999935571104
202,21061131,3,suffix,8,16,8,8,0.5,0.5,66,72,-0.03905320991101248,-0.271416634393539,0.04816397190505134,5,5,104,101,3,183,1.7596153846153846,5,0.028846153846153848,0.0006348000024445355
203,21061132,3,prefix,8,16,8,8,0.5,0.5,66,72,-0.19829430796171985,0.04536972578617001,-0.012914181374110812,3,3,72,67,5,13,0.18055555555555555,3,0.06944444444444445,0.00026699999580159783
203,21061132,3,suffix,8,16,8,8,0.5,0.5,66,72,-0.19829430796171985,0.04536972578617001,-0.012914181374110812,3,3,88,83,5,61,0.6931818181818182,3,0.056818181818181816,0.0003797000099439174
204,21061133,3,prefix,8,16,8,8,0.5,0.5,66,72,0.006746380730106195,0.16063533578691716,-0.0400579371382996,5,5,72,69,3,26,0.3611111111111111,5,0.041666666666666664,0.0002902999985963106
204,21061133,3,suffix,8,16,8,8,0.5,0.5,66,72,0.006746380730106195,0.16063533578691716,-0.0400579371382996,5,5,104,101,3,186,1.7884615384615385,5,0.028846153846153848,0.0006250999867916107
205,21061134,3,prefix,8,16,8,8,0.5,0.5,66,72,-6.129842677209848e-05,0.033291852992768156,-0.001441025752472285,6,6,72,71,1,37,0.5138888888888888,6,0.013888888888888888,0.00029499999072868377
205,21061134,3,suffix,8,16,8,8,0.5,0.5,66,72,-6.129842677209848e-05,0.033291852992768156,-0.001441025752472285,6,6,112,111,1,277,2.4732142857142856,6,0.008928571428571428,0.0007963999960338697
206,21061135,3,prefix,8,16,8,8,0.5,0.5,66,72,0.23044337824053035,0.05169082531288022,-0.11079451363051986,6,6,72,70,2,32,0.4444444444444444,6,0.027777777777777776,0.0002886000002035871
206,21061135,3,suffix,8,16,8,8,0.5,0.5,66,72,0.23044337824053035,0.05169082531288022,-0.11079451363051986,6,6,112,110,2,272,2.4285714285714284,6,0.017857142857142856,0.0008070000039879233
207,21061136,3,prefix,8,16,8,8,0.5,0.5,66,72,0.16050012359651802,-0.07993059883844252,-0.08841115599510314,1,1,72,66,6,8,0.1111111111111111,1,0.08333333333333333,0.0002621999883558601
207,21061136,3,suffix,8,16,8,8,0.5,0.5,66,72,0.16050012359651802,-0.07993059883844252,-0.08841115599510314,1,1,72,66,6,8,0.1111111111111111,1,0.08333333333333333,0.0002539999986765906
208,21061137,3,prefix,8,16,8,8,0.5,0.5,66,72,0.03315801984757735,0.04877543665271642,-0.0946121786533067,5,5,72,69,3,23,0.3194444444444444,5,0.041666666666666664,0.000275999991572462
208,21061137,3,suffix,8,16,8,8,0.5,0.5,66,72,0.03315801984757735,0.04877543665271642,-0.0946121786533067,5,5,104,101,3,183,1.7596153846153846,5,0.028846153846153848,0.0006250000005820766
209,21061138,3,prefix,8,16,8,8,0.5,0.5,66,72,-0.03500779665026778,-0.17292940411040858,-0.009758625223269531,7,7,72,71,1,45,0.625,7,0.013888888888888888,0.0003036999987671152
209,21061138,3,suffix,8,16,8,8,0.5,0.5,66,72,-0.03500779665026778,-0.17292940411040858,-0.009758625223269531,7,7,120,119,1,381,3.175,7,0.008333333333333333,0.0012724999978672713
210,21061139,3,prefix,8,16,8,8,0.5,0.5,66,72,9.592239031607107e-05,-0.03545713807981345,0.03725803148635782,3,3,72,69,3,24,0.3333333333333333,4,0.041666666666666664,0.0002896000078180805
210,21061139,3,suffix,8,16,8,8,0.5,0.5,66,72,9.592239031607107e-05,-0.03545713807981345,0.03725803148635782,3,3,88,85,3,72,0.8181818181818182,4,0.03409090909090909,0.000407600004109554
211,21061140,3,prefix,8,16,8,8,0.5,0.5,66,72,-0.00893643120843687,0.08761181985154085,0.09173498493639294,3,3,72,67,5,12,0.16666666666666666,3,0.06944444444444445,0.00026369999977760017
211,21061140,3,suffix,8,16,8,8,0.5,0.5,66,72,-0.00893643120843687,0.08761181985154085,0.09173498493639294,3,3,88,83,5,60,0.6818181818181818,3,0.056818181818181816,0.00038570001197513193
212,21061141,3,prefix,8,16,8,8,0.5,0.5,66,72,-0.2372589072762634,-0.11844957924200672,0.20271033143164083,3,3,72,67,5,15,0.20833333333333334,3,0.06944444444444445,0.0002686000079847872
212,21061141,3,suffix,8,16,8,8,0.5,0.5,66,72,-0.2372589072762634,-0.11844957924200672,0.20271033143164083,3,3,88,83,5,63,0.7159090909090909,3,0.056818181818181816,0.000382099999114871
213,21061142,3,prefix,8,16,8,8,0.5,0.5,66,72,-0.00010615302679834899,-0.23959531478260324,0.09531207177307928,5,5,72,69,3,30,0.4166666666666667,5,0.041666666666666664,0.0003073999978369102
213,21061142,3,suffix,8,16,8,8,0.5,0.5,66,72,-0.00010615302679834899,-0.23959531478260324,0.09531207177307928,5,5,104,101,3,190,1.8269230769230769,5,0.028846153846153848,0.0006322999979602173
214,21061143,3,prefix,8,16,8,8,0.5,0.5,66,72,-0.12076641075653635,-0.006245840690415553,-0.14084253142514866,5,5,72,69,3,27,0.375,5,0.041666666666666664,0.00029749999521300197
214,21061143,3,suffix,8,16,8,8,0.5,0.5,66,72,-0.12076641075653635,-0.006245840690415553,-0.14084253142514866,5,5,104,101,3,187,1.7980769230769231,5,0.028846153846153848,0.0006419000128516927
215,21061144,3,prefix,8,16,8,8,0.5,0.5,66,72,0.11581508591550452,-0.16629528904311355,-0.03261001759261052,4,4,72,68,4,18,0.25,4,0.05555555555555555,0.00026649999199435115
215,21061144,3,suffix,8,16,8,8,0.5,0.5,66,72,0.11581508591550452,-0.16629528904311355,-0.03261001759261052,4,4,96,92,4,114,1.1875,4,0.041666666666666664,0.0005027000006521121
216,21061145,3,prefix,8,16,8,8,0.5,0.5,66,72,-0.105042405079576,-0.159665365346704,0.010126789730561032,4,4,72,69,3,23,0.3194444444444444,4,0.041666666666666664,0.00027570000384002924
216,21061145,3,suffix,8,16,8,8,0.5,0.5,66,72,-0.105042405079576,-0.159665365346704,0.010126789730561032,4,4,96,93,3,119,1.2395833333333333,4,0.03125,0.0005048000020906329
217,21061146,3,prefix,8,16,8,8,0.5,0.5,66,72,0.05738785855458736,-0.2124618582100756,-0.07794426688685022,4,4,72,68,4,18,0.25,4,0.05555555555555555,0.0002648000081535429
217,21061146,3,suffix,8,16,8,8,0.5,0.5,66,72,0.05738785855458736,-0.2124618582100756,-0.07794426688685022,4,4,96,92,4,114,1.1875,4,0.041666666666666664,0.00048659999447409064
218,21061147,3,prefix,8,16,8,8,0.5,0.5,66,72,0.23623168612040418,-0.1489579859255156,-0.017963392801199903,4,4,72,69,3,24,0.3333333333333333,4,0.041666666666666664,0.0002761999930953607
218,21061147,3,suffix,8,16,8,8,0.5,0.5,66,72,0.23623168612040418,-0.1489579859255156,-0.017963392801199903,4,4,96,93,3,120,1.25,4,0.03125,0.0004977000062353909
219,21061148,3,prefix,8,16,8,8,0.5,0.5,66,72,0.08352120801566087,-0.06796075745350051,-0.34290073612032496,4,4,72,68,4,21,0.2916666666666667,4,0.05555555555555555,0.0002843999973265454
219,21061148,3,suffix,8,16,8,8,0.5,0.5,66,72,0.08352120801566087,-0.06796075745350051,-0.34290073612032496,4,4,96,92,4,117,1.21875,4,0.041666666666666664,0.0004898000042885542
220,21061149,3,prefix,8,16,8,8,0.5,0.5,66,72,-0.07667674251855659,-0.050472325967017645,0.008674634307560559,4,4,72,68,4,16,0.2222222222222222,4,0.05555555555555555,0.00026000000070780516
220,21061149,3,suffix,8,16,8,8,0.5,0.5,66,72,-0.07667674251855659,-0.050472325967017645,0.008674634307560559,4,4,96,92,4,112,1.1666666666666667,4,0.041666666666666664,0.0005088000034447759
221,21061150,3,prefix,8,16,8,8,0.5,0.5,66,72,-0.10454012617451998,-0.1281537520930175,0.09290197678668849,3,3,72,67,5,13,0.18055555555555555,3,0.06944444444444445,0.0002562000008765608
221,21061150,3,suffix,8,16,8,8,0.5,0.5,66,72,-0.10454012617451998,-0.1281537520930175,0.09290197678668849,3,3,88,83,5,61,0.6931818181818182,3,0.056818181818181816,0.0003741999971680343
222,21061151,3,prefix,8,16,8,8,0.5,0.5,66,72,0.12555475054739643,-0.3277932737556548,0.21462357563529075,6,6,72,70,2,38,0.5277777777777778,6,0.027777777777777776,0.0002930000046035275
222,21061151,3,suffix,8,16,8,8,0.5,0.5,66,72,0.12555475054739643,-0.3277932737556548,0.21462357563529075,6,6,112,110,2,278,2.482142857142857,6,0.017857142857142856,0.0007989000005181879
223,21061152,3,prefix,8,16,8,8,0.5,0.5,66,72,-0.1609372047517099,0.21913743234213973,-0.15622460966383622,6,6,72,70,2,32,0.4444444444444444,6,0.027777777777777776,0.00028250001196283847
223,21061152,3,suffix,8,16,8,8,0.5,0.5,66,72,-0.1609372047517099,0.21913743234213973,-0.15622460966383622,6,6,112,110,2,272,2.4285714285714284,6,0.017857142857142856,0.0007838000019546598
224,21061153,3,prefix,8,16,8,8,0.5,0.5,66,72,0.012392607079949124,-0.07087137953625941,-0.061439038727983494,7,7,72,71,1,43,0.5972222222222222,7,0.013888888888888888,0.000305800000205636
224,21061153,3,suffix,8,16,8,8,0.5,0.5,66,72,0.012392607079949124,-0.07087137953625941,-0.061439038727983494,7,7,120,119,1,379,3.158333333333333,7,0.008333333333333333,0.0009804000001167879
225,21061154,3,prefix,8,16,8,8,0.5,0.5,66,72,0.087918834828865,-0.16555782731551053,-0.08616447450657456,4,4,72,68,4,24,0.3333333333333333,4,0.05555555555555555,0.0002767000114545226
225,21061154,3,suffix,8,16,8,8,0.5,0.5,66,72,0.087918834828865,-0.16555782731551053,-0.08616447450657456,4,4,96,92,4,120,1.25,4,0.041666666666666664,0.0005021000106353313
226,21061155,3,prefix,8,16,8,8,0.5,0.5,66,72,-0.09396027114106505,0.19317130663140364,-0.09646232942183426,5,5,72,71,1,38,0.5277777777777778,5,0.013888888888888888,0.00033460000122431666
226,21061155,3,suffix,8,16,8,8,0.5,0.5,66,72,-0.09396027114106505,0.19317130663140364,-0.09646232942183426,5,5,104,103,1,198,1.9038461538461537,5,0.009615384615384616,0.0006434999959310517
227,21061156,3,prefix,8,16,8,8,0.5,0.5,66,72,0.011267089321860622,-0.07866238592015416,0.027220044801682452,4,4,72,68,4,23,0.3194444444444444,4,0.05555555555555555,0.00028140000358689576
227,21061156,3,suffix,8,16,8,8,0.5,0.5,66,72,0.011267089321860622,-0.07866238592015416,0.027220044801682452,4,4,96,92,4,119,1.2395833333333333,4,0.041666666666666664,0.0004920000064885244
228,21061157,3,prefix,8,16,8,8,0.5,0.5,66,72,0.1160952761959515,-0.03762753742074264,-0.10993062684458647,2,2,72,66,6,9,0.125,2,0.08333333333333333,0.0002562000008765608
228,21061157,3,suffix,8,16,8,8,0.5,0.5,66,72,0.1160952761959515,-0.03762753742074264,-0.10993062684458647,2,2,80,74,6,25,0.3125,2,0.075,0.0003034000110346824
229,21061158,3,prefix,8,16,8,8,0.5,0.5,66,72,0.07581852880240994,-0.06869568295715903,0.1827859344536071,2,2,72,66,6,8,0.1111111111111111,2,0.08333333333333333,0.0002410000015515834
229,21061158,3,suffix,8,16,8,8,0.5,0.5,66,72,0.07581852880240994,-0.06869568295715903,0.1827859344536071,2,2,80,74,6,24,0.3,2,0.075,0.0002889000024879351
230,21061159,3,prefix,8,16,8,8,0.5,0.5,66,72,-0.16378642338733732,-0.06741503495243176,-0.0012150898682524232,6,6,72,71,1,43,0.5972222222222222,6,0.013888888888888888,0.00036029999318998307
230,21061159,3,suffix,8,16,8,8,0.5,0.5,66,72,-0.16378642338733732,-0.06741503495243176,-0.0012150898682524232,6,6,112,111,1,283,2.5267857142857144,6,0.008928571428571428,0.0007998000073712319
231,21061160,3,prefix,8,16,8,8,0.5,0.5,66,72,-0.02143254240838096,0.016055911078442422,-0.20861828947318906,4,4,72,68,4,17,0.2361111111111111,4,0.05555555555555555,0.0002736000024015084
231,21061160,3,suffix,8,16,8,8,0.5,0.5,66,72,-0.02143254240838096,0.016055911078442422,-0.20861828947318906,4,4,96,92,4,113,1.1770833333333333,4,0.041666666666666664,0.0004955000040354207
232,21061161,3,prefix,8,16,8,8,0.5,0.5,66,72,0.049924888884940705,0.001068829557319288,0.062060475850727194,5,5,72,69,3,30,0.4166666666666667,5,0.041666666666666664,0.0003133999998681247
232,21061161,3,suffix,8,16,8,8,0.5,0.5,66,72,0.049924888884940705,0.001068829557319288,0.062060475850727194,5,5,104,101,3,190,1.8269230769230769,5,0.028846153846153848,0.0006359999970300123
233,21061162,3,prefix,8,16,8,8,0.5,0.5,66,72,-0.0805230904149861,-0.008082201042544295,-0.10548777609627319,7,7,72,71,1,44,0.6111111111111112,7,0.013888888888888888,0.00031180000223685056
233,21061162,3,suffix,8,16,8,8,0.5,0.5,66,72,-0.0805230904149861,-0.008082201042544295,-0.10548777609627319,7,7,120,119,1,380,3.1666666666666665,7,0.008333333333333333,0.0009848000045167282
234,21061163,3,prefix,8,16,8,8,0.5,0.5,66,72,0.1251337470753083,-0.04087161026784976,-0.10890517144810165,3,3,72,67,5,18,0.25,3,0.06944444444444445,0.00026429998979438096
234,21061163,3,suffix,8,16,8,8,0.5,0.5,66,72,0.1251337470753083,-0.04087161026784976,-0.10890517144810165,3,3,88,83,5,66,0.75,3,0.056818181818181816,0.00038500000664498657
235,21061164,3,prefix,8,16,8,8,0.5,0.5,66,72,0.1792074423297352,0.11173342522795317,-0.009150278377495413,7,7,72,71,1,43,0.5972222222222222,7,0.013888888888888888,0.00038299999141599983
235,21061164,3,suffix,8,16,8,8,0.5,0.5,66,72,0.1792074423297352,0.11173342522795317,-0.009150278377495413,7,7,120,119,1,379,3.158333333333333,7,0.008333333333333333,0.0009855000098468736
236,21061165,3,prefix,8,16,8,8,0.5,0.5,66,72,-0.037503767749080555,-0.0052989514721337744,-0.06261503904153014,4,4,72,69,3,20,0.2777777777777778,4,0.041666666666666664,0.00027010000485461205
236,21061165,3,suffix,8,16,8,8,0.5,0.5,66,72,-0.037503767749080555,-0.0052989514721337744,-0.06261503904153014,4,4,96,93,3,116,1.2083333333333333,4,0.03125,0.0005001999961677939
237,21061166,3,prefix,8,16,8,8,0.5,0.5,66,72,0.04602988037016846,0.26289918900770254,-0.0649135461614494,2,2,72,66,6,14,0.19444444444444445,2,0.08333333333333333,0.0002528999903006479
237,21061166,3,suffix,8,16,8,8,0.5,0.5,66,72,0.04602988037016846,0.26289918900770254,-0.0649135461614494,2,2,80,74,6,30,0.375,2,0.075,0.0003009000065503642
238,21061167,3,prefix,8,16,8,8,0.5,0.5,66,72,0.22042834365103092,0.028977273680295332,-0.18081069277586337,4,4,72,69,3,25,0.3472222222222222,4,0.041666666666666664,0.0002736000024015084
238,21061167,3,suffix,8,16,8,8,0.5,0.5,66,72,0.22042834365103092,0.028977273680295332,-0.18081069277586337,4,4,96,93,3,121,1.2604166666666667,4,0.03125,0.0004979999939678237
239,21061168,3,prefix,8,16,8,8,0.5,0.5,66,72,0.1966112886010318,-0.1759582703044351,-0.09129568974558963,6,6,72,70,2,39,0.5416666666666666,6,0.027777777777777776,0.0003269000008003786
239,21061168,3,suffix,8,16,8,8,0.5,0.5,66,72,0.1966112886010318,-0.1759582703044351,-0.09129568974558963,6,6,112,110,2,279,2.4910714285714284,6,0.017857142857142856,0.000797400003648363
240,21061169,3,prefix,8,16,8,8,0.5,0.5,66,72,0.06902439831512325,0.0675934914959474,0.12344052560330543,6,6,72,70,2,34,0.4722222222222222,6,0.027777777777777776,0.00030449999030679464
240,21061169,3,suffix,8,16,8,8,0.5,0.5,66,72,0.06902439831512325,0.0675934914959474,0.12344052560330543,6,6,112,110,2,274,2.4464285714285716,6,0.017857142857142856,0.0007866999949328601
241,21061170,3,prefix,8,16,8,8,0.5,0.5,66,72,-0.04939035598658691,-0.026613112019625736,-0.049160528943936,3,3,72,68,4,23,0.3194444444444444,3,0.05555555555555555,0.00027039999258704484
241,21061170,3,suffix,8,16,8,8,0.5,0.5,66,72,-0.04939035598658691,-0.026613112019625736,-0.049160528943936,3,3,88,84,4,71,0.8068181818181818,3,0.045454545454545456,0.0004192999913357198
242,21061171,3,prefix,8,16,8,8,0.5,0.5,66,72,0.03215347585398118,-0.12053294183679707,0.06675169025679761,6,6,72,70,2,40,0.5555555555555556,6,0.027777777777777776,0.0003004000027431175
242,21061171,3,suffix,8,16,8,8,0.5,0.5,66,72,0.03215347585398118,-0.12053294183679707,0.06675169025679761,6,6,112,110,2,280,2.5,6,0.017857142857142856,0.0008142000006046146
243,21061172,3,prefix,8,16,8,8,0.5,0.5,66,72,0.08472829339714605,0.11355760184129454,0.09342431316662107,3,3,72,67,5,13,0.18055555555555555,3,0.06944444444444445,0.00026849999267142266
243,21061172,3,suffix,8,16,8,8,0.5,0.5,66,72,0.08472829339714605,0.11355760184129454,0.09342431316662107,3,3,88,83,5,61,0.6931818181818182,3,0.056818181818181816,0.00037710000469814986
244,21061173,3,prefix,8,16,8,8,0.5,0.5,66,72,-0.08303286153748328,-0.1701671263430189,-0.006844682935090434,5,5,72,69,3,26,0.3611111111111111,5,0.041666666666666664,0.0002880000101868063
244,21061173,3,suffix,8,16,8,8,0.5,0.5,66,72,-0.08303286153748328,-0.1701671263430189,-0.006844682935090434,5,5,104,101,3,186,1.7884615384615385,5,0.028846153846153848,0.0006185999955050647
245,21061174,3,prefix,8,16,8,8,0.5,0.5,66,72,0.09221675435570555,0.06150595954335747,0.09412835130513608,4,4,72,68,4,16,0.2222222222222222,4,0.05555555555555555,0.00025790001382119954
245,21061174,3,suffix,8,16,8,8,0.5,0.5,66,72,0.09221675435570555,0.06150595954335747,0.09412835130513608,4,4,96,92,4,112,1.1666666666666667,4,0.041666666666666664,0.00047990000166464597
246,21061175,3,prefix,8,16,8,8,0.5,0.5,66,72,-0.011971841570936052,0.005373742868818585,-0.1626758831255852,5,5,72,69,3,23,0.3194444444444444,5,0.041666666666666664,0.00027319999935571104
246,21061175,3,suffix,8,16,8,8,0.5,0.5,66,72,-0.011971841570936052,0.005373742868818585,-0.1626758831255852,5,5,104,101,3,183,1.7596153846153846,5,0.028846153846153848,0.0006193000008352101
247,21061176,3,prefix,8,16,8,8,0.5,0.5,66,72,-0.03475063237451462,0.21240645629504482,-0.037868420488840704,4,4,72,68,4,20,0.2777777777777778,4,0.05555555555555555,0.00027600000612437725
247,21061176,3,suffix,8,16,8,8,0.5,0.5,66,72,-0.03475063237451462,0.21240645629504482,-0.037868420488840704,4,4,96,92,4,116,1.2083333333333333,4,0.041666666666666664,0.0005034000059822574
248,21061177,3,prefix,8,16,8,8,0.5,0.5,66,72,0.3584121839920482,0.17883370824415282,0.1312532018081424,5,5,72,70,2,30,0.4166666666666667,5,0.027777777777777776,0.00028619999648071826
248,21061177,3,suffix,8,16,8,8,0.5,0.5,66,72,0.3584121839920482,0.17883370824415282,0.1312532018081424,5,5,104,102,2,190,1.8269230769230769,5,0.019230769230769232,0.0006613000005017966
249,21061178,3,prefix,8,16,8,8,0.5,0.5,66,72,0.05447754268544826,-0.013859828707349421,-0.09050142921300501,7,7,72,71,1,43,0.5972222222222222,7,0.013888888888888888,0.0003003999881912023
249,21061178,3,suffix,8,16,8,8,0.5,0.5,66,72,0.05447754268544826,-0.013859828707349421,-0.09050142921300501,7,7,120,119,1,379,3.158333333333333,7,0.008333333333333333,0.0009879999997792765
250,21061179,3,prefix,8,16,8,8,0.5,0.5,66,72,-0.04448137727405034,-0.27885590144137,-0.16211307702872138,5,5,72,70,2,29,0.4027777777777778,5,0.027777777777777776,0.00029099998937454075
250,21061179,3,suffix,8,16,8,8,0.5,0.5,66,72,-0.04448137727405034,-0.27885590144137,-0.16211307702872138,5,5,104,102,2,189,1.8173076923076923,5,0.019230769230769232,0.0006493999972008169
251,21061180,3,prefix,8,16,8,8,0.5,0.5,66,72,0.12168347070204989,0.08797847163228598,0.12808688427001666,2,2,72,66,6,8,0.1111111111111111,2,0.08333333333333333,0.00025260000256821513
251,21061180,3,suffix,8,16,8,8,0.5,0.5,66,72,0.12168347070204989,0.08797847163228598,0.12808688427001666,2,2,80,74,6,24,0.3,2,0.075,0.00028780000866390765
252,21061181,3,prefix,8,16,8,8,0.5,0.5,66,72,0.02350288123719641,0.03356431123072851,-0.1351991972952938,6,6,72,70,2,33,0.4583333333333333,6,0.027777777777777776,0.0002906000008806586
252,21061181,3,suffix,8,16,8,8,0.5,0.5,66,72,0.02350288123719641,0.03356431123072851,-0.1351991972952938,6,6,112,110,2,273,2.4375,6,0.017857142857142856,0.0008137999975588173
253,21061182,3,prefix,8,16,8,8,0.5,0.5,66,72,0.01367642956088148,-0.07729227554525729,0.10341090446924558,5,5,72,69,3,24,0.3333333333333333,5,0.041666666666666664,0.00027039999258704484
253,21061182,3,suffix,8,16,8,8,0.5,0.5,66,72,0.01367642956088148,-0.07729227554525729,0.10341090446924558,5,5,104,101,3,184,1.7692307692307692,5,0.028846153846153848,0.0006210999999893829
254,21061183,3,prefix,8,16,8,8,0.5,0.5,66,72,-0.15414099894988162,-0.07446464965401635,0.07842646565504842,4,4,72,68,4,18,0.25,4,0.05555555555555555,0.00026420000358484685
254,21061183,3,suffix,8,16,8,8,0.5,0.5,66,72,-0.15414099894988162,-0.07446464965401635,0.07842646565504842,4,4,96,92,4,114,1.1875,4,0.041666666666666664,0.0004839999892283231
255,21061184,3,prefix,8,16,8,8,0.5,0.5,66,72,-0.1092703810484304,0.0018466832847127827,0.13966818774658238,4,4,72,68,4,16,0.2222222222222222,4,0.05555555555555555,0.0002628999936860055
255,21061184,3,suffix,8,16,8,8,0.5,0.5,66,72,-0.1092703810484304,0.0018466832847127827,0.13966818774658238,4,4,96,92,4,112,1.1666666666666667,4,0.041666666666666664,0.0004995000053895637
256,21061185,3,prefix,8,16,8,8,0.5,0.5,66,72,0.009879341234397123,-0.08505179730452612,0.08700627916156489,4,4,72,68,4,19,0.2638888888888889,4,0.05555555555555555,0.0002860999957192689
256,21061185,3,suffix,8,16,8,8,0.5,0.5,66,72,0.009879341234397123,-0.08505179730452612,0.08700627916156489,4,4,96,92,4,115,1.1979166666666667,4,0.041666666666666664,0.0004937000048812479
257,21061186,3,prefix,8,16,8,8,0.5,0.5,66,72,0.2144050315476987,0.30413829410120524,0.08918990281206805,5,5,72,70,2,37,0.5138888888888888,5,0.027777777777777776,0.00029070000164210796
257,21061186,3,suffix,8,16,8,8,0.5,0.5,66,72,0.2144050315476987,0.30413829410120524,0.08918990281206805,5,5,104,102,2,197,1.8942307692307692,5,0.019230769230769232,0.0006541000038851053
258,21061187,3,prefix,8,16,8,8,0.5,0.5,66,72,0.11035340550597986,-0.019936591771668,-0.16992397133773984,6,6,72,71,1,41,0.5694444444444444,6,0.013888888888888888,0.00030020000122021884
258,21061187,3,suffix,8,16,8,8,0.5,0.5,66,72,0.11035340550597986,-0.019936591771668,-0.16992397133773984,6,6,112,111,1,281,2.5089285714285716,6,0.008928571428571428,0.0008137000113492832
259,21061188,3,prefix,8,16,8,8,0.5,0.5,66,72,-0.14556651512043903,-0.08336085682415968,-0.13562780400469007,5,5,72,69,3,23,0.3194444444444444,5,0.041666666666666664,0.0002776000037556514
259,21061188,3,suffix,8,16,8,8,0.5,0.5,66,72,-0.14556651512043903,-0.08336085682415968,-0.13562780400469007,5,5,104,101,3,183,1.7596153846153846,5,0.028846153846153848,0.0006302000110736117
260,21061189,3,prefix,8,16,8,8,0.5,0.5,66,72,0.08257839997519059,-0.12218844093249401,0.0444090001573303,5,5,72,70,2,29,0.4027777777777778,5,0.027777777777777776,0.0003023000026587397
260,21061189,3,suffix,8,16,8,8,0.5,0.5,66,72,0.08257839997519059,-0.12218844093249401,0.0444090001573303,5,5,104,102,2,189,1.8173076923076923,5,0.019230769230769232,0.0006308000010903925
261,21061190,3,prefix,8,16,8,8,0.5,0.5,66,72,-0.0007652187621564553,0.18700868231454332,-0.027783046359978292,4,4,72,68,4,16,0.2222222222222222,4,0.05555555555555555,0.0002745000092545524
261,21061190,3,suffix,8,16,8,8,0.5,0.5,66,72,-0.0007652187621564553,0.18700868231454332,-0.027783046359978292,4,4,96,92,4,112,1.1666666666666667,4,0.041666666666666664,0.0004830000107176602
262,21061191,3,prefix,8,16,8,8,0.5,0.5,66,72,-0.041983509443065926,-0.1938382752939096,-0.06249338804407842,7,7,72,71,1,48,0.6666666666666666,7,0.013888888888888888,0.0003105999930994585
262,21061191,3,suffix,8,16,8,8,0.5,0.5,66,72,-0.041983509443065926,-0.1938382752939096,-0.06249338804407842,7,7,120,119,1,384,3.2,7,0.008333333333333333,0.000990300002740696
263,21061192,3,prefix,8,16,8,8,0.5,0.5,66,72,-0.24637081690271556,-0.04438894931439367,0.03739167944413107,5,5,72,69,3,23,0.3194444444444444,5,0.041666666666666664,0.00027200000477023423
263,21061192,3,suffix,8,16,8,8,0.5,0.5,66,72,-0.24637081690271556,-0.04438894931439367,0.03739167944413107,5,5,104,101,3,183,1.7596153846153846,5,0.028846153846153848,0.0006301999965216964
264,21061193,3,prefix,8,16,8,8,0.5,0.5,66,72,0.13916801328466724,-0.2805967581445016,-0.08015578864483794,5,5,72,69,3,29,0.4027777777777778,5,0.041666666666666664,0.0002921999985119328
264,21061193,3,suffix,8,16,8,8,0.5,0.5,66,72,0.13916801328466724,-0.2805967581445016,-0.08015578864483794,5,5,104,101,3,189,1.8173076923076923,5,0.028846153846153848,0.0006302999972831458
265,21061194,3,prefix,8,16,8,8,0.5,0.5,66,72,0.044810637819649474,-0.06279205874915814,0.038526173269650785,3,3,72,67,5,11,0.1527777777777778,3,0.06944444444444445,0.0002480999974068254
265,21061194,3,suffix,8,16,8,8,0.5,0.5,66,72,0.044810637819649474,-0.06279205874915814,0.038526173269650785,3,3,88,83,5,59,0.6704545454545454,3,0.056818181818181816,0.000381799996830523
266,21061195,3,prefix,8,16,8,8,0.5,0.5,66,72,-0.06811342451120034,0.1184570038952982,-0.059138721192759924,7,7,72,71,1,45,0.625,7,0.013888888888888888,0.0003060000017285347
266,21061195,3,suffix,8,16,8,8,0.5,0.5,66,72,-0.06811342451120034,0.1184570038952982,-0.059138721192759924,7,7,120,119,1,381,3.175,7,0.008333333333333333,0.001007500002742745
267,21061196,3,prefix,8,16,8,8,0.5,0.5,66,72,0.04665638558964425,0.0213443339799537,-0.11299262304598393,3,3,72,67,5,15,0.20833333333333334,3,0.06944444444444445,0.00025599999935366213
267,21061196,3,suffix,8,16,8,8,0.5,0.5,66,72,0.04665638558964425,0.0213443339799537,-0.11299262304598393,3,3,88,83,5,63,0.7159090909090909,3,0.056818181818181816,0.000378099997760728
268,21061197,3,prefix,8,16,8,8,0.5,0.5,66,72,-0.12388994230352646,-0.20934612011650167,-0.23508534976971487,5,5,72,70,2,27,0.375,5,0.027777777777777776,0.0002897000085795298
268,21061197,3,suffix,8,16,8,8,0.5,0.5,66,72,-0.12388994230352646,-0.20934612011650167,-0.23508534976971487,5,5,104,102,2,187,1.7980769230769231,5,0.019230769230769232,0.0006258000066736713
269,21061198,3,prefix,8,16,8,8,0.5,0.5,66,72,0.06014419809420862,0.06933811741354239,-0.006971740177368853,4,4,72,69,3,24,0.3333333333333333,4,0.041666666666666664,0.0002871000033337623
269,21061198,3,suffix,8,16,8,8,0.5,0.5,66,72,0.06014419809420862,0.06933811741354239,-0.006971740177368853,4,4,96,93,3,120,1.25,4,0.03125,0.0004921999934595078
270,21061199,3,prefix,8,16,8,8,0.5,0.5,66,72,0.05537239277393526,-0.017788036690504223,-0.08729500656305966,2,2,72,66,6,8,0.1111111111111111,2,0.08333333333333333,0.00024290000146720558
270,21061199,3,suffix,8,16,8,8,0.5,0.5,66,72,0.05537239277393526,-0.017788036690504223,-0.08729500656305966,2,2,80,74,6,24,0.3,2,0.075,0.00029660000291187316
271,21061200,3,prefix,8,16,8,8,0.5,0.5,66,72,0.13867764637663135,-0.027202080605928748,-0.08028564558554498,7,7,72,71,1,43,0.5972222222222222,7,0.013888888888888888,0.00031540000054519624
271,21061200,3,suffix,8,16,8,8,0.5,0.5,66,72,0.13867764637663135,-0.027202080605928748,-0.08028564558554498,7,7,120,119,1,379,3.158333333333333,7,0.008333333333333333,0.0009981999901356176
272,21061201,3,prefix,8,16,8,8,0.5,0.5,66,72,-0.17495325711587464,0.11379217437218014,0.13077737965002414,7,7,72,71,1,43,0.5972222222222222,7,0.013888888888888888,0.00030280000646598637
272,21061201,3,suffix,8,16,8,8,0.5,0.5,66,72,-0.17495325711587464,0.11379217437218014,0.13077737965002414,7,7,120,119,1,379,3.158333333333333,7,0.008333333333333333,0.0009904000035021454
273,21061202,3,prefix,8,16,8,8,0.5,0.5,66,72,-0.012885308383672231,-0.07361845206313963,0.03411567758415161,3,3,72,67,5,14,0.19444444444444445,3,0.06944444444444445,0.00025200001255143434
273,21061202,3,suffix,8,16,8,8,0.5,0.5,66,72,-0.012885308383672231,-0.07361845206313963,0.03411567758415161,3,3,88,83,5,62,0.7045454545454546,3,0.056818181818181816,0.0003769000031752512
274,21061203,3,prefix,8,16,8,8,0.5,0.5,66,72,-0.015008390877359586,-0.0016093205334675544,-0.01572317241891488,4,4,72,68,4,20,0.2777777777777778,4,0.05555555555555555,0.000265199996647425
274,21061203,3,suffix,8,16,8,8,0.5,0.5,66,72,-0.015008390877359586,-0.0016093205334675544,-0.01572317241891488,4,4,96,92,4,116,1.2083333333333333,4,0.041666666666666664,0.000486999997519888
275,21061204,3,prefix,8,16,8,8,0.5,0.5,66,72,0.06572838651648252,-0.12469427891919001,-0.1289079677610631,5,5,72,69,3,29,0.4027777777777778,5,0.041666666666666664,0.00029429999995045364
275,21061204,3,suffix,8,16,8,8,0.5,0.5,66,72,0.06572838651648252,-0.12469427891919001,-0.1289079677610631,5,5,104,101,3,189,1.8173076923076923,5,0.028846153846153848,0.0006280999950831756
276,21061205,3,prefix,8,16,8,8,0.5,0.5,66,72,-0.0045410130496883905,0.0816179108713782,0.03983624069074151,3,3,72,67,5,11,0.1527777777777778,3,0.06944444444444445,0.00024920000578276813
276,21061205,3,suffix,8,16,8,8,0.5,0.5,66,72,-0.0045410130496883905,0.0816179108713782,0.03983624069074151,3,3,88,83,5,59,0.6704545454545454,3,0.056818181818181816,0.00037289998726919293
277,21061206,3,prefix,8,16,8,8,0.5,0.5,66,72,-0.16791105050929775,-0.056824075170317394,-0.21404475494379263,2,2,72,66,6,8,0.1111111111111111,2,0.08333333333333333,0.0002403999969828874
277,21061206,3,suffix,8,16,8,8,0.5,0.5,66,72,-0.16791105050929775,-0.056824075170317394,-0.21404475494379263,2,2,80,74,6,24,0.3,2,0.075,0.0002894999925047159
278,21061207,3,prefix,8,16,8,8,0.5,0.5,66,72,0.2026855640456735,-0.041369917664626006,-0.04439760967748883,5,5,72,70,2,30,0.4166666666666667,5,0.027777777777777776,0.0002825999981723726
278,21061207,3,suffix,8,16,8,8,0.5,0.5,66,72,0.2026855640456735,-0.041369917664626006,-0.04439760967748883,5,5,104,102,2,190,1.8269230769230769,5,0.019230769230769232,0.0006311000033747405
279,21061208,3,prefix,8,16,8,8,0.5,0.5,66,72,-0.09535686131975656,-0.1074826158281047,0.13311837589141698,4,4,72,68,4,18,0.25,4,0.05555555555555555,0.0002734000008786097
279,21061208,3,suffix,8,16,8,8,0.5,0.5,66,72,-0.09535686131975656,-0.1074826158281047,0.13311837589141698,4,4,96,92,4,114,1.1875,4,0.041666666666666664,0.00048260000767186284
280,21061209,3,prefix,8,16,8,8,0.5,0.5,66,72,0.018592596851875406,0.02171103515739613,0.1504457760262357,4,4,72,68,4,16,0.2222222222222222,4,0.05555555555555555,0.000265499998931773
280,21061209,3,suffix,8,16,8,8,0.5,0.5,66,72,0.018592596851875406,0.02171103515739613,0.1504457760262357,4,4,96,92,4,112,1.1666666666666667,4,0.041666666666666664,0.00048740000056568533
281,21061210,3,prefix,8,16,8,8,0.5,0.5,66,72,-0.18024007774381093,-0.09290052819899494,0.19479854685731815,5,5,72,70,2,32,0.4444444444444444,5,0.027777777777777776,0.0002826999989338219
281,21061210,3,suffix,8,16,8,8,0.5,0.5,66,72,-0.18024007774381093,-0.09290052819899494,0.19479854685731815,5,5,104,102,2,192,1.8461538461538463,5,0.019230769230769232,0.0006422000005841255
282,21061211,3,prefix,8,16,8,8,0.5,0.5,66,72,0.18352144434590487,-0.01832401642479295,0.10354134358890686,5,5,72,69,3,26,0.3611111111111111,5,0.041666666666666664,0.00027129999944008887
282,21061211,3,suffix,8,16,8,8,0.5,0.5,66,72,0.18352144434590487,-0.01832401642479295,0.10354134358890686,5,5,104,101,3,186,1.7884615384615385,5,0.028846153846153848,0.0006194000015966594
283,21061212,3,prefix,8,16,8,8,0.5,0.5,66,72,-0.04435489891144838,0.1591303002618785,0.030784354650871936,5,5,72,69,3,29,0.4027777777777778,5,0.041666666666666664,0.0002810000005410984
283,21061212,3,suffix,8,16,8,8,0.5,0.5,66,72,-0.04435489891144838,0.1591303002618785,0.030784354650871936,5,5,104,101,3,189,1.8173076923076923,5,0.028846153846153848,0.000640199999907054
284,21061213,3,prefix,8,16,8,8,0.5,0.5,66,72,-0.1420552421225266,-0.2811707621766501,0.0428289514653577,5,5,72,69,3,29,0.4027777777777778,5,0.041666666666666664,0.0002908000024035573
284,21061213,3,suffix,8,16,8,8,0.5,0.5,66,72,-0.1420552421225266,-0.2811707621766501,0.0428289514653577,5,5,104,101,3,189,1.8173076923076923,5,0.028846153846153848,0.00062600000819657
285,21061214,3,prefix,8,16,8,8,0.5,0.5,66,72,-0.004531341513841472,-0.059457067318817676,0.07929124220285771,5,5,72,70,2,36,0.5,5,0.027777777777777776,0.00030610000248998404
285,21061214,3,suffix,8,16,8,8,0.5,0.5,66,72,-0.004531341513841472,-0.059457067318817676,0.07929124220285771,5,5,104,102,2,196,1.8846153846153846,5,0.019230769230769232,0.0006471999950008467
286,21061215,3,prefix,8,16,8,8,0.5,0.5,66,72,0.04127851091941772,-0.04708551723571116,0.16806745238344833,5,5,72,69,3,26,0.3611111111111111,5,0.041666666666666664,0.0002749999985098839
286,21061215,3,suffix,8,16,8,8,0.5,0.5,66,72,0.04127851091941772,-0.04708551723571116,0.16806745238344833,5,5,104,101,3,186,1.7884615384615385,5,0.028846153846153848,0.0006210000137798488
287,21061216,3,prefix,8,16,8,8,0.5,0.5,66,72,-0.013148899630988913,0.13533436204048432,-0.048429124944536134,4,4,72,68,4,17,0.2361111111111111,4,0.05555555555555555,0.00026030000299215317
287,21061216,3,suffix,8,16,8,8,0.5,0.5,66,72,-0.013148899630988913,0.13533436204048432,-0.048429124944536134,4,4,96,92,4,113,1.1770833333333333,4,0.041666666666666664,0.0004967999993823469
288,21061217,3,prefix,8,16,8,8,0.5,0.5,66,72,0.086945930349524,-0.07855586603577998,-0.14849561806624503,5,5,72,69,3,24,0.3333333333333333,5,0.041666666666666664,0.00028810001094825566
288,21061217,3,suffix,8,16,8,8,0.5,0.5,66,72,0.086945930349524,-0.07855586603577998,-0.14849561806624503,5,5,104,101,3,184,1.7692307692307692,5,0.028846153846153848,0.0006427000043913722
289,21061218,3,prefix,8,16,8,8,0.5,0.5,66,72,0.10723751002858203,0.005522064756308146,-0.024649972368137693,4,4,72,68,4,17,0.2361111111111111,4,0.05555555555555555,0.00025830000231508166
289,21061218,3,suffix,8,16,8,8,0.5,0.5,66,72,0.10723751002858203,0.005522064756308146,-0.024649972368137693,4,4,96,92,4,113,1.1770833333333333,4,0.041666666666666664,0.00048409998998977244
290,21061219,3,prefix,8,16,8,8,0.5,0.5,66,72,-0.20595162606112263,0.019621431163480432,0.10555618728104181,3,3,72,67,5,12,0.16666666666666666,3,0.06944444444444445,0.0002538999979151413
290,21061219,3,suffix,8,16,8,8,0.5,0.5,66,72,-0.20595162606112263,0.019621431163480432,0.10555618728104181,3,3,88,83,5,60,0.6818181818181818,3,0.056818181818181816,0.000374700000975281
291,21061220,3,prefix,8,16,8,8,0.5,0.5,66,72,-0.12523741768578253,0.120375849526527,-0.06523404366618053,5,5,72,70,2,32,0.4444444444444444,5,0.027777777777777776,0.0002803999959724024
291,21061220,3,suffix,8,16,8,8,0.5,0.5,66,72,-0.12523741768578253,0.120375849526527,-0.06523404366618053,5,5,104,102,2,192,1.8461538461538463,5,0.019230769230769232,0.0006399999983841553
292,21061221,3,prefix,8,16,8,8,0.5,0.5,66,72,-0.11603573254119058,0.1931888863847949,0.053159496973252264,2,2,72,66,6,14,0.19444444444444445,2,0.08333333333333333,0.00027879999834112823
292,21061221,3,suffix,8,16,8,8,0.5,0.5,66,72,-0.11603573254119058,0.1931888863847949,0.053159496973252264,2,2,80,74,6,30,0.375,2,0.075,0.0003071999963140115
293,21061222,3,prefix,8,16,8,8,0.5,0.5,66,72,0.015150489754607342,-0.10892160258251214,0.06217121459827199,6,6,72,70,2,32,0.4444444444444444,6,0.027777777777777776,0.0002967999898828566
293,21061222,3,suffix,8,16,8,8,0.5,0.5,66,72,0.015150489754607342,-0.10892160258251214,0.06217121459827199,6,6,112,110,2,272,2.4285714285714284,6,0.017857142857142856,0.0008078999962890521
294,21061223,3,prefix,8,16,8,8,0.5,0.5,66,72,-0.07980004261484973,-0.09878880998208221,-0.20855868725209714,5,5,72,70,2,33,0.4583333333333333,5,0.027777777777777776,0.00029150000773370266
294,21061223,3,suffix,8,16,8,8,0.5,0.5,66,72,-0.07980004261484973,-0.09878880998208221,-0.20855868725209714,5,5,104,102,2,193,1.8557692307692308,5,0.019230769230769232,0.000643299994408153
295,21061224,3,prefix,8,16,8,8,0.5,0.5,66,72,0.1153185919928176,0.08209141915863404,-0.07412323934509991,4,4,72,68,4,24,0.3333333333333333,4,0.05555555555555555,0.0002747999969869852
295,21061224,3,suffix,8,16,8,8,0.5,0.5,66,72,0.1153185919928176,0.08209141915863404,-0.07412323934509991,4,4,96,92,4,120,1.25,4,0.041666666666666664,0.0004956999910064042
296,21061225,3,prefix,8,16,8,8,0.5,0.5,66,72,-0.17326559797120117,-0.09333375872767993,0.03366006445275966,4,4,72,68,4,16,0.2222222222222222,4,0.05555555555555555,0.00026699999580159783
296,21061225,3,suffix,8,16,8,8,0.5,0.5,66,72,-0.17326559797120117,-0.09333375872767993,0.03366006445275966,4,4,96,92,4,112,1.1666666666666667,4,0.041666666666666664,0.0004794999986188486
297,21061226,3,prefix,8,16,8,8,0.5,0.5,66,72,-0.02750095956025883,0.06759326439817179,0.11592512496809725,5,5,72,69,3,24,0.3333333333333333,5,0.041666666666666664,0.0002798000059556216
297,21061226,3,suffix,8,16,8,8,0.5,0.5,66,72,-0.02750095956025883,0.06759326439817179,0.11592512496809725,5,5,104,101,3,184,1.7692307692307692,5,0.028846153846153848,0.0006221999938134104
298,21061227,3,prefix,8,16,8,8,0.5,0.5,66,72,-0.025195408123289652,-0.022156142026467002,0.19733802024181904,2,2,72,67,5,11,0.1527777777777778,2,0.06944444444444445,0.0002513999934308231
298,21061227,3,suffix,8,16,8,8,0.5,0.5,66,72,-0.025195408123289652,-0.022156142026467002,0.19733802024181904,2,2,80,75,5,27,0.3375,2,0.0625,0.0002967000036733225
299,21061228,3,prefix,8,16,8,8,0.5,0.5,66,72,-0.10642257191597684,0.41772586886319296,-0.12893225511775283,3,3,72,67,5,11,0.1527777777777778,3,0.06944444444444445,0.00024870000197552145
299,21061228,3,suffix,8,16,8,8,0.5,0.5,66,72,-0.10642257191597684,0.41772586886319296,-0.12893225511775283,3,3,88,83,5,59,0.6704545454545454,3,0.056818181818181816,0.0003693000035127625
300,21061229,3,prefix,8,16,8,8,0.5,0.5,66,72,-0.010052148600437889,0.04871894013587448,-0.15398003862161486,5,5,72,69,3,26,0.3611111111111111,5,0.041666666666666664,0.00028789999487344176
300,21061229,3,suffix,8,16,8,8,0.5,0.5,66,72,-0.010052148600437889,0.04871894013587448,-0.15398003862161486,5,5,104,101,3,186,1.7884615384615385,5,0.028846153846153848,0.000641400009044446
301,21061230,3,prefix,8,16,8,8,0.5,0.5,66,72,0.011499171759198196,0.2953004977941143,-0.04643280028568722,4,4,72,69,3,21,0.2916666666666667,4,0.041666666666666664,0.0002832000027410686
301,21061230,3,suffix,8,16,8,8,0.5,0.5,66,72,0.011499171759198196,0.2953004977941143,-0.04643280028568722,4,4,96,93,3,117,1.21875,4,0.03125,0.0005297000025166199
302,21061231,3,prefix,8,16,8,8,0.5,0.5,66,72,0.03223866284433125,0.19994006697211128,0.019258201053044918,5,5,72,70,2,38,0.5277777777777778,5,0.027777777777777776,0.0002986000035889447
302,21061231,3,suffix,8,16,8,8,0.5,0.5,66,72,0.03223866284433125,0.19994006697211128,0.019258201053044918,5,5,104,102,2,198,1.9038461538461537,5,0.019230769230769232,0.0006425000028684735
303,21061232,3,prefix,8,16,8,8,0.5,0.5,66,72,0.05641538141882017,-0.04310249360760586,0.01760285437881177,4,4,72,68,4,19,0.2638888888888889,4,0.05555555555555555,0.0002601000014692545
303,21061232,3,suffix,8,16,8,8,0.5,0.5,66,72,0.05641538141882017,-0.04310249360760586,0.01760285437881177,4,4,96,92,4,115,1.1979166666666667,4,0.041666666666666664,0.00048719999904278666
304,21061233,3,prefix,8,16,8,8,0.5,0.5,66,72,-0.32421855265669863,0.06915484354511962,-0.05273975301273486,5,5,72,69,3,23,0.3194444444444444,5,0.041666666666666664,0.0002758000046014786
304,21061233,3,suffix,8,16,8,8,0.5,0.5,66,72,-0.32421855265669863,0.06915484354511962,-0.05273975301273486,5,5,104,101,3,183,1.7596153846153846,5,0.028846153846153848,0.0006186999962665141
305,21061234,3,prefix,8,16,8,8,0.5,0.5,66,72,0.06452646514365624,0.06578247779705111,0.10425994685438666,5,5,72,70,2,26,0.3611111111111111,5,0.027777777777777776,0.0002894999925047159
305,21061234,3,suffix,8,16,8,8,0.5,0.5,66,72,0.06452646514365624,0.06578247779705111,0.10425994685438666,5,5,104,102,2,186,1.7884615384615385,5,0.019230769230769232,0.0006200999923748896
306,21061235,3,prefix,8,16,8,8,0.5,0.5,66,72,0.14508992661773282,0.10244442500230994,-0.1098738190944113,5,5,72,69,3,24,0.3333333333333333,5,0.041666666666666664,0.00027310001314617693
306,21061235,3,suffix,8,16,8,8,0.5,0.5,66,72,0.14508992661773282,0.10244442500230994,-0.1098738190944113,5,5,104,101,3,184,1.7692307692307692,5,0.028846153846153848,0.0006379999977070838
307,21061236,3,prefix,8,16,8,8,0.5,0.5,66,72,-0.10606990165563746,0.10794863147889476,0.06111813418781812,6,6,72,70,2,35,0.4861111111111111,6,0.027777777777777776,0.00028739999106619507
307,21061236,3,suffix,8,16,8,8,0.5,0.5,66,72,-0.10606990165563746,0.10794863147889476,0.06111813418781812,6,6,112,110,2,275,2.455357142857143,6,0.017857142857142856,0.000797400003648363
308,21061237,3,prefix,8,16,8,8,0.5,0.5,66,72,0.18549362443820658,-0.08875316539046317,-0.06067477290640167,6,6,72,71,1,39,0.5416666666666666,6,0.013888888888888888,0.0002998999989358708
308,21061237,3,suffix,8,16,8,8,0.5,0.5,66,72,0.18549362443820658,-0.08875316539046317,-0.06067477290640167,6,6,112,111,1,279,2.4910714285714284,6,0.008928571428571428,0.000825399998575449
309,21061238,3,prefix,8,16,8,8,0.5,0.5,66,72,0.027676843537465252,-0.046412310644555824,0.03141546390758796,6,6,72,70,2,35,0.4861111111111111,6,0.027777777777777776,0.0003040000010514632
309,21061238,3,suffix,8,16,8,8,0.5,0.5,66,72,0.027676843537465252,-0.046412310644555824,0.03141546390758796,6,6,112,110,2,275,2.455357142857143,6,0.017857142857142856,0.0011430000013206154
310,21061239,3,prefix,8,16,8,8,0.5,0.5,66,72,0.016390917808744493,-0.1144924618982138,0.12425492546730504,3,3,72,68,4,24,0.3333333333333333,3,0.05555555555555555,0.00044040000648237765
310,21061239,3,suffix,8,16,8,8,0.5,0.5,66,72,0.016390917808744493,-0.1144924618982138,0.12425492546730504,3,3,88,84,4,72,0.8181818181818182,3,0.045454545454545456,0.0005607999919448048
311,21061240,3,prefix,8,16,8,8,0.5,0.5,66,72,-0.07996271925415308,0.026360424010138238,0.005353524481452796,6,6,72,71,1,33,0.4583333333333333,6,0.013888888888888888,0.00030109999352134764
311,21061240,3,suffix,8,16,8,8,0.5,0.5,66,72,-0.07996271925415308,0.026360424010138238,0.005353524481452796,6,6,112,111,1,273,2.4375,6,0.008928571428571428,0.0007779000006848946
312,21061241,3,prefix,8,16,8,8,0.5,0.5,66,72,0.087189044272567,0.1542297114973747,-0.06495794527899383,1,1,72,65,7,7,0.09722222222222222,1,0.09722222222222222,0.0003003000019816682
312,21061241,3,suffix,8,16,8,8,0.5,0.5,66,72,0.087189044272567,0.1542297114973747,-0.06495794527899383,1,1,72,65,7,7,0.09722222222222222,1,0.09722222222222222,0.00035180000122636557
313,21061242,3,prefix,8,16,8,8,0.5,0.5,66,72,-0.0799931961076774,-0.00883231011493218,-0.10642762841833842,2,2,72,68,4,20,0.2777777777777778,3,0.05555555555555555,0.0003080000024056062
313,21061242,3,suffix,8,16,8,8,0.5,0.5,66,72,-0.0799931961076774,-0.00883231011493218,-0.10642762841833842,2,2,80,76,4,36,0.45,3,0.05,0.00031380000291392207
314,21061243,3,prefix,8,16,8,8,0.5,0.5,66,72,0.10848692631793345,0.06016305032304534,0.1510775676830122,1,1,72,65,7,7,0.09722222222222222,1,0.09722222222222222,0.00027099999715574086
314,21061243,3,suffix,8,16,8,8,0.5,0.5,66,72,0.10848692631793345,0.06016305032304534,0.1510775676830122,1,1,72,65,7,7,0.09722222222222222,1,0.09722222222222222,0.00023720000172033906
315,21061244,3,prefix,8,16,8,8,0.5,0.5,66,72,0.2796501228934126,0.014012482396013434,0.06615286367904186,3,3,72,67,5,12,0.16666666666666666,3,0.06944444444444445,0.0002736000024015084
315,21061244,3,suffix,8,16,8,8,0.5,0.5,66,72,0.2796501228934126,0.014012482396013434,0.06615286367904186,3,3,88,83,5,60,0.6818181818181818,3,0.056818181818181816,0.0003885000041918829
316,21061245,3,prefix,8,16,8,8,0.5,0.5,66,72,0.003797941045617469,-0.18107309105715755,-0.0036410227007525426,4,4,72,69,3,24,0.3333333333333333,4,0.041666666666666664,0.000294700002996251
316,21061245,3,suffix,8,16,8,8,0.5,0.5,66,72,0.003797941045617469,-0.18107309105715755,-0.0036410227007525426,4,4,96,93,3,120,1.25,4,0.03125,0.0005221999890636653
317,21061246,3,prefix,8,16,8,8,0.5,0.5,66,72,0.026273554944985587,0.04237766823106651,0.0765544802926805,2,2,72,66,6,8,0.1111111111111111,2,0.08333333333333333,0.00028389999351929873
317,21061246,3,suffix,8,16,8,8,0.5,0.5,66,72,0.026273554944985587,0.04237766823106651,0.0765544802926805,2,2,80,74,6,24,0.3,2,0.075,0.00029149999318178743
318,21061247,3,prefix,8,16,8,8,0.5,0.5,66,72,-0.22498549674628437,0.12476862495761092,0.28732904521938224,4,4,72,69,3,20,0.2777777777777778,4,0.041666666666666664,0.0003175000019837171
318,21061247,3,suffix,8,16,8,8,0.5,0.5,66,72,-0.22498549674628437,0.12476862495761092,0.28732904521938224,4,4,96,93,3,116,1.2083333333333333,4,0.03125,0.0005073999927844852
319,21061248,3,prefix,8,16,8,8,0.5,0.5,66,72,-0.07331251655742517,-0.07102179229605686,-0.09130512633454592,3,3,72,67,5,14,0.19444444444444445,3,0.06944444444444445,0.0002682000049389899
319,21061248,3,suffix,8,16,8,8,0.5,0.5,66,72,-0.07331251655742517,-0.07102179229605686,-0.09130512633454592,3,3,88,83,5,62,0.7045454545454546,3,0.056818181818181816,0.0004152000037720427
320,21061249,3,prefix,8,16,8,8,0.5,0.5,66,72,-0.2208155209759196,-0.14896523699741182,0.008620542088629626,4,4,72,70,2,35,0.4861111111111111,5,0.027777777777777776,0.0003074999985983595
320,21061249,3,suffix,8,16,8,8,0.5,0.5,66,72,-0.2208155209759196,-0.14896523699741182,0.008620542088629626,4,4,96,94,2,131,1.3645833333333333,5,0.020833333333333332,0.0005407999997260049
321,21061250,3,prefix,8,16,8,8,0.5,0.5,66,72,-0.20994151679836393,0.14768421601055576,-0.21986744113365966,5,5,72,70,2,32,0.4444444444444444,5,0.027777777777777776,0.0003004000027431175
321,21061250,3,suffix,8,16,8,8,0.5,0.5,66,72,-0.20994151679836393,0.14768421601055576,-0.21986744113365966,5,5,104,102,2,192,1.8461538461538463,5,0.019230769230769232,0.0006747000006726012
322,21061251,3,prefix,8,16,8,8,0.5,0.5,66,72,-0.00025535574635469677,0.052761585720875935,0.10463524866210437,6,6,72,70,2,36,0.5,6,0.027777777777777776,0.0003201999934390187
322,21061251,3,suffix,8,16,8,8,0.5,0.5,66,72,-0.00025535574635469677,0.052761585720875935,0.10463524866210437,6,6,112,110,2,276,2.4642857142857144,6,0.017857142857142856,0.0008844999974826351
323,21061252,3,prefix,8,16,8,8,0.5,0.5,66,72,0.03423713827544222,-0.045032719626057566,-0.08818537930767206,4,4,72,68,4,20,0.2777777777777778,4,0.05555555555555555,0.0002970000059576705
323,21061252,3,suffix,8,16,8,8,0.5,0.5,66,72,0.03423713827544222,-0.045032719626057566,-0.08818537930767206,4,4,96,92,4,116,1.2083333333333333,4,0.041666666666666664,0.0004951000009896234
324,21061253,3,prefix,8,16,8,8,0.5,0.5,66,72,0.08305026600672619,0.1722176448914002,0.2181228848170945,3,3,72,68,4,16,0.2222222222222222,3,0.05555555555555555,0.00027639999461825937
324,21061253,3,suffix,8,16,8,8,0.5,0.5,66,72,0.08305026600672619,0.1722176448914002,0.2181228848170945,3,3,88,84,4,64,0.7272727272727273,3,0.045454545454545456,0.00038320000749081373
325,21061254,3,prefix,8,16,8,8,0.5,0.5,66,72,0.028285476889045074,0.0919448130598286,0.23756104104117878,3,3,72,67,5,13,0.18055555555555555,3,0.06944444444444445,0.0003249000001233071
325,21061254,3,suffix,8,16,8,8,0.5,0.5,66,72,0.028285476889045074,0.0919448130598286,0.23756104104117878,3,3,88,83,5,61,0.6931818181818182,3,0.056818181818181816,0.0003775000077439472
326,21061255,3,prefix,8,16,8,8,0.5,0.5,66,72,-0.019499532894412735,0.04381178515626534,-0.21669168485760215,6,6,72,70,2,34,0.4722222222222222,6,0.027777777777777776,0.0004606999864336103
326,21061255,3,suffix,8,16,8,8,0.5,0.5,66,72,-0.019499532894412735,0.04381178515626534,-0.21669168485760215,6,6,112,110,2,274,2.4464285714285716,6,0.017857142857142856,0.0008380999934161082
327,21061256,3,prefix,8,16,8,8,0.5,0.5,66,72,-0.02435871124595103,-0.011503419825086169,-0.04384454335656246,6,6,72,70,2,37,0.5138888888888888,6,0.027777777777777776,0.00030870000773575157
327,21061256,3,suffix,8,16,8,8,0.5,0.5,66,72,-0.02435871124595103,-0.011503419825086169,-0.04384454335656246,6,6,112,110,2,277,2.4732142857142856,6,0.017857142857142856,0.0008529000042472035
328,21061257,3,prefix,8,16,8,8,0.5,0.5,66,72,-0.04424751812454048,-0.019809709455067766,-0.020231392596828327,4,4,72,68,4,18,0.25,4,0.05555555555555555,0.00028530000417958945
328,21061257,3,suffix,8,16,8,8,0.5,0.5,66,72,-0.04424751812454048,-0.019809709455067766,-0.020231392596828327,4,4,96,92,4,114,1.1875,4,0.041666666666666664,0.00048719999904278666
329,21061258,3,prefix,8,16,8,8,0.5,0.5,66,72,-0.16951543677090383,-0.014652902681574705,0.03795669554540006,4,4,72,68,4,22,0.3055555555555556,4,0.05555555555555555,0.0005247000080998987
329,21061258,3,suffix,8,16,8,8,0.5,0.5,66,72,-0.16951543677090383,-0.014652902681574705,0.03795669554540006,4,4,96,92,4,118,1.2291666666666667,4,0.041666666666666664,0.0007007999956840649
330,21061259,3,prefix,8,16,8,8,0.5,0.5,66,72,0.1687189690723794,0.0381367941771826,0.024086656423494297,4,4,72,68,4,19,0.2638888888888889,4,0.05555555555555555,0.0005189000075915828
330,21061259,3,suffix,8,16,8,8,0.5,0.5,66,72,0.1687189690723794,0.0381367941771826,0.024086656423494297,4,4,96,92,4,115,1.1979166666666667,4,0.041666666666666664,0.0005534999945666641
331,21061260,3,prefix,8,16,8,8,0.5,0.5,66,72,0.05952790392174907,-0.06167591418394684,-0.1685474613330771,4,4,72,68,4,20,0.2777777777777778,4,0.05555555555555555,0.00032449999707750976
331,21061260,3,suffix,8,16,8,8,0.5,0.5,66,72,0.05952790392174907,-0.06167591418394684,-0.1685474613330771,4,4,96,92,4,116,1.2083333333333333,4,0.041666666666666664,0.0004967999993823469
332,21061261,3,prefix,8,16,8,8,0.5,0.5,66,72,-0.06072480955029916,0.08794627870531727,0.16840742726189525,6,6,72,70,2,35,0.4861111111111111,6,0.027777777777777776,0.0003828000044450164
332,21061261,3,suffix,8,16,8,8,0.5,0.5,66,72,-0.06072480955029916,0.08794627870531727,0.16840742726189525,6,6,112,110,2,275,2.455357142857143,6,0.017857142857142856,0.0008182000019587576
333,21061262,3,prefix,8,16,8,8,0.5,0.5,66,72,0.0831855587432733,-0.1365032350122517,0.12399887186140593,6,6,72,70,2,34,0.4722222222222222,6,0.027777777777777776,0.0002862999972421676
333,21061262,3,suffix,8,16,8,8,0.5,0.5,66,72,0.0831855587432733,-0.1365032350122517,0.12399887186140593,6,6,112,110,2,274,2.4464285714285716,6,0.017857142857142856,0.0007938999915495515
334,21061263,3,prefix,8,16,8,8,0.5,0.5,66,72,0.07250039959007382,-0.18192812553779303,0.052771771647443004,8,8,72,72,0,56,0.7777777777777778,8,0.0,0.00032920000376179814
334,21061263,3,suffix,8,16,8,8,0.5,0.5,66,72,0.07250039959007382,-0.18192812553779303,0.052771771647443004,8,8,128,128,0,504,3.9375,8,0.0,0.0012152999988757074
335,21061264,3,prefix,8,16,8,8,0.5,0.5,66,72,-0.11528464346242857,-0.046378802771117514,-0.18390087431723887,5,5,72,69,3,27,0.375,5,0.041666666666666664,0.0002810000005410984
335,21061264,3,suffix,8,16,8,8,0.5,0.5,66,72,-0.11528464346242857,-0.046378802771117514,-0.18390087431723887,5,5,104,101,3,187,1.7980769230769231,5,0.028846153846153848,0.0006508000078611076
336,21061265,3,prefix,8,16,8,8,0.5,0.5,66,72,0.0007918462849854802,-0.07280414535493315,0.17420949368451638,2,2,72,66,6,8,0.1111111111111111,2,0.08333333333333333,0.0002480999974068254
336,21061265,3,suffix,8,16,8,8,0.5,0.5,66,72,0.0007918462849854802,-0.07280414535493315,0.17420949368451638,2,2,80,74,6,24,0.3,2,0.075,0.0002889000024879351
337,21061266,3,prefix,8,16,8,8,0.5,0.5,66,72,0.05984852407168031,-0.040395379547006734,-0.05229892752542298,4,4,72,68,4,19,0.2638888888888889,4,0.05555555555555555,0.00025949999690055847
337,21061266,3,suffix,8,16,8,8,0.5,0.5,66,72,0.05984852407168031,-0.040395379547006734,-0.05229892752542298,4,4,96,92,4,115,1.1979166666666667,4,0.041666666666666664,0.00048770000285003334
338,21061267,3,prefix,8,16,8,8,0.5,0.5,66,72,0.11041089550773721,0.33463727058880594,0.1044984727531122,3,3,72,67,5,11,0.1527777777777778,3,0.06944444444444445,0.00025939999613910913
338,21061267,3,suffix,8,16,8,8,0.5,0.5,66,72,0.11041089550773721,0.33463727058880594,0.1044984727531122,3,3,88,83,5,59,0.6704545454545454,3,0.056818181818181816,0.0003704999980982393
339,21061268,3,prefix,8,16,8,8,0.5,0.5,66,72,-0.07800082573413186,0.0598116730046512,-0.10282324488393596,4,4,72,68,4,23,0.3194444444444444,4,0.05555555555555555,0.00026789998810272664
339,21061268,3,suffix,8,16,8,8,0.5,0.5,66,72,-0.07800082573413186,0.0598116730046512,-0.10282324488393596,4,4,96,92,4,119,1.2395833333333333,4,0.041666666666666664,0.0005012000037822872
340,21061269,3,prefix,8,16,8,8,0.5,0.5,66,72,-0.11084214212009728,0.1352315764453102,-0.13340091562696407,3,3,72,67,5,12,0.16666666666666666,3,0.06944444444444445,0.00025630000163801014
340,21061269,3,suffix,8,16,8,8,0.5,0.5,66,72,-0.11084214212009728,0.1352315764453102,-0.13340091562696407,3,3,88,83,5,60,0.6818181818181818,3,0.056818181818181816,0.00037460000021383166
341,21061270,3,prefix,8,16,8,8,0.5,0.5,66,72,-0.05554502532499317,0.13245105681680172,0.10928654785426412,6,6,72,70,2,33,0.4583333333333333,6,0.027777777777777776,0.0002852999896276742
341,21061270,3,suffix,8,16,8,8,0.5,0.5,66,72,-0.05554502532499317,0.13245105681680172,0.10928654785426412,6,6,112,110,2,273,2.4375,6,0.017857142857142856,0.0007886999956099316
342,21061271,3,prefix,8,16,8,8,0.5,0.5,66,72,-0.007464503532191395,0.0754478583443543,-0.1553752582233354,4,4,72,68,4,19,0.2638888888888889,4,0.05555555555555555,0.0002714000002015382
342,21061271,3,suffix,8,16,8,8,0.5,0.5,66,72,-0.007464503532191395,0.0754478583443543,-0.1553752582233354,4,4,96,92,4,115,1.1979166666666667,4,0.041666666666666664,0.0004910999996354803
343,21061272,3,prefix,8,16,8,8,0.5,0.5,66,72,-0.06724798166785861,0.07994132077943693,-0.07000580349734734,4,4,72,68,4,17,0.2361111111111111,4,0.05555555555555555,0.00026130001060664654
343,21061272,3,suffix,8,16,8,8,0.5,0.5,66,72,-0.06724798166785861,0.07994132077943693,-0.07000580349734734,4,4,96,92,4,113,1.1770833333333333,4,0.041666666666666664,0.0004983000108040869
344,21061273,3,prefix,8,16,8,8,0.5,0.5,66,72,0.07969488525859429,-0.03969996810709974,-0.09251902308845682,4,4,72,68,4,17,0.2361111111111111,4,0.05555555555555555,0.00026089999300893396
344,21061273,3,suffix,8,16,8,8,0.5,0.5,66,72,0.07969488525859429,-0.03969996810709974,-0.09251902308845682,4,4,96,92,4,113,1.1770833333333333,4,0.041666666666666664,0.0004813999985344708
345,21061274,3,prefix,8,16,8,8,0.5,0.5,66,72,-0.028245857866797935,-0.25274200442734807,0.25798986295904935,2,2,72,66,6,8,0.1111111111111111,2,0.08333333333333333,0.0002535999956307933
345,21061274,3,suffix,8,16,8,8,0.5,0.5,66,72,-0.028245857866797935,-0.25274200442734807,0.25798986295904935,2,2,80,74,6,24,0.3,2,0.075,0.0002902999985963106
346,21061275,3,prefix,8,16,8,8,0.5,0.5,66,72,-0.16558578938156412,-0.08737840083773932,-0.07895276572692814,6,6,72,70,2,34,0.4722222222222222,6,0.027777777777777776,0.000304899993352592
346,21061275,3,suffix,8,16,8,8,0.5,0.5,66,72,-0.16558578938156412,-0.08737840083773932,-0.07895276572692814,6,6,112,110,2,274,2.4464285714285716,6,0.017857142857142856,0.0007957000052556396
347,21061276,3,prefix,8,16,8,8,0.5,0.5,66,72,-0.0868768623882983,0.1911580445162086,-0.02309368870891073,5,5,72,69,3,23,0.3194444444444444,5,0.041666666666666664,0.00026849999267142266
347,21061276,3,suffix,8,16,8,8,0.5,0.5,66,72,-0.0868768623882983,0.1911580445162086,-0.02309368870891073,5,5,104,101,3,183,1.7596153846153846,5,0.028846153846153848,0.0006278999935602769
348,21061277,3,prefix,8,16,8,8,0.5,0.5,66,72,0.024905682559727103,-0.0458831003371727,-0.2315273153680007,3,3,72,68,4,16,0.2222222222222222,3,0.05555555555555555,0.0002643000043462962
348,21061277,3,suffix,8,16,8,8,0.5,0.5,66,72,0.024905682559727103,-0.0458831003371727,-0.2315273153680007,3,3,88,84,4,64,0.7272727272727273,3,0.045454545454545456,0.0004005999944638461
349,21061278,3,prefix,8,16,8,8,0.5,0.5,66,72,0.20530410690875434,-0.03588332094659018,0.033467380000805416,5,5,72,69,3,26,0.3611111111111111,5,0.041666666666666664,0.0002762000076472759
349,21061278,3,suffix,8,16,8,8,0.5,0.5,66,72,0.20530410690875434,-0.03588332094659018,0.033467380000805416,5,5,104,101,3,186,1.7884615384615385,5,0.028846153846153848,0.0006356000085361302
350,21061279,3,prefix,8,16,8,8,0.5,0.5,66,72,-0.14374776403829542,-0.08493421219847691,-0.00680388716670798,7,7,72,71,1,44,0.6111111111111112,7,0.013888888888888888,0.00036949999048374593
350,21061279,3,suffix,8,16,8,8,0.5,0.5,66,72,-0.14374776403829542,-0.08493421219847691,-0.00680388716670798,7,7,120,119,1,380,3.1666666666666665,7,0.008333333333333333,0.0010122999956365675
351,21061280,3,prefix,8,16,8,8,0.5,0.5,66,72,0.2860616497519492,0.07867032108339145,0.11179026074591378,5,5,72,70,2,31,0.4305555555555556,5,0.027777777777777776,0.00028750000637955964
351,21061280,3,suffix,8,16,8,8,0.5,0.5,66,72,0.2860616497519492,0.07867032108339145,0.11179026074591378,5,5,104,102,2,191,1.8365384615384615,5,0.019230769230769232,0.0006340999971143901
352,21061281,3,prefix,8,16,8,8,0.5,0.5,66,72,0.07759292258221827,0.0016007367761772858,0.14041818115730462,5,5,72,69,3,25,0.3472222222222222,5,0.041666666666666664,0.0002776000037556514
352,21061281,3,suffix,8,16,8,8,0.5,0.5,66,72,0.07759292258221827,0.0016007367761772858,0.14041818115730462,5,5,104,101,3,185,1.7788461538461537,5,0.028846153846153848,0.0006369999900925905
353,21061282,3,prefix,8,16,8,8,0.5,0.5,66,72,0.057026177624421984,0.05511513869168499,-0.14766101128182796,4,4,72,69,3,22,0.3055555555555556,4,0.041666666666666664,0.0002734000008786097
353,21061282,3,suffix,8,16,8,8,0.5,0.5,66,72,0.057026177624421984,0.05511513869168499,-0.14766101128182796,4,4,96,93,3,118,1.2291666666666667,4,0.03125,0.000495300002512522
354,21061283,3,prefix,8,16,8,8,0.5,0.5,66,72,0.04067349321525293,-0.10975975780175846,0.08287859502422469,2,2,72,67,5,16,0.2222222222222222,2,0.06944444444444445,0.0002700000040931627
354,21061283,3,suffix,8,16,8,8,0.5,0.5,66,72,0.04067349321525293,-0.10975975780175846,0.08287859502422469,2,2,80,75,5,32,0.4,2,0.0625,0.0003083000046899542
355,21061284,3,prefix,8,16,8,8,0.5,0.5,66,72,0.032624535395576956,0.15351571596897307,-0.05344541331484421,5,5,72,69,3,26,0.3611111111111111,5,0.041666666666666664,0.00027709999994840473
355,21061284,3,suffix,8,16,8,8,0.5,0.5,66,72,0.032624535395576956,0.15351571596897307,-0.05344541331484421,5,5,104,101,3,186,1.7884615384615385,5,0.028846153846153848,0.0006216999900061637
356,21061285,3,prefix,8,16,8,8,0.5,0.5,66,72,-0.06527303461098471,-0.21162430361428242,-0.07256634507379245,5,5,72,69,3,29,0.4027777777777778,5,0.041666666666666664,0.0002935999946203083
356,21061285,3,suffix,8,16,8,8,0.5,0.5,66,72,-0.06527303461098471,-0.21162430361428242,-0.07256634507379245,5,5,104,101,3,189,1.8173076923076923,5,0.028846153846153848,0.0006256999913603067
357,21061286,3,prefix,8,16,8,8,0.5,0.5,66,72,-0.07015171202441428,0.020576937576043734,0.051532993057938715,2,2,72,66,6,8,0.1111111111111111,2,0.08333333333333333,0.0002575999969849363
357,21061286,3,suffix,8,16,8,8,0.5,0.5,66,72,-0.07015171202441428,0.020576937576043734,0.051532993057938715,2,2,80,74,6,24,0.3,2,0.075,0.00031069999386090785
358,21061287,3,prefix,8,16,8,8,0.5,0.5,66,72,0.12626164607776066,-0.13874556328392149,-0.10723632130302499,4,4,72,68,4,18,0.25,4,0.05555555555555555,0.00027460001001600176
358,21061287,3,suffix,8,16,8,8,0.5,0.5,66,72,0.12626164607776066,-0.13874556328392149,-0.10723632130302499,4,4,96,92,4,114,1.1875,4,0.041666666666666664,0.00048329999845009297
359,21061288,3,prefix,8,16,8,8,0.5,0.5,66,72,0.05849226482006959,0.11791566144301853,-0.05158197147485054,3,3,72,68,4,18,0.25,3,0.05555555555555555,0.00026429998979438096
359,21061288,3,suffix,8,16,8,8,0.5,0.5,66,72,0.05849226482006959,0.11791566144301853,-0.05158197147485054,3,3,88,84,4,66,0.75,3,0.045454545454545456,0.0003802999999606982
360,21061289,3,prefix,8,16,8,8,0.5,0.5,66,72,0.047663766227615256,0.028847057227859466,0.06607182044124055,7,7,72,71,1,43,0.5972222222222222,7,0.013888888888888888,0.00030699999479111284
360,21061289,3,suffix,8,16,8,8,0.5,0.5,66,72,0.047663766227615256,0.028847057227859466,0.06607182044124055,7,7,120,119,1,379,3.158333333333333,7,0.008333333333333333,0.0009865999891189858
361,21061290,3,prefix,8,16,8,8,0.5,0.5,66,72,-0.113451351477957,-0.11807087694561622,0.1541751177835417,2,2,72,68,4,12,0.16666666666666666,2,0.05555555555555555,0.0002686000079847872
361,21061290,3,suffix,8,16,8,8,0.5,0.5,66,72,-0.113451351477957,-0.11807087694561622,0.1541751177835417,2,2,80,76,4,28,0.35,2,0.05,0.00030110000807326287
362,21061291,3,prefix,8,16,8,8,0.5,0.5,66,72,0.009817345778493613,0.2583911831996346,0.1460472063646022,4,4,72,68,4,22,0.3055555555555556,4,0.05555555555555555,0.0002829999866662547
362,21061291,3,suffix,8,16,8,8,0.5,0.5,66,72,0.009817345778493613,0.2583911831996346,0.1460472063646022,4,4,96,92,4,118,1.2291666666666667,4,0.041666666666666664,0.0004948999994667247
363,21061292,3,prefix,8,16,8,8,0.5,0.5,66,72,-0.1148281287698673,0.0012485608334120866,-0.1002344774087755,3,3,72,68,4,20,0.2777777777777778,3,0.05555555555555555,0.0002691000117920339
363,21061292,3,suffix,8,16,8,8,0.5,0.5,66,72,-0.1148281287698673,0.0012485608334120866,-0.1002344774087755,3,3,88,84,4,68,0.7727272727272727,3,0.045454545454545456,0.0003971999976783991
364,21061293,3,prefix,8,16,8,8,0.5,0.5,66,72,-0.041959048273684164,-0.0909819258084516,0.11774866573138265,5,5,72,69,3,25,0.3472222222222222,5,0.041666666666666664,0.00027689999842550606
364,21061293,3,suffix,8,16,8,8,0.5,0.5,66,72,-0.041959048273684164,-0.0909819258084516,0.11774866573138265,5,5,104,101,3,185,1.7788461538461537,5,0.028846153846153848,0.0006228999991435558
365,21061294,3,prefix,8,16,8,8,0.5,0.5,66,72,-0.0433442244116117,0.05537010267213952,-0.008493266325825062,4,4,72,68,4,16,0.2222222222222222,4,0.05555555555555555,0.00027269999554846436
365,21061294,3,suffix,8,16,8,8,0.5,0.5,66,72,-0.0433442244116117,0.05537010267213952,-0.008493266325825062,4,4,96,92,4,112,1.1666666666666667,4,0.041666666666666664,0.00048489999608136714
366,21061295,3,prefix,8,16,8,8,0.5,0.5,66,72,0.08597740452170605,-0.0716885444976564,0.16579329084304392,5,5,72,69,3,23,0.3194444444444444,5,0.041666666666666664,0.00028480000037234277
366,21061295,3,suffix,8,16,8,8,0.5,0.5,66,72,0.08597740452170605,-0.0716885444976564,0.16579329084304392,5,5,104,101,3,183,1.7596153846153846,5,0.028846153846153848,0.0006156000017654151
367,21061296,3,prefix,8,16,8,8,0.5,0.5,66,72,0.08840983420986626,0.03976188581015276,0.05915632090168091,3,3,72,67,5,12,0.16666666666666666,3,0.06944444444444445,0.0002493999927537516
367,21061296,3,suffix,8,16,8,8,0.5,0.5,66,72,0.08840983420986626,0.03976188581015276,0.05915632090168091,3,3,88,83,5,60,0.6818181818181818,3,0.056818181818181816,0.0003845000028377399
368,21061297,3,prefix,8,16,8,8,0.5,0.5,66,72,-0.0007907280371753878,-0.04572002739108595,-0.23818394807407905,6,6,72,70,2,36,0.5,6,0.027777777777777776,0.0002961999998660758
368,21061297,3,suffix,8,16,8,8,0.5,0.5,66,72,-0.0007907280371753878,-0.04572002739108595,-0.23818394807407905,6,6,112,110,2,276,2.4642857142857144,6,0.017857142857142856,0.0008006999996723607
369,21061298,3,prefix,8,16,8,8,0.5,0.5,66,72,-0.020190296285038777,-0.0608754964828023,-0.25849880567663663,4,4,72,69,3,24,0.3333333333333333,4,0.041666666666666664,0.00026980000257026404
369,21061298,3,suffix,8,16,8,8,0.5,0.5,66,72,-0.020190296285038777,-0.0608754964828023,-0.25849880567663663,4,4,96,93,3,120,1.25,4,0.03125,0.0004945000109728426
370,21061299,3,prefix,8,16,8,8,0.5,0.5,66,72,0.025115811971075805,0.19004491572489204,-0.036389241049379656,2,2,72,66,6,9,0.125,2,0.08333333333333333,0.00025710000772960484
370,21061299,3,suffix,8,16,8,8,0.5,0.5,66,72,0.025115811971075805,0.19004491572489204,-0.036389241049379656,2,2,80,74,6,25,0.3125,2,0.075,0.0002928000030806288
371,21061300,3,prefix,8,16,8,8,0.5,0.5,66,72,-0.09944421253428627,0.11050598416331206,0.15412912126349593,2,2,72,66,6,9,0.125,2,0.08333333333333333,0.0002429999876767397
371,21061300,3,suffix,8,16,8,8,0.5,0.5,66,72,-0.09944421253428627,0.11050598416331206,0.15412912126349593,2,2,80,74,6,25,0.3125,2,0.075,0.0002896999940276146
372,21061301,3,prefix,8,16,8,8,0.5,0.5,66,72,0.10775768470143729,0.03919331131994076,0.21723039466165495,5,5,72,69,3,27,0.375,5,0.041666666666666664,0.00027829999453388155
372,21061301,3,suffix,8,16,8,8,0.5,0.5,66,72,0.10775768470143729,0.03919331131994076,0.21723039466165495,5,5,104,101,3,187,1.7980769230769231,5,0.028846153846153848,0.0006223999953363091
373,21061302,3,prefix,8,16,8,8,0.5,0.5,66,72,-0.14847975306066197,-0.09053679166764277,-0.06543248213676021,5,5,72,69,3,26,0.3611111111111111,5,0.041666666666666664,0.00027239999326411635
373,21061302,3,suffix,8,16,8,8,0.5,0.5,66,72,-0.14847975306066197,-0.09053679166764277,-0.06543248213676021,5,5,104,101,3,186,1.7884615384615385,5,0.028846153846153848,0.0006258000066736713
374,21061303,3,prefix,8,16,8,8,0.5,0.5,66,72,0.0617603500047305,0.05291664124028402,0.11223640243401517,5,5,72,69,3,27,0.375,5,0.041666666666666664,0.00028989999555051327
374,21061303,3,suffix,8,16,8,8,0.5,0.5,66,72,0.0617603500047305,0.05291664124028402,0.11223640243401517,5,5,104,101,3,187,1.7980769230769231,5,0.028846153846153848,0.0006253000028664246
375,21061304,3,prefix,8,16,8,8,0.5,0.5,66,72,0.01191127238048561,-0.04209132207982318,-0.11916221593524526,5,5,72,69,3,25,0.3472222222222222,5,0.041666666666666664,0.00028240001120138913
375,21061304,3,suffix,8,16,8,8,0.5,0.5,66,72,0.01191127238048561,-0.04209132207982318,-0.11916221593524526,5,5,104,101,3,185,1.7788461538461537,5,0.028846153846153848,0.0006369000038830563
376,21061305,3,prefix,8,16,8,8,0.5,0.5,66,72,0.04690803956726171,-0.14855602280345562,-0.06359537958548006,5,5,72,69,3,32,0.4444444444444444,5,0.041666666666666664,0.00029240000003483146
376,21061305,3,suffix,8,16,8,8,0.5,0.5,66,72,0.04690803956726171,-0.14855602280345562,-0.06359537958548006,5,5,104,101,3,192,1.8461538461538463,5,0.028846153846153848,0.0006366000015987083
377,21061306,3,prefix,8,16,8,8,0.5,0.5,66,72,-0.07505298674543838,0.014716842650096209,0.2952591207203819,4,4,72,68,4,23,0.3194444444444444,4,0.05555555555555555,0.0002674999996088445
377,21061306,3,suffix,8,16,8,8,0.5,0.5,66,72,-0.07505298674543838,0.014716842650096209,0.2952591207203819,4,4,96,92,4,119,1.2395833333333333,4,0.041666666666666664,0.0005068000027677044
378,21061307,3,prefix,8,16,8,8,0.5,0.5,66,72,0.24391914840965692,0.10059097751446903,0.18425087251722433,3,3,72,67,5,12,0.16666666666666666,3,0.06944444444444445,0.0002505000011296943
378,21061307,3,suffix,8,16,8,8,0.5,0.5,66,72,0.24391914840965692,0.10059097751446903,0.18425087251722433,3,3,88,83,5,60,0.6818181818181818,3,0.056818181818181816,0.0003777000092668459
379,21061308,3,prefix,8,16,8,8,0.5,0.5,66,72,-0.12003755543607007,-0.17972081642354923,-0.29223311033674243,5,5,72,69,3,27,0.375,5,0.041666666666666664,0.0002889000024879351
379,21061308,3,suffix,8,16,8,8,0.5,0.5,66,72,-0.12003755543607007,-0.17972081642354923,-0.29223311033674243,5,5,104,101,3,187,1.7980769230769231,5,0.028846153846153848,0.0006260999944061041
380,21061309,3,prefix,8,16,8,8,0.5,0.5,66,72,0.08895622115217026,-0.01967275635178595,0.12553299631444625,3,3,72,68,4,17,0.2361111111111111,3,0.05555555555555555,0.0002690999972401187
380,21061309,3,suffix,8,16,8,8,0.5,0.5,66,72,0.08895622115217026,-0.01967275635178595,0.12553299631444625,3,3,88,84,4,65,0.7386363636363636,3,0.045454545454545456,0.00038240000139921904
381,21061310,3,prefix,8,16,8,8,0.5,0.5,66,72,-0.2781998323642695,0.1143285413163551,0.025786741056455675,4,4,72,68,4,16,0.2222222222222222,4,0.05555555555555555,0.0002558000123826787
381,21061310,3,suffix,8,16,8,8,0.5,0.5,66,72,-0.2781998323642695,0.1143285413163551,0.025786741056455675,4,4,96,92,4,112,1.1666666666666667,4,0.041666666666666664,0.0004813999985344708
382,21061311,3,prefix,8,16,8,8,0.5,0.5,66,72,-0.13686644032225612,0.00427940911730765,-0.05365719015565504,6,6,72,70,2,39,0.5416666666666666,6,0.027777777777777776,0.00029420001374091953
382,21061311,3,suffix,8,16,8,8,0.5,0.5,66,72,-0.13686644032225612,0.00427940911730765,-0.05365719015565504,6,6,112,110,2,279,2.4910714285714284,6,0.017857142857142856,0.0008050000033108518
383,21061312,3,prefix,8,16,8,8,0.5,0.5,66,72,-0.03220535008192705,0.01669668015286999,0.07173934719082876,5,5,72,69,3,25,0.3472222222222222,5,0.041666666666666664,0.00028469999961089343
383,21061312,3,suffix,8,16,8,8,0.5,0.5,66,72,-0.03220535008192705,0.01669668015286999,0.07173934719082876,5,5,104,101,3,185,1.7788461538461537,5,0.028846153846153848,0.0006282000103965402
384,21061313,3,prefix,8,16,8,8,0.5,0.5,66,72,0.17471581888717938,-0.11757814125072633,-0.020509052878475004,4,4,72,68,4,22,0.3055555555555556,4,0.05555555555555555,0.00027879999834112823
384,21061313,3,suffix,8,16,8,8,0.5,0.5,66,72,0.17471581888717938,-0.11757814125072633,-0.020509052878475004,4,4,96,92,4,118,1.2291666666666667,4,0.041666666666666664,0.000487900004372932
385,21061314,3,prefix,8,16,8,8,0.5,0.5,66,72,0.008573714926557566,-0.047120886206835716,-0.10050888851435648,5,5,72,69,3,33,0.4583333333333333,5,0.041666666666666664,0.00028420001035556197
385,21061314,3,suffix,8,16,8,8,0.5,0.5,66,72,0.008573714926557566,-0.047120886206835716,-0.10050888851435648,5,5,104,101,3,193,1.8557692307692308,5,0.028846153846153848,0.000632800001767464
386,21061315,3,prefix,8,16,8,8,0.5,0.5,66,72,-0.16260837237317022,-0.24887371194677288,-0.11554470912637915,6,6,72,71,1,33,0.4583333333333333,6,0.013888888888888888,0.00029000001086387783
386,21061315,3,suffix,8,16,8,8,0.5,0.5,66,72,-0.16260837237317022,-0.24887371194677288,-0.11554470912637915,6,6,112,111,1,273,2.4375,6,0.008928571428571428,0.0008015000057639554
387,21061316,3,prefix,8,16,8,8,0.5,0.5,66,72,0.08692744733539683,0.1780171126531971,-0.20998368350172622,4,4,72,68,4,16,0.2222222222222222,4,0.05555555555555555,0.0002641999890329316
387,21061316,3,suffix,8,16,8,8,0.5,0.5,66,72,0.08692744733539683,0.1780171126531971,-0.20998368350172622,4,4,96,92,4,112,1.1666666666666667,4,0.041666666666666664,0.00048060000699479133
388,21061317,3,prefix,8,16,8,8,0.5,0.5,66,72,0.01798414406864501,0.010723767923756877,0.14026225991865907,1,1,72,65,7,7,0.09722222222222222,1,0.09722222222222222,0.00023829999554436654
388,21061317,3,suffix,8,16,8,8,0.5,0.5,66,72,0.01798414406864501,0.010723767923756877,0.14026225991865907,1,1,72,65,7,7,0.09722222222222222,1,0.09722222222222222,0.00023780000628903508
389,21061318,3,prefix,8,16,8,8,0.5,0.5,66,72,0.16619188122680775,0.020573417681114523,0.10340460897636111,6,6,72,70,2,41,0.5694444444444444,6,0.027777777777777776,0.0002958000113721937
389,21061318,3,suffix,8,16,8,8,0.5,0.5,66,72,0.16619188122680775,0.020573417681114523,0.10340460897636111,6,6,112,110,2,281,2.5089285714285716,6,0.017857142857142856,0.0008081999985734001
390,21061319,3,prefix,8,16,8,8,0.5,0.5,66,72,0.02400176760656169,-0.11327872655312833,-0.09998265591879331,2,2,72,66,6,8,0.1111111111111111,2,0.08333333333333333,0.0002415000053588301
390,21061319,3,suffix,8,16,8,8,0.5,0.5,66,72,0.02400176760656169,-0.11327872655312833,-0.09998265591879331,2,2,80,74,6,24,0.3,2,0.075,0.00029000001086387783
391,21061320,3,prefix,8,16,8,8,0.5,0.5,66,72,0.054323593994526395,0.06731969456095052,0.13050479120830705,3,3,72,68,4,18,0.25,3,0.05555555555555555,0.00028750000637955964
391,21061320,3,suffix,8,16,8,8,0.5,0.5,66,72,0.054323593994526395,0.06731969456095052,0.13050479120830705,3,3,88,84,4,66,0.75,3,0.045454545454545456,0.00038359999598469585
392,21061321,3,prefix,8,16,8,8,0.5,0.5,66,72,-0.09631163990836941,0.05806520094016667,0.004696127698753391,3,3,72,67,5,13,0.18055555555555555,3,0.06944444444444445,0.0002530000056140125
392,21061321,3,suffix,8,16,8,8,0.5,0.5,66,72,-0.09631163990836941,0.05806520094016667,0.004696127698753391,3,3,88,83,5,61,0.6931818181818182,3,0.056818181818181816,0.00038499999209307134
393,21061322,3,prefix,8,16,8,8,0.5,0.5,66,72,-0.08565865164877363,0.07920023622611624,-0.04906709907980287,5,5,72,69,3,24,0.3333333333333333,5,0.041666666666666664,0.00027489999774843454
393,21061322,3,suffix,8,16,8,8,0.5,0.5,66,72,-0.08565865164877363,0.07920023622611624,-0.04906709907980287,5,5,104,101,3,184,1.7692307692307692,5,0.028846153846153848,0.0006303999980445951
394,21061323,3,prefix,8,16,8,8,0.5,0.5,66,72,-0.10644706831046774,0.1857023753043538,-0.15040002658908105,6,6,72,70,2,35,0.4861111111111111,6,0.027777777777777776,0.0002955000090878457
394,21061323,3,suffix,8,16,8,8,0.5,0.5,66,72,-0.10644706831046774,0.1857023753043538,-0.15040002658908105,6,6,112,110,2,275,2.455357142857143,6,0.017857142857142856,0.0007885000086389482
395,21061324,3,prefix,8,16,8,8,0.5,0.5,66,72,0.06472867813690096,0.1258813330091314,0.1375829071651609,3,3,72,68,4,16,0.2222222222222222,3,0.05555555555555555,0.00025379999715369195
395,21061324,3,suffix,8,16,8,8,0.5,0.5,66,72,0.06472867813690096,0.1258813330091314,0.1375829071651609,3,3,88,84,4,64,0.7272727272727273,3,0.045454545454545456,0.00038839998887851834
396,21061325,3,prefix,8,16,8,8,0.5,0.5,66,72,0.11429520103776819,0.09728979844705918,-0.05593799983970028,5,5,72,70,2,28,0.3888888888888889,5,0.027777777777777776,0.00031010000384412706
396,21061325,3,suffix,8,16,8,8,0.5,0.5,66,72,0.11429520103776819,0.09728979844705918,-0.05593799983970028,5,5,104,102,2,188,1.8076923076923077,5,0.019230769230769232,0.0006204999954206869
397,21061326,3,prefix,8,16,8,8,0.5,0.5,66,72,0.15844793601218346,-0.06860237702551303,-0.1639265369591861,4,4,72,68,4,21,0.2916666666666667,4,0.05555555555555555,0.00026420000358484685
397,21061326,3,suffix,8,16,8,8,0.5,0.5,66,72,0.15844793601218346,-0.06860237702551303,-0.1639265369591861,4,4,96,92,4,117,1.21875,4,0.041666666666666664,0.0004898000042885542
398,21061327,3,prefix,8,16,8,8,0.5,0.5,66,72,0.0838941738633908,0.03029597918115102,0.04053570387010985,4,4,72,68,4,19,0.2638888888888889,4,0.05555555555555555,0.00026050000451505184
398,21061327,3,suffix,8,16,8,8,0.5,0.5,66,72,0.0838941738633908,0.03029597918115102,0.04053570387010985,4,4,96,92,4,115,1.1979166666666667,4,0.041666666666666664,0.0004953999887220562
399,21061328,3,prefix,8,16,8,8,0.5,0.5,66,72,0.1240023447690192,0.13118948598174038,-0.10163528478377325,6,6,72,70,2,39,0.5416666666666666,6,0.027777777777777776,0.00029179999546613544
399,21061328,3,suffix,8,16,8,8,0.5,0.5,66,72,0.1240023447690192,0.13118948598174038,-0.10163528478377325,6,6,112,110,2,279,2.4910714285714284,6,0.017857142857142856,0.0008019000088097528
400,21061329,3,prefix,8,16,8,8,0.5,0.5,66,72,-0.16310051416122526,0.008113661147190625,0.0949946684887178,3,3,72,67,5,11,0.1527777777777778,3,0.06944444444444445,0.00026539999817032367
400,21061329,3,suffix,8,16,8,8,0.5,0.5,66,72,-0.16310051416122526,0.008113661147190625,0.0949946684887178,3,3,88,83,5,59,0.6704545454545454,3,0.056818181818181816,0.0004034000012325123
401,21061330,3,prefix,8,16,8,8,0.5,0.5,66,72,-0.1324257966630242,0.041326807713400436,-0.26130641412485217,8,8,72,72,0,56,0.7777777777777778,8,0.0,0.00034889999369625
401,21061330,3,suffix,8,16,8,8,0.5,0.5,66,72,-0.1324257966630242,0.041326807713400436,-0.26130641412485217,8,8,128,128,0,504,3.9375,8,0.0,0.0014379999920492992
402,21061331,3,prefix,8,16,8,8,0.5,0.5,66,72,-0.005987317667356065,0.17880746198271302,0.17762488960620615,3,3,72,67,5,16,0.2222222222222222,3,0.06944444444444445,0.0002604000037536025
402,21061331,3,suffix,8,16,8,8,0.5,0.5,66,72,-0.005987317667356065,0.17880746198271302,0.17762488960620615,3,3,88,83,5,64,0.7272727272727273,3,0.056818181818181816,0.00038189999759197235
403,21061332,3,prefix,8,16,8,8,0.5,0.5,66,72,-0.029973898275428474,0.06591853348633953,0.07816033707161596,4,4,72,69,3,21,0.2916666666666667,4,0.041666666666666664,0.0002859999949578196
403,21061332,3,suffix,8,16,8,8,0.5,0.5,66,72,-0.029973898275428474,0.06591853348633953,0.07816033707161596,4,4,96,93,3,117,1.21875,4,0.03125,0.0004917999904137105
404,21061333,3,prefix,8,16,8,8,0.5,0.5,66,72,0.010800656661411268,0.06071405045025673,-0.15540574396842408,5,5,72,69,3,23,0.3194444444444444,5,0.041666666666666664,0.0002744999947026372
404,21061333,3,suffix,8,16,8,8,0.5,0.5,66,72,0.010800656661411268,0.06071405045025673,-0.15540574396842408,5,5,104,101,3,183,1.7596153846153846,5,0.028846153846153848,0.0006173000001581386
405,21061334,3,prefix,8,16,8,8,0.5,0.5,66,72,0.014913834793068131,-0.09496908348427728,0.013477042964440368,6,6,72,70,2,40,0.5555555555555556,6,0.027777777777777776,0.0003102999908151105
405,21061334,3,suffix,8,16,8,8,0.5,0.5,66,72,0.014913834793068131,-0.09496908348427728,0.013477042964440368,6,6,112,110,2,280,2.5,6,0.017857142857142856,0.0007992000028025359
406,21061335,3,prefix,8,16,8,8,0.5,0.5,66,72,-0.057709545993260024,-0.02699620197597075,-0.03510188883842435,5,5,72,69,3,25,0.3472222222222222,5,0.041666666666666664,0.0002800000074785203
406,21061335,3,suffix,8,16,8,8,0.5,0.5,66,72,-0.057709545993260024,-0.02699620197597075,-0.03510188883842435,5,5,104,101,3,185,1.7788461538461537,5,0.028846153846153848,0.0006196000031195581
407,21061336,3,prefix,8,16,8,8,0.5,0.5,66,72,0.10374017014069106,-0.16794367288140316,0.18436648042759504,2,2,72,66,6,8,0.1111111111111111,2,0.08333333333333333,0.00025290000485256314
407,21061336,3,suffix,8,16,8,8,0.5,0.5,66,72,0.10374017014069106,-0.16794367288140316,0.18436648042759504,2,2,80,74,6,24,0.3,2,0.075,0.0003026000049430877
408,21061337,3,prefix,8,16,8,8,0.5,0.5,66,72,-0.06927661927914025,0.04735991858382896,0.2702309756900876,4,4,72,69,3,24,0.3333333333333333,4,0.041666666666666664,0.0002938000106951222
408,21061337,3,suffix,8,16,8,8,0.5,0.5,66,72,-0.06927661927914025,0.04735991858382896,0.2702309756900876,4,4,96,93,3,120,1.25,4,0.03125,0.0004981999954907224
409,21061338,3,prefix,8,16,8,8,0.5,0.5,66,72,0.13144647978439541,0.030994623132234958,0.016866906538256215,2,2,72,66,6,9,0.125,2,0.08333333333333333,0.00024280000070575625
409,21061338,3,suffix,8,16,8,8,0.5,0.5,66,72,0.13144647978439541,0.030994623132234958,0.016866906538256215,2,2,80,74,6,25,0.3125,2,0.075,0.0002894999925047159
410,21061339,3,prefix,8,16,8,8,0.5,0.5,66,72,-0.028477867162193294,0.10722548109526167,-0.12775595381273164,5,5,72,69,3,27,0.375,5,0.041666666666666664,0.00029579999682027847
410,21061339,3,suffix,8,16,8,8,0.5,0.5,66,72,-0.028477867162193294,0.10722548109526167,-0.12775595381273164,5,5,104,101,3,187,1.7980769230769231,5,0.028846153846153848,0.0006304999988060445
411,21061340,3,prefix,8,16,8,8,0.5,0.5,66,72,-0.013384603392131423,-0.022719703259159486,-0.09744140239973166,6,6,72,70,2,33,0.4583333333333333,6,0.027777777777777776,0.0002935999946203083
411,21061340,3,suffix,8,16,8,8,0.5,0.5,66,72,-0.013384603392131423,-0.022719703259159486,-0.09744140239973166,6,6,112,110,2,273,2.4375,6,0.017857142857142856,0.000785399999585934
412,21061341,3,prefix,8,16,8,8,0.5,0.5,66,72,-0.20287867906125326,-0.09674118408932987,-0.10068390065491215,5,5,72,70,2,35,0.4861111111111111,5,0.027777777777777776,0.0003198000049451366
412,21061341,3,suffix,8,16,8,8,0.5,0.5,66,72,-0.20287867906125326,-0.09674118408932987,-0.10068390065491215,5,5,104,102,2,195,1.875,5,0.019230769230769232,0.0006400999991456047
413,21061342,3,prefix,8,16,8,8,0.5,0.5,66,72,0.3648426658938183,-0.05599589547017304,-0.14897518989020367,3,3,72,67,5,13,0.18055555555555555,3,0.06944444444444445,0.0002511999919079244
413,21061342,3,suffix,8,16,8,8,0.5,0.5,66,72,0.3648426658938183,-0.05599589547017304,-0.14897518989020367,3,3,88,83,5,61,0.6931818181818182,3,0.056818181818181816,0.0003880000003846362
414,21061343,3,prefix,8,16,8,8,0.5,0.5,66,72,0.03180632922708794,-0.08771177470735327,-0.14404807435506362,5,5,72,69,3,28,0.3888888888888889,5,0.041666666666666664,0.00027889999910257757
414,21061343,3,suffix,8,16,8,8,0.5,0.5,66,72,0.03180632922708794,-0.08771177470735327,-0.14404807435506362,5,5,104,101,3,188,1.8076923076923077,5,0.028846153846153848,0.0006346000009216368
415,21061344,3,prefix,8,16,8,8,0.5,0.5,66,72,-0.06557155857078487,-0.0011344561455667243,0.09166764669699028,6,6,72,70,2,34,0.4722222222222222,6,0.027777777777777776,0.0003003000019816682
415,21061344,3,suffix,8,16,8,8,0.5,0.5,66,72,-0.06557155857078487,-0.0011344561455667243,0.09166764669699028,6,6,112,110,2,274,2.4464285714285716,6,0.017857142857142856,0.0007901000062702224
416,21061345,3,prefix,8,16,8,8,0.5,0.5,66,72,-0.03717149289096557,0.05096460835135392,0.07144848810735181,4,4,72,68,4,19,0.2638888888888889,4,0.05555555555555555,0.00026729999808594584
416,21061345,3,suffix,8,16,8,8,0.5,0.5,66,72,-0.03717149289096557,0.05096460835135392,0.07144848810735181,4,4,96,92,4,115,1.1979166666666667,4,0.041666666666666664,0.00048439999227412045
417,21061346,3,prefix,8,16,8,8,0.5,0.5,66,72,0.010097882864437654,0.06633496047273657,0.00012913590459768685,6,6,72,70,2,42,0.5833333333333334,6,0.027777777777777776,0.000298700004350394
417,21061346,3,suffix,8,16,8,8,0.5,0.5,66,72,0.010097882864437654,0.06633496047273657,0.00012913590459768685,6,6,112,110,2,282,2.517857142857143,6,0.017857142857142856,0.0008241000032285228
418,21061347,3,prefix,8,16,8,8,0.5,0.5,66,72,-0.08926121859104375,-0.0023092973158552786,0.04243711641378075,3,3,72,67,5,11,0.1527777777777778,3,0.06944444444444445,0.0002562000008765608
418,21061347,3,suffix,8,16,8,8,0.5,0.5,66,72,-0.08926121859104375,-0.0023092973158552786,0.04243711641378075,3,3,88,83,5,59,0.6704545454545454,3,0.056818181818181816,0.00036979999276809394
419,21061348,3,prefix,8,16,8,8,0.5,0.5,66,72,0.0010776801952094865,-0.10338759315345827,-0.136803093690609,5,5,72,70,2,24,0.3333333333333333,5,0.027777777777777776,0.00027999999292660505
419,21061348,3,suffix,8,16,8,8,0.5,0.5,66,72,0.0010776801952094865,-0.10338759315345827,-0.136803093690609,5,5,104,102,2,184,1.7692307692307692,5,0.019230769230769232,0.0006379999977070838
420,21061349,3,prefix,8,16,8,8,0.5,0.5,66,72,-0.02984593445592433,-0.049311717208422284,-0.1859105926580188,4,4,72,68,4,18,0.25,4,0.05555555555555555,0.0002708999963942915
420,21061349,3,suffix,8,16,8,8,0.5,0.5,66,72,-0.02984593445592433,-0.049311717208422284,-0.1859105926580188,4,4,96,92,4,114,1.1875,4,0.041666666666666664,0.0004959000070812181
421,21061350,3,prefix,8,16,8,8,0.5,0.5,66,72,-0.03059728307859613,-0.13096831087625857,-0.02535224244866434,5,5,72,69,3,25,0.3472222222222222,5,0.041666666666666664,0.00027600000612437725
421,21061350,3,suffix,8,16,8,8,0.5,0.5,66,72,-0.03059728307859613,-0.13096831087625857,-0.02535224244866434,5,5,104,101,3,185,1.7788461538461537,5,0.028846153846153848,0.0006171999993966892
422,21061351,3,prefix,8,16,8,8,0.5,0.5,66,72,0.03934596246788827,0.09082089567726524,0.10249576156096993,6,6,72,71,1,45,0.625,6,0.013888888888888888,0.0003124000068055466
422,21061351,3,suffix,8,16,8,8,0.5,0.5,66,72,0.03934596246788827,0.09082089567726524,0.10249576156096993,6,6,112,111,1,285,2.544642857142857,6,0.008928571428571428,0.0008024999988265336
423,21061352,3,prefix,8,16,8,8,0.5,0.5,66,72,-0.09210513379828662,0.09291625309614558,0.1277845593870442,6,6,72,70,2,32,0.4444444444444444,6,0.027777777777777776,0.0002906000008806586
423,21061352,3,suffix,8,16,8,8,0.5,0.5,66,72,-0.09210513379828662,0.09291625309614558,0.1277845593870442,6,6,112,110,2,272,2.4285714285714284,6,0.017857142857142856,0.0008054999925661832
424,21061353,3,prefix,8,16,8,8,0.5,0.5,66,72,-0.0017756149309025005,-0.013282787471055022,-0.018443625802466845,4,4,72,68,4,19,0.2638888888888889,4,0.05555555555555555,0.0002795000036712736
424,21061353,3,suffix,8,16,8,8,0.5,0.5,66,72,-0.0017756149309025005,-0.013282787471055022,-0.018443625802466845,4,4,96,92,4,115,1.1979166666666667,4,0.041666666666666664,0.0004893000004813075
425,21061354,3,prefix,8,16,8,8,0.5,0.5,66,72,0.017984766219679545,-0.04673964818634772,0.2533902159087437,2,2,72,66,6,8,0.1111111111111111,2,0.08333333333333333,0.0002410000015515834
425,21061354,3,suffix,8,16,8,8,0.5,0.5,66,72,0.017984766219679545,-0.04673964818634772,0.2533902159087437,2,2,80,74,6,24,0.3,2,0.075,0.0002911000046879053
426,21061355,3,prefix,8,16,8,8,0.5,0.5,66,72,0.1592117685753514,-0.027303102564087873,-0.1882212103265803,6,6,72,70,2,36,0.5,6,0.027777777777777776,0.0003515999997034669
426,21061355,3,suffix,8,16,8,8,0.5,0.5,66,72,0.1592117685753514,-0.027303102564087873,-0.1882212103265803,6,6,112,110,2,276,2.4642857142857144,6,0.017857142857142856,0.0007981999951880425
427,21061356,3,prefix,8,16,8,8,0.5,0.5,66,72,-0.07853395584972986,0.005792325730449469,-0.037583160341790635,6,6,72,70,2,36,0.5,6,0.027777777777777776,0.00028899998869746923
427,21061356,3,suffix,8,16,8,8,0.5,0.5,66,72,-0.07853395584972986,0.005792325730449469,-0.037583160341790635,6,6,112,110,2,276,2.4642857142857144,6,0.017857142857142856,0.0008022999973036349
428,21061357,3,prefix,8,16,8,8,0.5,0.5,66,72,-0.0026642021520432344,-0.10584531037220944,-0.015837237584840066,5,5,72,69,3,25,0.3472222222222222,5,0.041666666666666664,0.00028240001120138913
428,21061357,3,suffix,8,16,8,8,0.5,0.5,66,72,-0.0026642021520432344,-0.10584531037220944,-0.015837237584840066,5,5,104,101,3,185,1.7788461538461537,5,0.028846153846153848,0.0006262000097194687
429,21061358,3,prefix,8,16,8,8,0.5,0.5,66,72,-0.1469382183339914,-0.16632439205478203,-0.19061374896758146,6,6,72,70,2,34,0.4722222222222222,6,0.027777777777777776,0.00028580000798683614
429,21061358,3,suffix,8,16,8,8,0.5,0.5,66,72,-0.1469382183339914,-0.16632439205478203,-0.19061374896758146,6,6,112,110,2,274,2.4464285714285716,6,0.017857142857142856,0.0008009000011952594
430,21061359,3,prefix,8,16,8,8,0.5,0.5,66,72,-0.08271521538768384,0.06798407597887524,-0.1587614618635668,6,6,72,70,2,37,0.5138888888888888,6,0.027777777777777776,0.0002982000005431473
430,21061359,3,suffix,8,16,8,8,0.5,0.5,66,72,-0.08271521538768384,0.06798407597887524,-0.1587614618635668,6,6,112,110,2,277,2.4732142857142856,6,0.017857142857142856,0.0007944999961182475
431,21061360,3,prefix,8,16,8,8,0.5,0.5,66,72,0.1325579777231631,-0.0639824322410043,-0.012167060811220284,6,6,72,70,2,32,0.4444444444444444,6,0.027777777777777776,0.0002896000078180805
431,21061360,3,suffix,8,16,8,8,0.5,0.5,66,72,0.1325579777231631,-0.0639824322410043,-0.012167060811220284,6,6,112,110,2,272,2.4285714285714284,6,0.017857142857142856,0.0007879000040702522
432,21061361,3,prefix,8,16,8,8,0.5,0.5,66,72,0.1716912363473515,0.07655527654087824,0.009871619119703181,2,2,72,66,6,14,0.19444444444444445,2,0.08333333333333333,0.00026390000130049884
432,21061361,3,suffix,8,16,8,8,0.5,0.5,66,72,0.1716912363473515,0.07655527654087824,0.009871619119703181,2,2,80,74,6,30,0.375,2,0.075,0.0002989000058732927
433,21061362,3,prefix,8,16,8,8,0.5,0.5,66,72,-0.04484683695915261,-0.029969805035714978,-0.14106842251543672,4,4,72,68,4,20,0.2777777777777778,4,0.05555555555555555,0.00026760000037029386
433,21061362,3,suffix,8,16,8,8,0.5,0.5,66,72,-0.04484683695915261,-0.029969805035714978,-0.14106842251543672,4,4,96,92,4,116,1.2083333333333333,4,0.041666666666666664,0.000491600003442727
434,21061363,3,prefix,8,16,8,8,0.5,0.5,66,72,0.2200200092375144,0.14099427861002048,0.09132853296693604,2,2,72,66,6,8,0.1111111111111111,2,0.08333333333333333,0.0002469000028213486
434,21061363,3,suffix,8,16,8,8,0.5,0.5,66,72,0.2200200092375144,0.14099427861002048,0.09132853296693604,2,2,80,74,6,24,0.3,2,0.075,0.000287900009425357
435,21061364,3,prefix,8,16,8,8,0.5,0.5,66,72,-0.13957534510820344,0.12402022977915468,0.09096718188793847,5,5,72,70,2,29,0.4027777777777778,5,0.027777777777777776,0.00027720000070985407
435,21061364,3,suffix,8,16,8,8,0.5,0.5,66,72,-0.13957534510820344,0.12402022977915468,0.09096718188793847,5,5,104,102,2,189,1.8173076923076923,5,0.019230769230769232,0.0006301999965216964
436,21061365,3,prefix,8,16,8,8,0.5,0.5,66,72,0.19744621634376083,-0.0632791091610371,0.12459477910053504,3,3,72,67,5,16,0.2222222222222222,3,0.06944444444444445,0.000265800001216121
436,21061365,3,suffix,8,16,8,8,0.5,0.5,66,72,0.19744621634376083,-0.0632791091610371,0.12459477910053504,3,3,88,83,5,64,0.7272727272727273,3,0.056818181818181816,0.00037989999691490084
437,21061366,3,prefix,8,16,8,8,0.5,0.5,66,72,0.02629198115407033,0.03908465126846983,-0.10268628934920075,4,4,72,70,2,27,0.375,4,0.027777777777777776,0.0002747000107774511
437,21061366,3,suffix,8,16,8,8,0.5,0.5,66,72,0.02629198115407033,0.03908465126846983,-0.10268628934920075,4,4,96,94,2,123,1.28125,4,0.020833333333333332,0.0005021999968448654
438,21061367,3,prefix,8,16,8,8,0.5,0.5,66,72,0.16693799636082332,-0.038235960376934754,0.017524905068059243,5,5,72,69,3,23,0.3194444444444444,5,0.041666666666666664,0.00027049999334849417
438,21061367,3,suffix,8,16,8,8,0.5,0.5,66,72,0.16693799636082332,-0.038235960376934754,0.017524905068059243,5,5,104,101,3,183,1.7596153846153846,5,0.028846153846153848,0.00063189999491442
439,21061368,3,prefix,8,16,8,8,0.5,0.5,66,72,0.015075048021843458,0.12130229239389549,0.27027032474059187,2,2,72,66,6,8,0.1111111111111111,2,0.08333333333333333,0.0002398000069661066
439,21061368,3,suffix,8,16,8,8,0.5,0.5,66,72,0.015075048021843458,0.12130229239389549,0.27027032474059187,2,2,80,74,6,24,0.3,2,0.075,0.00029039999935775995
440,21061369,3,prefix,8,16,8,8,0.5,0.5,66,72,0.11348903559069601,0.13407630729088385,0.1881817283325655,4,4,72,68,4,22,0.3055555555555556,4,0.05555555555555555,0.00027549998776521534
440,21061369,3,suffix,8,16,8,8,0.5,0.5,66,72,0.11348903559069601,0.13407630729088385,0.1881817283325655,4,4,96,92,4,118,1.2291666666666667,4,0.041666666666666664,0.0004955000040354207
441,21061370,3,prefix,8,16,8,8,0.5,0.5,66,72,-0.055498930776339606,0.03693534324673457,-0.07711858236337464,6,6,72,70,2,38,0.5277777777777778,6,0.027777777777777776,0.00031259999377653003
441,21061370,3,suffix,8,16,8,8,0.5,0.5,66,72,-0.055498930776339606,0.03693534324673457,-0.07711858236337464,6,6,112,110,2,278,2.482142857142857,6,0.017857142857142856,0.0007996999920578673
442,21061371,3,prefix,8,16,8,8,0.5,0.5,66,72,-0.056006123602826474,-0.25910251794663586,0.07512764140600502,3,3,72,67,5,11,0.1527777777777778,3,0.06944444444444445,0.0002491000050213188
442,21061371,3,suffix,8,16,8,8,0.5,0.5,66,72,-0.056006123602826474,-0.25910251794663586,0.07512764140600502,3,3,88,83,5,59,0.6704545454545454,3,0.056818181818181816,0.000378700002329424
443,21061372,3,prefix,8,16,8,8,0.5,0.5,66,72,0.14764073752170243,0.16152522844905723,-0.055986330336000874,1,1,72,65,7,7,0.09722222222222222,1,0.09722222222222222,0.00023669999791309237
443,21061372,3,suffix,8,16,8,8,0.5,0.5,66,72,0.14764073752170243,0.16152522844905723,-0.055986330336000874,1,1,72,65,7,7,0.09722222222222222,1,0.09722222222222222,0.0002356000040890649
444,21061373,3,prefix,8,16,8,8,0.5,0.5,66,72,-0.14761391439204288,-0.07130252755625267,-0.1688198007823405,6,6,72,70,2,32,0.4444444444444444,6,0.027777777777777776,0.0002872000040952116
444,21061373,3,suffix,8,16,8,8,0.5,0.5,66,72,-0.14761391439204288,-0.07130252755625267,-0.1688198007823405,6,6,112,110,2,272,2.4285714285714284,6,0.017857142857142856,0.0007908999978099018
445,21061374,3,prefix,8,16,8,8,0.5,0.5,66,72,0.18968578149116272,0.04495043475217393,-0.140897117335627,5,5,72,70,2,28,0.3888888888888889,5,0.027777777777777776,0.00030330001027323306
445,21061374,3,suffix,8,16,8,8,0.5,0.5,66,72,0.18968578149116272,0.04495043475217393,-0.140897117335627,5,5,104,102,2,188,1.8076923076923077,5,0.019230769230769232,0.0007232000061776489
446,21061375,3,prefix,8,16,8,8,0.5,0.5,66,72,-0.10455412696922667,-0.1852601194312027,-0.189422938132647,7,7,72,71,1,46,0.6388888888888888,7,0.013888888888888888,0.0003249000001233071
446,21061375,3,suffix,8,16,8,8,0.5,0.5,66,72,-0.10455412696922667,-0.1852601194312027,-0.189422938132647,7,7,120,119,1,382,3.183333333333333,7,0.008333333333333333,0.000986300001386553
447,21061376,3,prefix,8,16,8,8,0.5,0.5,66,72,-0.09539980482755356,0.16729087030762554,-0.19235618056786732,6,6,72,70,2,34,0.4722222222222222,6,0.027777777777777776,0.0002982000005431473
447,21061376,3,suffix,8,16,8,8,0.5,0.5,66,72,-0.09539980482755356,0.16729087030762554,-0.19235618056786732,6,6,112,110,2,274,2.4464285714285716,6,0.017857142857142856,0.0007831000111764297
448,21061377,3,prefix,8,16,8,8,0.5,0.5,66,72,0.05023352110306402,-0.06933616697935417,0.03089946796728431,3,3,72,67,5,11,0.1527777777777778,3,0.06944444444444445,0.0002690000110305846
448,21061377,3,suffix,8,16,8,8,0.5,0.5,66,72,0.05023352110306402,-0.06933616697935417,0.03089946796728431,3,3,88,83,5,59,0.6704545454545454,3,0.056818181818181816,0.000378099997760728
449,21061378,3,prefix,8,16,8,8,0.5,0.5,66,72,-0.1507458139000582,0.004683721930000731,0.01646243390163345,5,5,72,70,2,28,0.3888888888888889,5,0.027777777777777776,0.0002931000053649768
449,21061378,3,suffix,8,16,8,8,0.5,0.5,66,72,-0.1507458139000582,0.004683721930000731,0.01646243390163345,5,5,104,102,2,188,1.8076923076923077,5,0.019230769230769232,0.0006470999942393973
450,21061379,3,prefix,8,16,8,8,0.5,0.5,66,72,0.0670504659802273,0.1547794598070495,0.16653321182601308,4,4,72,69,3,24,0.3333333333333333,4,0.041666666666666664,0.00029409999842755497
450,21061379,3,suffix,8,16,8,8,0.5,0.5,66,72,0.0670504659802273,0.1547794598070495,0.16653321182601308,4,4,96,93,3,120,1.25,4,0.03125,0.0004981000092811882
451,21061380,3,prefix,8,16,8,8,0.5,0.5,66,72,-0.03840187052409999,-0.02272746071194914,-0.0021180623760748,4,4,72,68,4,25,0.3472222222222222,4,0.05555555555555555,0.00028020000900141895
451,21061380,3,suffix,8,16,8,8,0.5,0.5,66,72,-0.03840187052409999,-0.02272746071194914,-0.0021180623760748,4,4,96,92,4,121,1.2604166666666667,4,0.041666666666666664,0.0005088000034447759
452,21061381,3,prefix,8,16,8,8,0.5,0.5,66,72,0.00898814970078815,0.16298707476113083,-0.06915804872115405,5,5,72,69,3,28,0.3888888888888889,5,0.041666666666666664,0.00037340000562835485
452,21061381,3,suffix,8,16,8,8,0.5,0.5,66,72,0.00898814970078815,0.16298707476113083,-0.06915804872115405,5,5,104,101,3,188,1.8076923076923077,5,0.028846153846153848,0.0006231000006664544
453,21061382,3,prefix,8,16,8,8,0.5,0.5,66,72,0.014159010615046038,-0.07205384002035997,0.11091580431406342,3,3,72,67,5,14,0.19444444444444445,3,0.06944444444444445,0.00026020000223070383
453,21061382,3,suffix,8,16,8,8,0.5,0.5,66,72,0.014159010615046038,-0.07205384002035997,0.11091580431406342,3,3,88,83,5,62,0.7045454545454546,3,0.056818181818181816,0.00037650000012945384
454,21061383,3,prefix,8,16,8,8,0.5,0.5,66,72,-0.0075982640922769035,0.07889348183173613,-0.1103623606401188,4,4,72,68,4,20,0.2777777777777778,4,0.05555555555555555,0.0002666999935172498
454,21061383,3,suffix,8,16,8,8,0.5,0.5,66,72,-0.0075982640922769035,0.07889348183173613,-0.1103623606401188,4,4,96,92,4,116,1.2083333333333333,4,0.041666666666666664,0.0004908999981125817
455,21061384,3,prefix,8,16,8,8,0.5,0.5,66,72,-0.0015024042255572865,0.0020081247472247756,-0.010126282231231378,8,8,72,72,0,56,0.7777777777777778,8,0.0,0.0003189999988535419
455,21061384,3,suffix,8,16,8,8,0.5,0.5,66,72,-0.0015024042255572865,0.0020081247472247756,-0.010126282231231378,8,8,128,128,0,504,3.9375,8,0.0,0.0012221999932080507
456,21061385,3,prefix,8,16,8,8,0.5,0.5,66,72,0.15698161248194728,0.19920667179319312,0.10463133521424782,4,4,72,69,3,17,0.2361111111111111,4,0.041666666666666664,0.000265800001216121
456,21061385,3,suffix,8,16,8,8,0.5,0.5,66,72,0.15698161248194728,0.19920667179319312,0.10463133521424782,4,4,96,93,3,113,1.1770833333333333,4,0.03125,0.0005018000083509833
457,21061386,3,prefix,8,16,8,8,0.5,0.5,66,72,-0.12645607757565183,0.008351843604975599,0.13950510454086912,3,3,72,69,3,15,0.20833333333333334,3,0.041666666666666664,0.00025800000003073364
457,21061386,3,suffix,8,16,8,8,0.5,0.5,66,72,-0.12645607757565183,0.008351843604975599,0.13950510454086912,3,3,88,85,3,63,0.7159090909090909,3,0.03409090909090909,0.00037779999547638
458,21061387,3,prefix,8,16,8,8,0.5,0.5,66,72,-0.06951379420074873,0.04305421977147847,-0.09190597335084423,4,4,72,69,3,24,0.3333333333333333,4,0.041666666666666664,0.0002722000062931329
458,21061387,3,suffix,8,16,8,8,0.5,0.5,66,72,-0.06951379420074873,0.04305421977147847,-0.09190597335084423,4,4,96,93,3,120,1.25,4,0.03125,0.0004981999954907224
459,21061388,3,prefix,8,16,8,8,0.5,0.5,66,72,0.04769558070783371,-0.22206954505058205,0.09478604270486704,5,5,72,69,3,27,0.375,5,0.041666666666666664,0.0002753000007942319
459,21061388,3,suffix,8,16,8,8,0.5,0.5,66,72,0.04769558070783371,-0.22206954505058205,0.09478604270486704,5,5,104,101,3,187,1.7980769230769231,5,0.028846153846153848,0.0006301999965216964
460,21061389,3,prefix,8,16,8,8,0.5,0.5,66,72,-0.166647955376204,0.11650080494319753,-0.041018875633633184,4,4,72,68,4,19,0.2638888888888889,4,0.05555555555555555,0.000262400004430674
460,21061389,3,suffix,8,16,8,8,0.5,0.5,66,72,-0.166647955376204,0.11650080494319753,-0.041018875633633184,4,4,96,92,4,115,1.1979166666666667,4,0.041666666666666664,0.000498699999297969
461,21061390,3,prefix,8,16,8,8,0.5,0.5,66,72,0.07575335547375514,0.02201841688006041,0.031316272106825714,5,5,72,70,2,31,0.4305555555555556,5,0.027777777777777776,0.00029660000291187316
461,21061390,3,suffix,8,16,8,8,0.5,0.5,66,72,0.07575335547375514,0.02201841688006041,0.031316272106825714,5,5,104,102,2,191,1.8365384615384615,5,0.019230769230769232,0.000655200012261048
462,21061391,3,prefix,8,16,8,8,0.5,0.5,66,72,-0.0885359884720715,-0.13368149415828234,-0.06187644578446518,5,5,72,69,3,30,0.4166666666666667,5,0.041666666666666664,0.00028700000257231295
462,21061391,3,suffix,8,16,8,8,0.5,0.5,66,72,-0.0885359884720715,-0.13368149415828234,-0.06187644578446518,5,5,104,101,3,190,1.8269230769230769,5,0.028846153846153848,0.0006317000079434365
463,21061392,3,prefix,8,16,8,8,0.5,0.5,66,72,-0.008212817066594064,0.05653272414990791,-0.25277105341973716,4,4,72,69,3,25,0.3472222222222222,4,0.041666666666666664,0.00027520000003278255
463,21061392,3,suffix,8,16,8,8,0.5,0.5,66,72,-0.008212817066594064,0.05653272414990791,-0.25277105341973716,4,4,96,93,3,121,1.2604166666666667,4,0.03125,0.0004989000008208677
464,21061393,3,prefix,8,16,8,8,0.5,0.5,66,72,-0.09311570466331356,-0.14171116646957993,0.03564292129465339,4,4,72,69,3,21,0.2916666666666667,4,0.041666666666666664,0.00027689999842550606
464,21061393,3,suffix,8,16,8,8,0.5,0.5,66,72,-0.09311570466331356,-0.14171116646957993,0.03564292129465339,4,4,96,93,3,117,1.21875,4,0.03125,0.0004965999978594482
465,21061394,3,prefix,8,16,8,8,0.5,0.5,66,72,-0.11760387126160197,-0.10135919817252452,-0.11707936476034925,6,6,72,71,1,42,0.5833333333333334,6,0.013888888888888888,0.00031350000062957406
465,21061394,3,suffix,8,16,8,8,0.5,0.5,66,72,-0.11760387126160197,-0.10135919817252452,-0.11707936476034925,6,6,112,111,1,282,2.517857142857143,6,0.008928571428571428,0.000832799996715039
466,21061395,3,prefix,8,16,8,8,0.5,0.5,66,72,0.1578963101498543,0.08194800613075742,0.3951706599570972,5,5,72,69,3,23,0.3194444444444444,5,0.041666666666666664,0.0003009000065503642
466,21061395,3,suffix,8,16,8,8,0.5,0.5,66,72,0.1578963101498543,0.08194800613075742,0.3951706599570972,5,5,104,101,3,183,1.7596153846153846,5,0.028846153846153848,0.0006187999970279634
467,21061396,3,prefix,8,16,8,8,0.5,0.5,66,72,0.05051639236147615,-0.06485266546745828,-0.14114786371905472,5,5,72,69,3,29,0.4027777777777778,5,0.041666666666666664,0.00028979999478906393
467,21061396,3,suffix,8,16,8,8,0.5,0.5,66,72,0.05051639236147615,-0.06485266546745828,-0.14114786371905472,5,5,104,101,3,189,1.8173076923076923,5,0.028846153846153848,0.0006453999958466738
468,21061397,3,prefix,8,16,8,8,0.5,0.5,66,72,-0.24418728296023656,-0.12541429545485225,0.20640798344007816,4,4,72,68,4,18,0.25,4,0.05555555555555555,0.0002603999892016873
468,21061397,3,suffix,8,16,8,8,0.5,0.5,66,72,-0.24418728296023656,-0.12541429545485225,0.20640798344007816,4,4,96,92,4,114,1.1875,4,0.041666666666666664,0.0004887999966740608
469,21061398,3,prefix,8,16,8,8,0.5,0.5,66,72,0.012509773531837463,0.01517558531307055,-0.05307111303084609,5,5,72,69,3,31,0.4305555555555556,5,0.041666666666666664,0.00028279999969527125
469,21061398,3,suffix,8,16,8,8,0.5,0.5,66,72,0.012509773531837463,0.01517558531307055,-0.05307111303084609,5,5,104,101,3,191,1.8365384615384615,5,0.028846153846153848,0.0006366000015987083
470,21061399,3,prefix,8,16,8,8,0.5,0.5,66,72,-0.045060233179672844,-0.03418219573635277,0.11126410174265075,4,4,72,68,4,17,0.2361111111111111,4,0.05555555555555555,0.0002724999940255657
470,21061399,3,suffix,8,16,8,8,0.5,0.5,66,72,-0.045060233179672844,-0.03418219573635277,0.11126410174265075,4,4,96,92,4,113,1.1770833333333333,4,0.041666666666666664,0.0005094999942230061
471,21061400,3,prefix,8,16,8,8,0.5,0.5,66,72,0.19327912589135648,-0.19904881815991213,0.04463459119948929,4,4,72,68,4,24,0.3333333333333333,4,0.05555555555555555,0.00027650000993162394
471,21061400,3,suffix,8,16,8,8,0.5,0.5,66,72,0.19327912589135648,-0.19904881815991213,0.04463459119948929,4,4,96,92,4,120,1.25,4,0.041666666666666664,0.0004965999978594482
472,21061401,3,prefix,8,16,8,8,0.5,0.5,66,72,-0.015136037631829115,0.0053082450498130335,0.11241929662455642,3,3,72,68,4,17,0.2361111111111111,3,0.05555555555555555,0.00025830000231508166
472,21061401,3,suffix,8,16,8,8,0.5,0.5,66,72,-0.015136037631829115,0.0053082450498130335,0.11241929662455642,3,3,88,84,4,65,0.7386363636363636,3,0.045454545454545456,0.00038610000046901405
473,21061402,3,prefix,8,16,8,8,0.5,0.5,66,72,0.3100761863547625,0.07638151794741666,-0.01750193826440199,5,5,72,69,3,23,0.3194444444444444,5,0.041666666666666664,0.00027370000316295773
473,21061402,3,suffix,8,16,8,8,0.5,0.5,66,72,0.3100761863547625,0.07638151794741666,-0.01750193826440199,5,5,104,101,3,183,1.7596153846153846,5,0.028846153846153848,0.0006330000032903627
474,21061403,3,prefix,8,16,8,8,0.5,0.5,66,72,-0.022199485218812952,0.012800944196821448,0.15727569237572334,4,4,72,68,4,19,0.2638888888888889,4,0.05555555555555555,0.00026479999360162765
474,21061403,3,suffix,8,16,8,8,0.5,0.5,66,72,-0.022199485218812952,0.012800944196821448,0.15727569237572334,4,4,96,92,4,115,1.1979166666666667,4,0.041666666666666664,0.0005049000028520823
475,21061404,3,prefix,8,16,8,8,0.5,0.5,66,72,0.07194445275961253,0.07010710023658784,0.008359185354554481,3,3,72,67,5,11,0.1527777777777778,3,0.06944444444444445,0.00024760000815149397
475,21061404,3,suffix,8,16,8,8,0.5,0.5,66,72,0.07194445275961253,0.07010710023658784,0.008359185354554481,3,3,88,83,5,59,0.6704545454545454,3,0.056818181818181816,0.0003728000010596588
476,21061405,3,prefix,8,16,8,8,0.5,0.5,66,72,0.15567457825459385,-0.08609501173924618,0.19242646602879124,3,3,72,68,4,12,0.16666666666666666,3,0.05555555555555555,0.0002727000101003796
476,21061405,3,suffix,8,16,8,8,0.5,0.5,66,72,0.15567457825459385,-0.08609501173924618,0.19242646602879124,3,3,88,84,4,60,0.6818181818181818,3,0.045454545454545456,0.0003763999993680045
477,21061406,3,prefix,8,16,8,8,0.5,0.5,66,72,0.12716224937164272,-0.12785792388669417,0.036105727048943985,6,6,72,70,2,36,0.5,6,0.027777777777777776,0.0002884999994421378
477,21061406,3,suffix,8,16,8,8,0.5,0.5,66,72,0.12716224937164272,-0.12785792388669417,0.036105727048943985,6,6,112,110,2,276,2.4642857142857144,6,0.017857142857142856,0.0008089000039035454
478,21061407,3,prefix,8,16,8,8,0.5,0.5,66,72,0.11363336902067804,-0.003176821496495195,-0.24732338999270456,5,5,72,69,3,27,0.375,5,0.041666666666666664,0.0002831999881891534
478,21061407,3,suffix,8,16,8,8,0.5,0.5,66,72,0.11363336902067804,-0.003176821496495195,-0.24732338999270456,5,5,104,101,3,187,1.7980769230769231,5,0.028846153846153848,0.0006352000054903328
479,21061408,3,prefix,8,16,8,8,0.5,0.5,66,72,0.1830553705078727,-0.12510082791583485,-0.24559971036117725,6,6,72,70,2,32,0.4444444444444444,6,0.027777777777777776,0.00028839999868068844
479,21061408,3,suffix,8,16,8,8,0.5,0.5,66,72,0.1830553705078727,-0.12510082791583485,-0.24559971036117725,6,6,112,110,2,272,2.4285714285714284,6,0.017857142857142856,0.0008299000037368387
480,21061409,3,prefix,8,16,8,8,0.5,0.5,66,72,-0.20886351986607704,-0.06551961251484592,-0.017415103960261392,6,6,72,70,2,36,0.5,6,0.027777777777777776,0.0002906000008806586
480,21061409,3,suffix,8,16,8,8,0.5,0.5,66,72,-0.20886351986607704,-0.06551961251484592,-0.017415103960261392,6,6,112,110,2,276,2.4642857142857144,6,0.017857142857142856,0.0007982999959494919
481,21061410,3,prefix,8,16,8,8,0.5,0.5,66,72,0.17479861034562344,0.08535144424919223,-0.051685485275715225,6,6,72,70,2,33,0.4583333333333333,6,0.027777777777777776,0.00028780000866390765
481,21061410,3,suffix,8,16,8,8,0.5,0.5,66,72,0.17479861034562344,0.08535144424919223,-0.051685485275715225,6,6,112,110,2,273,2.4375,6,0.017857142857142856,0.0008315000013681129
482,21061411,3,prefix,8,16,8,8,0.5,0.5,66,72,0.04941935491199125,0.009287012020547644,-0.0004729046760942853,4,4,72,68,4,16,0.2222222222222222,4,0.05555555555555555,0.0002803000097628683
482,21061411,3,suffix,8,16,8,8,0.5,0.5,66,72,0.04941935491199125,0.009287012020547644,-0.0004729046760942853,4,4,96,92,4,112,1.1666666666666667,4,0.041666666666666664,0.000483600000734441
483,21061412,3,prefix,8,16,8,8,0.5,0.5,66,72,-0.030540487037343883,-0.09980169483960408,0.07139576437600839,2,2,72,66,6,12,0.16666666666666666,2,0.08333333333333333,0.0002511000056983903
483,21061412,3,suffix,8,16,8,8,0.5,0.5,66,72,-0.030540487037343883,-0.09980169483960408,0.07139576437600839,2,2,80,74,6,28,0.35,2,0.075,0.00029549999453593045
484,21061413,3,prefix,8,16,8,8,0.5,0.5,66,72,0.03520868165741361,0.15261685901792577,-0.08412664398013127,5,5,72,70,2,33,0.4583333333333333,5,0.027777777777777776,0.00028530000417958945
484,21061413,3,suffix,8,16,8,8,0.5,0.5,66,72,0.03520868165741361,0.15261685901792577,-0.08412664398013127,5,5,104,102,2,193,1.8557692307692308,5,0.019230769230769232,0.0006486999918706715
485,21061414,3,prefix,8,16,8,8,0.5,0.5,66,72,0.005720546650553557,0.11011363973701557,0.009715742281056686,6,6,72,70,2,32,0.4444444444444444,6,0.027777777777777776,0.00034640000376384705
485,21061414,3,suffix,8,16,8,8,0.5,0.5,66,72,0.005720546650553557,0.11011363973701557,0.009715742281056686,6,6,112,110,2,272,2.4285714285714284,6,0.017857142857142856,0.0007991999882506207
486,21061415,3,prefix,8,16,8,8,0.5,0.5,66,72,0.09656047627893852,0.24895208848629827,-0.005939295922032599,3,3,72,68,4,14,0.19444444444444445,3,0.05555555555555555,0.0002714000002015382
486,21061415,3,suffix,8,16,8,8,0.5,0.5,66,72,0.09656047627893852,0.24895208848629827,-0.005939295922032599,3,3,88,84,4,62,0.7045454545454546,3,0.045454545454545456,0.0003800999984377995
487,21061416,3,prefix,8,16,8,8,0.5,0.5,66,72,0.10480136825759837,0.2278816370040839,-0.13800479126758702,6,6,72,70,2,35,0.4861111111111111,6,0.027777777777777776,0.00028810001094825566
487,21061416,3,suffix,8,16,8,8,0.5,0.5,66,72,0.10480136825759837,0.2278816370040839,-0.13800479126758702,6,6,112,110,2,275,2.455357142857143,6,0.017857142857142856,0.0007983999967109412
488,21061417,3,prefix,8,16,8,8,0.5,0.5,66,72,0.01164082298428386,-0.03548971947834953,-0.1461492519487102,4,4,72,68,4,20,0.2777777777777778,4,0.05555555555555555,0.00026529999740887433
488,21061417,3,suffix,8,16,8,8,0.5,0.5,66,72,0.01164082298428386,-0.03548971947834953,-0.1461492519487102,4,4,96,92,4,116,1.2083333333333333,4,0.041666666666666664,0.0004926999972667545
489,21061418,3,prefix,8,16,8,8,0.5,0.5,66,72,0.03419496890515091,0.044177826830426245,-0.09987485417051975,3,3,72,67,5,13,0.18055555555555555,3,0.06944444444444445,0.000259300009929575
489,21061418,3,suffix,8,16,8,8,0.5,0.5,66,72,0.03419496890515091,0.044177826830426245,-0.09987485417051975,3,3,88,83,5,61,0.6931818181818182,3,0.056818181818181816,0.00038019999919924885
490,21061419,3,prefix,8,16,8,8,0.5,0.5,66,72,-0.022186683150845907,-0.035508218333160424,-0.09876804389952976,4,4,72,69,3,23,0.3194444444444444,4,0.041666666666666664,0.00029939999512862414
490,21061419,3,suffix,8,16,8,8,0.5,0.5,66,72,-0.022186683150845907,-0.035508218333160424,-0.09876804389952976,4,4,96,93,3,119,1.2395833333333333,4,0.03125,0.0005171999946469441
491,21061420,3,prefix,8,16,8,8,0.5,0.5,66,72,0.11995299550159269,0.10788506031146941,0.04724301284156974,2,2,72,67,5,12,0.16666666666666666,2,0.06944444444444445,0.00025320000713691115
491,21061420,3,suffix,8,16,8,8,0.5,0.5,66,72,0.11995299550159269,0.10788506031146941,0.04724301284156974,2,2,80,75,5,28,0.35,2,0.0625,0.0002960999991046265
492,21061421,3,prefix,8,16,8,8,0.5,0.5,66,72,0.13668507163145208,-0.13301023300791998,0.09444286868220143,4,4,72,68,4,20,0.2777777777777778,4,0.05555555555555555,0.0002632000105222687
492,21061421,3,suffix,8,16,8,8,0.5,0.5,66,72,0.13668507163145208,-0.13301023300791998,0.09444286868220143,4,4,96,92,4,116,1.2083333333333333,4,0.041666666666666664,0.00048600000445730984
493,21061422,3,prefix,8,16,8,8,0.5,0.5,66,72,-0.014922123597510144,-0.08550191826172449,-0.016882115939659475,7,7,72,71,1,46,0.6388888888888888,7,0.013888888888888888,0.0003070999955525622
493,21061422,3,suffix,8,16,8,8,0.5,0.5,66,72,-0.014922123597510144,-0.08550191826172449,-0.016882115939659475,7,7,120,119,1,382,3.183333333333333,7,0.008333333333333333,0.0010958999919239432
494,21061423,3,prefix,8,16,8,8,0.5,0.5,66,72,-0.008310467344513999,-0.008648919348646214,-0.09003341764393935,5,5,72,69,3,24,0.3333333333333333,5,0.041666666666666664,0.00028839999868068844
494,21061423,3,suffix,8,16,8,8,0.5,0.5,66,72,-0.008310467344513999,-0.008648919348646214,-0.09003341764393935,5,5,104,101,3,184,1.7692307692307692,5,0.028846153846153848,0.0006279000081121922
495,21061424,3,prefix,8,16,8,8,0.5,0.5,66,72,-0.16345175525417746,0.015820216704296407,0.15126413662086427,3,3,72,68,4,14,0.19444444444444445,3,0.05555555555555555,0.0002572999947005883
495,21061424,3,suffix,8,16,8,8,0.5,0.5,66,72,-0.16345175525417746,0.015820216704296407,0.15126413662086427,3,3,88,84,4,62,0.7045454545454546,3,0.045454545454545456,0.000375000003259629
496,21061425,3,prefix,8,16,8,8,0.5,0.5,66,72,-0.10191756118726791,0.06646162372843785,0.10956154280712765,4,4,72,68,4,16,0.2222222222222222,4,0.05555555555555555,0.0002553999947849661
496,21061425,3,suffix,8,16,8,8,0.5,0.5,66,72,-0.10191756118726791,0.06646162372843785,0.10956154280712765,4,4,96,92,4,112,1.1666666666666667,4,0.041666666666666664,0.000481100010802038
497,21061426,3,prefix,8,16,8,8,0.5,0.5,66,72,-0.024583261833845467,0.10956923068326337,-0.19913015332711737,4,4,72,68,4,26,0.3611111111111111,4,0.05555555555555555,0.0002775999892037362
497,21061426,3,suffix,8,16,8,8,0.5,0.5,66,72,-0.024583261833845467,0.10956923068326337,-0.19913015332711737,4,4,96,92,4,122,1.2708333333333333,4,0.041666666666666664,0.0005737000028602779
498,21061427,3,prefix,8,16,8,8,0.5,0.5,66,72,-0.12436689521334302,0.12408857951020678,0.05357223039624998,3,3,72,67,5,11,0.1527777777777778,3,0.06944444444444445,0.000262400004430674
498,21061427,3,suffix,8,16,8,8,0.5,0.5,66,72,-0.12436689521334302,0.12408857951020678,0.05357223039624998,3,3,88,83,5,59,0.6704545454545454,3,0.056818181818181816,0.00037540000630542636
499,21061428,3,prefix,8,16,8,8,0.5,0.5,66,72,-0.0840422868445603,-0.07613807718831768,-0.07051015767674818,5,5,72,69,3,29,0.4027777777777778,5,0.041666666666666664,0.0002796000044327229
499,21061428,3,suffix,8,16,8,8,0.5,0.5,66,72,-0.0840422868445603,-0.07613807718831768,-0.07051015767674818,5,5,104,101,3,189,1.8173076923076923,5,0.028846153846153848,0.0006225999968592077
0,21460929,3,prefix,8,16,12,4,0.75,0.25,38,44,-0.12545954438330117,-0.039787826680595106,0.03150689104011907,5,5,44,41,3,26,0.5909090909090909,5,0.06818181818181818,0.00029909999284427613
0,21460929,3,suffix,8,16,12,4,0.75,0.25,38,44,-0.12545954438330117,-0.039787826680595106,0.03150689104011907,5,5,92,89,3,266,2.891304347826087,5,0.03260869565217391,0.0008193999965442345
1,21460930,3,prefix,8,16,12,4,0.75,0.25,38,44,0.19845959179883255,0.17014389639951988,-0.12739498225104556,6,6,44,43,1,34,0.7727272727272727,6,0.022727272727272728,0.0002001999964704737
1,21460930,3,suffix,8,16,12,4,0.75,0.25,38,44,0.19845959179883255,0.17014389639951988,-0.12739498225104556,6,6,104,103,1,394,3.7884615384615383,6,0.009615384615384616,0.0009700000082375482
2,21460931,3,prefix,8,16,12,4,0.75,0.25,38,44,-0.1005690997086807,-0.2549851170855581,-0.16120208761852775,4,4,44,40,4,16,0.36363636363636365,4,0.09090909090909091,0.00017670000670477748
2,21460931,3,suffix,8,16,12,4,0.75,0.25,38,44,-0.1005690997086807,-0.2549851170855581,-0.16120208761852775,4,4,80,76,4,160,2.0,4,0.05,0.0005059999966761097
3,21460932,3,prefix,8,16,12,4,0.75,0.25,38,44,0.2799266528089508,0.1851549328733285,-0.06047021394262207,3,3,44,39,5,14,0.3181818181818182,3,0.11363636363636363,0.00016439998580608517
3,21460932,3,suffix,8,16,12,4,0.75,0.25,38,44,0.2799266528089508,0.1851549328733285,-0.06047021394262207,3,3,68,63,5,86,1.2647058823529411,3,0.07352941176470588,0.0003529999958118424
4,21460933,3,prefix,8,16,12,4,0.75,0.25,38,44,0.033238124706372996,-0.0709872563391792,-0.06688770655015853,2,2,44,40,4,16,0.36363636363636365,3,0.09090909090909091,0.00017309999384451658
4,21460933,3,suffix,8,16,12,4,0.75,0.25,38,44,0.033238124706372996,-0.0709872563391792,-0.06688770655015853,2,2,56,52,4,40,0.7142857142857143,3,0.07142857142857142,0.0002420999953756109
5,21460934,3,prefix,8,16,12,4,0.75,0.25,38,44,0.06488911306769406,-0.11276085122474765,0.08293023218680586,5,5,44,41,3,29,0.6590909090909091,5,0.06818181818181818,0.00018950000230688602
5,21460934,3,suffix,8,16,12,4,0.75,0.25,38,44,0.06488911306769406,-0.11276085122474765,0.08293023218680586,5,5,92,89,3,269,2.9239130434782608,5,0.03260869565217391,0.000723299992387183
6,21460935,3,prefix,8,16,12,4,0.75,0.25,38,44,0.16025922888786703,-0.2811612744416588,0.10318347844745007,5,5,44,41,3,23,0.5227272727272727,5,0.06818181818181818,0.00018370000179857016
6,21460935,3,suffix,8,16,12,4,0.75,0.25,38,44,0.16025922888786703,-0.2811612744416588,0.10318347844745007,5,5,92,89,3,263,2.858695652173913,5,0.03260869565217391,0.0007161000103224069
7,21460936,3,prefix,8,16,12,4,0.75,0.25,38,44,-0.21731376808135086,-0.33331480845243927,0.17512283915226598,3,3,44,39,5,12,0.2727272727272727,3,0.11363636363636363,0.00016029999824240804
7,21460936,3,suffix,8,16,12,4,0.75,0.25,38,44,-0.21731376808135086,-0.33331480845243927,0.17512283915226598,3,3,68,63,5,84,1.2352941176470589,3,0.07352941176470588,0.00036279999767430127
8,21460937,3,prefix,8,16,12,4,0.75,0.25,38,44,-0.017497860881124424,0.15532641569802375,-0.21710370264752232,5,5,44,41,3,27,0.6136363636363636,5,0.06818181818181818,0.00020280000171624124
8,21460937,3,suffix,8,16,12,4,0.75,0.25,38,44,-0.017497860881124424,0.15532641569802375,-0.21710370264752232,5,5,92,89,3,267,2.902173913043478,5,0.03260869565217391,0.0007155000057537109
9,21460938,3,prefix,8,16,12,4,0.75,0.25,38,44,-0.003123375691328142,0.05905894344340131,-0.031907092866129604,7,7,44,43,1,44,1.0,7,0.022727272727272728,0.0002297000028192997
9,21460938,3,suffix,8,16,12,4,0.75,0.25,38,44,-0.003123375691328142,0.05905894344340131,-0.031907092866129604,7,7,116,115,1,548,4.724137931034483,7,0.008620689655172414,0.0012372000055620447
10,21460939,3,prefix,8,16,12,4,0.75,0.25,38,44,0.10502299116282164,-0.041986612702587384,-0.1441925064770328,4,4,44,41,3,24,0.5454545454545454,4,0.06818181818181818,0.00019199999223928899
10,21460939,3,suffix,8,16,12,4,0.75,0.25,38,44,0.10502299116282164,-0.041986612702587384,-0.1441925064770328,4,4,80,77,3,168,2.1,4,0.0375,0.0005182000022614375
11,21460940,3,prefix,8,16,12,4,0.75,0.25,38,44,0.11235433616281035,0.024510148826022884,-0.09172665963766273,3,3,44,40,4,14,0.3181818181818182,3,0.09090909090909091,0.00016480000340379775
11,21460940,3,suffix,8,16,12,4,0.75,0.25,38,44,0.11235433616281035,0.024510148826022884,-0.09172665963766273,3,3,68,64,4,86,1.2647058823529411,3,0.058823529411764705,0.0003524999920045957
12,21460941,3,prefix,8,16,12,4,0.75,0.25,38,44,0.18224593034091027,0.11719831951140534,0.24142280688540874,4,4,44,41,3,27,0.6136363636363636,4,0.06818181818181818,0.0002010000025620684
12,21460941,3,suffix,8,16,12,4,0.75,0.25,38,44,0.18224593034091027,0.11719831951140534,0.24142280688540874,4,4,80,77,3,171,2.1375,4,0.0375,0.0005296000017551705
13,21460942,3,prefix,8,16,12,4,0.75,0.25,38,44,0.043369986321417434,-0.08732937487845269,0.06834604747436383,7,7,44,44,0,50,1.1363636363636365,7,0.0,0.00025349999486934394
13,21460942,3,suffix,8,16,12,4,0.75,0.25,38,44,0.043369986321417434,-0.08732937487845269,0.06834604747436383,7,7,116,116,0,554,4.775862068965517,7,0.0,0.0012466000043787062
14,21460943,3,prefix,8,16,12,4,0.75,0.25,38,44,-0.07424469049632135,0.24488512818458374,0.10833702495338574,5,5,44,41,3,26,0.5909090909090909,5,0.06818181818181818,0.0002040999970631674
14,21460943,3,suffix,8,16,12,4,0.75,0.25,38,44,-0.07424469049632135,0.24488512818458374,0.10833702495338574,5,5,92,89,3,266,2.891304347826087,5,0.03260869565217391,0.0007157000072766095
15,21460944,3,prefix,8,16,12,4,0.75,0.25,38,44,0.19196864923275275,-0.094974211991676,-0.10027819864108532,5,5,44,43,1,37,0.8409090909090909,5,0.022727272727272728,0.0002049000031547621
15,21460944,3,suffix,8,16,12,4,0.75,0.25,38,44,0.19196864923275275,-0.094974211991676,-0.10027819864108532,5,5,92,91,1,277,3.010869565217391,5,0.010869565217391304,0.0007471000135410577
16,21460945,3,prefix,8,16,12,4,0.75,0.25,38,44,-0.08263899533213408,-0.15354741961877683,0.0760532653472998,5,5,44,43,1,43,0.9772727272727273,6,0.022727272727272728,0.0002275000006193295
16,21460945,3,suffix,8,16,12,4,0.75,0.25,38,44,-0.08263899533213408,-0.15354741961877683,0.0760532653472998,5,5,92,91,1,283,3.0760869565217392,6,0.010869565217391304,0.0007609000022057444
17,21460946,3,prefix,8,16,12,4,0.75,0.25,38,44,0.00966634863900092,0.007820803144574385,0.03446990507250228,4,4,44,40,4,16,0.36363636363636365,4,0.09090909090909091,0.00017050000315066427
17,21460946,3,suffix,8,16,12,4,0.75,0.25,38,44,0.00966634863900092,0.007820803144574385,0.03446990507250228,4,4,80,76,4,160,2.0,4,0.05,0.0005080999981146306
18,21460947,3,prefix,8,16,12,4,0.75,0.25,38,44,-0.016419882701131608,-0.005251032889390009,-0.05907575749928693,4,4,44,42,2,35,0.7954545454545454,5,0.045454545454545456,0.00020530000620055944
18,21460947,3,suffix,8,16,12,4,0.75,0.25,38,44,-0.016419882701131608,-0.005251032889390009,-0.05907575749928693,4,4,80,78,2,179,2.2375,5,0.025,0.0005366000114008784
19,21460948,3,prefix,8,16,12,4,0.75,0.25,38,44,-0.16632345504143017,0.13783833462757153,-0.1574957370977655,5,5,44,41,3,25,0.5681818181818182,5,0.06818181818181818,0.0001908999984152615
19,21460948,3,suffix,8,16,12,4,0.75,0.25,38,44,-0.16632345504143017,0.13783833462757153,-0.1574957370977655,5,5,92,89,3,265,2.880434782608696,5,0.03260869565217391,0.0007279999990714714
20,21460949,3,prefix,8,16,12,4,0.75,0.25,38,44,-0.031843477851515964,0.16349918031751548,-0.19904506544030823,4,4,44,40,4,19,0.4318181818181818,4,0.09090909090909091,0.0001804999919841066
20,21460949,3,suffix,8,16,12,4,0.75,0.25,38,44,-0.031843477851515964,0.16349918031751548,-0.19904506544030823,4,4,80,76,4,163,2.0375,4,0.05,0.0005155000108061358
21,21460950,3,prefix,8,16,12,4,0.75,0.25,38,44,-0.23532029528421544,0.24733509686067656,0.08426147781609657,3,3,44,39,5,15,0.3409090909090909,3,0.11363636363636363,0.00016739999409765005
21,21460950,3,suffix,8,16,12,4,0.75,0.25,38,44,-0.23532029528421544,0.24733509686067656,0.08426147781609657,3,3,68,63,5,87,1.2794117647058822,3,0.07352941176470588,0.0003536000003805384
22,21460951,3,prefix,8,16,12,4,0.75,0.25,38,44,0.056793936967076644,-0.0007110514203580619,-0.23294625286038362,3,3,44,39,5,12,0.2727272727272727,3,0.11363636363636363,0.00016340000729542226
22,21460951,3,suffix,8,16,12,4,0.75,0.25,38,44,0.056793936967076644,-0.0007110514203580619,-0.23294625286038362,3,3,68,63,5,84,1.2352941176470589,3,0.07352941176470588,0.0003499000013107434
23,21460952,3,prefix,8,16,12,4,0.75,0.25,38,44,-0.15217451100642984,-0.021235320329114907,0.0819689343612797,2,2,44,38,6,8,0.18181818181818182,2,0.13636363636363635,0.00015799999528098851
23,21460952,3,suffix,8,16,12,4,0.75,0.25,38,44,-0.15217451100642984,-0.021235320329114907,0.0819689343612797,2,2,56,50,6,32,0.5714285714285714,2,0.10714285714285714,0.00022659999376628548
24,21460953,3,prefix,8,16,12,4,0.75,0.25,38,44,0.1159241691182546,0.003291121865349565,0.022920947411633603,5,5,44,41,3,29,0.6590909090909091,5,0.06818181818181818,0.00019180000526830554
24,21460953,3,suffix,8,16,12,4,0.75,0.25,38,44,0.1159241691182546,0.003291121865349565,0.022920947411633603,5,5,92,89,3,269,2.9239130434782608,5,0.03260869565217391,0.0007398000016110018
25,21460954,3,prefix,8,16,12,4,0.75,0.25,38,44,-0.20599490682876734,0.08486780072026445,-0.2541133088791616,5,5,44,41,3,23,0.5227272727272727,5,0.06818181818181818,0.00018709999858401716
25,21460954,3,suffix,8,16,12,4,0.75,0.25,38,44,-0.20599490682876734,0.08486780072026445,-0.2541133088791616,5,5,92,89,3,263,2.858695652173913,5,0.03260869565217391,0.0007106999983079731
26,21460955,3,prefix,8,16,12,4,0.75,0.25,38,44,0.0358220846140953,-0.1422901900801147,0.15952875991884927,3,3,44,39,5,12,0.2727272727272727,3,0.11363636363636363,0.00016570001025684178
26,21460955,3,suffix,8,16,12,4,0.75,0.25,38,44,0.0358220846140953,-0.1422901900801147,0.15952875991884927,3,3,68,63,5,84,1.2352941176470589,3,0.07352941176470588,0.00034860000596381724
27,21460956,3,prefix,8,16,12,4,0.75,0.25,38,44,-0.18165115168958085,-0.0717704456988211,-0.2899311223047838,3,3,44,39,5,11,0.25,3,0.11363636363636363,0.00016379999578930438
27,21460956,3,suffix,8,16,12,4,0.75,0.25,38,44,-0.18165115168958085,-0.0717704456988211,-0.2899311223047838,3,3,68,63,5,83,1.2205882352941178,3,0.07352941176470588,0.0003451000084169209
28,21460957,3,prefix,8,16,12,4,0.75,0.25,38,44,0.031545744851043,-0.09097495529248764,-0.1397614057798022,5,5,44,43,1,32,0.7272727272727273,5,0.022727272727272728,0.0001976999919861555
28,21460957,3,suffix,8,16,12,4,0.75,0.25,38,44,0.031545744851043,-0.09097495529248764,-0.1397614057798022,5,5,92,91,1,272,2.9565217391304346,5,0.010869565217391304,0.0007577999931527302
29,21460958,3,prefix,8,16,12,4,0.75,0.25,38,44,-0.2753483866750769,0.12216072040814815,-0.03801907064209002,6,6,44,42,2,35,0.7954545454545454,6,0.045454545454545456,0.00020470000163186342
29,21460958,3,suffix,8,16,12,4,0.75,0.25,38,44,-0.2753483866750769,0.12216072040814815,-0.03801907064209002,6,6,104,102,2,395,3.798076923076923,6,0.019230769230769232,0.0009499000007053837
30,21460959,3,prefix,8,16,12,4,0.75,0.25,38,44,0.038052850959153194,0.23481730323190994,-0.1658379227351386,4,4,44,40,4,16,0.36363636363636365,4,0.09090909090909091,0.00017420000222045928
30,21460959,3,suffix,8,16,12,4,0.75,0.25,38,44,0.038052850959153194,0.23481730323190994,-0.1658379227351386,4,4,80,76,4,160,2.0,4,0.05,0.0005069999897386879
31,21460960,3,prefix,8,16,12,4,0.75,0.25,38,44,-0.09269563894359577,0.1695452157672395,-0.10454413355453218,4,4,44,40,4,18,0.4090909090909091,4,0.09090909090909091,0.00017179999849759042
31,21460960,3,suffix,8,16,12,4,0.75,0.25,38,44,-0.09269563894359577,0.1695452157672395,-0.10454413355453218,4,4,80,76,4,162,2.025,4,0.05,0.0005073999927844852
32,21460961,3,prefix,8,16,12,4,0.75,0.25,38,44,0.12114832075800701,-0.04084938672861621,0.027246862940106288,4,4,44,40,4,22,0.5,4,0.09090909090909091,0.0001816000003600493
32,21460961,3,suffix,8,16,12,4,0.75,0.25,38,44,0.12114832075800701,-0.04084938672861621,0.027246862940106288,4,4,80,76,4,166,2.075,4,0.05,0.0005207999929552898
33,21460962,3,prefix,8,16,12,4,0.75,0.25,38,44,0.18152352818326764,-0.07138989765316411,0.3016971466229104,2,2,44,38,6,9,0.20454545454545456,2,0.13636363636363635,0.0001545999984955415
33,21460962,3,suffix,8,16,12,4,0.75,0.25,38,44,0.18152352818326764,-0.07138989765316411,0.3016971466229104,2,2,56,50,6,33,0.5892857142857143,2,0.10714285714285714,0.00022960000205785036
34,21460963,3,prefix,8,16,12,4,0.75,0.25,38,44,-0.04400164112803758,0.11244612804313246,0.09589174058106822,6,6,44,42,2,36,0.8181818181818182,6,0.045454545454545456,0.00020599999697878957
34,21460963,3,suffix,8,16,12,4,0.75,0.25,38,44,-0.04400164112803758,0.11244612804313246,0.09589174058106822,6,6,104,102,2,396,3.8076923076923075,6,0.019230769230769232,0.0009646999969845638
35,21460964,3,prefix,8,16,12,4,0.75,0.25,38,44,0.1829615202284789,-0.12343150929352176,-0.1840429012859012,4,4,44,40,4,17,0.38636363636363635,4,0.09090909090909091,0.00017120000848080963
35,21460964,3,suffix,8,16,12,4,0.75,0.25,38,44,0.1829615202284789,-0.12343150929352176,-0.1840429012859012,4,4,80,76,4,161,2.0125,4,0.05,0.0005080999981146306
36,21460965,3,prefix,8,16,12,4,0.75,0.25,38,44,0.05051894722250018,0.052814773651751704,0.04374258360732422,7,7,44,43,1,47,1.0681818181818181,7,0.022727272727272728,0.00022250000620260835
36,21460965,3,suffix,8,16,12,4,0.75,0.25,38,44,0.05051894722250018,0.052814773651751704,0.04374258360732422,7,7,116,115,1,551,4.75,7,0.008620689655172414,0.0012503000034485012
37,21460966,3,prefix,8,16,12,4,0.75,0.25,38,44,-0.148955833724758,0.07426688279605136,0.12102837145881888,3,3,44,39,5,12,0.2727272727272727,3,0.11363636363636363,0.00016070000128820539
37,21460966,3,suffix,8,16,12,4,0.75,0.25,38,44,-0.148955833724758,0.07426688279605136,0.12102837145881888,3,3,68,63,5,84,1.2352941176470589,3,0.07352941176470588,0.00036020000698044896
38,21460967,3,prefix,8,16,12,4,0.75,0.25,38,44,-0.08223544486177956,-0.0633689975167373,0.0889514808537787,4,4,44,41,3,19,0.4318181818181818,4,0.06818181818181818,0.00018600000475998968
38,21460967,3,suffix,8,16,12,4,0.75,0.25,38,44,-0.08223544486177956,-0.0633689975167373,0.0889514808537787,4,4,80,77,3,163,2.0375,4,0.0375,0.00052299999515526
39,21460968,3,prefix,8,16,12,4,0.75,0.25,38,44,-0.026024245051615474,-0.25815610372846465,-0.0030470321830488394,5,5,44,41,3,23,0.5227272727272727,5,0.06818181818181818,0.00019720000273082405
39,21460968,3,suffix,8,16,12,4,0.75,0.25,38,44,-0.026024245051615474,-0.25815610372846465,-0.0030470321830488394,5,5,92,89,3,263,2.858695652173913,5,0.03260869565217391,0.0007406999939121306
40,21460969,3,prefix,8,16,12,4,0.75,0.25,38,44,-0.09154208572992119,-0.09437587287269061,0.00828350963579449,8,8,44,44,0,56,1.2727272727272727,8,0.0,0.0002359000063734129
40,21460969,3,suffix,8,16,12,4,0.75,0.25,38,44,-0.09154208572992119,-0.09437587287269061,0.00828350963579449,8,8,128,128,0,728,5.6875,8,0.0,0.0016955000028247014
41,21460970,3,prefix,8,16,12,4,0.75,0.25,38,44,-0.11768515257401183,0.08224305742070782,-0.25622663199902085,4,4,44,41,3,29,0.6590909090909091,4,0.06818181818181818,0.00019180000526830554
41,21460970,3,suffix,8,16,12,4,0.75,0.25,38,44,-0.11768515257401183,0.08224305742070782,-0.25622663199902085,4,4,80,77,3,173,2.1625,4,0.0375,0.0005308999971020967
42,21460971,3,prefix,8,16,12,4,0.75,0.25,38,44,-0.14418110805273116,-0.0652570764320063,0.01588705805240646,4,4,44,40,4,19,0.4318181818181818,4,0.09090909090909091,0.0001748999929986894
42,21460971,3,suffix,8,16,12,4,0.75,0.25,38,44,-0.14418110805273116,-0.0652570764320063,0.01588705805240646,4,4,80,76,4,163,2.0375,4,0.05,0.0005200000014156103
43,21460972,3,prefix,8,16,12,4,0.75,0.25,38,44,-0.207388383678404,-0.17708681627672937,0.1286049850160478,5,5,44,41,3,27,0.6136363636363636,5,0.06818181818181818,0.00019069999689236283
43,21460972,3,suffix,8,16,12,4,0.75,0.25,38,44,-0.207388383678404,-0.17708681627672937,0.1286049850160478,5,5,92,89,3,267,2.902173913043478,5,0.03260869565217391,0.0007278999983100221
44,21460973,3,prefix,8,16,12,4,0.75,0.25,38,44,-0.18646703795823402,0.11317689079507366,-0.3381392686910708,4,4,44,40,4,22,0.5,4,0.09090909090909091,0.00018649999401532114
44,21460973,3,suffix,8,16,12,4,0.75,0.25,38,44,-0.18646703795823402,0.11317689079507366,-0.3381392686910708,4,4,80,76,4,166,2.075,4,0.05,0.0005186000053072348
45,21460974,3,prefix,8,16,12,4,0.75,0.25,38,44,-0.030760163176447714,0.1264372549673994,0.12383671890964418,4,4,44,40,4,17,0.38636363636363635,4,0.09090909090909091,0.00017240000306628644
45,21460974,3,suffix,8,16,12,4,0.75,0.25,38,44,-0.030760163176447714,0.1264372549673994,0.12383671890964418,4,4,80,76,4,161,2.0125,4,0.05,0.0005204999906709418
46,21460975,3,prefix,8,16,12,4,0.75,0.25,38,44,-0.10267309509669054,-0.09417747083412067,0.05982538503668852,4,4,44,40,4,16,0.36363636363636365,4,0.09090909090909091,0.00017669999215286225
46,21460975,3,suffix,8,16,12,4,0.75,0.25,38,44,-0.10267309509669054,-0.09417747083412067,0.05982538503668852,4,4,80,76,4,160,2.0,4,0.05,0.0005073999927844852
47,21460976,3,prefix,8,16,12,4,0.75,0.25,38,44,-0.22311417982382284,-0.21555483384290572,0.05497104793489232,6,6,44,42,2,34,0.7727272727272727,6,0.045454545454545456,0.0001993000041693449
47,21460976,3,suffix,8,16,12,4,0.75,0.25,38,44,-0.22311417982382284,-0.21555483384290572,0.05497104793489232,6,6,104,102,2,394,3.7884615384615383,6,0.019230769230769232,0.000963500002399087
48,21460977,3,prefix,8,16,12,4,0.75,0.25,38,44,0.06602138456722424,0.12141535062344522,0.09740097546399808,6,6,44,42,2,37,0.8409090909090909,6,0.045454545454545456,0.00021909999486524612
48,21460977,3,suffix,8,16,12,4,0.75,0.25,38,44,0.06602138456722424,0.12141535062344522,0.09740097546399808,6,6,104,102,2,397,3.8173076923076925,6,0.019230769230769232,0.0009828000038396567
49,21460978,3,prefix,8,16,12,4,0.75,0.25,38,44,0.3320976862353218,0.21591066302781436,0.45928837119316446,3,3,44,41,3,15,0.3409090909090909,3,0.06818181818181818,0.0001720000000204891
49,21460978,3,suffix,8,16,12,4,0.75,0.25,38,44,0.3320976862353218,0.21591066302781436,0.45928837119316446,3,3,68,65,3,87,1.2794117647058822,3,0.04411764705882353,0.00036499999987427145
50,21460979,3,prefix,8,16,12,4,0.75,0.25,38,44,-0.10793801477058607,0.05833322519278157,0.08396172562520475,5,5,44,42,2,25,0.5681818181818182,5,0.045454545454545456,0.0002945000014733523
50,21460979,3,suffix,8,16,12,4,0.75,0.25,38,44,-0.10793801477058607,0.05833322519278157,0.08396172562520475,5,5,92,90,2,265,2.880434782608696,5,0.021739130434782608,0.0007367999933194369
51,21460980,3,prefix,8,16,12,4,0.75,0.25,38,44,-0.0977141628999362,0.08765212854462455,-0.07453857169166297,5,5,44,41,3,30,0.6818181818181818,5,0.06818181818181818,0.0001931000006152317
51,21460980,3,suffix,8,16,12,4,0.75,0.25,38,44,-0.0977141628999362,0.08765212854462455,-0.07453857169166297,5,5,92,89,3,270,2.9347826086956523,5,0.03260869565217391,0.0007181999972090125
52,21460981,3,prefix,8,16,12,4,0.75,0.25,38,44,-0.08467909968316335,-0.0729362043253527,0.09373387768968648,4,4,44,40,4,20,0.45454545454545453,4,0.09090909090909091,0.00018069999350700527
52,21460981,3,suffix,8,16,12,4,0.75,0.25,38,44,-0.08467909968316335,-0.0729362043253527,0.09373387768968648,4,4,80,76,4,164,2.05,4,0.05,0.000520200002938509
53,21460982,3,prefix,8,16,12,4,0.75,0.25,38,44,0.0920798770007754,-0.018991089026575175,0.12266918643621115,3,3,44,40,4,18,0.4090909090909091,3,0.09090909090909091,0.00018819999240804464
53,21460982,3,suffix,8,16,12,4,0.75,0.25,38,44,0.0920798770007754,-0.018991089026575175,0.12266918643621115,3,3,68,64,4,90,1.3235294117647058,3,0.058823529411764705,0.0003578000032575801
54,21460983,3,prefix,8,16,12,4,0.75,0.25,38,44,0.08302053721434338,-0.12010900997371632,-0.1829227888615101,5,5,44,42,2,27,0.6136363636363636,5,0.045454545454545456,0.00021139999444130808
54,21460983,3,suffix,8,16,12,4,0.75,0.25,38,44,0.08302053721434338,-0.12010900997371632,-0.1829227888615101,5,5,92,90,2,267,2.902173913043478,5,0.021739130434782608,0.0007415000000037253
55,21460984,3,prefix,8,16,12,4,0.75,0.25,38,44,0.05612375302054948,0.05014148116780328,-0.12932470547862682,3,3,44,40,4,19,0.4318181818181818,3,0.09090909090909091,0.00017379999917466193
55,21460984,3,suffix,8,16,12,4,0.75,0.25,38,44,0.05612375302054948,0.05014148116780328,-0.12932470547862682,3,3,68,64,4,91,1.338235294117647,3,0.058823529411764705,0.00043310000910423696
56,21460985,3,prefix,8,16,12,4,0.75,0.25,38,44,-0.34285589763994284,-0.10720128637841325,0.3091690292975169,3,3,44,39,5,11,0.25,3,0.11363636363636363,0.0001770999951986596
56,21460985,3,suffix,8,16,12,4,0.75,0.25,38,44,-0.34285589763994284,-0.10720128637841325,0.3091690292975169,3,3,68,63,5,83,1.2205882352941178,3,0.07352941176470588,0.0003479000006336719
57,21460986,3,prefix,8,16,12,4,0.75,0.25,38,44,-0.11893982351217308,0.15010753990963316,0.09340628119022154,3,3,44,39,5,12,0.2727272727272727,3,0.11363636363636363,0.0001765000051818788
57,21460986,3,suffix,8,16,12,4,0.75,0.25,38,44,-0.11893982351217308,0.15010753990963316,0.09340628119022154,3,3,68,63,5,84,1.2352941176470589,3,0.07352941176470588,0.0003463000030023977
58,21460987,3,prefix,8,16,12,4,0.75,0.25,38,44,-0.07835955484121722,-0.44816873191041634,-0.07863746124231773,3,3,44,41,3,19,0.4318181818181818,3,0.06818181818181818,0.0001829999964684248
58,21460987,3,suffix,8,16,12,4,0.75,0.25,38,44,-0.07835955484121722,-0.44816873191041634,-0.07863746124231773,3,3,68,65,3,91,1.338235294117647,3,0.04411764705882353,0.0003625999961514026
59,21460988,3,prefix,8,16,12,4,0.75,0.25,38,44,0.003918992977545238,0.11689775606669028,-0.0800502297737876,4,4,44,40,4,17,0.38636363636363635,4,0.09090909090909091,0.00016880000475794077
59,21460988,3,suffix,8,16,12,4,0.75,0.25,38,44,0.003918992977545238,0.11689775606669028,-0.0800502297737876,4,4,80,76,4,161,2.0125,4,0.05,0.0005526999884750694
60,21460989,3,prefix,8,16,12,4,0.75,0.25,38,44,0.002177201244375246,0.02782347403279594,-0.1461959401297113,3,3,44,39,5,11,0.25,3,0.11363636363636363,0.00016969999705906957
60,21460989,3,suffix,8,16,12,4,0.75,0.25,38,44,0.002177201244375246,0.02782347403279594,-0.1461959401297113,3,3,68,63,5,83,1.2205882352941178,3,0.07352941176470588,0.0005572999943979084
61,21460990,3,prefix,8,16,12,4,0.75,0.25,38,44,0.04375661811616929,-0.07276946985947383,-0.06791706240535657,5,5,44,42,2,32,0.7272727272727273,5,0.045454545454545456,0.00020160000713076442
61,21460990,3,suffix,8,16,12,4,0.75,0.25,38,44,0.04375661811616929,-0.07276946985947383,-0.06791706240535657,5,5,92,90,2,272,2.9565217391304346,5,0.021739130434782608,0.0007500999927287921
62,21460991,3,prefix,8,16,12,4,0.75,0.25,38,44,0.11119909322720264,0.18725056360620437,0.06473776535025237,2,2,44,39,5,13,0.29545454545454547,2,0.11363636363636363,0.00017010000010486692
62,21460991,3,suffix,8,16,12,4,0.75,0.25,38,44,0.11119909322720264,0.18725056360620437,0.06473776535025237,2,2,56,51,5,37,0.6607142857142857,2,0.08928571428571429,0.0002384999970672652
63,21460992,3,prefix,8,16,12,4,0.75,0.25,38,44,-0.18377343412939295,0.19236056134346083,0.14349759763664016,4,4,44,41,3,22,0.5,4,0.06818181818181818,0.00018420000560581684
63,21460992,3,suffix,8,16,12,4,0.75,0.25,38,44,-0.18377343412939295,0.19236056134346083,0.14349759763664016,4,4,80,77,3,166,2.075,4,0.0375,0.0005156000115675852
64,21460993,3,prefix,8,16,12,4,0.75,0.25,38,44,0.25109175834253566,-0.21701031145414054,-0.06834382296090825,6,6,44,42,2,36,0.8181818181818182,6,0.045454545454545456,0.00020739999308716506
64,21460993,3,suffix,8,16,12,4,0.75,0.25,38,44,0.25109175834253566,-0.21701031145414054,-0.06834382296090825,6,6,104,102,2,396,3.8076923076923075,6,0.019230769230769232,0.0009640000062063336
65,21460994,3,prefix,8,16,12,4,0.75,0.25,38,44,-0.1785727882453805,0.05460799551722968,-0.03449690641682952,5,5,44,41,3,24,0.5454545454545454,5,0.06818181818181818,0.0001832999987527728
65,21460994,3,suffix,8,16,12,4,0.75,0.25,38,44,-0.1785727882453805,0.05460799551722968,-0.03449690641682952,5,5,92,89,3,264,2.869565217391304,5,0.03260869565217391,0.0007219999970402569
66,21460995,3,prefix,8,16,12,4,0.75,0.25,38,44,-0.0592737598325768,0.12810129609473736,-0.047629260023149114,6,6,44,42,2,36,0.8181818181818182,6,0.045454545454545456,0.00022119999630376697
66,21460995,3,suffix,8,16,12,4,0.75,0.25,38,44,-0.0592737598325768,0.12810129609473736,-0.047629260023149114,6,6,104,102,2,396,3.8076923076923075,6,0.019230769230769232,0.000975800008745864
67,21460996,3,prefix,8,16,12,4,0.75,0.25,38,44,-0.059708371387292854,0.15822068428167965,0.1510425759843284,6,6,44,42,2,32,0.7272727272727273,6,0.045454545454545456,0.0001979000080609694
67,21460996,3,suffix,8,16,12,4,0.75,0.25,38,44,-0.059708371387292854,0.15822068428167965,0.1510425759843284,6,6,104,102,2,392,3.769230769230769,6,0.019230769230769232,0.000957300013396889
68,21460997,3,prefix,8,16,12,4,0.75,0.25,38,44,-0.16927613434919986,0.11375779011457614,-0.09410354931901578,4,4,44,41,3,21,0.4772727272727273,4,0.06818181818181818,0.00018289999570697546
68,21460997,3,suffix,8,16,12,4,0.75,0.25,38,44,-0.16927613434919986,0.11375779011457614,-0.09410354931901578,4,4,80,77,3,165,2.0625,4,0.0375,0.0005161000008229166
69,21460998,3,prefix,8,16,12,4,0.75,0.25,38,44,-0.029321614405864158,0.12915073009808126,-0.10801388281261219,5,5,44,41,3,23,0.5227272727272727,5,0.06818181818181818,0.00018859999545384198
69,21460998,3,suffix,8,16,12,4,0.75,0.25,38,44,-0.029321614405864158,0.12915073009808126,-0.10801388281261219,5,5,92,89,3,263,2.858695652173913,5,0.03260869565217391,0.0007088999991538003
70,21460999,3,prefix,8,16,12,4,0.75,0.25,38,44,-0.013600988274949186,0.03622307159581273,-0.17087636502467213,4,4,44,40,4,16,0.36363636363636365,4,0.09090909090909091,0.00017070000467356294
70,21460999,3,suffix,8,16,12,4,0.75,0.25,38,44,-0.013600988274949186,0.03622307159581273,-0.17087636502467213,4,4,80,76,4,160,2.0,4,0.05,0.000519299996085465
71,21461000,3,prefix,8,16,12,4,0.75,0.25,38,44,0.03985954743696104,0.024803360212242116,-0.06890245086704067,5,5,44,41,3,27,0.6136363636363636,5,0.06818181818181818,0.0001939000067068264
71,21461000,3,suffix,8,16,12,4,0.75,0.25,38,44,0.03985954743696104,0.024803360212242116,-0.06890245086704067,5,5,92,89,3,267,2.902173913043478,5,0.03260869565217391,0.000723899996955879
72,21461001,3,prefix,8,16,12,4,0.75,0.25,38,44,-0.02162647884959695,0.12685040307223544,-0.11129324391324552,3,3,44,40,4,17,0.38636363636363635,3,0.09090909090909091,0.00017610000213608146
72,21461001,3,suffix,8,16,12,4,0.75,0.25,38,44,-0.02162647884959695,0.12685040307223544,-0.11129324391324552,3,3,68,64,4,89,1.3088235294117647,3,0.058823529411764705,0.0003620000061346218
73,21461002,3,prefix,8,16,12,4,0.75,0.25,38,44,0.22504405916311063,-2.8143982552102388e-05,-0.04652718189350082,4,4,44,40,4,18,0.4090909090909091,4,0.09090909090909091,0.00017240000306628644
73,21461002,3,suffix,8,16,12,4,0.75,0.25,38,44,0.22504405916311063,-2.8143982552102388e-05,-0.04652718189350082,4,4,80,76,4,162,2.025,4,0.05,0.0005117999971844256
74,21461003,3,prefix,8,16,12,4,0.75,0.25,38,44,-0.02425788107744074,-0.02166854221113399,-0.036617139597553916,4,4,44,40,4,17,0.38636363636363635,4,0.09090909090909091,0.00018180000188294798
74,21461003,3,suffix,8,16,12,4,0.75,0.25,38,44,-0.02425788107744074,-0.02166854221113399,-0.036617139597553916,4,4,80,76,4,161,2.0125,4,0.05,0.0005066000012448058
75,21461004,3,prefix,8,16,12,4,0.75,0.25,38,44,0.02791601172140219,-0.03869172542284963,-0.03600027664250088,4,4,44,41,3,29,0.6590909090909091,4,0.06818181818181818,0.0001964999974006787
75,21461004,3,suffix,8,16,12,4,0.75,0.25,38,44,0.02791601172140219,-0.03869172542284963,-0.03600027664250088,4,4,80,77,3,173,2.1625,4,0.0375,0.0005334000015864149
76,21461005,3,prefix,8,16,12,4,0.75,0.25,38,44,0.11433744994949296,-0.045591638561358984,-0.21272724158789882,5,5,44,41,3,27,0.6136363636363636,5,0.06818181818181818,0.00019020000763703138
76,21461005,3,suffix,8,16,12,4,0.75,0.25,38,44,0.11433744994949296,-0.045591638561358984,-0.21272724158789882,5,5,92,89,3,267,2.902173913043478,5,0.03260869565217391,0.0007220000115921721
77,21461006,3,prefix,8,16,12,4,0.75,0.25,38,44,-0.14836100050720433,-0.2568387466059589,-0.16832369145149242,6,6,44,42,2,34,0.7727272727272727,6,0.045454545454545456,0.00019869999960064888
77,21461006,3,suffix,8,16,12,4,0.75,0.25,38,44,-0.14836100050720433,-0.2568387466059589,-0.16832369145149242,6,6,104,102,2,394,3.7884615384615383,6,0.019230769230769232,0.0009669999999459833
78,21461007,3,prefix,8,16,12,4,0.75,0.25,38,44,-0.0257093925582999,0.19741421397250405,0.3759476627673323,2,2,44,38,6,13,0.29545454545454547,2,0.13636363636363635,0.00016570001025684178
78,21461007,3,suffix,8,16,12,4,0.75,0.25,38,44,-0.0257093925582999,0.19741421397250405,0.3759476627673323,2,2,56,50,6,37,0.6607142857142857,2,0.10714285714285714,0.00023720000172033906
79,21461008,3,prefix,8,16,12,4,0.75,0.25,38,44,0.002394864196102026,-0.15318034053067087,0.08127536620614018,3,3,44,39,5,13,0.29545454545454547,3,0.11363636363636363,0.0001773999974830076
79,21461008,3,suffix,8,16,12,4,0.75,0.25,38,44,0.002394864196102026,-0.15318034053067087,0.08127536620614018,3,3,68,63,5,85,1.25,3,0.07352941176470588,0.0003510999958962202
80,21461009,3,prefix,8,16,12,4,0.75,0.25,38,44,0.025900258566048842,0.055845304309622146,-0.1571720475131036,3,3,44,39,5,16,0.36363636363636365,3,0.11363636363636363,0.00017179999849759042
80,21461009,3,suffix,8,16,12,4,0.75,0.25,38,44,0.025900258566048842,0.055845304309622146,-0.1571720475131036,3,3,68,63,5,88,1.2941176470588236,3,0.07352941176470588,0.00035540001408662647
81,21461010,3,prefix,8,16,12,4,0.75,0.25,38,44,0.10923341407189191,-0.2062616272326119,-0.19705841281621,7,7,44,44,0,54,1.2272727272727273,7,0.0,0.00023440000950358808
81,21461010,3,suffix,8,16,12,4,0.75,0.25,38,44,0.10923341407189191,-0.2062616272326119,-0.19705841281621,7,7,116,116,0,558,4.810344827586207,7,0.0,0.0012766999861923978
82,21461011,3,prefix,8,16,12,4,0.75,0.25,38,44,0.14334995035276496,0.17742031407146652,-0.024021847450469085,5,5,44,41,3,23,0.5227272727272727,5,0.06818181818181818,0.00018820000695995986
82,21461011,3,suffix,8,16,12,4,0.75,0.25,38,44,0.14334995035276496,0.17742031407146652,-0.024021847450469085,5,5,92,89,3,263,2.858695652173913,5,0.03260869565217391,0.000702300007105805
83,21461012,3,prefix,8,16,12,4,0.75,0.25,38,44,0.25084127686681523,-0.19621004877345619,-0.10353804215674628,3,3,44,39,5,16,0.36363636363636365,3,0.11363636363636363,0.00018600000475998968
83,21461012,3,suffix,8,16,12,4,0.75,0.25,38,44,0.25084127686681523,-0.19621004877345619,-0.10353804215674628,3,3,68,63,5,88,1.2941176470588236,3,0.07352941176470588,0.00035650000791065395
84,21461013,3,prefix,8,16,12,4,0.75,0.25,38,44,-0.06466358961873568,0.09263771195765343,-0.030550519540555647,5,5,44,41,3,26,0.5909090909090909,5,0.06818181818181818,0.00019589999283198267
84,21461013,3,suffix,8,16,12,4,0.75,0.25,38,44,-0.06466358961873568,0.09263771195765343,-0.030550519540555647,5,5,92,89,3,266,2.891304347826087,5,0.03260869565217391,0.0012424000015016645
85,21461014,3,prefix,8,16,12,4,0.75,0.25,38,44,-0.018974180339465643,-0.06878340968107464,-0.13444952802346946,6,6,44,42,2,35,0.7954545454545454,6,0.045454545454545456,0.0002855000057024881
85,21461014,3,suffix,8,16,12,4,0.75,0.25,38,44,-0.018974180339465643,-0.06878340968107464,-0.13444952802346946,6,6,104,102,2,395,3.798076923076923,6,0.019230769230769232,0.001161000007414259
86,21461015,3,prefix,8,16,12,4,0.75,0.25,38,44,-0.1935356157607259,0.17024097273867295,-0.1293510735201018,6,6,44,43,1,44,1.0,6,0.022727272727272728,0.00021939999714959413
86,21461015,3,suffix,8,16,12,4,0.75,0.25,38,44,-0.1935356157607259,0.17024097273867295,-0.1293510735201018,6,6,104,103,1,404,3.8846153846153846,6,0.009615384615384616,0.0009682999952929094
87,21461016,3,prefix,8,16,12,4,0.75,0.25,38,44,0.05483882839685102,0.22653270013855656,-0.20176349856372913,5,5,44,41,3,31,0.7045454545454546,5,0.06818181818181818,0.0002201000024797395
87,21461016,3,suffix,8,16,12,4,0.75,0.25,38,44,0.05483882839685102,0.22653270013855656,-0.20176349856372913,5,5,92,89,3,271,2.9456521739130435,5,0.03260869565217391,0.0007272000075317919
88,21461017,3,prefix,8,16,12,4,0.75,0.25,38,44,0.04544670690078557,-0.03998067791635202,0.3507604742751358,5,5,44,42,2,32,0.7272727272727273,5,0.045454545454545456,0.0001990000018849969
88,21461017,3,suffix,8,16,12,4,0.75,0.25,38,44,0.04544670690078557,-0.03998067791635202,0.3507604742751358,5,5,92,90,2,272,2.9565217391304346,5,0.021739130434782608,0.0007344000041484833
89,21461018,3,prefix,8,16,12,4,0.75,0.25,38,44,0.15496674295479343,-0.16428907488624378,0.13039801452463007,4,4,44,41,3,21,0.4772727272727273,4,0.06818181818181818,0.00021559999731834978
89,21461018,3,suffix,8,16,12,4,0.75,0.25,38,44,0.15496674295479343,-0.16428907488624378,0.13039801452463007,4,4,80,77,3,165,2.0625,4,0.0375,0.0005120999994687736
90,21461019,3,prefix,8,16,12,4,0.75,0.25,38,44,0.12528503906473795,0.03726562583417645,0.06434289958281894,3,3,44,42,2,24,0.5454545454545454,4,0.045454545454545456,0.00018670001009013504
90,21461019,3,suffix,8,16,12,4,0.75,0.25,38,44,0.12528503906473795,0.03726562583417645,0.06434289958281894,3,3,68,66,2,96,1.411764705882353,4,0.029411764705882353,0.00037009999505244195
91,21461020,3,prefix,8,16,12,4,0.75,0.25,38,44,0.014141257670055769,-0.13798995190977115,0.16806864977904953,7,7,44,43,1,44,1.0,7,0.022727272727272728,0.00021440000273287296
91,21461020,3,suffix,8,16,12,4,0.75,0.25,38,44,0.014141257670055769,-0.13798995190977115,0.16806864977904953,7,7,116,115,1,548,4.724137931034483,7,0.008620689655172414,0.0012312999897403643
92,21461021,3,prefix,8,16,12,4,0.75,0.25,38,44,0.11876421736621753,0.014874825274480034,-0.2887878123301764,6,6,44,42,2,33,0.75,6,0.045454545454545456,0.0002103000006172806
92,21461021,3,suffix,8,16,12,4,0.75,0.25,38,44,0.11876421736621753,0.014874825274480034,-0.2887878123301764,6,6,104,102,2,393,3.7788461538461537,6,0.019230769230769232,0.0009691999875940382
93,21461022,3,prefix,8,16,12,4,0.75,0.25,38,44,0.04322913681424412,-0.2544424986635063,-0.1456832414504148,5,5,44,42,2,30,0.6818181818181818,5,0.045454545454545456,0.00036619999445974827
93,21461022,3,suffix,8,16,12,4,0.75,0.25,38,44,0.04322913681424412,-0.2544424986635063,-0.1456832414504148,5,5,92,90,2,270,2.9347826086956523,5,0.021739130434782608,0.0008366000110981986
94,21461023,3,prefix,8,16,12,4,0.75,0.25,38,44,-0.10329282148062571,-0.1557761351281701,-0.04324701307771948,4,4,44,41,3,22,0.5,4,0.06818181818181818,0.00018530001398175955
94,21461023,3,suffix,8,16,12,4,0.75,0.25,38,44,-0.10329282148062571,-0.1557761351281701,-0.04324701307771948,4,4,80,77,3,166,2.075,4,0.0375,0.0005245999927865341
95,21461024,3,prefix,8,16,12,4,0.75,0.25,38,44,-0.009165985282978819,0.28043555605109743,0.1174651365317545,3,3,44,41,3,26,0.5909090909090909,4,0.06818181818181818,0.0001875000016298145
95,21461024,3,suffix,8,16,12,4,0.75,0.25,38,44,-0.009165985282978819,0.28043555605109743,0.1174651365317545,3,3,68,65,3,98,1.4411764705882353,4,0.04411764705882353,0.0003819999983534217
96,21461025,3,prefix,8,16,12,4,0.75,0.25,38,44,0.1819063610080571,0.1361811898721058,0.05552967226602967,7,7,44,43,1,45,1.0227272727272727,7,0.022727272727272728,0.00021939999714959413
96,21461025,3,suffix,8,16,12,4,0.75,0.25,38,44,0.1819063610080571,0.1361811898721058,0.05552967226602967,7,7,116,115,1,549,4.732758620689655,7,0.008620689655172414,0.0012496999988798052
97,21461026,3,prefix,8,16,12,4,0.75,0.25,38,44,0.0012659646951704608,-0.03566658757435647,-0.10721472709571815,7,7,44,43,1,44,1.0,7,0.022727272727272728,0.00021640000340994447
97,21461026,3,suffix,8,16,12,4,0.75,0.25,38,44,0.0012659646951704608,-0.03566658757435647,-0.10721472709571815,7,7,116,115,1,548,4.724137931034483,7,0.008620689655172414,0.0012428000045474619
98,21461027,3,prefix,8,16,12,4,0.75,0.25,38,44,-0.2918654577040255,0.23223807268650565,-0.19214522691511768,4,4,44,41,3,24,0.5454545454545454,4,0.06818181818181818,0.000185500000952743
98,21461027,3,suffix,8,16,12,4,0.75,0.25,38,44,-0.2918654577040255,0.23223807268650565,-0.19214522691511768,4,4,80,77,3,168,2.1,4,0.0375,0.0005177999992156401
99,21461028,3,prefix,8,16,12,4,0.75,0.25,38,44,-0.039485543354606585,-0.024196540921687514,-0.10965769973714798,8,8,44,44,0,56,1.2727272727272727,8,0.0,0.00024440001288894564
99,21461028,3,suffix,8,16,12,4,0.75,0.25,38,44,-0.039485543354606585,-0.024196540921687514,-0.10965769973714798,8,8,128,128,0,728,5.6875,8,0.0,0.0015497999993385747
100,21461029,3,prefix,8,16,12,4,0.75,0.25,38,44,-0.11579089443461492,-0.03155541549594,-0.07228410634239497,5,5,44,41,3,29,0.6590909090909091,5,0.06818181818181818,0.00020249999943189323
100,21461029,3,suffix,8,16,12,4,0.75,0.25,38,44,-0.11579089443461492,-0.03155541549594,-0.07228410634239497,5,5,92,89,3,269,2.9239130434782608,5,0.03260869565217391,0.0007156000065151602
101,21461030,3,prefix,8,16,12,4,0.75,0.25,38,44,-0.288574473334472,-0.0483177249823156,-0.021954275567939073,7,7,44,43,1,43,0.9772727272727273,7,0.022727272727272728,0.00021340000967029482
101,21461030,3,suffix,8,16,12,4,0.75,0.25,38,44,-0.288574473334472,-0.0483177249823156,-0.021954275567939073,7,7,116,115,1,547,4.7155172413793105,7,0.008620689655172414,0.0012897999986307696
102,21461031,3,prefix,8,16,12,4,0.75,0.25,38,44,-0.1235473716155488,0.04450108050018198,-0.15602339995481657,5,5,44,41,3,23,0.5227272727272727,5,0.06818181818181818,0.00027689999842550606
102,21461031,3,suffix,8,16,12,4,0.75,0.25,38,44,-0.1235473716155488,0.04450108050018198,-0.15602339995481657,5,5,92,89,3,263,2.858695652173913,5,0.03260869565217391,0.0007228000031318516
103,21461032,3,prefix,8,16,12,4,0.75,0.25,38,44,0.03737494342255011,0.1881166350109308,0.0021647059531687083,4,4,44,41,3,28,0.6363636363636364,4,0.06818181818181818,0.00019039999460801482
103,21461032,3,suffix,8,16,12,4,0.75,0.25,38,44,0.03737494342255011,0.1881166350109308,0.0021647059531687083,4,4,80,77,3,172,2.15,4,0.0375,0.0005250999965937808
104,21461033,3,prefix,8,16,12,4,0.75,0.25,38,44,0.10020080503261593,0.35073026784645567,-0.2227824972266895,2,2,44,38,6,10,0.22727272727272727,2,0.13636363636363635,0.00016569999570492655
104,21461033,3,suffix,8,16,12,4,0.75,0.25,38,44,0.10020080503261593,0.35073026784645567,-0.2227824972266895,2,2,56,50,6,34,0.6071428571428571,2,0.10714285714285714,0.0002283000067109242
105,21461034,3,prefix,8,16,12,4,0.75,0.25,38,44,-0.17749045209693218,0.11777359766322376,-0.11621358530203701,2,2,44,39,5,9,0.20454545454545456,2,0.11363636363636363,0.00015619999612681568
105,21461034,3,suffix,8,16,12,4,0.75,0.25,38,44,-0.17749045209693218,0.11777359766322376,-0.11621358530203701,2,2,56,51,5,33,0.5892857142857143,2,0.08928571428571429,0.00022950000129640102
106,21461035,3,prefix,8,16,12,4,0.75,0.25,38,44,0.15890923004330434,0.05069916936726191,-0.23115547625718796,4,4,44,40,4,16,0.36363636363636365,4,0.09090909090909091,0.0001740000006975606
106,21461035,3,suffix,8,16,12,4,0.75,0.25,38,44,0.15890923004330434,0.05069916936726191,-0.23115547625718796,4,4,80,76,4,160,2.0,4,0.05,0.0005101999995531514
107,21461036,3,prefix,8,16,12,4,0.75,0.25,38,44,-0.06639715391204609,0.21133113721801658,-0.2298594727102208,5,5,44,41,3,29,0.6590909090909091,5,0.06818181818181818,0.0001900000061141327
107,21461036,3,suffix,8,16,12,4,0.75,0.25,38,44,-0.06639715391204609,0.21133113721801658,-0.2298594727102208,5,5,92,89,3,269,2.9239130434782608,5,0.03260869565217391,0.0007288000051630661
108,21461037,3,prefix,8,16,12,4,0.75,0.25,38,44,-0.04833545921381922,0.04056223139187372,0.28098715281745024,3,3,44,39,5,18,0.4090909090909091,3,0.11363636363636363,0.00017330000991933048
108,21461037,3,suffix,8,16,12,4,0.75,0.25,38,44,-0.04833545921381922,0.04056223139187372,0.28098715281745024,3,3,68,63,5,90,1.3235294117647058,3,0.07352941176470588,0.0003572999994503334
109,21461038,3,prefix,8,16,12,4,0.75,0.25,38,44,0.3538939950478955,-0.002509510014575548,0.21844001694782914,1,1,44,37,7,7,0.1590909090909091,1,0.1590909090909091,0.00015069999790284783
109,21461038,3,suffix,8,16,12,4,0.75,0.25,38,44,0.3538939950478955,-0.002509510014575548,0.21844001694782914,1,1,44,37,7,7,0.1590909090909091,1,0.1590909090909091,0.00014790000568609685
110,21461039,3,prefix,8,16,12,4,0.75,0.25,38,44,-0.05705871412807032,0.012744227108675624,-0.15916763099492093,5,5,44,41,3,27,0.6136363636363636,5,0.06818181818181818,0.00019049999536946416
110,21461039,3,suffix,8,16,12,4,0.75,0.25,38,44,-0.05705871412807032,0.012744227108675624,-0.15916763099492093,5,5,92,89,3,267,2.902173913043478,5,0.03260869565217391,0.0007195000071078539
111,21461040,3,prefix,8,16,12,4,0.75,0.25,38,44,0.008739297075851487,0.33892328202798955,-0.24278204603295545,5,5,44,41,3,25,0.5681818181818182,5,0.06818181818181818,0.00020190000941511244
111,21461040,3,suffix,8,16,12,4,0.75,0.25,38,44,0.008739297075851487,0.33892328202798955,-0.24278204603295545,5,5,92,89,3,265,2.880434782608696,5,0.03260869565217391,0.0009057999996002764
112,21461041,3,prefix,8,16,12,4,0.75,0.25,38,44,0.20267885318125248,0.02342840098171196,-0.08388283727850696,3,3,44,39,5,15,0.3409090909090909,3,0.11363636363636363,0.00017759999900590628
112,21461041,3,suffix,8,16,12,4,0.75,0.25,38,44,0.20267885318125248,0.02342840098171196,-0.08388283727850696,3,3,68,63,5,87,1.2794117647058822,3,0.07352941176470588,0.0003609000123105943
113,21461042,3,prefix,8,16,12,4,0.75,0.25,38,44,-0.14961017152282952,-0.3152027955033602,0.3557006066241396,3,3,44,42,2,34,0.7727272727272727,5,0.045454545454545456,0.0002015000063693151
113,21461042,3,suffix,8,16,12,4,0.75,0.25,38,44,-0.14961017152282952,-0.3152027955033602,0.3557006066241396,3,3,68,66,2,106,1.5588235294117647,5,0.029411764705882353,0.0003873999958159402
114,21461043,3,prefix,8,16,12,4,0.75,0.25,38,44,-0.11514515958565058,-0.28147334207591734,-0.1438163461719892,6,6,44,44,0,56,1.2727272727272727,7,0.0,0.0002406999992672354
114,21461043,3,suffix,8,16,12,4,0.75,0.25,38,44,-0.11514515958565058,-0.28147334207591734,-0.1438163461719892,6,6,104,104,0,416,4.0,7,0.0,0.0010046999959740788
115,21461044,3,prefix,8,16,12,4,0.75,0.25,38,44,0.01991210726779276,0.05367411099710485,-0.029889887745010717,4,4,44,40,4,18,0.4090909090909091,4,0.09090909090909091,0.00018020000425167382
115,21461044,3,suffix,8,16,12,4,0.75,0.25,38,44,0.01991210726779276,0.05367411099710485,-0.029889887745010717,4,4,80,76,4,162,2.025,4,0.05,0.0005145000031916425
116,21461045,3,prefix,8,16,12,4,0.75,0.25,38,44,0.04856800054164783,-0.10331647842302603,-0.04492208441736003,3,3,44,39,5,13,0.29545454545454547,3,0.11363636363636363,0.00018459999409969896
116,21461045,3,suffix,8,16,12,4,0.75,0.25,38,44,0.04856800054164783,-0.10331647842302603,-0.04492208441736003,3,3,68,63,5,85,1.25,3,0.07352941176470588,0.00036130000080447644
117,21461046,3,prefix,8,16,12,4,0.75,0.25,38,44,-0.12236608569103577,-0.08006441419527166,0.041914040621077744,4,4,44,40,4,16,0.36363636363636365,4,0.09090909090909091,0.00016909999249037355
117,21461046,3,suffix,8,16,12,4,0.75,0.25,38,44,-0.12236608569103577,-0.08006441419527166,0.041914040621077744,4,4,80,76,4,160,2.0,4,0.05,0.0005072000058135018
118,21461047,3,prefix,8,16,12,4,0.75,0.25,38,44,-0.180126074335318,-0.06060570332898959,-0.045880514520956636,3,3,44,39,5,11,0.25,3,0.11363636363636363,0.00016280000272672623
118,21461047,3,suffix,8,16,12,4,0.75,0.25,38,44,-0.180126074335318,-0.06060570332898959,-0.045880514520956636,3,3,68,63,5,83,1.2205882352941178,3,0.07352941176470588,0.0003513999981805682
119,21461048,3,prefix,8,16,12,4,0.75,0.25,38,44,-0.10347208666495596,-0.06315866845611548,-0.27390088478128893,7,7,44,44,0,56,1.2727272727272727,7,0.0,0.00023410000721924007
119,21461048,3,suffix,8,16,12,4,0.75,0.25,38,44,-0.10347208666495596,-0.06315866845611548,-0.27390088478128893,7,7,116,116,0,560,4.827586206896552,7,0.0,0.0012822999997297302
120,21461049,3,prefix,8,16,12,4,0.75,0.25,38,44,0.2699066166785142,0.03133811303151525,0.14811503679855967,3,3,44,39,5,12,0.2727272727272727,3,0.11363636363636363,0.0001812000118661672
120,21461049,3,suffix,8,16,12,4,0.75,0.25,38,44,0.2699066166785142,0.03133811303151525,0.14811503679855967,3,3,68,63,5,84,1.2352941176470589,3,0.07352941176470588,0.00036580000596586615
121,21461050,3,prefix,8,16,12,4,0.75,0.25,38,44,0.07342891463276534,0.3371586016704044,0.028802241447026297,4,4,44,41,3,21,0.4772727272727273,4,0.06818181818181818,0.00018209998961538076
121,21461050,3,suffix,8,16,12,4,0.75,0.25,38,44,0.07342891463276534,0.3371586016704044,0.028802241447026297,4,4,80,77,3,165,2.0625,4,0.0375,0.0005301999917719513
122,21461051,3,prefix,8,16,12,4,0.75,0.25,38,44,-0.05580967170542296,0.2285362286381284,-0.07986347549089333,6,6,44,42,2,33,0.75,6,0.045454545454545456,0.0001990000018849969
122,21461051,3,suffix,8,16,12,4,0.75,0.25,38,44,-0.05580967170542296,0.2285362286381284,-0.07986347549089333,6,6,104,102,2,393,3.7788461538461537,6,0.019230769230769232,0.000942600003327243
123,21461052,3,prefix,8,16,12,4,0.75,0.25,38,44,-0.1214572491776102,-0.017568830602146143,-0.2459798313308723,4,4,44,42,2,36,0.8181818181818182,4,0.045454545454545456,0.0002116999967256561
123,21461052,3,suffix,8,16,12,4,0.75,0.25,38,44,-0.1214572491776102,-0.017568830602146143,-0.2459798313308723,4,4,80,78,2,180,2.25,4,0.025,0.0005435000057332218
124,21461053,3,prefix,8,16,12,4,0.75,0.25,38,44,0.04264027230361984,0.028477926919855845,0.023527441066533174,3,3,44,39,5,16,0.36363636363636365,3,0.11363636363636363,0.00016939999477472156
124,21461053,3,suffix,8,16,12,4,0.75,0.25,38,44,0.04264027230361984,0.028477926919855845,0.023527441066533174,3,3,68,63,5,88,1.2941176470588236,3,0.07352941176470588,0.0003578000032575801
125,21461054,3,prefix,8,16,12,4,0.75,0.25,38,44,0.31823660658068514,-0.03245681470885734,-0.042374110728060355,1,1,44,37,7,7,0.1590909090909091,1,0.1590909090909091,0.00015029999485705048
125,21461054,3,suffix,8,16,12,4,0.75,0.25,38,44,0.31823660658068514,-0.03245681470885734,-0.042374110728060355,1,1,44,37,7,7,0.1590909090909091,1,0.1590909090909091,0.0001517000055173412
126,21461055,3,prefix,8,16,12,4,0.75,0.25,38,44,0.22347187287960255,-0.08663112559603647,0.04228918355880121,4,4,44,41,3,17,0.38636363636363635,4,0.06818181818181818,0.0001745000045048073
126,21461055,3,suffix,8,16,12,4,0.75,0.25,38,44,0.22347187287960255,-0.08663112559603647,0.04228918355880121,4,4,80,77,3,161,2.0125,4,0.0375,0.0005151000077603385
127,21461056,3,prefix,8,16,12,4,0.75,0.25,38,44,-0.07229771186399632,-0.1500323532464908,0.23865920361622386,4,4,44,41,3,20,0.45454545454545453,4,0.06818181818181818,0.00017740001203492284
127,21461056,3,suffix,8,16,12,4,0.75,0.25,38,44,-0.07229771186399632,-0.1500323532464908,0.23865920361622386,4,4,80,77,3,164,2.05,4,0.0375,0.0005157999985385686
128,21461057,3,prefix,8,16,12,4,0.75,0.25,38,44,0.08200469368579592,-0.19527460788037657,-0.14864083307432374,8,8,44,44,0,56,1.2727272727272727,8,0.0,0.00023910000163596123
128,21461057,3,suffix,8,16,12,4,0.75,0.25,38,44,0.08200469368579592,-0.19527460788037657,-0.14864083307432374,8,8,128,128,0,728,5.6875,8,0.0,0.0015863000007811934
129,21461058,3,prefix,8,16,12,4,0.75,0.25,38,44,-0.18997828578277964,-0.14522028237853968,-0.047879627861527184,6,6,44,42,2,35,0.7954545454545454,6,0.045454545454545456,0.00020480000239331275
129,21461058,3,suffix,8,16,12,4,0.75,0.25,38,44,-0.18997828578277964,-0.14522028237853968,-0.047879627861527184,6,6,104,102,2,395,3.798076923076923,6,0.019230769230769232,0.0009469999931752682
130,21461059,3,prefix,8,16,12,4,0.75,0.25,38,44,-0.01564419092603992,0.16811627681338198,-0.21559799474864505,4,4,44,40,4,18,0.4090909090909091,4,0.09090909090909091,0.00018229999113827944
130,21461059,3,suffix,8,16,12,4,0.75,0.25,38,44,-0.01564419092603992,0.16811627681338198,-0.21559799474864505,4,4,80,76,4,162,2.025,4,0.05,0.0005157999985385686
131,21461060,3,prefix,8,16,12,4,0.75,0.25,38,44,-0.030450943004085063,0.13556621394370524,0.05656080021907737,6,6,44,43,1,43,0.9772727272727273,6,0.022727272727272728,0.00021440000273287296
131,21461060,3,suffix,8,16,12,4,0.75,0.25,38,44,-0.030450943004085063,0.13556621394370524,0.05656080021907737,6,6,104,103,1,403,3.875,6,0.009615384615384616,0.000975200004177168
132,21461061,3,prefix,8,16,12,4,0.75,0.25,38,44,-0.045560381732793725,0.06350209624203944,-0.0124636326345115,5,5,44,41,3,25,0.5681818181818182,5,0.06818181818181818,0.00018570000247564167
132,21461061,3,suffix,8,16,12,4,0.75,0.25,38,44,-0.045560381732793725,0.06350209624203944,-0.0124636326345115,5,5,92,89,3,265,2.880434782608696,5,0.03260869565217391,0.0007122000097297132
133,21461062,3,prefix,8,16,12,4,0.75,0.25,38,44,0.10329107011286114,-0.1059222481063343,-0.21745902500419517,3,3,44,39,5,11,0.25,3,0.11363636363636363,0.00016390001110266894
133,21461062,3,suffix,8,16,12,4,0.75,0.25,38,44,0.10329107011286114,-0.1059222481063343,-0.21745902500419517,3,3,68,63,5,83,1.2205882352941178,3,0.07352941176470588,0.00034619998768903315
134,21461063,3,prefix,8,16,12,4,0.75,0.25,38,44,-0.18202900301281214,-0.23160773007429225,0.11608741777026012,5,5,44,42,2,30,0.6818181818181818,5,0.045454545454545456,0.0001981999957934022
134,21461063,3,suffix,8,16,12,4,0.75,0.25,38,44,-0.18202900301281214,-0.23160773007429225,0.11608741777026012,5,5,92,90,2,270,2.9347826086956523,5,0.021739130434782608,0.0007368999940808862
135,21461064,3,prefix,8,16,12,4,0.75,0.25,38,44,0.11812290001011326,-0.09214234874173341,0.18805858168943546,4,4,44,41,3,21,0.4772727272727273,4,0.06818181818181818,0.00017839999054558575
135,21461064,3,suffix,8,16,12,4,0.75,0.25,38,44,0.11812290001011326,-0.09214234874173341,0.18805858168943546,4,4,80,77,3,165,2.0625,4,0.0375,0.00051710000843741
136,21461065,3,prefix,8,16,12,4,0.75,0.25,38,44,-0.04270874971264659,-0.1388181185533569,0.07558494686322362,6,6,44,42,2,34,0.7727272727272727,6,0.045454545454545456,0.00020280000171624124
136,21461065,3,suffix,8,16,12,4,0.75,0.25,38,44,-0.04270874971264659,-0.1388181185533569,0.07558494686322362,6,6,104,102,2,394,3.7884615384615383,6,0.019230769230769232,0.0009548000089125708
137,21461066,3,prefix,8,16,12,4,0.75,0.25,38,44,-0.17459216101714203,0.16218333411998656,-0.13572393028797028,4,4,44,40,4,16,0.36363636363636365,4,0.09090909090909091,0.00018140001338906586
137,21461066,3,suffix,8,16,12,4,0.75,0.25,38,44,-0.17459216101714203,0.16218333411998656,-0.13572393028797028,4,4,80,76,4,160,2.0,4,0.05,0.0005074999935459346
138,21461067,3,prefix,8,16,12,4,0.75,0.25,38,44,0.05173155026457159,-0.25483818256176693,-0.2418978661707891,5,5,44,41,3,27,0.6136363636363636,5,0.06818181818181818,0.00019150000298395753
138,21461067,3,suffix,8,16,12,4,0.75,0.25,38,44,0.05173155026457159,-0.25483818256176693,-0.2418978661707891,5,5,92,89,3,267,2.902173913043478,5,0.03260869565217391,0.0007252999930642545
139,21461068,3,prefix,8,16,12,4,0.75,0.25,38,44,-0.057222645936760005,0.09539894237644321,-0.039102279484579616,3,3,44,39,5,11,0.25,3,0.11363636363636363,0.0001604999997653067
139,21461068,3,suffix,8,16,12,4,0.75,0.25,38,44,-0.057222645936760005,0.09539894237644321,-0.039102279484579616,3,3,68,63,5,83,1.2205882352941178,3,0.07352941176470588,0.00037659998633898795
140,21461069,3,prefix,8,16,12,4,0.75,0.25,38,44,0.2840080301274316,-0.23272236622084988,-0.24691253446687755,6,6,44,43,1,41,0.9318181818181818,6,0.022727272727272728,0.00021640000340994447
140,21461069,3,suffix,8,16,12,4,0.75,0.25,38,44,0.2840080301274316,-0.23272236622084988,-0.24691253446687755,6,6,104,103,1,401,3.855769230769231,6,0.009615384615384616,0.0009750000026542693
141,21461070,3,prefix,8,16,12,4,0.75,0.25,38,44,-0.000727908673334893,-0.029132396893239428,-0.12442427145249514,4,4,44,40,4,16,0.36363636363636365,4,0.09090909090909091,0.00017080000543501228
141,21461070,3,suffix,8,16,12,4,0.75,0.25,38,44,-0.000727908673334893,-0.029132396893239428,-0.12442427145249514,4,4,80,76,4,160,2.0,4,0.05,0.0005154000100446865
142,21461071,3,prefix,8,16,12,4,0.75,0.25,38,44,0.1428233874652885,0.035410457591307905,0.17925831063365974,4,4,44,41,3,24,0.5454545454545454,4,0.06818181818181818,0.00018649999401532114
142,21461071,3,suffix,8,16,12,4,0.75,0.25,38,44,0.1428233874652885,0.035410457591307905,0.17925831063365974,4,4,80,77,3,168,2.1,4,0.0375,0.000524800008861348
143,21461072,3,prefix,8,16,12,4,0.75,0.25,38,44,0.26030655109348577,0.18375726197417241,0.06536211458438937,4,4,44,40,4,17,0.38636363636363635,4,0.09090909090909091,0.00017840000509750098
143,21461072,3,suffix,8,16,12,4,0.75,0.25,38,44,0.26030655109348577,0.18375726197417241,0.06536211458438937,4,4,80,76,4,161,2.0125,4,0.05,0.0005081000126665458
144,21461073,3,prefix,8,16,12,4,0.75,0.25,38,44,-0.14843400622892627,0.2479564636839834,0.03362852838982187,4,4,44,40,4,17,0.38636363636363635,4,0.09090909090909091,0.00017189999925903976
144,21461073,3,suffix,8,16,12,4,0.75,0.25,38,44,-0.14843400622892627,0.2479564636839834,0.03362852838982187,4,4,80,76,4,161,2.0125,4,0.05,0.0005098000110592693
145,21461074,3,prefix,8,16,12,4,0.75,0.25,38,44,-0.23719076599518138,-0.3455349841437924,0.17822040498586497,4,4,44,40,4,16,0.36363636363636365,4,0.09090909090909091,0.00016739999409765005
145,21461074,3,suffix,8,16,12,4,0.75,0.25,38,44,-0.23719076599518138,-0.3455349841437924,0.17822040498586497,4,4,80,76,4,160,2.0,4,0.05,0.0005057999951532111
146,21461075,3,prefix,8,16,12,4,0.75,0.25,38,44,-0.24033803370303924,-0.21939413284618764,-0.048421742641418485,5,5,44,41,3,30,0.6818181818181818,5,0.06818181818181818,0.00019379999139346182
146,21461075,3,suffix,8,16,12,4,0.75,0.25,38,44,-0.24033803370303924,-0.21939413284618764,-0.048421742641418485,5,5,92,89,3,270,2.9347826086956523,5,0.03260869565217391,0.0007397000008495525
147,21461076,3,prefix,8,16,12,4,0.75,0.25,38,44,-0.16199892370296237,0.026662749071537015,0.12906001071858833,5,5,44,41,3,29,0.6590909090909091,5,0.06818181818181818,0.00019330000213813037
147,21461076,3,suffix,8,16,12,4,0.75,0.25,38,44,-0.16199892370296237,0.026662749071537015,0.12906001071858833,5,5,92,89,3,269,2.9239130434782608,5,0.03260869565217391,0.0007315999973798171
148,21461077,3,prefix,8,16,12,4,0.75,0.25,38,44,0.1542001702129776,0.32585699467385737,-0.013378783332495339,5,5,44,41,3,28,0.6363636363636364,5,0.06818181818181818,0.00020119998953305185
148,21461077,3,suffix,8,16,12,4,0.75,0.25,38,44,0.1542001702129776,0.32585699467385737,-0.013378783332495339,5,5,92,89,3,268,2.9130434782608696,5,0.03260869565217391,0.0007170000026235357
149,21461078,3,prefix,8,16,12,4,0.75,0.25,38,44,-0.057930427347101764,0.022093595665137546,-0.129537884766606,3,3,44,39,5,12,0.2727272727272727,3,0.11363636363636363,0.00016199999663513154
149,21461078,3,suffix,8,16,12,4,0.75,0.25,38,44,-0.057930427347101764,0.022093595665137546,-0.129537884766606,3,3,68,63,5,84,1.2352941176470589,3,0.07352941176470588,0.00034949999826494604
150,21461079,3,prefix,8,16,12,4,0.75,0.25,38,44,-0.04292327711544395,-0.117303308227269,0.10375864863581148,5,5,44,42,2,30,0.6818181818181818,5,0.045454545454545456,0.0003397000109544024
150,21461079,3,suffix,8,16,12,4,0.75,0.25,38,44,-0.04292327711544395,-0.117303308227269,0.10375864863581148,5,5,92,90,2,270,2.9347826086956523,5,0.021739130434782608,0.001112400001147762
151,21461080,3,prefix,8,16,12,4,0.75,0.25,38,44,-0.16754622737635516,0.025442604322688175,0.06812109098155306,4,4,44,40,4,16,0.36363636363636365,4,0.09090909090909091,0.00017210000078193843
151,21461080,3,suffix,8,16,12,4,0.75,0.25,38,44,-0.16754622737635516,0.025442604322688175,0.06812109098155306,4,4,80,76,4,160,2.0,4,0.05,0.0005175999976927415
152,21461081,3,prefix,8,16,12,4,0.75,0.25,38,44,0.22107811266183602,0.16747627731769574,-0.03271641959299261,3,3,44,39,5,11,0.25,3,0.11363636363636363,0.00016729999333620071
152,21461081,3,suffix,8,16,12,4,0.75,0.25,38,44,0.22107811266183602,0.16747627731769574,-0.03271641959299261,3,3,68,63,5,83,1.2205882352941178,3,0.07352941176470588,0.0003496999997878447
153,21461082,3,prefix,8,16,12,4,0.75,0.25,38,44,-0.08912521772714728,-0.03767723362214473,-0.06470201264803864,6,6,44,43,1,37,0.8409090909090909,6,0.022727272727272728,0.00021379999816417694
153,21461082,3,suffix,8,16,12,4,0.75,0.25,38,44,-0.08912521772714728,-0.03767723362214473,-0.06470201264803864,6,6,104,103,1,397,3.8173076923076925,6,0.009615384615384616,0.0009739000088302419
154,21461083,3,prefix,8,16,12,4,0.75,0.25,38,44,0.19245392110607096,-0.25194411228384167,-0.27016150157745217,4,4,44,41,3,18,0.4090909090909091,4,0.06818181818181818,0.0001770999951986596
154,21461083,3,suffix,8,16,12,4,0.75,0.25,38,44,0.19245392110607096,-0.25194411228384167,-0.27016150157745217,4,4,80,77,3,162,2.025,4,0.0375,0.0005216999998083338
155,21461084,3,prefix,8,16,12,4,0.75,0.25,38,44,0.25058794777743404,0.20585112502267008,0.193893108288887,3,3,44,39,5,11,0.25,3,0.11363636363636363,0.0001618999958736822
155,21461084,3,suffix,8,16,12,4,0.75,0.25,38,44,0.25058794777743404,0.20585112502267008,0.193893108288887,3,3,68,63,5,83,1.2205882352941178,3,0.07352941176470588,0.0003491000097710639
156,21461085,3,prefix,8,16,12,4,0.75,0.25,38,44,0.1584551481667224,0.060223600306769966,-0.26585142950319296,5,5,44,41,3,28,0.6363636363636364,5,0.06818181818181818,0.00020310000400058925
156,21461085,3,suffix,8,16,12,4,0.75,0.25,38,44,0.1584551481667224,0.060223600306769966,-0.26585142950319296,5,5,92,89,3,268,2.9130434782608696,5,0.03260869565217391,0.0007236999954329804
157,21461086,3,prefix,8,16,12,4,0.75,0.25,38,44,-0.26351761974245863,0.1478940389272429,-0.05196565590699422,2,2,44,38,6,8,0.18181818181818182,2,0.13636363636363635,0.00015400000847876072
157,21461086,3,suffix,8,16,12,4,0.75,0.25,38,44,-0.26351761974245863,0.1478940389272429,-0.05196565590699422,2,2,56,50,6,32,0.5714285714285714,2,0.10714285714285714,0.0003130999975837767
158,21461087,3,prefix,8,16,12,4,0.75,0.25,38,44,-0.08047487849207233,-0.14530128018722605,-0.08592449618656642,5,5,44,41,3,25,0.5681818181818182,5,0.06818181818181818,0.00018679999629966915
158,21461087,3,suffix,8,16,12,4,0.75,0.25,38,44,-0.08047487849207233,-0.14530128018722605,-0.08592449618656642,5,5,92,89,3,265,2.880434782608696,5,0.03260869565217391,0.0007120999944163486
159,21461088,3,prefix,8,16,12,4,0.75,0.25,38,44,-0.1151074143467123,0.26444613445384085,-0.09613195337227722,5,5,44,42,2,36,0.8181818181818182,5,0.045454545454545456,0.00021179999748710543
159,21461088,3,suffix,8,16,12,4,0.75,0.25,38,44,-0.1151074143467123,0.26444613445384085,-0.09613195337227722,5,5,92,90,2,276,3.0,5,0.021739130434782608,0.0007907999970484525
160,21461089,3,prefix,8,16,12,4,0.75,0.25,38,44,0.22949809776466956,0.014594722876544959,0.07367315728482948,4,4,44,40,4,16,0.36363636363636365,4,0.09090909090909091,0.00017270000535063446
160,21461089,3,suffix,8,16,12,4,0.75,0.25,38,44,0.22949809776466956,0.014594722876544959,0.07367315728482948,4,4,80,76,4,160,2.0,4,0.05,0.000526399991940707
161,21461090,3,prefix,8,16,12,4,0.75,0.25,38,44,-0.2521808450124342,-0.11561139074041461,-0.025431049085941373,7,7,44,43,1,44,1.0,7,0.022727272727272728,0.00021430000197142363
161,21461090,3,suffix,8,16,12,4,0.75,0.25,38,44,-0.2521808450124342,-0.11561139074041461,-0.025431049085941373,7,7,116,115,1,548,4.724137931034483,7,0.008620689655172414,0.0016653000056976452
162,21461091,3,prefix,8,16,12,4,0.75,0.25,38,44,0.20837398012835537,0.08011484046846364,0.042526819534687836,4,4,44,41,3,24,0.5454545454545454,4,0.06818181818181818,0.00020049999875482172
162,21461091,3,suffix,8,16,12,4,0.75,0.25,38,44,0.20837398012835537,0.08011484046846364,0.042526819534687836,4,4,80,77,3,168,2.1,4,0.0375,0.0005254999996395782
163,21461092,3,prefix,8,16,12,4,0.75,0.25,38,44,-0.025438390458509767,-0.2544994288488906,0.40083366274739624,3,3,44,39,5,11,0.25,3,0.11363636363636363,0.00015949999215081334
163,21461092,3,suffix,8,16,12,4,0.75,0.25,38,44,-0.025438390458509767,-0.2544994288488906,0.40083366274739624,3,3,68,63,5,83,1.2205882352941178,3,0.07352941176470588,0.00036160000308882445
164,21461093,3,prefix,8,16,12,4,0.75,0.25,38,44,-0.20879518811349498,0.06802174598915678,0.1836522883385218,5,5,44,41,3,26,0.5909090909090909,5,0.06818181818181818,0.00018479999562259763
164,21461093,3,suffix,8,16,12,4,0.75,0.25,38,44,-0.20879518811349498,0.06802174598915678,0.1836522883385218,5,5,92,89,3,266,2.891304347826087,5,0.03260869565217391,0.0007219000108307227
165,21461094,3,prefix,8,16,12,4,0.75,0.25,38,44,0.33564513097680915,0.18289902783214684,0.05472290348741732,3,3,44,39,5,12,0.2727272727272727,3,0.11363636363636363,0.00016119999054353684
165,21461094,3,suffix,8,16,12,4,0.75,0.25,38,44,0.33564513097680915,0.18289902783214684,0.05472290348741732,3,3,68,63,5,84,1.2352941176470589,3,0.07352941176470588,0.00034750001213978976
166,21461095,3,prefix,8,16,12,4,0.75,0.25,38,44,-0.15826165972492973,-0.17647737102104719,0.0659660620801907,6,6,44,42,2,32,0.7272727272727273,6,0.045454545454545456,0.00020249999943189323
166,21461095,3,suffix,8,16,12,4,0.75,0.25,38,44,-0.15826165972492973,-0.17647737102104719,0.0659660620801907,6,6,104,102,2,392,3.769230769230769,6,0.019230769230769232,0.0009670999861555174
167,21461096,3,prefix,8,16,12,4,0.75,0.25,38,44,-0.2671274364559816,-0.11499458579448549,0.0881708626341207,4,4,44,41,3,23,0.5227272727272727,4,0.06818181818181818,0.0002263000060338527
167,21461096,3,suffix,8,16,12,4,0.75,0.25,38,44,-0.2671274364559816,-0.11499458579448549,0.0881708626341207,4,4,80,77,3,167,2.0875,4,0.0375,0.0005350999999791384
168,21461097,3,prefix,8,16,12,4,0.75,0.25,38,44,0.03244395454173173,0.08396917900454491,0.04976703548227974,3,3,44,40,4,23,0.5227272727272727,3,0.09090909090909091,0.00019659999816212803
168,21461097,3,suffix,8,16,12,4,0.75,0.25,38,44,0.03244395454173173,0.08396917900454491,0.04976703548227974,3,3,68,64,4,95,1.3970588235294117,3,0.058823529411764705,0.00038080000376794487
169,21461098,3,prefix,8,16,12,4,0.75,0.25,38,44,0.28844398619385825,-0.15024953242749398,0.21471788371540176,2,2,44,39,5,9,0.20454545454545456,2,0.11363636363636363,0.00017669999215286225
169,21461098,3,suffix,8,16,12,4,0.75,0.25,38,44,0.28844398619385825,-0.15024953242749398,0.21471788371540176,2,2,56,51,5,33,0.5892857142857143,2,0.08928571428571429,0.00023540000256616622
170,21461099,3,prefix,8,16,12,4,0.75,0.25,38,44,0.06414392507535314,0.06376877759173881,0.29814474730807966,5,5,44,41,3,30,0.6818181818181818,5,0.06818181818181818,0.00019439999596215785
170,21461099,3,suffix,8,16,12,4,0.75,0.25,38,44,0.06414392507535314,0.06376877759173881,0.29814474730807966,5,5,92,89,3,270,2.9347826086956523,5,0.03260869565217391,0.000726999991456978
171,21461100,3,prefix,8,16,12,4,0.75,0.25,38,44,0.178383230620638,-0.14776302611476405,-0.13705248663657502,2,2,44,39,5,9,0.20454545454545456,2,0.11363636363636363,0.0001564999984111637
171,21461100,3,suffix,8,16,12,4,0.75,0.25,38,44,0.178383230620638,-0.14776302611476405,-0.13705248663657502,2,2,56,51,5,33,0.5892857142857143,2,0.08928571428571429,0.00023169998894445598
172,21461101,3,prefix,8,16,12,4,0.75,0.25,38,44,0.09476097594566843,-0.06400841402185665,0.2122214347694404,2,2,44,38,6,10,0.22727272727272727,2,0.13636363636363635,0.00016199999663513154
172,21461101,3,suffix,8,16,12,4,0.75,0.25,38,44,0.09476097594566843,-0.06400841402185665,0.2122214347694404,2,2,56,50,6,34,0.6071428571428571,2,0.10714285714285714,0.0002734000008786097
173,21461102,3,prefix,8,16,12,4,0.75,0.25,38,44,-0.156163817052051,-0.09925218061017461,-0.2273639561224364,7,7,44,44,0,48,1.0909090909090908,7,0.0,0.00024059999850578606
173,21461102,3,suffix,8,16,12,4,0.75,0.25,38,44,-0.156163817052051,-0.09925218061017461,-0.2273639561224364,7,7,116,116,0,552,4.758620689655173,7,0.0,0.00128749999566935
174,21461103,3,prefix,8,16,12,4,0.75,0.25,38,44,-0.1107117077797164,0.08515114083555768,-0.06597312504590024,6,6,44,42,2,42,0.9545454545454546,6,0.045454545454545456,0.0002150999935111031
174,21461103,3,suffix,8,16,12,4,0.75,0.25,38,44,-0.1107117077797164,0.08515114083555768,-0.06597312504590024,6,6,104,102,2,402,3.8653846153846154,6,0.019230769230769232,0.0009718999936012551
175,21461104,3,prefix,8,16,12,4,0.75,0.25,38,44,-0.10104418752098517,-0.13466787968564137,-0.1863085633232312,5,5,44,41,3,23,0.5227272727272727,5,0.06818181818181818,0.0001818999880924821
175,21461104,3,suffix,8,16,12,4,0.75,0.25,38,44,-0.10104418752098517,-0.13466787968564137,-0.1863085633232312,5,5,92,89,3,263,2.858695652173913,5,0.03260869565217391,0.0007259999983943999
176,21461105,3,prefix,8,16,12,4,0.75,0.25,38,44,0.16175841861550236,-0.15805377020493497,-0.03409476431386999,5,5,44,42,2,38,0.8636363636363636,5,0.045454545454545456,0.00021370001195464283
176,21461105,3,suffix,8,16,12,4,0.75,0.25,38,44,0.16175841861550236,-0.15805377020493497,-0.03409476431386999,5,5,92,90,2,278,3.0217391304347827,5,0.021739130434782608,0.0007360000017797574
177,21461106,3,prefix,8,16,12,4,0.75,0.25,38,44,0.06780925305279553,0.016412091811570443,0.18570078261238662,6,6,44,42,2,32,0.7272727272727273,6,0.045454545454545456,0.00019609999435488135
177,21461106,3,suffix,8,16,12,4,0.75,0.25,38,44,0.06780925305279553,0.016412091811570443,0.18570078261238662,6,6,104,102,2,392,3.769230769230769,6,0.019230769230769232,0.0009502999891992658
178,21461107,3,prefix,8,16,12,4,0.75,0.25,38,44,-0.007909328837901661,0.15805547646195756,0.08877714494788921,6,6,44,43,1,33,0.75,6,0.022727272727272728,0.00020199999562464654
178,21461107,3,suffix,8,16,12,4,0.75,0.25,38,44,-0.007909328837901661,0.15805547646195756,0.08877714494788921,6,6,104,103,1,393,3.7788461538461537,6,0.009615384615384616,0.0009677999914856628
179,21461108,3,prefix,8,16,12,4,0.75,0.25,38,44,-0.08645590197123405,0.06514083488490556,0.0005941322884624208,6,6,44,42,2,36,0.8181818181818182,6,0.045454545454545456,0.00020599999697878957
179,21461108,3,suffix,8,16,12,4,0.75,0.25,38,44,-0.08645590197123405,0.06514083488490556,0.0005941322884624208,6,6,104,102,2,396,3.8076923076923075,6,0.019230769230769232,0.0009934999980032444
180,21461109,3,prefix,8,16,12,4,0.75,0.25,38,44,-0.1827776775905286,-0.12889508372047165,-0.11814348784993108,4,4,44,41,3,23,0.5227272727272727,4,0.06818181818181818,0.0001835999864852056
180,21461109,3,suffix,8,16,12,4,0.75,0.25,38,44,-0.1827776775905286,-0.12889508372047165,-0.11814348784993108,4,4,80,77,3,167,2.0875,4,0.0375,0.0005689000099664554
181,21461110,3,prefix,8,16,12,4,0.75,0.25,38,44,0.3508952023448669,-0.16932390790668328,-0.20950152875990696,4,4,44,40,4,16,0.36363636363636365,4,0.09090909090909091,0.00017179999849759042
181,21461110,3,suffix,8,16,12,4,0.75,0.25,38,44,0.3508952023448669,-0.16932390790668328,-0.20950152875990696,4,4,80,76,4,160,2.0,4,0.05,0.0005099999980302528
182,21461111,3,prefix,8,16,12,4,0.75,0.25,38,44,-0.012692322210828473,0.2079875236360468,-0.08065848383642764,4,4,44,40,4,20,0.45454545454545453,4,0.09090909090909091,0.00019109999993816018
182,21461111,3,suffix,8,16,12,4,0.75,0.25,38,44,-0.012692322210828473,0.2079875236360468,-0.08065848383642764,4,4,80,76,4,164,2.05,4,0.05,0.000517700013006106
183,21461112,3,prefix,8,16,12,4,0.75,0.25,38,44,0.08725129249933249,0.11669377352465177,0.04166448319807291,4,4,44,41,3,25,0.5681818181818182,4,0.06818181818181818,0.0001863000070443377
183,21461112,3,suffix,8,16,12,4,0.75,0.25,38,44,0.08725129249933249,0.11669377352465177,0.04166448319807291,4,4,80,77,3,169,2.1125,4,0.0375,0.0005262000049697235
184,21461113,3,prefix,8,16,12,4,0.75,0.25,38,44,0.2519413528548382,-0.22291243990654905,-0.05717155564927874,2,2,44,38,6,12,0.2727272727272727,2,0.13636363636363635,0.0001638000103412196
184,21461113,3,suffix,8,16,12,4,0.75,0.25,38,44,0.2519413528548382,-0.22291243990654905,-0.05717155564927874,2,2,56,50,6,36,0.6428571428571429,2,0.10714285714285714,0.00023240000882651657
185,21461114,3,prefix,8,16,12,4,0.75,0.25,38,44,-0.1966579364897711,-0.016761342058223487,0.08497733142557588,6,6,44,42,2,33,0.75,6,0.045454545454545456,0.00019639999663922936
185,21461114,3,suffix,8,16,12,4,0.75,0.25,38,44,-0.1966579364897711,-0.016761342058223487,0.08497733142557588,6,6,104,102,2,393,3.7788461538461537,6,0.019230769230769232,0.0009836999961407855
186,21461115,3,prefix,8,16,12,4,0.75,0.25,38,44,-0.11187008779175642,0.06278849772913934,0.003390101957776371,6,6,44,43,1,37,0.8409090909090909,6,0.022727272727272728,0.00020850000146310776
186,21461115,3,suffix,8,16,12,4,0.75,0.25,38,44,-0.11187008779175642,0.06278849772913934,0.003390101957776371,6,6,104,103,1,397,3.8173076923076925,6,0.009615384615384616,0.0009722999966470525
187,21461116,3,prefix,8,16,12,4,0.75,0.25,38,44,0.1560082435779657,0.1757361387088175,0.048311834876601206,2,2,44,39,5,15,0.3409090909090909,2,0.11363636363636363,0.00017250000382773578
187,21461116,3,suffix,8,16,12,4,0.75,0.25,38,44,0.1560082435779657,0.1757361387088175,0.048311834876601206,2,2,56,51,5,39,0.6964285714285714,2,0.08928571428571429,0.0002403999969828874
188,21461117,3,prefix,8,16,12,4,0.75,0.25,38,44,-0.013738108489329935,0.002114797012161832,0.06047044356370431,4,4,44,42,2,30,0.6818181818181818,4,0.045454545454545456,0.0002018999948631972
188,21461117,3,suffix,8,16,12,4,0.75,0.25,38,44,-0.013738108489329935,0.002114797012161832,0.06047044356370431,4,4,80,78,2,174,2.175,4,0.025,0.0005281000048853457
189,21461118,3,prefix,8,16,12,4,0.75,0.25,38,44,-0.20331067620865753,-0.24093494457660186,-0.03054126414595724,7,7,44,43,1,43,0.9772727272727273,7,0.022727272727272728,0.00021460000425577164
189,21461118,3,suffix,8,16,12,4,0.75,0.25,38,44,-0.20331067620865753,-0.24093494457660186,-0.03054126414595724,7,7,116,115,1,547,4.7155172413793105,7,0.008620689655172414,0.0012467999913496897
190,21461119,3,prefix,8,16,12,4,0.75,0.25,38,44,-0.010407102975297556,0.00420670609863326,-0.012618180509067826,7,7,44,43,1,43,0.9772727272727273,7,0.022727272727272728,0.00021899999410379678
190,21461119,3,suffix,8,16,12,4,0.75,0.25,38,44,-0.010407102975297556,0.00420670609863326,-0.012618180509067826,7,7,116,115,1,547,4.7155172413793105,7,0.008620689655172414,0.001251499998033978
191,21461120,3,prefix,8,16,12,4,0.75,0.25,38,44,-0.06076638047620149,0.08358314215118069,0.140753977284643,3,3,44,40,4,15,0.3409090909090909,3,0.09090909090909091,0.00017690000822767615
191,21461120,3,suffix,8,16,12,4,0.75,0.25,38,44,-0.06076638047620149,0.08358314215118069,0.140753977284643,3,3,68,64,4,87,1.2794117647058822,3,0.058823529411764705,0.0003524999920045957
192,21461121,3,prefix,8,16,12,4,0.75,0.25,38,44,-0.005637197557130864,0.07782317320092627,0.0914912226462289,3,3,44,39,5,11,0.25,3,0.11363636363636363,0.00016239999968092889
192,21461121,3,suffix,8,16,12,4,0.75,0.25,38,44,-0.005637197557130864,0.07782317320092627,0.0914912226462289,3,3,68,63,5,83,1.2205882352941178,3,0.07352941176470588,0.0003443000023253262
193,21461122,3,prefix,8,16,12,4,0.75,0.25,38,44,-0.06188080979509255,-0.20746322116543753,0.1497064942909445,4,4,44,40,4,25,0.5681818181818182,4,0.09090909090909091,0.00018200000340584666
193,21461122,3,suffix,8,16,12,4,0.75,0.25,38,44,-0.06188080979509255,-0.20746322116543753,0.1497064942909445,4,4,80,76,4,169,2.1125,4,0.05,0.0005415000050561503
194,21461123,3,prefix,8,16,12,4,0.75,0.25,38,44,0.05963209188849474,0.017392859536937963,0.37183192471438276,3,3,44,39,5,13,0.29545454545454547,3,0.11363636363636363,0.00016680000408086926
194,21461123,3,suffix,8,16,12,4,0.75,0.25,38,44,0.05963209188849474,0.017392859536937963,0.37183192471438276,3,3,68,63,5,85,1.25,3,0.07352941176470588,0.0003541000041877851
195,21461124,3,prefix,8,16,12,4,0.75,0.25,38,44,-0.10130473612372984,0.2496149903223086,0.27063058462803424,3,3,44,42,2,20,0.45454545454545453,3,0.045454545454545456,0.00017710000975057483
195,21461124,3,suffix,8,16,12,4,0.75,0.25,38,44,-0.10130473612372984,0.2496149903223086,0.27063058462803424,3,3,68,66,2,92,1.3529411764705883,3,0.029411764705882353,0.0003723999980138615
196,21461125,3,prefix,8,16,12,4,0.75,0.25,38,44,-0.12458502891563335,-0.17810777411376386,0.08707820494547927,5,5,44,41,3,26,0.5909090909090909,5,0.06818181818181818,0.0001947999990079552
196,21461125,3,suffix,8,16,12,4,0.75,0.25,38,44,-0.12458502891563335,-0.17810777411376386,0.08707820494547927,5,5,92,89,3,266,2.891304347826087,5,0.03260869565217391,0.0007174999918788671
197,21461126,3,prefix,8,16,12,4,0.75,0.25,38,44,-0.027879247279682728,-0.31285718865282564,-0.10823938456701193,6,6,44,42,2,34,0.7727272727272727,6,0.045454545454545456,0.00019799999427050352
197,21461126,3,suffix,8,16,12,4,0.75,0.25,38,44,-0.027879247279682728,-0.31285718865282564,-0.10823938456701193,6,6,104,102,2,394,3.7884615384615383,6,0.019230769230769232,0.0009500000014668331
198,21461127,3,prefix,8,16,12,4,0.75,0.25,38,44,-0.041592476454892564,0.23649065451316093,0.1558389180852473,6,6,44,43,1,44,1.0,6,0.022727272727272728,0.0002175999979954213
198,21461127,3,suffix,8,16,12,4,0.75,0.25,38,44,-0.041592476454892564,0.23649065451316093,0.1558389180852473,6,6,104,103,1,404,3.8846153846153846,6,0.009615384615384616,0.0009699999936856329
199,21461128,3,prefix,8,16,12,4,0.75,0.25,38,44,0.1725567532625659,0.04279923012038927,-0.052205183046282806,3,3,44,40,4,13,0.29545454545454547,3,0.09090909090909091,0.0001720000000204891
199,21461128,3,suffix,8,16,12,4,0.75,0.25,38,44,0.1725567532625659,0.04279923012038927,-0.052205183046282806,3,3,68,64,4,85,1.25,3,0.058823529411764705,0.0003524999920045957
200,21461129,3,prefix,8,16,12,4,0.75,0.25,38,44,0.22593596598530877,-0.11180875138163895,0.14639434622277173,5,5,44,41,3,27,0.6136363636363636,5,0.06818181818181818,0.00019950000569224358
200,21461129,3,suffix,8,16,12,4,0.75,0.25,38,44,0.22593596598530877,-0.11180875138163895,0.14639434622277173,5,5,92,89,3,267,2.902173913043478,5,0.03260869565217391,0.000724199999240227
201,21461130,3,prefix,8,16,12,4,0.75,0.25,38,44,-0.13585301336351818,0.25852127411586007,-0.05729679328928584,3,3,44,40,4,12,0.2727272727272727,3,0.09090909090909091,0.00016260000120382756
201,21461130,3,suffix,8,16,12,4,0.75,0.25,38,44,-0.13585301336351818,0.25852127411586007,-0.05729679328928584,3,3,68,64,4,84,1.2352941176470589,3,0.058823529411764705,0.00035349999961908907
202,21461131,3,prefix,8,16,12,4,0.75,0.25,38,44,0.08923263312549357,0.0874637288500092,-0.03182184730754513,5,5,44,41,3,31,0.7045454545454546,5,0.06818181818181818,0.0001962000096682459
202,21461131,3,suffix,8,16,12,4,0.75,0.25,38,44,0.08923263312549357,0.0874637288500092,-0.03182184730754513,5,5,92,89,3,271,2.9456521739130435,5,0.03260869565217391,0.0008166999905370176
203,21461132,3,prefix,8,16,12,4,0.75,0.25,38,44,0.22498230160527205,-0.07679597658668265,0.007083658297831396,3,3,44,40,4,14,0.3181818181818182,3,0.09090909090909091,0.00016889999096747488
203,21461132,3,suffix,8,16,12,4,0.75,0.25,38,44,0.22498230160527205,-0.07679597658668265,0.007083658297831396,3,3,68,64,4,86,1.2647058823529411,3,0.058823529411764705,0.00036049999471288174
204,21461133,3,prefix,8,16,12,4,0.75,0.25,38,44,0.08416156327877812,0.1187635558188618,0.14677123295377303,4,4,44,40,4,16,0.36363636363636365,4,0.09090909090909091,0.00017109999316744506
204,21461133,3,suffix,8,16,12,4,0.75,0.25,38,44,0.08416156327877812,0.1187635558188618,0.14677123295377303,4,4,80,76,4,160,2.0,4,0.05,0.0005139999993843958
205,21461134,3,prefix,8,16,12,4,0.75,0.25,38,44,0.03638394717242225,-0.021253191310107236,-0.32564016477241814,5,5,44,41,3,24,0.5454545454545454,5,0.06818181818181818,0.00018370000179857016
205,21461134,3,suffix,8,16,12,4,0.75,0.25,38,44,0.03638394717242225,-0.021253191310107236,-0.32564016477241814,5,5,92,89,3,264,2.869565217391304,5,0.03260869565217391,0.0007149000011850148
206,21461135,3,prefix,8,16,12,4,0.75,0.25,38,44,-0.033200908045561334,-0.27945745698327046,0.101296412513261,2,2,44,38,6,11,0.25,2,0.13636363636363635,0.00016419999883510172
206,21461135,3,suffix,8,16,12,4,0.75,0.25,38,44,-0.033200908045561334,-0.27945745698327046,0.101296412513261,2,2,56,50,6,35,0.625,2,0.10714285714285714,0.00023380000493489206
207,21461136,3,prefix,8,16,12,4,0.75,0.25,38,44,0.11182994223924171,0.12289373300947068,-0.009333457203574395,3,3,44,39,5,11,0.25,3,0.11363636363636363,0.00015940000594127923
207,21461136,3,suffix,8,16,12,4,0.75,0.25,38,44,0.11182994223924171,0.12289373300947068,-0.009333457203574395,3,3,68,63,5,83,1.2205882352941178,3,0.07352941176470588,0.00034779999987222254
208,21461137,3,prefix,8,16,12,4,0.75,0.25,38,44,-0.025192729103450225,0.2636075406317878,0.04847241482683169,7,7,44,43,1,47,1.0681818181818181,7,0.022727272727272728,0.00022309999621938914
208,21461137,3,suffix,8,16,12,4,0.75,0.25,38,44,-0.025192729103450225,0.2636075406317878,0.04847241482683169,7,7,116,115,1,551,4.75,7,0.008620689655172414,0.001254299990250729
209,21461138,3,prefix,8,16,12,4,0.75,0.25,38,44,-0.04092766375548475,-0.011343335689543581,-0.1796909723655979,5,5,44,41,3,23,0.5227272727272727,5,0.06818181818181818,0.00018039999122265726
209,21461138,3,suffix,8,16,12,4,0.75,0.25,38,44,-0.04092766375548475,-0.011343335689543581,-0.1796909723655979,5,5,92,89,3,263,2.858695652173913,5,0.03260869565217391,0.0007078999915393069
210,21461139,3,prefix,8,16,12,4,0.75,0.25,38,44,-0.10824247724186019,0.2561870618329634,0.39220894583123433,3,3,44,41,3,13,0.29545454545454547,3,0.06818181818181818,0.00017189999925903976
210,21461139,3,suffix,8,16,12,4,0.75,0.25,38,44,-0.10824247724186019,0.2561870618329634,0.39220894583123433,3,3,68,65,3,85,1.25,3,0.04411764705882353,0.0003515999997034669
211,21461140,3,prefix,8,16,12,4,0.75,0.25,38,44,0.16372581267227757,-0.07548767225328055,-0.16007159488285277,6,6,44,42,2,35,0.7954545454545454,6,0.045454545454545456,0.00020090000180061907
211,21461140,3,suffix,8,16,12,4,0.75,0.25,38,44,0.16372581267227757,-0.07548767225328055,-0.16007159488285277,6,6,104,102,2,395,3.798076923076923,6,0.019230769230769232,0.000996799994027242
212,21461141,3,prefix,8,16,12,4,0.75,0.25,38,44,-0.08640558173467905,-0.08506412740993273,0.04337587924226569,3,3,44,41,3,21,0.4772727272727273,3,0.06818181818181818,0.00018220000492874533
212,21461141,3,suffix,8,16,12,4,0.75,0.25,38,44,-0.08640558173467905,-0.08506412740993273,0.04337587924226569,3,3,68,65,3,93,1.3676470588235294,3,0.04411764705882353,0.00036729998828377575
213,21461142,3,prefix,8,16,12,4,0.75,0.25,38,44,0.4198654004507967,-0.1883338410468549,-0.03778707511373803,5,5,44,41,3,28,0.6363636363636364,5,0.06818181818181818,0.00018840000848285854
213,21461142,3,suffix,8,16,12,4,0.75,0.25,38,44,0.4198654004507967,-0.1883338410468549,-0.03778707511373803,5,5,92,89,3,268,2.9130434782608696,5,0.03260869565217391,0.0007249999907799065
214,21461143,3,prefix,8,16,12,4,0.75,0.25,38,44,-0.10975590206557674,0.23458276008536344,0.005507345795174949,2,2,44,39,5,9,0.20454545454545456,2,0.11363636363636363,0.00016090000281110406
214,21461143,3,suffix,8,16,12,4,0.75,0.25,38,44,-0.10975590206557674,0.23458276008536344,0.005507345795174949,2,2,56,51,5,33,0.5892857142857143,2,0.08928571428571429,0.00022999999055173248
215,21461144,3,prefix,8,16,12,4,0.75,0.25,38,44,-0.1582105824712091,0.11964102039187748,0.003051333051560503,3,3,44,39,5,15,0.3409090909090909,3,0.11363636363636363,0.00017050000315066427
215,21461144,3,suffix,8,16,12,4,0.75,0.25,38,44,-0.1582105824712091,0.11964102039187748,0.003051333051560503,3,3,68,63,5,87,1.2794117647058822,3,0.07352941176470588,0.0003530999965732917
216,21461145,3,prefix,8,16,12,4,0.75,0.25,38,44,-0.15951863715782308,-0.10954944028476168,0.14569005310729918,5,5,44,43,1,36,0.8181818181818182,5,0.022727272727272728,0.00020739999308716506
216,21461145,3,suffix,8,16,12,4,0.75,0.25,38,44,-0.15951863715782308,-0.10954944028476168,0.14569005310729918,5,5,92,91,1,276,3.0,5,0.010869565217391304,0.0007452999998349696
217,21461146,3,prefix,8,16,12,4,0.75,0.25,38,44,0.0325411529612921,0.2300172183871826,0.15038349050099173,3,3,44,40,4,12,0.2727272727272727,3,0.09090909090909091,0.0001638999965507537
217,21461146,3,suffix,8,16,12,4,0.75,0.25,38,44,0.0325411529612921,0.2300172183871826,0.15038349050099173,3,3,68,64,4,84,1.2352941176470589,3,0.058823529411764705,0.0004571000026771799
218,21461147,3,prefix,8,16,12,4,0.75,0.25,38,44,-0.07057646026304903,-0.09715009108017579,-0.09858025747783587,5,5,44,41,3,29,0.6590909090909091,5,0.06818181818181818,0.00021220000053290278
218,21461147,3,suffix,8,16,12,4,0.75,0.25,38,44,-0.07057646026304903,-0.09715009108017579,-0.09858025747783587,5,5,92,89,3,269,2.9239130434782608,5,0.03260869565217391,0.0007209000032162294
219,21461148,3,prefix,8,16,12,4,0.75,0.25,38,44,-0.0476374758822586,0.14491666716853766,0.009251779991185548,2,2,44,38,6,11,0.25,2,0.13636363636363635,0.00016900000628083944
219,21461148,3,suffix,8,16,12,4,0.75,0.25,38,44,-0.0476374758822586,0.14491666716853766,0.009251779991185548,2,2,56,50,6,35,0.625,2,0.10714285714285714,0.00023540000256616622
220,21461149,3,prefix,8,16,12,4,0.75,0.25,38,44,-0.03566226081141083,0.01527337747248449,-0.0645971128036453,1,1,44,38,6,8,0.18181818181818182,1,0.13636363636363635,0.0001576999929966405
220,21461149,3,suffix,8,16,12,4,0.75,0.25,38,44,-0.03566226081141083,0.01527337747248449,-0.0645971128036453,1,1,44,38,6,8,0.18181818181818182,1,0.13636363636363635,0.00015150000399444252
221,21461150,3,prefix,8,16,12,4,0.75,0.25,38,44,0.0582153928002188,0.027102197584555544,0.06685011823709033,5,5,44,41,3,25,0.5681818181818182,5,0.06818181818181818,0.00018360000103712082
221,21461150,3,suffix,8,16,12,4,0.75,0.25,38,44,0.0582153928002188,0.027102197584555544,0.06685011823709033,5,5,92,89,3,265,2.880434782608696,5,0.03260869565217391,0.0007188000017777085
222,21461151,3,prefix,8,16,12,4,0.75,0.25,38,44,-0.12349424215418965,-0.13365634961851258,0.113009164332037,3,3,44,39,5,18,0.4090909090909091,3,0.11363636363636363,0.00017329999536741525
222,21461151,3,suffix,8,16,12,4,0.75,0.25,38,44,-0.12349424215418965,-0.13365634961851258,0.113009164332037,3,3,68,63,5,90,1.3235294117647058,3,0.07352941176470588,0.00035760000173468143
223,21461152,3,prefix,8,16,12,4,0.75,0.25,38,44,0.20864943098324437,0.19878833949834712,0.1385766978415914,4,4,44,40,4,21,0.4772727272727273,4,0.09090909090909091,0.00017680000746622682
223,21461152,3,suffix,8,16,12,4,0.75,0.25,38,44,0.20864943098324437,0.19878833949834712,0.1385766978415914,4,4,80,76,4,165,2.0625,4,0.05,0.0005188000068301335
224,21461153,3,prefix,8,16,12,4,0.75,0.25,38,44,0.12925264443506498,0.16323095017292502,0.32215708658624254,2,2,44,38,6,10,0.22727272727272727,2,0.13636363636363635,0.0001714999962132424
224,21461153,3,suffix,8,16,12,4,0.75,0.25,38,44,0.12925264443506498,0.16323095017292502,0.32215708658624254,2,2,56,50,6,34,0.6071428571428571,2,0.10714285714285714,0.00023639999562874436
225,21461154,3,prefix,8,16,12,4,0.75,0.25,38,44,-0.05996951938018625,0.13034431467559648,0.17198670284271894,3,3,44,39,5,11,0.25,3,0.11363636363636363,0.0001615999935893342
225,21461154,3,suffix,8,16,12,4,0.75,0.25,38,44,-0.05996951938018625,0.13034431467559648,0.17198670284271894,3,3,68,63,5,83,1.2205882352941178,3,0.07352941176470588,0.0003521000035107136
226,21461155,3,prefix,8,16,12,4,0.75,0.25,38,44,0.0653294772120115,-0.18206348307999232,-0.2955890241952802,7,7,44,43,1,44,1.0,7,0.022727272727272728,0.00022159999934956431
226,21461155,3,suffix,8,16,12,4,0.75,0.25,38,44,0.0653294772120115,-0.18206348307999232,-0.2955890241952802,7,7,116,115,1,548,4.724137931034483,7,0.008620689655172414,0.0012553000124171376
227,21461156,3,prefix,8,16,12,4,0.75,0.25,38,44,0.1044842325140078,-0.18249894071655812,-0.03214550232348083,5,5,44,41,3,33,0.75,5,0.06818181818181818,0.0001967999996850267
227,21461156,3,suffix,8,16,12,4,0.75,0.25,38,44,0.1044842325140078,-0.18249894071655812,-0.03214550232348083,5,5,92,89,3,273,2.967391304347826,5,0.03260869565217391,0.000726399986888282
228,21461157,3,prefix,8,16,12,4,0.75,0.25,38,44,0.22761425920438885,0.11296115360261734,0.08826306296250587,6,6,44,42,2,32,0.7272727272727273,6,0.045454545454545456,0.00019869999960064888
228,21461157,3,suffix,8,16,12,4,0.75,0.25,38,44,0.22761425920438885,0.11296115360261734,0.08826306296250587,6,6,104,102,2,392,3.769230769230769,6,0.019230769230769232,0.0009654999885242432
229,21461158,3,prefix,8,16,12,4,0.75,0.25,38,44,0.05445773443633362,0.19110156774261639,-0.1670528505586331,4,4,44,40,4,18,0.4090909090909091,4,0.09090909090909091,0.0001790999958757311
229,21461158,3,suffix,8,16,12,4,0.75,0.25,38,44,0.05445773443633362,0.19110156774261639,-0.1670528505586331,4,4,80,76,4,162,2.025,4,0.05,0.0005110000056447461
230,21461159,3,prefix,8,16,12,4,0.75,0.25,38,44,-0.10750878767088022,-0.10912483956167726,0.035485309923805254,6,6,44,42,2,33,0.75,6,0.045454545454545456,0.00020119998953305185
230,21461159,3,suffix,8,16,12,4,0.75,0.25,38,44,-0.10750878767088022,-0.10912483956167726,0.035485309923805254,6,6,104,102,2,393,3.7788461538461537,6,0.019230769230769232,0.0009583000064594671
231,21461160,3,prefix,8,16,12,4,0.75,0.25,38,44,-0.16385353053128832,0.03620852651370852,0.09918506067895123,3,3,44,40,4,13,0.29545454545454547,3,0.09090909090909091,0.00016830000095069408
231,21461160,3,suffix,8,16,12,4,0.75,0.25,38,44,-0.16385353053128832,0.03620852651370852,0.09918506067895123,3,3,68,64,4,85,1.25,3,0.058823529411764705,0.00035539999953471124
232,21461161,3,prefix,8,16,12,4,0.75,0.25,38,44,0.075370811658116,0.11011041730674963,0.029451955090159413,6,6,44,42,2,32,0.7272727272727273,6,0.045454545454545456,0.00019940000493079424
232,21461161,3,suffix,8,16,12,4,0.75,0.25,38,44,0.075370811658116,0.11011041730674963,0.029451955090159413,6,6,104,102,2,392,3.769230769230769,6,0.019230769230769232,0.0009707999997772276
233,21461162,3,prefix,8,16,12,4,0.75,0.25,38,44,-0.014375669339309491,-0.1621947675481533,0.13786869232186827,5,5,44,41,3,23,0.5227272727272727,5,0.06818181818181818,0.00018089999502990395
233,21461162,3,suffix,8,16,12,4,0.75,0.25,38,44,-0.014375669339309491,-0.1621947675481533,0.13786869232186827,5,5,92,89,3,263,2.858695652173913,5,0.03260869565217391,0.0007140999950934201
234,21461163,3,prefix,8,16,12,4,0.75,0.25,38,44,0.10705616060758998,-0.043795131040058895,-0.25815130292022764,6,6,44,42,2,36,0.8181818181818182,6,0.045454545454545456,0.0002043999993475154
234,21461163,3,suffix,8,16,12,4,0.75,0.25,38,44,0.10705616060758998,-0.043795131040058895,-0.25815130292022764,6,6,104,102,2,396,3.8076923076923075,6,0.019230769230769232,0.000956700008828193
235,21461164,3,prefix,8,16,12,4,0.75,0.25,38,44,-0.2847543710985592,-0.06759422295690727,0.1824807932172246,2,2,44,40,4,18,0.4090909090909091,2,0.09090909090909091,0.0001720000000204891
235,21461164,3,suffix,8,16,12,4,0.75,0.25,38,44,-0.2847543710985592,-0.06759422295690727,0.1824807932172246,2,2,56,52,4,42,0.75,2,0.07142857142857142,0.00030169999809004366
236,21461165,3,prefix,8,16,12,4,0.75,0.25,38,44,0.04941216524636922,0.17845077951636162,0.026206031432217277,5,5,44,42,2,24,0.5454545454545454,5,0.045454545454545456,0.00020049999875482172
236,21461165,3,suffix,8,16,12,4,0.75,0.25,38,44,0.04941216524636922,0.17845077951636162,0.026206031432217277,5,5,92,90,2,264,2.869565217391304,5,0.021739130434782608,0.0007681999995838851
237,21461166,3,prefix,8,16,12,4,0.75,0.25,38,44,0.16187759797502627,-0.13973135069742418,0.1251354942655368,5,5,44,42,2,30,0.6818181818181818,5,0.045454545454545456,0.00019720000273082405
237,21461166,3,suffix,8,16,12,4,0.75,0.25,38,44,0.16187759797502627,-0.13973135069742418,0.1251354942655368,5,5,92,90,2,270,2.9347826086956523,5,0.021739130434782608,0.0007302000012714416
238,21461167,3,prefix,8,16,12,4,0.75,0.25,38,44,-0.16903017026856157,0.15537677332262703,-0.13015108416619456,6,6,44,42,2,32,0.7272727272727273,6,0.045454545454545456,0.0001979000080609694
238,21461167,3,suffix,8,16,12,4,0.75,0.25,38,44,-0.16903017026856157,0.15537677332262703,-0.13015108416619456,6,6,104,102,2,392,3.769230769230769,6,0.019230769230769232,0.000944799990975298
239,21461168,3,prefix,8,16,12,4,0.75,0.25,38,44,-0.03645085363636826,-0.11673005490255049,-0.12315720218627721,6,6,44,43,1,44,1.0,6,0.022727272727272728,0.00021660000493284315
239,21461168,3,suffix,8,16,12,4,0.75,0.25,38,44,-0.03645085363636826,-0.11673005490255049,-0.12315720218627721,6,6,104,103,1,404,3.8846153846153846,6,0.009615384615384616,0.0009697000059532002
240,21461169,3,prefix,8,16,12,4,0.75,0.25,38,44,0.01925641679246934,0.11734923760661993,-0.018954642643525636,6,6,44,43,1,33,0.75,6,0.022727272727272728,0.00020160000713076442
240,21461169,3,suffix,8,16,12,4,0.75,0.25,38,44,0.01925641679246934,0.11734923760661993,-0.018954642643525636,6,6,104,103,1,393,3.7788461538461537,6,0.009615384615384616,0.0009575000003678724
241,21461170,3,prefix,8,16,12,4,0.75,0.25,38,44,-0.08610150460318437,-0.1257549629832382,0.10049693059422664,5,5,44,41,3,27,0.6136363636363636,5,0.06818181818181818,0.00018799999088514596
241,21461170,3,suffix,8,16,12,4,0.75,0.25,38,44,-0.08610150460318437,-0.1257549629832382,0.10049693059422664,5,5,92,89,3,267,2.902173913043478,5,0.03260869565217391,0.000715299989678897
242,21461171,3,prefix,8,16,12,4,0.75,0.25,38,44,-0.2958870981488075,0.00038701790026616877,-0.06889821763273975,5,5,44,41,3,25,0.5681818181818182,5,0.06818181818181818,0.00018570000247564167
242,21461171,3,suffix,8,16,12,4,0.75,0.25,38,44,-0.2958870981488075,0.00038701790026616877,-0.06889821763273975,5,5,92,89,3,265,2.880434782608696,5,0.03260869565217391,0.0007173000049078837
243,21461172,3,prefix,8,16,12,4,0.75,0.25,38,44,-0.06057798549651262,-0.06923153569942192,0.18482435118347218,5,5,44,41,3,24,0.5454545454545454,5,0.06818181818181818,0.00018190000264439732
243,21461172,3,suffix,8,16,12,4,0.75,0.25,38,44,-0.06057798549651262,-0.06923153569942192,0.18482435118347218,5,5,92,89,3,264,2.869565217391304,5,0.03260869565217391,0.0007356999994954094
244,21461173,3,prefix,8,16,12,4,0.75,0.25,38,44,-0.05824911359904668,-0.10869756629471196,0.13806507010531882,3,3,44,39,5,17,0.38636363636363635,3,0.11363636363636363,0.00017440000374335796
244,21461173,3,suffix,8,16,12,4,0.75,0.25,38,44,-0.05824911359904668,-0.10869756629471196,0.13806507010531882,3,3,68,63,5,89,1.3088235294117647,3,0.07352941176470588,0.00035709999792743474
245,21461174,3,prefix,8,16,12,4,0.75,0.25,38,44,0.2536203106673167,0.1723272713997585,0.00554009584020166,6,6,44,42,2,35,0.7954545454545454,6,0.045454545454545456,0.00020199999562464654
245,21461174,3,suffix,8,16,12,4,0.75,0.25,38,44,0.2536203106673167,0.1723272713997585,0.00554009584020166,6,6,104,102,2,395,3.798076923076923,6,0.019230769230769232,0.0009846000029938295
246,21461175,3,prefix,8,16,12,4,0.75,0.25,38,44,-0.11244446703722931,-0.02700198124835543,0.050935235980054915,6,6,44,42,2,35,0.7954545454545454,6,0.045454545454545456,0.00020209999638609588
246,21461175,3,suffix,8,16,12,4,0.75,0.25,38,44,-0.11244446703722931,-0.02700198124835543,0.050935235980054915,6,6,104,102,2,395,3.798076923076923,6,0.019230769230769232,0.0009760999964782968
247,21461176,3,prefix,8,16,12,4,0.75,0.25,38,44,-0.2634724029826851,-0.15676273593605813,-0.2721101063654988,5,5,44,41,3,25,0.5681818181818182,5,0.06818181818181818,0.00018400000408291817
247,21461176,3,suffix,8,16,12,4,0.75,0.25,38,44,-0.2634724029826851,-0.15676273593605813,-0.2721101063654988,5,5,92,89,3,265,2.880434782608696,5,0.03260869565217391,0.0007222999993246049
248,21461177,3,prefix,8,16,12,4,0.75,0.25,38,44,-0.03435841955994601,0.18453765273884012,-0.1851402926162017,5,5,44,41,3,23,0.5227272727272727,5,0.06818181818181818,0.00018390000332146883
248,21461177,3,suffix,8,16,12,4,0.75,0.25,38,44,-0.03435841955994601,0.18453765273884012,-0.1851402926162017,5,5,92,89,3,263,2.858695652173913,5,0.03260869565217391,0.0007074000022839755
249,21461178,3,prefix,8,16,12,4,0.75,0.25,38,44,-0.07684496152671268,-0.06743328088413758,0.1117323956052155,6,6,44,42,2,34,0.7727272727272727,6,0.045454545454545456,0.00020170000789221376
249,21461178,3,suffix,8,16,12,4,0.75,0.25,38,44,-0.07684496152671268,-0.06743328088413758,0.1117323956052155,6,6,104,102,2,394,3.7884615384615383,6,0.019230769230769232,0.0009508999937679619
250,21461179,3,prefix,8,16,12,4,0.75,0.25,38,44,-0.32797190002801513,0.11069053797744251,0.19064947523443282,2,2,44,38,6,12,0.2727272727272727,2,0.13636363636363635,0.00025409999943803996
250,21461179,3,suffix,8,16,12,4,0.75,0.25,38,44,-0.32797190002801513,0.11069053797744251,0.19064947523443282,2,2,56,50,6,36,0.6428571428571429,2,0.10714285714285714,0.0003200999926775694
251,21461180,3,prefix,8,16,12,4,0.75,0.25,38,44,-0.4218096881534171,0.006426537903770143,-0.08285448485784716,3,3,44,42,2,26,0.5909090909090909,3,0.045454545454545456,0.00019320000137668103
251,21461180,3,suffix,8,16,12,4,0.75,0.25,38,44,-0.4218096881534171,0.006426537903770143,-0.08285448485784716,3,3,68,66,2,98,1.4411764705882353,3,0.029411764705882353,0.0003741999971680343
252,21461181,3,prefix,8,16,12,4,0.75,0.25,38,44,-0.17797471093095302,-0.13330143901946764,0.15250709776798207,3,3,44,39,5,11,0.25,3,0.11363636363636363,0.00016239999968092889
252,21461181,3,suffix,8,16,12,4,0.75,0.25,38,44,-0.17797471093095302,-0.13330143901946764,0.15250709776798207,3,3,68,63,5,83,1.2205882352941178,3,0.07352941176470588,0.00036109999928157777
253,21461182,3,prefix,8,16,12,4,0.75,0.25,38,44,0.09813238353408744,0.11811293882214474,0.10850974384585486,3,3,44,39,5,15,0.3409090909090909,3,0.11363636363636363,0.00016570001025684178
253,21461182,3,suffix,8,16,12,4,0.75,0.25,38,44,0.09813238353408744,0.11811293882214474,0.10850974384585486,3,3,68,63,5,87,1.2794117647058822,3,0.07352941176470588,0.00035679999564308673
254,21461183,3,prefix,8,16,12,4,0.75,0.25,38,44,0.33799420497727656,-0.05799787769237711,0.0012756038618792608,6,6,44,43,1,36,0.8181818181818182,6,0.022727272727272728,0.00020480000239331275
254,21461183,3,suffix,8,16,12,4,0.75,0.25,38,44,0.33799420497727656,-0.05799787769237711,0.0012756038618792608,6,6,104,103,1,396,3.8076923076923075,6,0.009615384615384616,0.0010165999992750585
255,21461184,3,prefix,8,16,12,4,0.75,0.25,38,44,0.015185670195895748,-0.01949362288259787,0.16452663889187397,3,3,44,40,4,18,0.4090909090909091,3,0.09090909090909091,0.00017179999849759042
255,21461184,3,suffix,8,16,12,4,0.75,0.25,38,44,0.015185670195895748,-0.01949362288259787,0.16452663889187397,3,3,68,64,4,90,1.3235294117647058,3,0.058823529411764705,0.0003577999887056649
256,21461185,3,prefix,8,16,12,4,0.75,0.25,38,44,0.018146055795361188,0.05569443751374818,0.047628897425152035,6,6,44,42,2,41,0.9318181818181818,6,0.045454545454545456,0.0002125999890267849
256,21461185,3,suffix,8,16,12,4,0.75,0.25,38,44,0.018146055795361188,0.05569443751374818,0.047628897425152035,6,6,104,102,2,401,3.855769230769231,6,0.019230769230769232,0.0009728000004542992
257,21461186,3,prefix,8,16,12,4,0.75,0.25,38,44,-0.1434560135079038,0.06601397880221517,0.052730160812474794,1,1,44,38,6,8,0.18181818181818182,1,0.13636363636363635,0.00033120000443886966
257,21461186,3,suffix,8,16,12,4,0.75,0.25,38,44,-0.1434560135079038,0.06601397880221517,0.052730160812474794,1,1,44,38,6,8,0.18181818181818182,1,0.13636363636363635,0.00015870000061113387
258,21461187,3,prefix,8,16,12,4,0.75,0.25,38,44,-0.36756088467545434,0.055422613039242105,-0.04948570513460286,6,6,44,43,1,43,0.9772727272727273,6,0.022727272727272728,0.0002226999931735918
258,21461187,3,suffix,8,16,12,4,0.75,0.25,38,44,-0.36756088467545434,0.055422613039242105,-0.04948570513460286,6,6,104,103,1,403,3.875,6,0.009615384615384616,0.0009868000051937997
259,21461188,3,prefix,8,16,12,4,0.75,0.25,38,44,-0.006052676011856267,-0.2456416469933326,0.008929374342447798,4,4,44,40,4,19,0.4318181818181818,4,0.09090909090909091,0.00018199998885393143
259,21461188,3,suffix,8,16,12,4,0.75,0.25,38,44,-0.006052676011856267,-0.2456416469933326,0.008929374342447798,4,4,80,76,4,163,2.0375,4,0.05,0.000521400012075901
260,21461189,3,prefix,8,16,12,4,0.75,0.25,38,44,-0.11612703595965178,0.21271821112086461,-0.12697690884332866,3,3,44,40,4,12,0.2727272727272727,3,0.09090909090909091,0.00016710000636521727
260,21461189,3,suffix,8,16,12,4,0.75,0.25,38,44,-0.11612703595965178,0.21271821112086461,-0.12697690884332866,3,3,68,64,4,84,1.2352941176470589,3,0.058823529411764705,0.00035119999665766954
261,21461190,3,prefix,8,16,12,4,0.75,0.25,38,44,0.10749263304945314,0.009277244232951877,-0.10399518337087915,6,6,44,42,2,34,0.7727272727272727,6,0.045454545454545456,0.0002089000045089051
261,21461190,3,suffix,8,16,12,4,0.75,0.25,38,44,0.10749263304945314,0.009277244232951877,-0.10399518337087915,6,6,104,102,2,394,3.7884615384615383,6,0.019230769230769232,0.000957000011112541
262,21461191,3,prefix,8,16,12,4,0.75,0.25,38,44,-0.19794271151949558,-0.06624488329613534,0.1779391381374069,5,5,44,41,3,23,0.5227272727272727,5,0.06818181818181818,0.00019010000687558204
262,21461191,3,suffix,8,16,12,4,0.75,0.25,38,44,-0.19794271151949558,-0.06624488329613534,0.1779391381374069,5,5,92,89,3,263,2.858695652173913,5,0.03260869565217391,0.0007311999943340197
263,21461192,3,prefix,8,16,12,4,0.75,0.25,38,44,0.07344311561571619,0.0058240063961497324,-0.057444416840678414,5,5,44,41,3,27,0.6136363636363636,5,0.06818181818181818,0.00019920000340789557
263,21461192,3,suffix,8,16,12,4,0.75,0.25,38,44,0.07344311561571619,0.0058240063961497324,-0.057444416840678414,5,5,92,89,3,267,2.902173913043478,5,0.03260869565217391,0.0007429999968735501
264,21461193,3,prefix,8,16,12,4,0.75,0.25,38,44,0.09251314757539272,0.1323313948781502,0.05256706386124687,4,4,44,40,4,16,0.36363636363636365,4,0.09090909090909091,0.00017810000281315297
264,21461193,3,suffix,8,16,12,4,0.75,0.25,38,44,0.09251314757539272,0.1323313948781502,0.05256706386124687,4,4,80,76,4,160,2.0,4,0.05,0.0005098999972688034
265,21461194,3,prefix,8,16,12,4,0.75,0.25,38,44,0.12993364696852394,0.13773202163252413,-0.16632255421745787,2,2,44,38,6,8,0.18181818181818182,2,0.13636363636363635,0.00015920000441838056
265,21461194,3,suffix,8,16,12,4,0.75,0.25,38,44,0.12993364696852394,0.13773202163252413,-0.16632255421745787,2,2,56,50,6,32,0.5714285714285714,2,0.10714285714285714,0.00023389999114442617
266,21461195,3,prefix,8,16,12,4,0.75,0.25,38,44,0.24402216047829972,-0.11364062613687874,0.1666471722529984,3,3,44,43,1,21,0.4772727272727273,3,0.022727272727272728,0.00018529999942984432
266,21461195,3,suffix,8,16,12,4,0.75,0.25,38,44,0.24402216047829972,-0.11364062613687874,0.1666471722529984,3,3,68,67,1,93,1.3676470588235294,3,0.014705882352941176,0.0003659999929368496
267,21461196,3,prefix,8,16,12,4,0.75,0.25,38,44,0.16829181102818436,0.00588940664090387,0.2266384515929818,8,8,44,44,0,56,1.2727272727272727,8,0.0,0.00023749998945277184
267,21461196,3,suffix,8,16,12,4,0.75,0.25,38,44,0.16829181102818436,0.00588940664090387,0.2266384515929818,8,8,128,128,0,728,5.6875,8,0.0,0.0016382999892812222
268,21461197,3,prefix,8,16,12,4,0.75,0.25,38,44,-0.15979205376519792,0.14602111903709428,-0.1064799736515321,4,4,44,41,3,22,0.5,4,0.06818181818181818,0.00018470000941306353
268,21461197,3,suffix,8,16,12,4,0.75,0.25,38,44,-0.15979205376519792,0.14602111903709428,-0.1064799736515321,4,4,80,77,3,166,2.075,4,0.0375,0.0005241000035312027
269,21461198,3,prefix,8,16,12,4,0.75,0.25,38,44,0.13793255656283562,-0.13552633669507633,-0.2240175564291253,5,5,44,42,2,27,0.6136363636363636,5,0.045454545454545456,0.00018859999545384198
269,21461198,3,suffix,8,16,12,4,0.75,0.25,38,44,0.13793255656283562,-0.13552633669507633,-0.2240175564291253,5,5,92,90,2,267,2.902173913043478,5,0.021739130434782608,0.0007182999979704618
270,21461199,3,prefix,8,16,12,4,0.75,0.25,38,44,0.06811659982472029,-0.23459114553622115,-0.18997965024095614,6,6,44,42,2,37,0.8409090909090909,6,0.045454545454545456,0.0002128999913111329
270,21461199,3,suffix,8,16,12,4,0.75,0.25,38,44,0.06811659982472029,-0.23459114553622115,-0.18997965024095614,6,6,104,102,2,397,3.8173076923076925,6,0.019230769230769232,0.0009608999971533194
271,21461200,3,prefix,8,16,12,4,0.75,0.25,38,44,-0.35382373332506856,-0.016693537428461285,0.29643360476792746,3,3,44,41,3,17,0.38636363636363635,3,0.06818181818181818,0.00017610000213608146
271,21461200,3,suffix,8,16,12,4,0.75,0.25,38,44,-0.35382373332506856,-0.016693537428461285,0.29643360476792746,3,3,68,65,3,89,1.3088235294117647,3,0.04411764705882353,0.00036810000892728567
272,21461201,3,prefix,8,16,12,4,0.75,0.25,38,44,0.08579252870376684,0.1839854109427761,-0.033509519736427795,3,3,44,40,4,14,0.3181818181818182,3,0.09090909090909091,0.00018119999731425196
272,21461201,3,suffix,8,16,12,4,0.75,0.25,38,44,0.08579252870376684,0.1839854109427761,-0.033509519736427795,3,3,68,64,4,86,1.2647058823529411,3,0.058823529411764705,0.00035659999412018806
273,21461202,3,prefix,8,16,12,4,0.75,0.25,38,44,-0.04851381595817482,0.08460972575889436,0.05543771208216112,7,7,44,43,1,46,1.0454545454545454,7,0.022727272727272728,0.0002339000056963414
273,21461202,3,suffix,8,16,12,4,0.75,0.25,38,44,-0.04851381595817482,0.08460972575889436,0.05543771208216112,7,7,116,115,1,550,4.741379310344827,7,0.008620689655172414,0.0012587000092025846
274,21461203,3,prefix,8,16,12,4,0.75,0.25,38,44,-0.18250969787503943,-0.15424213165252487,-0.08542818636419089,8,8,44,44,0,56,1.2727272727272727,8,0.0,0.00024249999842140824
274,21461203,3,suffix,8,16,12,4,0.75,0.25,38,44,-0.18250969787503943,-0.15424213165252487,-0.08542818636419089,8,8,128,128,0,728,5.6875,8,0.0,0.0015464000025531277
275,21461204,3,prefix,8,16,12,4,0.75,0.25,38,44,0.17417468189120852,0.1904505617841815,0.08119647880525285,5,5,44,41,3,23,0.5227272727272727,5,0.06818181818181818,0.00018100001034326851
275,21461204,3,suffix,8,16,12,4,0.75,0.25,38,44,0.17417468189120852,0.1904505617841815,0.08119647880525285,5,5,92,89,3,263,2.858695652173913,5,0.03260869565217391,0.0007065999961923808
276,21461205,3,prefix,8,16,12,4,0.75,0.25,38,44,-0.08632221519564667,0.014818568619861729,-0.09488188445649087,4,4,44,40,4,28,0.6363636363636364,4,0.09090909090909091,0.0001905000099213794
276,21461205,3,suffix,8,16,12,4,0.75,0.25,38,44,-0.08632221519564667,0.014818568619861729,-0.09488188445649087,4,4,80,76,4,172,2.15,4,0.05,0.0005273999995552003
277,21461206,3,prefix,8,16,12,4,0.75,0.25,38,44,-0.09192770520498542,0.0766086195605292,0.159804287704571,4,4,44,41,3,18,0.4090909090909091,4,0.06818181818181818,0.00017220000154338777
277,21461206,3,suffix,8,16,12,4,0.75,0.25,38,44,-0.09192770520498542,0.0766086195605292,0.159804287704571,4,4,80,77,3,162,2.025,4,0.0375,0.0005157999985385686
278,21461207,3,prefix,8,16,12,4,0.75,0.25,38,44,-0.011902593948227022,0.17264472035659253,-0.07550044976353015,6,6,44,42,2,33,0.75,6,0.045454545454545456,0.00020309998944867402
278,21461207,3,suffix,8,16,12,4,0.75,0.25,38,44,-0.011902593948227022,0.17264472035659253,-0.07550044976353015,6,6,104,102,2,393,3.7788461538461537,6,0.019230769230769232,0.0009628000116208568
279,21461208,3,prefix,8,16,12,4,0.75,0.25,38,44,0.1522223033451492,-0.022267776401192676,-0.10454108384830216,4,4,44,40,4,16,0.36363636363636365,4,0.09090909090909091,0.00016889999096747488
279,21461208,3,suffix,8,16,12,4,0.75,0.25,38,44,0.1522223033451492,-0.022267776401192676,-0.10454108384830216,4,4,80,76,4,160,2.0,4,0.05,0.0005099999980302528
280,21461209,3,prefix,8,16,12,4,0.75,0.25,38,44,-0.09723383723455943,-0.02751263777565696,0.38911520536484956,4,4,44,41,3,29,0.6590909090909091,4,0.06818181818181818,0.00019350000366102904
280,21461209,3,suffix,8,16,12,4,0.75,0.25,38,44,-0.09723383723455943,-0.02751263777565696,0.38911520536484956,4,4,80,77,3,173,2.1625,4,0.0375,0.0005390000005718321
281,21461210,3,prefix,8,16,12,4,0.75,0.25,38,44,0.09585135095318555,-0.2584321138473194,0.01739148811842089,5,5,44,41,3,28,0.6363636363636364,5,0.06818181818181818,0.00019410000822972506
281,21461210,3,suffix,8,16,12,4,0.75,0.25,38,44,0.09585135095318555,-0.2584321138473194,0.01739148811842089,5,5,92,89,3,268,2.9130434782608696,5,0.03260869565217391,0.000714999987394549
282,21461211,3,prefix,8,16,12,4,0.75,0.25,38,44,-0.09472911801277725,-0.16218492135363438,-0.11832251524244175,5,5,44,41,3,25,0.5681818181818182,5,0.06818181818181818,0.000185500000952743
282,21461211,3,suffix,8,16,12,4,0.75,0.25,38,44,-0.09472911801277725,-0.16218492135363438,-0.11832251524244175,5,5,92,89,3,265,2.880434782608696,5,0.03260869565217391,0.0007151999889174476
283,21461212,3,prefix,8,16,12,4,0.75,0.25,38,44,0.21163148497139053,0.06022155584232049,0.05791436316396496,6,6,44,42,2,32,0.7272727272727273,6,0.045454545454545456,0.00019859999883919954
283,21461212,3,suffix,8,16,12,4,0.75,0.25,38,44,0.21163148497139053,0.06022155584232049,0.05791436316396496,6,6,104,102,2,392,3.769230769230769,6,0.019230769230769232,0.0009582999919075519
284,21461213,3,prefix,8,16,12,4,0.75,0.25,38,44,-0.038975761140074665,-0.11523443866977097,-0.2611171496848942,3,3,44,40,4,15,0.3409090909090909,3,0.09090909090909091,0.00017010000010486692
284,21461213,3,suffix,8,16,12,4,0.75,0.25,38,44,-0.038975761140074665,-0.11523443866977097,-0.2611171496848942,3,3,68,64,4,87,1.2794117647058822,3,0.058823529411764705,0.00035849999403581023
285,21461214,3,prefix,8,16,12,4,0.75,0.25,38,44,0.19987880728751567,-0.05131721916254648,0.13016094704870476,6,6,44,42,2,34,0.7727272727272727,6,0.045454545454545456,0.00020280000171624124
285,21461214,3,suffix,8,16,12,4,0.75,0.25,38,44,0.19987880728751567,-0.05131721916254648,0.13016094704870476,6,6,104,102,2,394,3.7884615384615383,6,0.019230769230769232,0.0009566999942762777
286,21461215,3,prefix,8,16,12,4,0.75,0.25,38,44,-0.0009903707133112256,-0.30983442855060706,0.023910381742369494,6,6,44,42,2,35,0.7954545454545454,6,0.045454545454545456,0.0002035000070463866
286,21461215,3,suffix,8,16,12,4,0.75,0.25,38,44,-0.0009903707133112256,-0.30983442855060706,0.023910381742369494,6,6,104,102,2,395,3.798076923076923,6,0.019230769230769232,0.0009600999910617247
287,21461216,3,prefix,8,16,12,4,0.75,0.25,38,44,-3.748426605357842e-05,-0.01962461741673315,0.1254460221007199,6,6,44,44,0,38,0.8636363636363636,6,0.0,0.0002111999929184094
287,21461216,3,suffix,8,16,12,4,0.75,0.25,38,44,-3.748426605357842e-05,-0.01962461741673315,0.1254460221007199,6,6,104,104,0,398,3.826923076923077,6,0.0,0.0009589999972376972
288,21461217,3,prefix,8,16,12,4,0.75,0.25,38,44,-0.2812408393390201,-0.011117975703320685,0.08423671520360569,3,3,44,39,5,11,0.25,3,0.11363636363636363,0.00016179999511223286
288,21461217,3,suffix,8,16,12,4,0.75,0.25,38,44,-0.2812408393390201,-0.011117975703320685,0.08423671520360569,3,3,68,63,5,83,1.2205882352941178,3,0.07352941176470588,0.0003566999948816374
289,21461218,3,prefix,8,16,12,4,0.75,0.25,38,44,-0.11277452945763446,-0.0504593313200645,-0.0658053079953377,2,2,44,38,6,8,0.18181818181818182,2,0.13636363636363635,0.00015230001008603722
289,21461218,3,suffix,8,16,12,4,0.75,0.25,38,44,-0.11277452945763446,-0.0504593313200645,-0.0658053079953377,2,2,56,50,6,32,0.5714285714285714,2,0.10714285714285714,0.000225800002226606
290,21461219,3,prefix,8,16,12,4,0.75,0.25,38,44,0.02639400298586414,0.19218004884265044,-0.036636537448474726,6,6,44,42,2,33,0.75,6,0.045454545454545456,0.00020059999951627105
290,21461219,3,suffix,8,16,12,4,0.75,0.25,38,44,0.02639400298586414,0.19218004884265044,-0.036636537448474726,6,6,104,102,2,393,3.7788461538461537,6,0.019230769230769232,0.0009756999934324995
291,21461220,3,prefix,8,16,12,4,0.75,0.25,38,44,0.1128614154422446,-0.23155424174120331,-0.08640366784614897,6,6,44,42,2,32,0.7272727272727273,6,0.045454545454545456,0.0002745000092545524
291,21461220,3,suffix,8,16,12,4,0.75,0.25,38,44,0.1128614154422446,-0.23155424174120331,-0.08640366784614897,6,6,104,102,2,392,3.769230769230769,6,0.019230769230769232,0.0009607999963918701
292,21461221,3,prefix,8,16,12,4,0.75,0.25,38,44,0.02322103581895103,-0.09863804161983306,0.1322798834191858,3,3,44,40,4,12,0.2727272727272727,3,0.09090909090909091,0.0001680999994277954
292,21461221,3,suffix,8,16,12,4,0.75,0.25,38,44,0.02322103581895103,-0.09863804161983306,0.1322798834191858,3,3,68,64,4,84,1.2352941176470589,3,0.058823529411764705,0.00035239999124314636
293,21461222,3,prefix,8,16,12,4,0.75,0.25,38,44,0.14034208981623542,0.10657939414691435,0.10773520555796622,4,4,44,40,4,25,0.5681818181818182,4,0.09090909090909091,0.00018529999942984432
293,21461222,3,suffix,8,16,12,4,0.75,0.25,38,44,0.14034208981623542,0.10657939414691435,0.10773520555796622,4,4,80,76,4,169,2.1125,4,0.05,0.0005234999989625067
294,21461223,3,prefix,8,16,12,4,0.75,0.25,38,44,0.17961422786544617,0.03956550847878415,-0.11644224853327717,6,6,44,42,2,34,0.7727272727272727,6,0.045454545454545456,0.0002052000054391101
294,21461223,3,suffix,8,16,12,4,0.75,0.25,38,44,0.17961422786544617,0.03956550847878415,-0.11644224853327717,6,6,104,102,2,394,3.7884615384615383,6,0.019230769230769232,0.0009735999919939786
295,21461224,3,prefix,8,16,12,4,0.75,0.25,38,44,-0.019814726208139597,-0.14083234782403478,-0.02373298036890539,4,4,44,42,2,30,0.6818181818181818,4,0.045454545454545456,0.00019360000442247838
295,21461224,3,suffix,8,16,12,4,0.75,0.25,38,44,-0.019814726208139597,-0.14083234782403478,-0.02373298036890539,4,4,80,78,2,174,2.175,4,0.025,0.0005415000050561503
296,21461225,3,prefix,8,16,12,4,0.75,0.25,38,44,-0.26211584788029557,0.010233376279391852,0.1128128374194391,3,3,44,39,5,11,0.25,3,0.11363636363636363,0.0001672000071266666
296,21461225,3,suffix,8,16,12,4,0.75,0.25,38,44,-0.26211584788029557,0.010233376279391852,0.1128128374194391,3,3,68,63,5,83,1.2205882352941178,3,0.07352941176470588,0.0003440000000409782
297,21461226,3,prefix,8,16,12,4,0.75,0.25,38,44,0.0076686060371272905,-0.00818732187486191,-0.013605698249042305,5,5,44,41,3,24,0.5454545454545454,5,0.06818181818181818,0.00018310001178178936
297,21461226,3,suffix,8,16,12,4,0.75,0.25,38,44,0.0076686060371272905,-0.00818732187486191,-0.013605698249042305,5,5,92,89,3,264,2.869565217391304,5,0.03260869565217391,0.00071340000431519
298,21461227,3,prefix,8,16,12,4,0.75,0.25,38,44,-0.0832635217835625,-0.01085954934623415,-0.05664255585331504,5,5,44,41,3,24,0.5454545454545454,5,0.06818181818181818,0.00018360000103712082
298,21461227,3,suffix,8,16,12,4,0.75,0.25,38,44,-0.0832635217835625,-0.01085954934623415,-0.05664255585331504,5,5,92,89,3,264,2.869565217391304,5,0.03260869565217391,0.000719899995601736
299,21461228,3,prefix,8,16,12,4,0.75,0.25,38,44,-0.1743208859504362,0.08565658420511608,-0.1896479477215391,3,3,44,40,4,18,0.4090909090909091,3,0.09090909090909091,0.0001784999913070351
299,21461228,3,suffix,8,16,12,4,0.75,0.25,38,44,-0.1743208859504362,0.08565658420511608,-0.1896479477215391,3,3,68,64,4,90,1.3235294117647058,3,0.058823529411764705,0.0003618000046117231
300,21461229,3,prefix,8,16,12,4,0.75,0.25,38,44,-0.15336641289291172,0.1694326055940202,0.05565493818137973,2,2,44,38,6,14,0.3181818181818182,2,0.13636363636363635,0.0002595999976620078
300,21461229,3,suffix,8,16,12,4,0.75,0.25,38,44,-0.15336641289291172,0.1694326055940202,0.05565493818137973,2,2,56,50,6,38,0.6785714285714286,2,0.10714285714285714,0.0002886000002035871
301,21461230,3,prefix,8,16,12,4,0.75,0.25,38,44,0.21769137791448276,0.10661371108700032,-0.06980900994403368,1,1,44,37,7,7,0.1590909090909091,1,0.1590909090909091,0.00015119998715817928
301,21461230,3,suffix,8,16,12,4,0.75,0.25,38,44,0.21769137791448276,0.10661371108700032,-0.06980900994403368,1,1,44,37,7,7,0.1590909090909091,1,0.1590909090909091,0.0001472000003559515
302,21461231,3,prefix,8,16,12,4,0.75,0.25,38,44,0.17668201028462932,0.023734554125591174,-0.05773271838478722,3,3,44,39,5,11,0.25,3,0.11363636363636363,0.0001615999935893342
302,21461231,3,suffix,8,16,12,4,0.75,0.25,38,44,0.17668201028462932,0.023734554125591174,-0.05773271838478722,3,3,68,63,5,83,1.2205882352941178,3,0.07352941176470588,0.0003499999875202775
303,21461232,3,prefix,8,16,12,4,0.75,0.25,38,44,-0.2227854096300583,-0.3324987454736516,0.18189918502118782,5,5,44,41,3,32,0.7272727272727273,5,0.06818181818181818,0.0002545999886933714
303,21461232,3,suffix,8,16,12,4,0.75,0.25,38,44,-0.2227854096300583,-0.3324987454736516,0.18189918502118782,5,5,92,89,3,272,2.9565217391304346,5,0.03260869565217391,0.0010909000120591372
304,21461233,3,prefix,8,16,12,4,0.75,0.25,38,44,0.06524480394350915,0.058809040180038796,-0.11150101508804391,4,4,44,41,3,26,0.5909090909090909,4,0.06818181818181818,0.00022560000070370734
304,21461233,3,suffix,8,16,12,4,0.75,0.25,38,44,0.06524480394350915,0.058809040180038796,-0.11150101508804391,4,4,80,77,3,170,2.125,4,0.0375,0.0005231999966781586
305,21461234,3,prefix,8,16,12,4,0.75,0.25,38,44,0.12322803794754263,-0.07249922986279579,-0.21636254472266067,6,6,44,42,2,33,0.75,6,0.045454545454545456,0.0001993000041693449
305,21461234,3,suffix,8,16,12,4,0.75,0.25,38,44,0.12322803794754263,-0.07249922986279579,-0.21636254472266067,6,6,104,102,2,393,3.7788461538461537,6,0.019230769230769232,0.0009703999967314303
306,21461235,3,prefix,8,16,12,4,0.75,0.25,38,44,0.2552165205992374,-0.04709904587602674,0.0010203267963614063,3,3,44,40,4,12,0.2727272727272727,3,0.09090909090909091,0.0001674999948590994
306,21461235,3,suffix,8,16,12,4,0.75,0.25,38,44,0.2552165205992374,-0.04709904587602674,0.0010203267963614063,3,3,68,64,4,84,1.2352941176470589,3,0.058823529411764705,0.0003588999970816076
307,21461236,3,prefix,8,16,12,4,0.75,0.25,38,44,-0.12430036181529355,0.02626614073955632,-0.32249069326534174,7,7,44,43,1,43,0.9772727272727273,7,0.022727272727272728,0.00021359999664127827
307,21461236,3,suffix,8,16,12,4,0.75,0.25,38,44,-0.12430036181529355,0.02626614073955632,-0.32249069326534174,7,7,116,115,1,547,4.7155172413793105,7,0.008620689655172414,0.001241000005393289
308,21461237,3,prefix,8,16,12,4,0.75,0.25,38,44,0.05916732770681563,-0.21065801167979226,0.06616632797842054,4,4,44,40,4,17,0.38636363636363635,4,0.09090909090909091,0.0001767999929143116
308,21461237,3,suffix,8,16,12,4,0.75,0.25,38,44,0.05916732770681563,-0.21065801167979226,0.06616632797842054,4,4,80,76,4,161,2.0125,4,0.05,0.0005072000058135018
309,21461238,3,prefix,8,16,12,4,0.75,0.25,38,44,0.02402701675696797,-0.30685585321092373,0.10615196017542916,4,4,44,40,4,16,0.36363636363636365,4,0.09090909090909091,0.00016789999790489674
309,21461238,3,suffix,8,16,12,4,0.75,0.25,38,44,0.02402701675696797,-0.30685585321092373,0.10615196017542916,4,4,80,76,4,160,2.0,4,0.05,0.000513400009367615
310,21461239,3,prefix,8,16,12,4,0.75,0.25,38,44,-0.21350200358917543,0.04562384559736556,-0.10252855386042181,6,6,44,43,1,36,0.8181818181818182,6,0.022727272727272728,0.00020450000010896474
310,21461239,3,suffix,8,16,12,4,0.75,0.25,38,44,-0.21350200358917543,0.04562384559736556,-0.10252855386042181,6,6,104,103,1,396,3.8076923076923075,6,0.009615384615384616,0.0009640000062063336
311,21461240,3,prefix,8,16,12,4,0.75,0.25,38,44,-0.24841471048270375,-0.139655930134483,0.15755560557743883,3,3,44,40,4,12,0.2727272727272727,3,0.09090909090909091,0.0001635000080568716
311,21461240,3,suffix,8,16,12,4,0.75,0.25,38,44,-0.24841471048270375,-0.139655930134483,0.15755560557743883,3,3,68,64,4,84,1.2352941176470589,3,0.058823529411764705,0.0003499000013107434
312,21461241,3,prefix,8,16,12,4,0.75,0.25,38,44,0.06526077959084305,0.043080100034414696,0.11129708846221668,3,3,44,40,4,20,0.45454545454545453,3,0.09090909090909091,0.00017729999672155827
312,21461241,3,suffix,8,16,12,4,0.75,0.25,38,44,0.06526077959084305,0.043080100034414696,0.11129708846221668,3,3,68,64,4,92,1.3529411764705883,3,0.058823529411764705,0.00036929998896084726
313,21461242,3,prefix,8,16,12,4,0.75,0.25,38,44,0.06271060299382104,-0.1234317244226587,0.011466108573250157,8,8,44,44,0,56,1.2727272727272727,8,0.0,0.0002336999896215275
313,21461242,3,suffix,8,16,12,4,0.75,0.25,38,44,0.06271060299382104,-0.1234317244226587,0.011466108573250157,8,8,128,128,0,728,5.6875,8,0.0,0.0017297000013059005
314,21461243,3,prefix,8,16,12,4,0.75,0.25,38,44,-0.12595595272152768,0.014142992044941332,0.16833824133663228,3,3,44,40,4,18,0.4090909090909091,3,0.09090909090909091,0.00017910001042764634
314,21461243,3,suffix,8,16,12,4,0.75,0.25,38,44,-0.12595595272152768,0.014142992044941332,0.16833824133663228,3,3,68,64,4,90,1.3235294117647058,3,0.058823529411764705,0.0003622999938670546
315,21461244,3,prefix,8,16,12,4,0.75,0.25,38,44,0.14521092025442256,-0.2983603347658584,-0.15471887956426186,4,4,44,40,4,17,0.38636363636363635,4,0.09090909090909091,0.0001725999900372699
315,21461244,3,suffix,8,16,12,4,0.75,0.25,38,44,0.14521092025442256,-0.2983603347658584,-0.15471887956426186,4,4,80,76,4,161,2.0125,4,0.05,0.0005211999960010871
316,21461245,3,prefix,8,16,12,4,0.75,0.25,38,44,0.300292470444586,-0.22770283137254463,-0.3372350702671623,6,6,44,43,1,35,0.7954545454545454,6,0.022727272727272728,0.00020460000087041408
316,21461245,3,suffix,8,16,12,4,0.75,0.25,38,44,0.300292470444586,-0.22770283137254463,-0.3372350702671623,6,6,104,103,1,395,3.798076923076923,6,0.009615384615384616,0.0009625000093365088
317,21461246,3,prefix,8,16,12,4,0.75,0.25,38,44,-0.030447015001204374,-0.3744100233534383,0.07655701333141408,7,7,44,43,1,43,0.9772727272727273,7,0.022727272727272728,0.0002131000073859468
317,21461246,3,suffix,8,16,12,4,0.75,0.25,38,44,-0.030447015001204374,-0.3744100233534383,0.07655701333141408,7,7,116,115,1,547,4.7155172413793105,7,0.008620689655172414,0.001234200011822395
318,21461247,3,prefix,8,16,12,4,0.75,0.25,38,44,0.1846325155558071,-0.09936079015529681,-0.1410213041430453,4,4,44,43,1,32,0.7272727272727273,4,0.022727272727272728,0.00019880000036209822
318,21461247,3,suffix,8,16,12,4,0.75,0.25,38,44,0.1846325155558071,-0.09936079015529681,-0.1410213041430453,4,4,80,79,1,176,2.2,4,0.0125,0.0005459999956656247
319,21461248,3,prefix,8,16,12,4,0.75,0.25,38,44,0.011097402963118069,-0.11169009185928919,0.06321983146666936,6,6,44,43,1,33,0.75,6,0.022727272727272728,0.00020029999723192304
319,21461248,3,suffix,8,16,12,4,0.75,0.25,38,44,0.011097402963118069,-0.11169009185928919,0.06321983146666936,6,6,104,103,1,393,3.7788461538461537,6,0.009615384615384616,0.0009673000022303313
320,21461249,3,prefix,8,16,12,4,0.75,0.25,38,44,0.054273006390331245,0.119533159886306,0.03448616148417045,5,5,44,41,3,27,0.6136363636363636,5,0.06818181818181818,0.0001894999877549708
320,21461249,3,suffix,8,16,12,4,0.75,0.25,38,44,0.054273006390331245,0.119533159886306,0.03448616148417045,5,5,92,89,3,267,2.902173913043478,5,0.03260869565217391,0.0007212000055005774
321,21461250,3,prefix,8,16,12,4,0.75,0.25,38,44,0.044530554345257226,0.29268791593436255,0.0007725928989286749,4,4,44,41,3,17,0.38636363636363635,4,0.06818181818181818,0.0001720000000204891
321,21461250,3,suffix,8,16,12,4,0.75,0.25,38,44,0.044530554345257226,0.29268791593436255,0.0007725928989286749,4,4,80,77,3,161,2.0125,4,0.0375,0.000508599987369962
322,21461251,3,prefix,8,16,12,4,0.75,0.25,38,44,-0.10215718737136621,-0.07169476806019072,0.30075050368087053,5,5,44,43,1,37,0.8409090909090909,5,0.022727272727272728,0.00021109999215696007
322,21461251,3,suffix,8,16,12,4,0.75,0.25,38,44,-0.10215718737136621,-0.07169476806019072,0.30075050368087053,5,5,92,91,1,277,3.010869565217391,5,0.010869565217391304,0.0007438999891746789
323,21461252,3,prefix,8,16,12,4,0.75,0.25,38,44,0.3527007726615153,0.1197248274108317,-0.022278915570211062,5,5,44,41,3,23,0.5227272727272727,5,0.06818181818181818,0.00018099999579135329
323,21461252,3,suffix,8,16,12,4,0.75,0.25,38,44,0.3527007726615153,0.1197248274108317,-0.022278915570211062,5,5,92,89,3,263,2.858695652173913,5,0.03260869565217391,0.000741399999242276
324,21461253,3,prefix,8,16,12,4,0.75,0.25,38,44,-0.09595238193735292,0.07449703575035804,-0.16720236590865822,6,6,44,42,2,35,0.7954545454545454,6,0.045454545454545456,0.00024389999452978373
324,21461253,3,suffix,8,16,12,4,0.75,0.25,38,44,-0.09595238193735292,0.07449703575035804,-0.16720236590865822,6,6,104,102,2,395,3.798076923076923,6,0.019230769230769232,0.0009498999861534685
325,21461254,3,prefix,8,16,12,4,0.75,0.25,38,44,0.16076955698748333,-0.28185275888521516,0.003031958269802469,5,5,44,42,2,27,0.6136363636363636,5,0.045454545454545456,0.00019109999993816018
325,21461254,3,suffix,8,16,12,4,0.75,0.25,38,44,0.16076955698748333,-0.28185275888521516,0.003031958269802469,5,5,92,90,2,267,2.902173913043478,5,0.021739130434782608,0.000713100002030842
326,21461255,3,prefix,8,16,12,4,0.75,0.25,38,44,0.19714410113895067,0.24195765880164896,0.02836067473413683,4,4,44,40,4,18,0.4090909090909091,4,0.09090909090909091,0.00017349999689031392
326,21461255,3,suffix,8,16,12,4,0.75,0.25,38,44,0.19714410113895067,0.24195765880164896,0.02836067473413683,4,4,80,76,4,162,2.025,4,0.05,0.000519299996085465
327,21461256,3,prefix,8,16,12,4,0.75,0.25,38,44,0.10820780941020502,0.14296976923662183,0.06795671065396243,4,4,44,40,4,22,0.5,4,0.09090909090909091,0.00017890000890474766
327,21461256,3,suffix,8,16,12,4,0.75,0.25,38,44,0.10820780941020502,0.14296976923662183,0.06795671065396243,4,4,80,76,4,166,2.075,4,0.05,0.0005188999930396676
328,21461257,3,prefix,8,16,12,4,0.75,0.25,38,44,0.1302587545206367,0.07397637462275039,0.048092557522529035,4,4,44,40,4,16,0.36363636363636365,4,0.09090909090909091,0.00017090000619646162
328,21461257,3,suffix,8,16,12,4,0.75,0.25,38,44,0.1302587545206367,0.07397637462275039,0.048092557522529035,4,4,80,76,4,160,2.0,4,0.05,0.0005054000066593289
329,21461258,3,prefix,8,16,12,4,0.75,0.25,38,44,-0.20803149758254214,0.009646421562776052,-0.04475875867981084,4,4,44,40,4,19,0.4318181818181818,4,0.09090909090909091,0.00017699999443721026
329,21461258,3,suffix,8,16,12,4,0.75,0.25,38,44,-0.20803149758254214,0.009646421562776052,-0.04475875867981084,4,4,80,76,4,163,2.0375,4,0.05,0.0005135999963385984
330,21461259,3,prefix,8,16,12,4,0.75,0.25,38,44,0.1470533811195339,0.04746654725087766,-0.09032851690731036,4,4,44,40,4,19,0.4318181818181818,4,0.09090909090909091,0.00017510000907350332
330,21461259,3,suffix,8,16,12,4,0.75,0.25,38,44,0.1470533811195339,0.04746654725087766,-0.09032851690731036,4,4,80,76,4,163,2.0375,4,0.05,0.0005151999939698726
331,21461260,3,prefix,8,16,12,4,0.75,0.25,38,44,-0.20993999143638167,0.03855270355706507,0.22226720501067432,5,5,44,41,3,29,0.6590909090909091,5,0.06818181818181818,0.00019160000374540687
331,21461260,3,suffix,8,16,12,4,0.75,0.25,38,44,-0.20993999143638167,0.03855270355706507,0.22226720501067432,5,5,92,89,3,269,2.9239130434782608,5,0.03260869565217391,0.0007189000025391579
332,21461261,3,prefix,8,16,12,4,0.75,0.25,38,44,-0.0663702290394363,-0.03645954960042469,0.10501720350091732,6,6,44,42,2,33,0.75,6,0.045454545454545456,0.0001990000018849969
332,21461261,3,suffix,8,16,12,4,0.75,0.25,38,44,-0.0663702290394363,-0.03645954960042469,0.10501720350091732,6,6,104,102,2,393,3.7788461538461537,6,0.019230769230769232,0.0009544000058667734
333,21461262,3,prefix,8,16,12,4,0.75,0.25,38,44,0.02313738229125919,-0.46064176515924904,-0.11612420959154504,3,3,44,39,5,13,0.29545454545454547,3,0.11363636363636363,0.00016599999798927456
333,21461262,3,suffix,8,16,12,4,0.75,0.25,38,44,0.02313738229125919,-0.46064176515924904,-0.11612420959154504,3,3,68,63,5,85,1.25,3,0.07352941176470588,0.0003569000109564513
334,21461263,3,prefix,8,16,12,4,0.75,0.25,38,44,-0.033503903255315555,0.010824664513277845,-0.026444328908406145,5,5,44,43,1,37,0.8409090909090909,5,0.022727272727272728,0.00020930000755470246
334,21461263,3,suffix,8,16,12,4,0.75,0.25,38,44,-0.033503903255315555,0.010824664513277845,-0.026444328908406145,5,5,92,91,1,277,3.010869565217391,5,0.010869565217391304,0.0007304000027943403
335,21461264,3,prefix,8,16,12,4,0.75,0.25,38,44,0.3430345907018099,-0.18683808932730683,-0.07569344138913882,3,3,44,41,3,17,0.38636363636363635,3,0.06818181818181818,0.00017070000467356294
335,21461264,3,suffix,8,16,12,4,0.75,0.25,38,44,0.3430345907018099,-0.18683808932730683,-0.07569344138913882,3,3,68,65,3,89,1.3088235294117647,3,0.04411764705882353,0.0003718000079970807
336,21461265,3,prefix,8,16,12,4,0.75,0.25,38,44,-0.14543238853060492,-0.001548938148884637,-0.1148566729162549,6,6,44,42,2,33,0.75,6,0.045454545454545456,0.00020199999562464654
336,21461265,3,suffix,8,16,12,4,0.75,0.25,38,44,-0.14543238853060492,-0.001548938148884637,-0.1148566729162549,6,6,104,102,2,393,3.7788461538461537,6,0.019230769230769232,0.0009526000067126006
337,21461266,3,prefix,8,16,12,4,0.75,0.25,38,44,0.0040199580037549925,-0.07766398416641211,-0.1489565283938881,4,4,44,41,3,26,0.5909090909090909,4,0.06818181818181818,0.00018780000391416252
337,21461266,3,suffix,8,16,12,4,0.75,0.25,38,44,0.0040199580037549925,-0.07766398416641211,-0.1489565283938881,4,4,80,77,3,170,2.125,4,0.0375,0.0005247000080998987
338,21461267,3,prefix,8,16,12,4,0.75,0.25,38,44,0.2499832972408342,-0.3507600157018553,-0.043483890325616587,5,5,44,41,3,23,0.5227272727272727,5,0.06818181818181818,0.00018309999722987413
338,21461267,3,suffix,8,16,12,4,0.75,0.25,38,44,0.2499832972408342,-0.3507600157018553,-0.043483890325616587,5,5,92,89,3,263,2.858695652173913,5,0.03260869565217391,0.000715299989678897
339,21461268,3,prefix,8,16,12,4,0.75,0.25,38,44,0.004092098638999673,0.2916852051832572,-0.15606648988571262,4,4,44,40,4,16,0.36363636363636365,4,0.09090909090909091,0.00016729999333620071
339,21461268,3,suffix,8,16,12,4,0.75,0.25,38,44,0.004092098638999673,0.2916852051832572,-0.15606648988571262,4,4,80,76,4,160,2.0,4,0.05,0.0005051000043749809
340,21461269,3,prefix,8,16,12,4,0.75,0.25,38,44,0.22926270458518513,0.045215020777939076,0.27945195588040245,3,3,44,40,4,12,0.2727272727272727,3,0.09090909090909091,0.00016419999883510172
340,21461269,3,suffix,8,16,12,4,0.75,0.25,38,44,0.22926270458518513,0.045215020777939076,0.27945195588040245,3,3,68,64,4,84,1.2352941176470589,3,0.058823529411764705,0.00035489999572746456
341,21461270,3,prefix,8,16,12,4,0.75,0.25,38,44,-0.1323436569898833,-0.1706767007691375,0.10398990750395189,5,5,44,41,3,23,0.5227272727272727,5,0.06818181818181818,0.00018220000492874533
341,21461270,3,suffix,8,16,12,4,0.75,0.25,38,44,-0.1323436569898833,-0.1706767007691375,0.10398990750395189,5,5,92,89,3,263,2.858695652173913,5,0.03260869565217391,0.0007086000114213675
342,21461271,3,prefix,8,16,12,4,0.75,0.25,38,44,0.28147286471307736,-0.14056805230173303,0.0034837192596591715,2,2,44,39,5,11,0.25,2,0.11363636363636363,0.0001618999958736822
342,21461271,3,suffix,8,16,12,4,0.75,0.25,38,44,0.28147286471307736,-0.14056805230173303,0.0034837192596591715,2,2,56,51,5,35,0.625,2,0.08928571428571429,0.00023289999808184803
343,21461272,3,prefix,8,16,12,4,0.75,0.25,38,44,0.2540837015245748,0.016163864282346424,-0.20048747606819142,3,3,44,39,5,15,0.3409090909090909,3,0.11363636363636363,0.00016569999570492655
343,21461272,3,suffix,8,16,12,4,0.75,0.25,38,44,0.2540837015245748,0.016163864282346424,-0.20048747606819142,3,3,68,63,5,87,1.2794117647058822,3,0.07352941176470588,0.0003612000000430271
344,21461273,3,prefix,8,16,12,4,0.75,0.25,38,44,0.1410507366728802,0.10489140547829881,0.18821872193659817,4,4,44,41,3,29,0.6590909090909091,4,0.06818181818181818,0.000192299994523637
344,21461273,3,suffix,8,16,12,4,0.75,0.25,38,44,0.1410507366728802,0.10489140547829881,0.18821872193659817,4,4,80,77,3,173,2.1625,4,0.0375,0.0005310999986249954
345,21461274,3,prefix,8,16,12,4,0.75,0.25,38,44,0.22786319803965416,0.1599509849236136,0.27086744853807415,3,3,44,40,4,19,0.4318181818181818,3,0.09090909090909091,0.00017320000915788114
345,21461274,3,suffix,8,16,12,4,0.75,0.25,38,44,0.22786319803965416,0.1599509849236136,0.27086744853807415,3,3,68,64,4,91,1.338235294117647,3,0.058823529411764705,0.00035960000241175294
346,21461275,3,prefix,8,16,12,4,0.75,0.25,38,44,-0.14519864238131264,-0.16298092470512285,-0.01861837293958039,3,3,44,39,5,11,0.25,3,0.11363636363636363,0.00016250000044237822
346,21461275,3,suffix,8,16,12,4,0.75,0.25,38,44,-0.14519864238131264,-0.16298092470512285,-0.01861837293958039,3,3,68,63,5,83,1.2205882352941178,3,0.07352941176470588,0.0003519000019878149
347,21461276,3,prefix,8,16,12,4,0.75,0.25,38,44,-0.19103256810670718,0.2001643352802136,0.05997874418853803,5,5,44,42,2,26,0.5909090909090909,5,0.045454545454545456,0.0001875000016298145
347,21461276,3,suffix,8,16,12,4,0.75,0.25,38,44,-0.19103256810670718,0.2001643352802136,0.05997874418853803,5,5,92,90,2,266,2.891304347826087,5,0.021739130434782608,0.0007603999983984977
348,21461277,3,prefix,8,16,12,4,0.75,0.25,38,44,-0.11166504773323381,-0.08214922164437564,0.25008568036403056,4,4,44,40,4,18,0.4090909090909091,4,0.09090909090909091,0.00027469999622553587
348,21461277,3,suffix,8,16,12,4,0.75,0.25,38,44,-0.11166504773323381,-0.08214922164437564,0.25008568036403056,4,4,80,76,4,162,2.025,4,0.05,0.0005173999961698428
349,21461278,3,prefix,8,16,12,4,0.75,0.25,38,44,0.09777447941477171,-0.1143939286661964,0.16911992844230972,4,4,44,41,3,27,0.6136363636363636,4,0.06818181818181818,0.00019270001212134957
349,21461278,3,suffix,8,16,12,4,0.75,0.25,38,44,0.09777447941477171,-0.1143939286661964,0.16911992844230972,4,4,80,77,3,171,2.1375,4,0.0375,0.000524800008861348
350,21461279,3,prefix,8,16,12,4,0.75,0.25,38,44,0.006438513886803024,-0.017234807757072278,-0.1520872441693739,4,4,44,41,3,20,0.45454545454545453,4,0.06818181818181818,0.00018769998860079795
350,21461279,3,suffix,8,16,12,4,0.75,0.25,38,44,0.006438513886803024,-0.017234807757072278,-0.1520872441693739,4,4,80,77,3,164,2.05,4,0.0375,0.000519599998369813
351,21461280,3,prefix,8,16,12,4,0.75,0.25,38,44,0.19355597827995927,0.041682950911139424,0.0605557338266043,4,4,44,40,4,17,0.38636363636363635,4,0.09090909090909091,0.0001706000039121136
351,21461280,3,suffix,8,16,12,4,0.75,0.25,38,44,0.19355597827995927,0.041682950911139424,0.0605557338266043,4,4,80,76,4,161,2.0125,4,0.05,0.0005161000008229166
352,21461281,3,prefix,8,16,12,4,0.75,0.25,38,44,-0.07185611225777461,-0.10601001123144059,-0.011451714102485808,4,4,44,40,4,17,0.38636363636363635,4,0.09090909090909091,0.00017220000154338777
352,21461281,3,suffix,8,16,12,4,0.75,0.25,38,44,-0.07185611225777461,-0.10601001123144059,-0.011451714102485808,4,4,80,76,4,161,2.0125,4,0.05,0.0005175999976927415
353,21461282,3,prefix,8,16,12,4,0.75,0.25,38,44,0.18779622439488836,-0.06351754050500226,0.14560999522830856,5,5,44,42,2,29,0.6590909090909091,5,0.045454545454545456,0.000192599996807985
353,21461282,3,suffix,8,16,12,4,0.75,0.25,38,44,0.18779622439488836,-0.06351754050500226,0.14560999522830856,5,5,92,90,2,269,2.9239130434782608,5,0.021739130434782608,0.000720199997886084
354,21461283,3,prefix,8,16,12,4,0.75,0.25,38,44,-0.1820068244423361,0.17038257419527594,0.022907576919603437,4,4,44,41,3,21,0.4772727272727273,4,0.06818181818181818,0.00018139999883715063
354,21461283,3,suffix,8,16,12,4,0.75,0.25,38,44,-0.1820068244423361,0.17038257419527594,0.022907576919603437,4,4,80,77,3,165,2.0625,4,0.0375,0.000515899999300018
355,21461284,3,prefix,8,16,12,4,0.75,0.25,38,44,-0.3345227163420774,0.31311351005273896,-0.3298760251950174,6,6,44,43,1,36,0.8181818181818182,6,0.022727272727272728,0.00020369999401737005
355,21461284,3,suffix,8,16,12,4,0.75,0.25,38,44,-0.3345227163420774,0.31311351005273896,-0.3298760251950174,6,6,104,103,1,396,3.8076923076923075,6,0.009615384615384616,0.0009617999894544482
356,21461285,3,prefix,8,16,12,4,0.75,0.25,38,44,0.09363102353346227,0.24360876545941348,-0.14798427162198619,3,3,44,40,4,19,0.4318181818181818,3,0.09090909090909091,0.00017610000213608146
356,21461285,3,suffix,8,16,12,4,0.75,0.25,38,44,0.09363102353346227,0.24360876545941348,-0.14798427162198619,3,3,68,64,4,91,1.338235294117647,3,0.058823529411764705,0.0003628999984357506
357,21461286,3,prefix,8,16,12,4,0.75,0.25,38,44,0.053134809777413645,0.1270024447430286,0.1480795224618551,4,4,44,41,3,21,0.4772727272727273,4,0.06818181818181818,0.00017839999054558575
357,21461286,3,suffix,8,16,12,4,0.75,0.25,38,44,0.053134809777413645,0.1270024447430286,0.1480795224618551,4,4,80,77,3,165,2.0625,4,0.0375,0.000512500002514571
358,21461287,3,prefix,8,16,12,4,0.75,0.25,38,44,0.017134888247787285,0.05829581130180107,-0.20773361697673076,4,4,44,40,4,18,0.4090909090909091,4,0.09090909090909091,0.00017470000602770597
358,21461287,3,suffix,8,16,12,4,0.75,0.25,38,44,0.017134888247787285,0.05829581130180107,-0.20773361697673076,4,4,80,76,4,162,2.025,4,0.05,0.0005228999943938106
359,21461288,3,prefix,8,16,12,4,0.75,0.25,38,44,-0.017340976728194894,0.2238046455039624,0.16062412410628363,5,5,44,41,3,23,0.5227272727272727,5,0.06818181818181818,0.00018430000636726618
359,21461288,3,suffix,8,16,12,4,0.75,0.25,38,44,-0.017340976728194894,0.2238046455039624,0.16062412410628363,5,5,92,89,3,263,2.858695652173913,5,0.03260869565217391,0.0007070999999996275
360,21461289,3,prefix,8,16,12,4,0.75,0.25,38,44,0.09263749062248662,-0.25478129015027823,-0.04859142131594813,5,5,44,41,3,28,0.6363636363636364,5,0.06818181818181818,0.0002043999993475154
360,21461289,3,suffix,8,16,12,4,0.75,0.25,38,44,0.09263749062248662,-0.25478129015027823,-0.04859142131594813,5,5,92,89,3,268,2.9130434782608696,5,0.03260869565217391,0.000726999991456978
361,21461290,3,prefix,8,16,12,4,0.75,0.25,38,44,0.12949372756916724,-0.06286035213485155,0.2226746594594459,4,4,44,41,3,22,0.5,4,0.06818181818181818,0.0001846999948611483
361,21461290,3,suffix,8,16,12,4,0.75,0.25,38,44,0.12949372756916724,-0.06286035213485155,0.2226746594594459,4,4,80,77,3,166,2.075,4,0.0375,0.0005234999989625067
362,21461291,3,prefix,8,16,12,4,0.75,0.25,38,44,-0.1921470678442702,0.033125330242391476,-0.00395833707703852,5,5,44,41,3,23,0.5227272727272727,5,0.06818181818181818,0.00018400000408291817
362,21461291,3,suffix,8,16,12,4,0.75,0.25,38,44,-0.1921470678442702,0.033125330242391476,-0.00395833707703852,5,5,92,89,3,263,2.858695652173913,5,0.03260869565217391,0.000720500000170432
363,21461292,3,prefix,8,16,12,4,0.75,0.25,38,44,0.08955258885166581,-0.25228420023104137,-0.0739639208473362,4,4,44,41,3,23,0.5227272727272727,4,0.06818181818181818,0.0001824999926611781
363,21461292,3,suffix,8,16,12,4,0.75,0.25,38,44,0.08955258885166581,-0.25228420023104137,-0.0739639208473362,4,4,80,77,3,167,2.0875,4,0.0375,0.0005259000026853755
364,21461293,3,prefix,8,16,12,4,0.75,0.25,38,44,0.017682175188319348,-0.03873185386520236,0.16273714846513812,5,5,44,41,3,26,0.5909090909090909,5,0.06818181818181818,0.00020170000789221376
364,21461293,3,suffix,8,16,12,4,0.75,0.25,38,44,0.017682175188319348,-0.03873185386520236,0.16273714846513812,5,5,92,89,3,266,2.891304347826087,5,0.03260869565217391,0.0007171999895945191
365,21461294,3,prefix,8,16,12,4,0.75,0.25,38,44,0.22827438790931473,-0.015096046966280032,0.09086898004320708,4,4,44,41,3,29,0.6590909090909091,4,0.06818181818181818,0.00020650000078603625
365,21461294,3,suffix,8,16,12,4,0.75,0.25,38,44,0.22827438790931473,-0.015096046966280032,0.09086898004320708,4,4,80,77,3,173,2.1625,4,0.0375,0.0005318000039551407
366,21461295,3,prefix,8,16,12,4,0.75,0.25,38,44,0.2260790950834113,0.021603081281257683,0.2090137400873469,4,4,44,42,2,26,0.5909090909090909,4,0.045454545454545456,0.00019160000374540687
366,21461295,3,suffix,8,16,12,4,0.75,0.25,38,44,0.2260790950834113,0.021603081281257683,0.2090137400873469,4,4,80,78,2,170,2.125,4,0.025,0.0005365999968489632
367,21461296,3,prefix,8,16,12,4,0.75,0.25,38,44,-0.019249667468781085,0.02643358340932404,-0.31060967932909317,4,4,44,41,3,23,0.5227272727272727,4,0.06818181818181818,0.00018529999942984432
367,21461296,3,suffix,8,16,12,4,0.75,0.25,38,44,-0.019249667468781085,0.02643358340932404,-0.31060967932909317,4,4,80,77,3,167,2.0875,4,0.0375,0.0005323000077623874
368,21461297,3,prefix,8,16,12,4,0.75,0.25,38,44,0.21039323314929714,-0.007649235691859908,0.11910028046250307,4,4,44,40,4,16,0.36363636363636365,4,0.09090909090909091,0.0001740000006975606
368,21461297,3,suffix,8,16,12,4,0.75,0.25,38,44,0.21039323314929714,-0.007649235691859908,0.11910028046250307,4,4,80,76,4,160,2.0,4,0.05,0.0005109000048832968
369,21461298,3,prefix,8,16,12,4,0.75,0.25,38,44,-0.13987099713489867,-0.03527505825806156,0.0860965455496846,4,4,44,41,3,24,0.5454545454545454,4,0.06818181818181818,0.00018600000475998968
369,21461298,3,suffix,8,16,12,4,0.75,0.25,38,44,-0.13987099713489867,-0.03527505825806156,0.0860965455496846,4,4,80,77,3,168,2.1,4,0.0375,0.0005407999997260049
370,21461299,3,prefix,8,16,12,4,0.75,0.25,38,44,0.04869876997077907,-0.0567556988353622,0.2793401927805446,6,6,44,42,2,35,0.7954545454545454,6,0.045454545454545456,0.0002128000051015988
370,21461299,3,suffix,8,16,12,4,0.75,0.25,38,44,0.04869876997077907,-0.0567556988353622,0.2793401927805446,6,6,104,102,2,395,3.798076923076923,6,0.019230769230769232,0.0009638999908929691
371,21461300,3,prefix,8,16,12,4,0.75,0.25,38,44,0.010894811800984743,-0.12718900656205606,-0.04781166631132331,3,3,44,39,5,16,0.36363636363636365,3,0.11363636363636363,0.00016969999705906957
371,21461300,3,suffix,8,16,12,4,0.75,0.25,38,44,0.010894811800984743,-0.12718900656205606,-0.04781166631132331,3,3,68,63,5,88,1.2941176470588236,3,0.07352941176470588,0.00035230000503361225
372,21461301,3,prefix,8,16,12,4,0.75,0.25,38,44,-0.4377155654898417,0.0670526456688878,-0.2154310064106008,7,7,44,43,1,44,1.0,7,0.022727272727272728,0.00021779999951831996
372,21461301,3,suffix,8,16,12,4,0.75,0.25,38,44,-0.4377155654898417,0.0670526456688878,-0.2154310064106008,7,7,116,115,1,548,4.724137931034483,7,0.008620689655172414,0.001225300002261065
373,21461302,3,prefix,8,16,12,4,0.75,0.25,38,44,-0.010478061496565914,-0.20940426118768904,0.122990406557508,5,5,44,42,2,34,0.7727272727272727,5,0.045454545454545456,0.00020420001237653196
373,21461302,3,suffix,8,16,12,4,0.75,0.25,38,44,-0.010478061496565914,-0.20940426118768904,0.122990406557508,5,5,92,90,2,274,2.9782608695652173,5,0.021739130434782608,0.0007340000011026859
374,21461303,3,prefix,8,16,12,4,0.75,0.25,38,44,-0.1111208471810956,-0.06955544388250356,-0.004129622720939437,6,6,44,42,2,35,0.7954545454545454,6,0.045454545454545456,0.00020650000078603625
374,21461303,3,suffix,8,16,12,4,0.75,0.25,38,44,-0.1111208471810956,-0.06955544388250356,-0.004129622720939437,6,6,104,102,2,395,3.798076923076923,6,0.019230769230769232,0.0009657999908085912
375,21461304,3,prefix,8,16,12,4,0.75,0.25,38,44,0.26457025323615024,-0.03227645055040682,-0.25366968742750223,4,4,44,41,3,17,0.38636363636363635,4,0.06818181818181818,0.00017359999765176326
375,21461304,3,suffix,8,16,12,4,0.75,0.25,38,44,0.26457025323615024,-0.03227645055040682,-0.25366968742750223,4,4,80,77,3,161,2.0125,4,0.0375,0.0005147000047145411
376,21461305,3,prefix,8,16,12,4,0.75,0.25,38,44,0.04402132953620621,-0.07576282629663217,-0.1402899179612253,5,5,44,41,3,26,0.5909090909090909,5,0.06818181818181818,0.0001914000022225082
376,21461305,3,suffix,8,16,12,4,0.75,0.25,38,44,0.04402132953620621,-0.07576282629663217,-0.1402899179612253,5,5,92,89,3,266,2.891304347826087,5,0.03260869565217391,0.0007129000005079433
377,21461306,3,prefix,8,16,12,4,0.75,0.25,38,44,0.028160172723743337,-0.05592832728637203,-0.13674861045652903,2,2,44,38,6,8,0.18181818181818182,2,0.13636363636363635,0.00015409999468829483
377,21461306,3,suffix,8,16,12,4,0.75,0.25,38,44,0.028160172723743337,-0.05592832728637203,-0.13674861045652903,2,2,56,50,6,32,0.5714285714285714,2,0.10714285714285714,0.00022699999681208283
378,21461307,3,prefix,8,16,12,4,0.75,0.25,38,44,-0.1862822292805509,-0.0410042267087316,-0.0358768646554227,5,5,44,42,2,26,0.5909090909090909,5,0.045454545454545456,0.00019190000602975488
378,21461307,3,suffix,8,16,12,4,0.75,0.25,38,44,-0.1862822292805509,-0.0410042267087316,-0.0358768646554227,5,5,92,90,2,266,2.891304347826087,5,0.021739130434782608,0.0007085000106599182
379,21461308,3,prefix,8,16,12,4,0.75,0.25,38,44,-0.09462394906625317,0.4072127226447932,-0.2784948234226762,5,5,44,41,3,29,0.6590909090909091,5,0.06818181818181818,0.00019029999384656549
379,21461308,3,suffix,8,16,12,4,0.75,0.25,38,44,-0.09462394906625317,0.4072127226447932,-0.2784948234226762,5,5,92,89,3,269,2.9239130434782608,5,0.03260869565217391,0.0007150999881559983
380,21461309,3,prefix,8,16,12,4,0.75,0.25,38,44,0.06391259252163778,-0.010040462680153812,-0.03889695838574002,6,6,44,43,1,40,0.9090909090909091,6,0.022727272727272728,0.00022430000535678118
380,21461309,3,suffix,8,16,12,4,0.75,0.25,38,44,0.06391259252163778,-0.010040462680153812,-0.03889695838574002,6,6,104,103,1,400,3.8461538461538463,6,0.009615384615384616,0.0009627999970689416
381,21461310,3,prefix,8,16,12,4,0.75,0.25,38,44,-0.04529016282972907,0.1809665194041902,0.1262842444631937,5,5,44,41,3,26,0.5909090909090909,5,0.06818181818181818,0.0001863000070443377
381,21461310,3,suffix,8,16,12,4,0.75,0.25,38,44,-0.04529016282972907,0.1809665194041902,0.1262842444631937,5,5,92,89,3,266,2.891304347826087,5,0.03260869565217391,0.0007123999967006966
382,21461311,3,prefix,8,16,12,4,0.75,0.25,38,44,-0.007806327596162556,-0.21000742901065764,-0.008105608362347149,5,5,44,41,3,27,0.6136363636363636,5,0.06818181818181818,0.00019060001068282872
382,21461311,3,suffix,8,16,12,4,0.75,0.25,38,44,-0.007806327596162556,-0.21000742901065764,-0.008105608362347149,5,5,92,89,3,267,2.902173913043478,5,0.03260869565217391,0.0007209999894257635
383,21461312,3,prefix,8,16,12,4,0.75,0.25,38,44,-0.17211372657966448,-0.20660258127608933,0.23420955378521602,4,4,44,41,3,20,0.45454545454545453,4,0.06818181818181818,0.00017880000814329833
383,21461312,3,suffix,8,16,12,4,0.75,0.25,38,44,-0.17211372657966448,-0.20660258127608933,0.23420955378521602,4,4,80,77,3,164,2.05,4,0.0375,0.0005189000075915828
384,21461313,3,prefix,8,16,12,4,0.75,0.25,38,44,-0.040189351960016086,-0.11453823768111322,0.21371666999791,6,6,44,42,2,37,0.8409090909090909,6,0.045454545454545456,0.00021579999884124845
384,21461313,3,suffix,8,16,12,4,0.75,0.25,38,44,-0.040189351960016086,-0.11453823768111322,0.21371666999791,6,6,104,102,2,397,3.8173076923076925,6,0.019230769230769232,0.0009602999925846234
385,21461314,3,prefix,8,16,12,4,0.75,0.25,38,44,0.1275898356838635,0.07521535684404496,-0.05012343602386437,1,1,44,39,5,11,0.25,2,0.11363636363636363,0.00016009999671950936
385,21461314,3,suffix,8,16,12,4,0.75,0.25,38,44,0.1275898356838635,0.07521535684404496,-0.05012343602386437,1,1,44,39,5,11,0.25,2,0.11363636363636363,0.00015759999223519117
386,21461315,3,prefix,8,16,12,4,0.75,0.25,38,44,-0.13289191245204945,-0.06954773499682423,-0.0692282790383347,6,6,44,42,2,35,0.7954545454545454,6,0.045454545454545456,0.0002015000063693151
386,21461315,3,suffix,8,16,12,4,0.75,0.25,38,44,-0.13289191245204945,-0.06954773499682423,-0.0692282790383347,6,6,104,102,2,395,3.798076923076923,6,0.019230769230769232,0.0009578000026522204
387,21461316,3,prefix,8,16,12,4,0.75,0.25,38,44,0.13642135725979998,0.030874883477116363,0.18855634064232205,2,2,44,39,5,15,0.3409090909090909,2,0.11363636363636363,0.00017410000145900995
387,21461316,3,suffix,8,16,12,4,0.75,0.25,38,44,0.13642135725979998,0.030874883477116363,0.18855634064232205,2,2,56,51,5,39,0.6964285714285714,2,0.08928571428571429,0.00023969999165274203
388,21461317,3,prefix,8,16,12,4,0.75,0.25,38,44,0.03444379169733162,-0.10469036896025607,-0.17368106091070018,5,5,44,41,3,29,0.6590909090909091,5,0.06818181818181818,0.00019419999443925917
388,21461317,3,suffix,8,16,12,4,0.75,0.25,38,44,0.03444379169733162,-0.10469036896025607,-0.17368106091070018,5,5,92,89,3,269,2.9239130434782608,5,0.03260869565217391,0.0007152000034693629
389,21461318,3,prefix,8,16,12,4,0.75,0.25,38,44,-0.27402335736059563,0.08423585251668857,-0.3277750952260546,2,2,44,40,4,15,0.3409090909090909,2,0.09090909090909091,0.00016700000560376793
389,21461318,3,suffix,8,16,12,4,0.75,0.25,38,44,-0.27402335736059563,0.08423585251668857,-0.3277750952260546,2,2,56,52,4,39,0.6964285714285714,2,0.07142857142857142,0.0002459999959683046
390,21461319,3,prefix,8,16,12,4,0.75,0.25,38,44,0.3216439820749267,-0.00047680516575529535,-0.021546158108168123,5,5,44,41,3,23,0.5227272727272727,5,0.06818181818181818,0.00018540000019129366
390,21461319,3,suffix,8,16,12,4,0.75,0.25,38,44,0.3216439820749267,-0.00047680516575529535,-0.021546158108168123,5,5,92,89,3,263,2.858695652173913,5,0.03260869565217391,0.00072669998917263
391,21461320,3,prefix,8,16,12,4,0.75,0.25,38,44,-0.16571593339894986,0.0011812239897379677,0.09313888183782572,6,6,44,42,2,32,0.7272727272727273,6,0.045454545454545456,0.00020300000323913991
391,21461320,3,suffix,8,16,12,4,0.75,0.25,38,44,-0.16571593339894986,0.0011812239897379677,0.09313888183782572,6,6,104,102,2,392,3.769230769230769,6,0.019230769230769232,0.0009562000050209463
392,21461321,3,prefix,8,16,12,4,0.75,0.25,38,44,0.06620493516559035,0.11931899226084117,0.06613815248816765,6,6,44,42,2,39,0.8863636363636364,6,0.045454545454545456,0.00021410000044852495
392,21461321,3,suffix,8,16,12,4,0.75,0.25,38,44,0.06620493516559035,0.11931899226084117,0.06613815248816765,6,6,104,102,2,399,3.8365384615384617,6,0.019230769230769232,0.00096010000561364
393,21461322,3,prefix,8,16,12,4,0.75,0.25,38,44,0.18504105408925728,-0.08809947947554969,-0.11885370447453976,5,5,44,41,3,27,0.6136363636363636,5,0.06818181818181818,0.0001875000016298145
393,21461322,3,suffix,8,16,12,4,0.75,0.25,38,44,0.18504105408925728,-0.08809947947554969,-0.11885370447453976,5,5,92,89,3,267,2.902173913043478,5,0.03260869565217391,0.000715299989678897
394,21461323,3,prefix,8,16,12,4,0.75,0.25,38,44,0.15090932244151326,0.007772765043642592,0.11292200890801085,5,5,44,41,3,24,0.5454545454545454,5,0.06818181818181818,0.0001947999990079552
394,21461323,3,suffix,8,16,12,4,0.75,0.25,38,44,0.15090932244151326,0.007772765043642592,0.11292200890801085,5,5,92,89,3,264,2.869565217391304,5,0.03260869565217391,0.0007193000055849552
395,21461324,3,prefix,8,16,12,4,0.75,0.25,38,44,0.17647118870189535,-0.16260458785674925,-0.26813532125710887,7,7,44,43,1,44,1.0,7,0.022727272727272728,0.00021399999968707561
395,21461324,3,suffix,8,16,12,4,0.75,0.25,38,44,0.17647118870189535,-0.16260458785674925,-0.26813532125710887,7,7,116,115,1,548,4.724137931034483,7,0.008620689655172414,0.0012432000075932592
396,21461325,3,prefix,8,16,12,4,0.75,0.25,38,44,0.0015264947332845693,0.08087775416461411,0.10742348987996304,6,6,44,43,1,41,0.9318181818181818,6,0.022727272727272728,0.00021430000197142363
396,21461325,3,suffix,8,16,12,4,0.75,0.25,38,44,0.0015264947332845693,0.08087775416461411,0.10742348987996304,6,6,104,103,1,401,3.855769230769231,6,0.009615384615384616,0.0009852000075625256
397,21461326,3,prefix,8,16,12,4,0.75,0.25,38,44,0.01585966310952562,-0.20799457276454142,0.18136291790902923,4,4,44,40,4,21,0.4772727272727273,4,0.09090909090909091,0.0001790999958757311
397,21461326,3,suffix,8,16,12,4,0.75,0.25,38,44,0.01585966310952562,-0.20799457276454142,0.18136291790902923,4,4,80,76,4,165,2.0625,4,0.05,0.0005210999952396378
398,21461327,3,prefix,8,16,12,4,0.75,0.25,38,44,0.13483524939915617,-0.07695467720953642,-0.06815035101758284,4,4,44,40,4,23,0.5227272727272727,4,0.09090909090909091,0.00018430000636726618
398,21461327,3,suffix,8,16,12,4,0.75,0.25,38,44,0.13483524939915617,-0.07695467720953642,-0.06815035101758284,4,4,80,76,4,167,2.0875,4,0.05,0.0005220000020926818
399,21461328,3,prefix,8,16,12,4,0.75,0.25,38,44,-0.3874015817392291,-0.19055123256503267,0.2809540168971168,4,4,44,40,4,20,0.45454545454545453,4,0.09090909090909091,0.00017559999832883477
399,21461328,3,suffix,8,16,12,4,0.75,0.25,38,44,-0.3874015817392291,-0.19055123256503267,0.2809540168971168,4,4,80,76,4,164,2.05,4,0.05,0.0005119999987073243
400,21461329,3,prefix,8,16,12,4,0.75,0.25,38,44,-0.020675449311321075,0.02153601664591212,0.012086358199082669,4,4,44,40,4,18,0.4090909090909091,4,0.09090909090909091,0.00018429999181535095
400,21461329,3,suffix,8,16,12,4,0.75,0.25,38,44,-0.020675449311321075,0.02153601664591212,0.012086358199082669,4,4,80,76,4,162,2.025,4,0.05,0.0005639999872073531
401,21461330,3,prefix,8,16,12,4,0.75,0.25,38,44,-0.10155608225285224,0.32544815894775136,-0.08832145932975778,3,3,44,39,5,11,0.25,3,0.11363636363636363,0.00016530000721104443
401,21461330,3,suffix,8,16,12,4,0.75,0.25,38,44,-0.10155608225285224,0.32544815894775136,-0.08832145932975778,3,3,68,63,5,83,1.2205882352941178,3,0.07352941176470588,0.000381499994546175
402,21461331,3,prefix,8,16,12,4,0.75,0.25,38,44,-0.3210329536210548,0.22902890061898964,-0.050624999410942825,5,5,44,41,3,29,0.6590909090909091,5,0.06818181818181818,0.00019430000975262374
402,21461331,3,suffix,8,16,12,4,0.75,0.25,38,44,-0.3210329536210548,0.22902890061898964,-0.050624999410942825,5,5,92,89,3,269,2.9239130434782608,5,0.03260869565217391,0.0007278999983100221
403,21461332,3,prefix,8,16,12,4,0.75,0.25,38,44,-0.13459775258888898,0.11600378305721899,-0.049983075087806875,4,4,44,40,4,19,0.4318181818181818,4,0.09090909090909091,0.00017349999689031392
403,21461332,3,suffix,8,16,12,4,0.75,0.25,38,44,-0.13459775258888898,0.11600378305721899,-0.049983075087806875,4,4,80,76,4,163,2.0375,4,0.05,0.0005067000020062551
404,21461333,3,prefix,8,16,12,4,0.75,0.25,38,44,-0.04821234295892738,0.2960616277551349,-0.0405349244455243,4,4,44,42,2,33,0.75,5,0.045454545454545456,0.0002195999986724928
404,21461333,3,suffix,8,16,12,4,0.75,0.25,38,44,-0.04821234295892738,0.2960616277551349,-0.0405349244455243,4,4,80,78,2,177,2.2125,5,0.025,0.0005345999961718917
405,21461334,3,prefix,8,16,12,4,0.75,0.25,38,44,-0.029614430827525906,-0.1816221171514746,-0.07504730682652941,6,6,44,42,2,34,0.7727272727272727,6,0.045454545454545456,0.00019910000264644623
405,21461334,3,suffix,8,16,12,4,0.75,0.25,38,44,-0.029614430827525906,-0.1816221171514746,-0.07504730682652941,6,6,104,102,2,394,3.7884615384615383,6,0.019230769230769232,0.0009629999985918403
406,21461335,3,prefix,8,16,12,4,0.75,0.25,38,44,0.04187614117414878,0.005534042212567589,-0.09009129519701595,4,4,44,40,4,20,0.45454545454545453,4,0.09090909090909091,0.00018140001338906586
406,21461335,3,suffix,8,16,12,4,0.75,0.25,38,44,0.04187614117414878,0.005534042212567589,-0.09009129519701595,4,4,80,76,4,164,2.05,4,0.05,0.0005157999985385686
407,21461336,3,prefix,8,16,12,4,0.75,0.25,38,44,0.10422916086047024,0.08486116245754667,0.06329100426136657,2,2,44,38,6,11,0.25,2,0.13636363636363635,0.0001588000013725832
407,21461336,3,suffix,8,16,12,4,0.75,0.25,38,44,0.10422916086047024,0.08486116245754667,0.06329100426136657,2,2,56,50,6,35,0.625,2,0.10714285714285714,0.00022810000518802553
408,21461337,3,prefix,8,16,12,4,0.75,0.25,38,44,-0.28606939322670744,0.0771032275063051,0.00022055645756977778,6,6,44,42,2,36,0.8181818181818182,6,0.045454545454545456,0.0002032000047620386
408,21461337,3,suffix,8,16,12,4,0.75,0.25,38,44,-0.28606939322670744,0.0771032275063051,0.00022055645756977778,6,6,104,102,2,396,3.8076923076923075,6,0.019230769230769232,0.0009677000052761286
409,21461338,3,prefix,8,16,12,4,0.75,0.25,38,44,-0.05516093192571106,-0.14724187438805098,0.00338806264991203,2,2,44,43,1,43,0.9772727272727273,6,0.022727272727272728,0.00021349999587982893
409,21461338,3,suffix,8,16,12,4,0.75,0.25,38,44,-0.05516093192571106,-0.14724187438805098,0.00338806264991203,2,2,56,55,1,67,1.1964285714285714,6,0.017857142857142856,0.00028810001094825566
410,21461339,3,prefix,8,16,12,4,0.75,0.25,38,44,-0.04177078279125348,-0.01657892758781735,-0.05437249744231751,4,4,44,41,3,17,0.38636363636363635,4,0.06818181818181818,0.0001745000045048073
410,21461339,3,suffix,8,16,12,4,0.75,0.25,38,44,-0.04177078279125348,-0.01657892758781735,-0.05437249744231751,4,4,80,77,3,161,2.0125,4,0.0375,0.0005432000034488738
411,21461340,3,prefix,8,16,12,4,0.75,0.25,38,44,0.21050027064254756,-0.09628409647194203,0.08850909155642067,3,3,44,41,3,27,0.6136363636363636,4,0.06818181818181818,0.00019120000069960952
411,21461340,3,suffix,8,16,12,4,0.75,0.25,38,44,0.21050027064254756,-0.09628409647194203,0.08850909155642067,3,3,68,65,3,99,1.4558823529411764,4,0.04411764705882353,0.00037599999632220715
412,21461341,3,prefix,8,16,12,4,0.75,0.25,38,44,0.3680452285389141,0.09539655943317113,0.14859249295401555,6,6,44,42,2,34,0.7727272727272727,6,0.045454545454545456,0.0002018999948631972
412,21461341,3,suffix,8,16,12,4,0.75,0.25,38,44,0.3680452285389141,0.09539655943317113,0.14859249295401555,6,6,104,102,2,394,3.7884615384615383,6,0.019230769230769232,0.0009516999998595566
413,21461342,3,prefix,8,16,12,4,0.75,0.25,38,44,0.11202743779966359,-0.1667956220496433,-0.22649213727568734,3,3,44,39,5,16,0.36363636363636365,3,0.11363636363636363,0.0001804000057745725
413,21461342,3,suffix,8,16,12,4,0.75,0.25,38,44,0.11202743779966359,-0.1667956220496433,-0.22649213727568734,3,3,68,63,5,88,1.2941176470588236,3,0.07352941176470588,0.0007233000069390982
414,21461343,3,prefix,8,16,12,4,0.75,0.25,38,44,-0.019403411165392546,-0.24497647872881723,0.21882117629152617,5,5,44,41,3,23,0.5227272727272727,5,0.06818181818181818,0.0001959000073838979
414,21461343,3,suffix,8,16,12,4,0.75,0.25,38,44,-0.019403411165392546,-0.24497647872881723,0.21882117629152617,5,5,92,89,3,263,2.858695652173913,5,0.03260869565217391,0.0007297999982256442
415,21461344,3,prefix,8,16,12,4,0.75,0.25,38,44,-0.10800265126366827,0.18939004657223468,-0.008764249765935152,6,6,44,42,2,34,0.7727272727272727,6,0.045454545454545456,0.0002142000012099743
415,21461344,3,suffix,8,16,12,4,0.75,0.25,38,44,-0.10800265126366827,0.18939004657223468,-0.008764249765935152,6,6,104,102,2,394,3.7884615384615383,6,0.019230769230769232,0.0009661999938543886
416,21461345,3,prefix,8,16,12,4,0.75,0.25,38,44,-0.07798894683378874,0.015484853245125114,0.13055119974839188,3,3,44,39,5,11,0.25,3,0.11363636363636363,0.0001655999949434772
416,21461345,3,suffix,8,16,12,4,0.75,0.25,38,44,-0.07798894683378874,0.015484853245125114,0.13055119974839188,3,3,68,63,5,83,1.2205882352941178,3,0.07352941176470588,0.00034779999987222254
417,21461346,3,prefix,8,16,12,4,0.75,0.25,38,44,-0.08012873469752343,0.2506996665710715,-0.06734768300411671,4,4,44,42,2,22,0.5,4,0.045454545454545456,0.00019410000822972506
417,21461346,3,suffix,8,16,12,4,0.75,0.25,38,44,-0.08012873469752343,0.2506996665710715,-0.06734768300411671,4,4,80,78,2,166,2.075,4,0.025,0.0005294000002322719
418,21461347,3,prefix,8,16,12,4,0.75,0.25,38,44,0.2535446253609621,0.13616344037178543,-0.007072347789917669,3,3,44,40,4,16,0.36363636363636365,3,0.09090909090909091,0.00019069999689236283
418,21461347,3,suffix,8,16,12,4,0.75,0.25,38,44,0.2535446253609621,0.13616344037178543,-0.007072347789917669,3,3,68,64,4,88,1.2941176470588236,3,0.058823529411764705,0.0003595000016503036
419,21461348,3,prefix,8,16,12,4,0.75,0.25,38,44,0.02610742744248907,-0.13851485848655595,-0.0005670261762196242,5,5,44,41,3,23,0.5227272727272727,5,0.06818181818181818,0.00018209998961538076
419,21461348,3,suffix,8,16,12,4,0.75,0.25,38,44,0.02610742744248907,-0.13851485848655595,-0.0005670261762196242,5,5,92,89,3,263,2.858695652173913,5,0.03260869565217391,0.0007104999967850745
420,21461349,3,prefix,8,16,12,4,0.75,0.25,38,44,0.19422226215728775,0.20418438747963552,0.20646600482705407,2,2,44,38,6,8,0.18181818181818182,2,0.13636363636363635,0.00015830001211725175
420,21461349,3,suffix,8,16,12,4,0.75,0.25,38,44,0.19422226215728775,0.20418438747963552,0.20646600482705407,2,2,56,50,6,32,0.5714285714285714,2,0.10714285714285714,0.00023130000045057386
421,21461350,3,prefix,8,16,12,4,0.75,0.25,38,44,-0.14508224099987724,0.06370872644595445,0.003930876533594477,3,3,44,39,5,11,0.25,3,0.11363636363636363,0.00015979999443516135
421,21461350,3,suffix,8,16,12,4,0.75,0.25,38,44,-0.14508224099987724,0.06370872644595445,0.003930876533594477,3,3,68,63,5,83,1.2205882352941178,3,0.07352941176470588,0.00036029999318998307
422,21461351,3,prefix,8,16,12,4,0.75,0.25,38,44,0.2026154564465359,0.4137713544809439,0.21249327088694878,4,4,44,40,4,17,0.38636363636363635,4,0.09090909090909091,0.00017499999376013875
422,21461351,3,suffix,8,16,12,4,0.75,0.25,38,44,0.2026154564465359,0.4137713544809439,0.21249327088694878,4,4,80,76,4,161,2.0125,4,0.05,0.000510000012582168
423,21461352,3,prefix,8,16,12,4,0.75,0.25,38,44,0.04565289452173134,0.1341187597741551,-0.039807924175314036,4,4,44,41,3,21,0.4772727272727273,4,0.06818181818181818,0.00019049999536946416
423,21461352,3,suffix,8,16,12,4,0.75,0.25,38,44,0.04565289452173134,0.1341187597741551,-0.039807924175314036,4,4,80,77,3,165,2.0625,4,0.0375,0.0005228000081842765
424,21461353,3,prefix,8,16,12,4,0.75,0.25,38,44,-0.15547154614318986,0.2701339593617126,0.07560841731985969,6,6,44,42,2,37,0.8409090909090909,6,0.045454545454545456,0.00020799999765586108
424,21461353,3,suffix,8,16,12,4,0.75,0.25,38,44,-0.15547154614318986,0.2701339593617126,0.07560841731985969,6,6,104,102,2,397,3.8173076923076925,6,0.019230769230769232,0.0010722000006353483
425,21461354,3,prefix,8,16,12,4,0.75,0.25,38,44,-0.0020013861597485247,-0.03476171015053512,-0.02347276702274006,2,2,44,39,5,16,0.36363636363636365,2,0.11363636363636363,0.00017579999985173345
425,21461354,3,suffix,8,16,12,4,0.75,0.25,38,44,-0.0020013861597485247,-0.03476171015053512,-0.02347276702274006,2,2,56,51,5,40,0.7142857142857143,2,0.08928571428571429,0.00024339999072253704
426,21461355,3,prefix,8,16,12,4,0.75,0.25,38,44,0.09613551184040647,0.16608350539648806,0.12769327047851148,3,3,44,39,5,12,0.2727272727272727,3,0.11363636363636363,0.00016510000568814576
426,21461355,3,suffix,8,16,12,4,0.75,0.25,38,44,0.09613551184040647,0.16608350539648806,0.12769327047851148,3,3,68,63,5,84,1.2352941176470589,3,0.07352941176470588,0.0003524999920045957
427,21461356,3,prefix,8,16,12,4,0.75,0.25,38,44,0.048306459271786506,0.15895224349319154,-0.104969472534438,7,7,44,43,1,45,1.0227272727272727,7,0.022727272727272728,0.00021880000713281333
427,21461356,3,suffix,8,16,12,4,0.75,0.25,38,44,0.048306459271786506,0.15895224349319154,-0.104969472534438,7,7,116,115,1,549,4.732758620689655,7,0.008620689655172414,0.0012509000080171973
428,21461357,3,prefix,8,16,12,4,0.75,0.25,38,44,0.032935519857138565,0.07584136278000884,0.1551852098853307,1,1,44,37,7,7,0.1590909090909091,1,0.1590909090909091,0.00015409999468829483
428,21461357,3,suffix,8,16,12,4,0.75,0.25,38,44,0.032935519857138565,0.07584136278000884,0.1551852098853307,1,1,44,37,7,7,0.1590909090909091,1,0.1590909090909091,0.00014940000255592167
429,21461358,3,prefix,8,16,12,4,0.75,0.25,38,44,0.1435921221996792,0.23024402127767785,0.042272323752773185,3,3,44,42,2,26,0.5909090909090909,3,0.045454545454545456,0.0001883000077214092
429,21461358,3,suffix,8,16,12,4,0.75,0.25,38,44,0.1435921221996792,0.23024402127767785,0.042272323752773185,3,3,68,66,2,98,1.4411764705882353,3,0.029411764705882353,0.000378400000045076
430,21461359,3,prefix,8,16,12,4,0.75,0.25,38,44,-0.13599935356748033,0.05293048560357383,-0.007017404038586256,4,4,44,40,4,21,0.4772727272727273,4,0.09090909090909091,0.00018020000425167382
430,21461359,3,suffix,8,16,12,4,0.75,0.25,38,44,-0.13599935356748033,0.05293048560357383,-0.007017404038586256,4,4,80,76,4,165,2.0625,4,0.05,0.000552500001504086
431,21461360,3,prefix,8,16,12,4,0.75,0.25,38,44,-0.19034282127648067,-0.0018967775244162221,-0.08783521322249435,4,4,44,40,4,23,0.5227272727272727,4,0.09090909090909091,0.0001816000003600493
431,21461360,3,suffix,8,16,12,4,0.75,0.25,38,44,-0.19034282127648067,-0.0018967775244162221,-0.08783521322249435,4,4,80,76,4,167,2.0875,4,0.05,0.0005143000016687438
432,21461361,3,prefix,8,16,12,4,0.75,0.25,38,44,0.03347575413335518,-0.3097357494781363,0.343471902644319,5,5,44,42,2,32,0.7272727272727273,5,0.045454545454545456,0.0001990000018849969
432,21461361,3,suffix,8,16,12,4,0.75,0.25,38,44,0.03347575413335518,-0.3097357494781363,0.343471902644319,5,5,92,90,2,272,2.9565217391304346,5,0.021739130434782608,0.0007257999968715012
433,21461362,3,prefix,8,16,12,4,0.75,0.25,38,44,0.1744207535520876,-0.3461962382470419,-0.07357505398220732,3,3,44,40,4,15,0.3409090909090909,3,0.09090909090909091,0.00016840000171214342
433,21461362,3,suffix,8,16,12,4,0.75,0.25,38,44,0.1744207535520876,-0.3461962382470419,-0.07357505398220732,3,3,68,64,4,87,1.2794117647058822,3,0.058823529411764705,0.00035650000791065395
434,21461363,3,prefix,8,16,12,4,0.75,0.25,38,44,0.10034458577687023,0.0767128724839022,-0.19977175514039716,5,5,44,41,3,24,0.5454545454545454,5,0.06818181818181818,0.00018450000789016485
434,21461363,3,suffix,8,16,12,4,0.75,0.25,38,44,0.10034458577687023,0.0767128724839022,-0.19977175514039716,5,5,92,89,3,264,2.869565217391304,5,0.03260869565217391,0.0007046999962767586
435,21461364,3,prefix,8,16,12,4,0.75,0.25,38,44,0.14129554159615157,-0.07051483400038776,0.09637968961520461,6,6,44,43,1,37,0.8409090909090909,6,0.022727272727272728,0.00020819999917875975
435,21461364,3,suffix,8,16,12,4,0.75,0.25,38,44,0.14129554159615157,-0.07051483400038776,0.09637968961520461,6,6,104,103,1,397,3.8173076923076925,6,0.009615384615384616,0.0009639000054448843
436,21461365,3,prefix,8,16,12,4,0.75,0.25,38,44,-0.06845828892234913,-0.01865227817949337,-0.38582974633123107,5,5,44,42,2,33,0.75,5,0.045454545454545456,0.00023259999579750001
436,21461365,3,suffix,8,16,12,4,0.75,0.25,38,44,-0.06845828892234913,-0.01865227817949337,-0.38582974633123107,5,5,92,90,2,273,2.967391304347826,5,0.021739130434782608,0.0007493000011891127
437,21461366,3,prefix,8,16,12,4,0.75,0.25,38,44,-0.2645279463453567,-0.07115780168542803,-0.03393023139138719,6,6,44,42,2,33,0.75,6,0.045454545454545456,0.00020059999951627105
437,21461366,3,suffix,8,16,12,4,0.75,0.25,38,44,-0.2645279463453567,-0.07115780168542803,-0.03393023139138719,6,6,104,102,2,393,3.7788461538461537,6,0.019230769230769232,0.0009615000017220154
438,21461367,3,prefix,8,16,12,4,0.75,0.25,38,44,-0.14686712314648323,-0.1575665252366874,0.03396168068856015,3,3,44,39,5,13,0.29545454545454547,3,0.11363636363636363,0.0001748999929986894
438,21461367,3,suffix,8,16,12,4,0.75,0.25,38,44,-0.14686712314648323,-0.1575665252366874,0.03396168068856015,3,3,68,63,5,85,1.25,3,0.07352941176470588,0.00035170000046491623
439,21461368,3,prefix,8,16,12,4,0.75,0.25,38,44,-0.3929441070724244,-0.16917254024821707,0.19917808032177028,4,4,44,40,4,23,0.5227272727272727,4,0.09090909090909091,0.00018020000425167382
439,21461368,3,suffix,8,16,12,4,0.75,0.25,38,44,-0.3929441070724244,-0.16917254024821707,0.19917808032177028,4,4,80,76,4,167,2.0875,4,0.05,0.0005151999939698726
440,21461369,3,prefix,8,16,12,4,0.75,0.25,38,44,-0.1362950766326076,-0.047358945248341125,0.020076107356969596,5,5,44,42,2,29,0.6590909090909091,5,0.045454545454545456,0.00019380000594537705
440,21461369,3,suffix,8,16,12,4,0.75,0.25,38,44,-0.1362950766326076,-0.047358945248341125,0.020076107356969596,5,5,92,90,2,269,2.9239130434782608,5,0.021739130434782608,0.0007277999975485727
441,21461370,3,prefix,8,16,12,4,0.75,0.25,38,44,0.05788075736034081,-0.0427286801428844,-0.20323271624615497,6,6,44,43,1,38,0.8636363636363636,6,0.022727272727272728,0.00020719999156426638
441,21461370,3,suffix,8,16,12,4,0.75,0.25,38,44,0.05788075736034081,-0.0427286801428844,-0.20323271624615497,6,6,104,103,1,398,3.826923076923077,6,0.009615384615384616,0.0009657999908085912
442,21461371,3,prefix,8,16,12,4,0.75,0.25,38,44,0.060952077756928257,-0.09224940901800346,-0.027086841191172495,4,4,44,41,3,18,0.4090909090909091,4,0.06818181818181818,0.00017769999976735562
442,21461371,3,suffix,8,16,12,4,0.75,0.25,38,44,0.060952077756928257,-0.09224940901800346,-0.027086841191172495,4,4,80,77,3,162,2.025,4,0.0375,0.0005508000031113625
443,21461372,3,prefix,8,16,12,4,0.75,0.25,38,44,-0.17210709812853142,0.00588663510643307,0.14906235852349797,3,3,44,40,4,17,0.38636363636363635,3,0.09090909090909091,0.00017249998927582055
443,21461372,3,suffix,8,16,12,4,0.75,0.25,38,44,-0.17210709812853142,0.00588663510643307,0.14906235852349797,3,3,68,64,4,89,1.3088235294117647,3,0.058823529411764705,0.0003630999999586493
444,21461373,3,prefix,8,16,12,4,0.75,0.25,38,44,-0.027730983863450086,-0.15425594459493097,-0.17023045638724038,5,5,44,41,3,29,0.6590909090909091,5,0.06818181818181818,0.00019370000518392771
444,21461373,3,suffix,8,16,12,4,0.75,0.25,38,44,-0.027730983863450086,-0.15425594459493097,-0.17023045638724038,5,5,92,89,3,269,2.9239130434782608,5,0.03260869565217391,0.0007206000009318814
445,21461374,3,prefix,8,16,12,4,0.75,0.25,38,44,0.014627108245853535,0.08530891079387531,-0.24208407858316394,4,4,44,40,4,16,0.36363636363636365,4,0.09090909090909091,0.00016759999562054873
445,21461374,3,suffix,8,16,12,4,0.75,0.25,38,44,0.014627108245853535,0.08530891079387531,-0.24208407858316394,4,4,80,76,4,160,2.0,4,0.05,0.0005080999981146306
446,21461375,3,prefix,8,16,12,4,0.75,0.25,38,44,0.14960603100655587,0.019704404870894525,0.062154434136683846,3,3,44,39,5,11,0.25,3,0.11363636363636363,0.0001618999958736822
446,21461375,3,suffix,8,16,12,4,0.75,0.25,38,44,0.14960603100655587,0.019704404870894525,0.062154434136683846,3,3,68,63,5,83,1.2205882352941178,3,0.07352941176470588,0.00036020000698044896
447,21461376,3,prefix,8,16,12,4,0.75,0.25,38,44,-0.0039774209186708796,-0.04302007410163514,0.1154517384405772,5,5,44,41,3,28,0.6363636363636364,5,0.06818181818181818,0.0002170999941881746
447,21461376,3,suffix,8,16,12,4,0.75,0.25,38,44,-0.0039774209186708796,-0.04302007410163514,0.1154517384405772,5,5,92,89,3,268,2.9130434782608696,5,0.03260869565217391,0.0008440999954473227
448,21461377,3,prefix,8,16,12,4,0.75,0.25,38,44,-0.1516344877236366,-0.10954111077509679,0.04489745582999057,6,6,44,42,2,36,0.8181818181818182,6,0.045454545454545456,0.0002066000015474856
448,21461377,3,suffix,8,16,12,4,0.75,0.25,38,44,-0.1516344877236366,-0.10954111077509679,0.04489745582999057,6,6,104,102,2,396,3.8076923076923075,6,0.019230769230769232,0.0009582000056980178
449,21461378,3,prefix,8,16,12,4,0.75,0.25,38,44,-0.05698041731392604,-0.15664968372312715,0.17744190213151825,5,5,44,42,2,36,0.8181818181818182,5,0.045454545454545456,0.00020299998868722469
449,21461378,3,suffix,8,16,12,4,0.75,0.25,38,44,-0.05698041731392604,-0.15664968372312715,0.17744190213151825,5,5,92,90,2,276,3.0,5,0.021739130434782608,0.0007244999869726598
450,21461379,3,prefix,8,16,12,4,0.75,0.25,38,44,0.033101022403380365,0.04632780716080967,-0.08191249102098615,5,5,44,41,3,26,0.5909090909090909,5,0.06818181818181818,0.00029090000316500664
450,21461379,3,suffix,8,16,12,4,0.75,0.25,38,44,0.033101022403380365,0.04632780716080967,-0.08191249102098615,5,5,92,89,3,266,2.891304347826087,5,0.03260869565217391,0.0007176000071922317
451,21461380,3,prefix,8,16,12,4,0.75,0.25,38,44,0.1165257275952677,0.007278797321208145,-0.21440052143472432,6,6,44,42,2,32,0.7272727272727273,6,0.045454545454545456,0.00025079998886212707
451,21461380,3,suffix,8,16,12,4,0.75,0.25,38,44,0.1165257275952677,0.007278797321208145,-0.21440052143472432,6,6,104,102,2,392,3.769230769230769,6,0.019230769230769232,0.0009544000058667734
452,21461381,3,prefix,8,16,12,4,0.75,0.25,38,44,-0.04958131001562596,0.1546602321486318,0.10480069063157885,4,4,44,40,4,21,0.4772727272727273,4,0.09090909090909091,0.00027409999165683985
452,21461381,3,suffix,8,16,12,4,0.75,0.25,38,44,-0.04958131001562596,0.1546602321486318,0.10480069063157885,4,4,80,76,4,165,2.0625,4,0.05,0.0007673000072827563
453,21461382,3,prefix,8,16,12,4,0.75,0.25,38,44,0.05220181859284239,-0.1007414415348708,-0.015817019717063223,6,6,44,43,1,41,0.9318181818181818,6,0.022727272727272728,0.00021800000104121864
453,21461382,3,suffix,8,16,12,4,0.75,0.25,38,44,0.05220181859284239,-0.1007414415348708,-0.015817019717063223,6,6,104,103,1,401,3.855769230769231,6,0.009615384615384616,0.0009652000007918105
454,21461383,3,prefix,8,16,12,4,0.75,0.25,38,44,-0.1105539895531123,0.07893472201864678,-0.04818550592226052,4,4,44,41,3,22,0.5,4,0.06818181818181818,0.00018560000171419233
454,21461383,3,suffix,8,16,12,4,0.75,0.25,38,44,-0.1105539895531123,0.07893472201864678,-0.04818550592226052,4,4,80,77,3,166,2.075,4,0.0375,0.0005123000009916723
455,21461384,3,prefix,8,16,12,4,0.75,0.25,38,44,0.24031271757378134,-0.0888198381873385,0.02831334203605572,3,3,44,40,4,15,0.3409090909090909,3,0.09090909090909091,0.00016920000780373812
455,21461384,3,suffix,8,16,12,4,0.75,0.25,38,44,0.24031271757378134,-0.0888198381873385,0.02831334203605572,3,3,68,64,4,87,1.2794117647058822,3,0.058823529411764705,0.0003564000071492046
456,21461385,3,prefix,8,16,12,4,0.75,0.25,38,44,0.21735442428205476,0.008422162059862731,0.2323241151206906,3,3,44,39,5,13,0.29545454545454547,3,0.11363636363636363,0.00016509999113623053
456,21461385,3,suffix,8,16,12,4,0.75,0.25,38,44,0.21735442428205476,0.008422162059862731,0.2323241151206906,3,3,68,63,5,85,1.25,3,0.07352941176470588,0.00034919999598059803
457,21461386,3,prefix,8,16,12,4,0.75,0.25,38,44,0.181086560860292,0.03363864043186836,-0.05252852950449174,5,5,44,41,3,24,0.5454545454545454,5,0.06818181818181818,0.00018130001262761652
457,21461386,3,suffix,8,16,12,4,0.75,0.25,38,44,0.181086560860292,0.03363864043186836,-0.05252852950449174,5,5,92,89,3,264,2.869565217391304,5,0.03260869565217391,0.0007206999871414155
458,21461387,3,prefix,8,16,12,4,0.75,0.25,38,44,-0.20891798755486812,0.06942658560812486,0.05818330368872689,8,8,44,44,0,56,1.2727272727272727,8,0.0,0.00023570000485051423
458,21461387,3,suffix,8,16,12,4,0.75,0.25,38,44,-0.20891798755486812,0.06942658560812486,0.05818330368872689,8,8,128,128,0,728,5.6875,8,0.0,0.0015726999990874901
459,21461388,3,prefix,8,16,12,4,0.75,0.25,38,44,0.060596485993487645,0.08948493819109131,0.05029688721236076,2,2,44,38,6,13,0.29545454545454547,2,0.13636363636363635,0.00018489999638404697
459,21461388,3,suffix,8,16,12,4,0.75,0.25,38,44,0.060596485993487645,0.08948493819109131,0.05029688721236076,2,2,56,50,6,37,0.6607142857142857,2,0.10714285714285714,0.00023750000400468707
460,21461389,3,prefix,8,16,12,4,0.75,0.25,38,44,-0.2044818718817448,-0.11331378199536506,-0.001024364366084748,4,4,44,40,4,23,0.5227272727272727,4,0.09090909090909091,0.00020009999570902437
460,21461389,3,suffix,8,16,12,4,0.75,0.25,38,44,-0.2044818718817448,-0.11331378199536506,-0.001024364366084748,4,4,80,76,4,167,2.0875,4,0.05,0.0005435000057332218
461,21461390,3,prefix,8,16,12,4,0.75,0.25,38,44,-0.3408875899425268,0.019851976188820786,0.11077809257508818,6,6,44,42,2,35,0.7954545454545454,6,0.045454545454545456,0.0002103000006172806
461,21461390,3,suffix,8,16,12,4,0.75,0.25,38,44,-0.3408875899425268,0.019851976188820786,0.11077809257508818,6,6,104,102,2,395,3.798076923076923,6,0.019230769230769232,0.000952799993683584
462,21461391,3,prefix,8,16,12,4,0.75,0.25,38,44,-0.247957671177212,-0.08336960465512708,0.16089607889855528,3,3,44,40,4,19,0.4318181818181818,3,0.09090909090909091,0.00017659999139141291
462,21461391,3,suffix,8,16,12,4,0.75,0.25,38,44,-0.247957671177212,-0.08336960465512708,0.16089607889855528,3,3,68,64,4,91,1.338235294117647,3,0.058823529411764705,0.0003693999897222966
463,21461392,3,prefix,8,16,12,4,0.75,0.25,38,44,-0.03626132501069735,0.010593645005272366,0.021652939499348337,5,5,44,42,2,39,0.8863636363636364,5,0.045454545454545456,0.0002103000006172806
463,21461392,3,suffix,8,16,12,4,0.75,0.25,38,44,-0.03626132501069735,0.010593645005272366,0.021652939499348337,5,5,92,90,2,279,3.032608695652174,5,0.021739130434782608,0.0007542999956058338
464,21461393,3,prefix,8,16,12,4,0.75,0.25,38,44,0.007638412203636097,-0.019364247388212626,-0.17250330146485798,4,4,44,40,4,17,0.38636363636363635,4,0.09090909090909091,0.00017410000145900995
464,21461393,3,suffix,8,16,12,4,0.75,0.25,38,44,0.007638412203636097,-0.019364247388212626,-0.17250330146485798,4,4,80,76,4,161,2.0125,4,0.05,0.0005056000081822276
465,21461394,3,prefix,8,16,12,4,0.75,0.25,38,44,0.09763074809795935,-0.023804502170130703,-0.29653996104240515,6,6,44,43,1,33,0.75,6,0.022727272727272728,0.00020819999917875975
465,21461394,3,suffix,8,16,12,4,0.75,0.25,38,44,0.09763074809795935,-0.023804502170130703,-0.29653996104240515,6,6,104,103,1,393,3.7788461538461537,6,0.009615384615384616,0.0009586999949533492
466,21461395,3,prefix,8,16,12,4,0.75,0.25,38,44,0.07318136481585134,0.18988779334972136,-0.052782336069096415,4,4,44,40,4,23,0.5227272727272727,4,0.09090909090909091,0.0001880999916465953
466,21461395,3,suffix,8,16,12,4,0.75,0.25,38,44,0.07318136481585134,0.18988779334972136,-0.052782336069096415,4,4,80,76,4,167,2.0875,4,0.05,0.0005317000031936914
467,21461396,3,prefix,8,16,12,4,0.75,0.25,38,44,0.09676556810711641,-0.2138329988417772,-0.22078743960787936,6,6,44,42,2,34,0.7727272727272727,6,0.045454545454545456,0.00019990000873804092
467,21461396,3,suffix,8,16,12,4,0.75,0.25,38,44,0.09676556810711641,-0.2138329988417772,-0.22078743960787936,6,6,104,102,2,394,3.7884615384615383,6,0.019230769230769232,0.0009711999882711098
468,21461397,3,prefix,8,16,12,4,0.75,0.25,38,44,0.17395253692511953,0.07026069032999159,0.14958031071656663,5,5,44,41,3,23,0.5227272727272727,5,0.06818181818181818,0.00018339999951422215
468,21461397,3,suffix,8,16,12,4,0.75,0.25,38,44,0.17395253692511953,0.07026069032999159,0.14958031071656663,5,5,92,89,3,263,2.858695652173913,5,0.03260869565217391,0.0007111000013537705
469,21461398,3,prefix,8,16,12,4,0.75,0.25,38,44,0.02409886212120529,0.13109710318244625,0.1950960995042482,4,4,44,40,4,16,0.36363636363636365,4,0.09090909090909091,0.00034479999158065766
469,21461398,3,suffix,8,16,12,4,0.75,0.25,38,44,0.02409886212120529,0.13109710318244625,0.1950960995042482,4,4,80,76,4,160,2.0,4,0.05,0.000513100007083267
470,21461399,3,prefix,8,16,12,4,0.75,0.25,38,44,0.26355006946607046,0.012699241061985226,-0.055290572360864855,5,5,44,42,2,28,0.6363636363636364,5,0.045454545454545456,0.0002167999919038266
470,21461399,3,suffix,8,16,12,4,0.75,0.25,38,44,0.26355006946607046,0.012699241061985226,-0.055290572360864855,5,5,92,90,2,268,2.9130434782608696,5,0.021739130434782608,0.0007150000019464642
471,21461400,3,prefix,8,16,12,4,0.75,0.25,38,44,0.09307279452267979,0.21826573622604067,-0.23942582012540906,3,3,44,39,5,14,0.3181818181818182,3,0.11363636363636363,0.0001655999949434772
471,21461400,3,suffix,8,16,12,4,0.75,0.25,38,44,0.09307279452267979,0.21826573622604067,-0.23942582012540906,3,3,68,63,5,86,1.2647058823529411,3,0.07352941176470588,0.00034810000215657055
472,21461401,3,prefix,8,16,12,4,0.75,0.25,38,44,0.27494499897974717,-0.05406378433550951,0.14571320038903587,2,2,44,39,5,9,0.20454545454545456,2,0.11363636363636363,0.00015950000670272857
472,21461401,3,suffix,8,16,12,4,0.75,0.25,38,44,0.27494499897974717,-0.05406378433550951,0.14571320038903587,2,2,56,51,5,33,0.5892857142857143,2,0.08928571428571429,0.00025969999842345715
473,21461402,3,prefix,8,16,12,4,0.75,0.25,38,44,0.07786128761876035,0.0681373831219716,-0.11436597432351807,6,6,44,42,2,32,0.7272727272727273,6,0.045454545454545456,0.0001964999974006787
473,21461402,3,suffix,8,16,12,4,0.75,0.25,38,44,0.07786128761876035,0.0681373831219716,-0.11436597432351807,6,6,104,102,2,392,3.769230769230769,6,0.019230769230769232,0.0009549000096740201
474,21461403,3,prefix,8,16,12,4,0.75,0.25,38,44,-0.2425606741278358,0.4079941493355128,-0.23591511773649657,6,6,44,42,2,34,0.7727272727272727,6,0.045454545454545456,0.00020950000907760113
474,21461403,3,suffix,8,16,12,4,0.75,0.25,38,44,-0.2425606741278358,0.4079941493355128,-0.23591511773649657,6,6,104,102,2,394,3.7884615384615383,6,0.019230769230769232,0.0009610999986762181
475,21461404,3,prefix,8,16,12,4,0.75,0.25,38,44,0.20336919335891088,-0.05858540150487474,-0.07858850438522923,4,4,44,40,4,20,0.45454545454545453,4,0.09090909090909091,0.00017759999900590628
475,21461404,3,suffix,8,16,12,4,0.75,0.25,38,44,0.20336919335891088,-0.05858540150487474,-0.07858850438522923,4,4,80,76,4,164,2.05,4,0.05,0.0005176999984541908
476,21461405,3,prefix,8,16,12,4,0.75,0.25,38,44,-0.04561467647452788,-0.1344216206680344,-0.04771164500004398,6,6,44,42,2,35,0.7954545454545454,6,0.045454545454545456,0.00020769999537151307
476,21461405,3,suffix,8,16,12,4,0.75,0.25,38,44,-0.04561467647452788,-0.1344216206680344,-0.04771164500004398,6,6,104,102,2,395,3.798076923076923,6,0.019230769230769232,0.0009557000012136996
477,21461406,3,prefix,8,16,12,4,0.75,0.25,38,44,-0.024163056110668386,-0.12868500922939263,-0.15832430068135198,5,5,44,42,2,32,0.7272727272727273,5,0.045454545454545456,0.0002027000009547919
477,21461406,3,suffix,8,16,12,4,0.75,0.25,38,44,-0.024163056110668386,-0.12868500922939263,-0.15832430068135198,5,5,92,90,2,272,2.9565217391304346,5,0.021739130434782608,0.0007216999947559088
478,21461407,3,prefix,8,16,12,4,0.75,0.25,38,44,0.2663084445399602,0.14284264547921663,0.05256199821295071,5,5,44,41,3,29,0.6590909090909091,5,0.06818181818181818,0.00019459999748505652
478,21461407,3,suffix,8,16,12,4,0.75,0.25,38,44,0.2663084445399602,0.14284264547921663,0.05256199821295071,5,5,92,89,3,269,2.9239130434782608,5,0.03260869565217391,0.0007285000028787181
479,21461408,3,prefix,8,16,12,4,0.75,0.25,38,44,0.060423621317507226,0.00920829023165927,0.24546280473825058,3,3,44,39,5,11,0.25,3,0.11363636363636363,0.00016760001017246395
479,21461408,3,suffix,8,16,12,4,0.75,0.25,38,44,0.060423621317507226,0.00920829023165927,0.24546280473825058,3,3,68,63,5,83,1.2205882352941178,3,0.07352941176470588,0.00034860000596381724
480,21461409,3,prefix,8,16,12,4,0.75,0.25,38,44,0.2799744974788753,0.0807640421841001,-0.05475729700790876,5,5,44,41,3,27,0.6136363636363636,5,0.06818181818181818,0.00019669999892357737
480,21461409,3,suffix,8,16,12,4,0.75,0.25,38,44,0.2799744974788753,0.0807640421841001,-0.05475729700790876,5,5,92,89,3,267,2.902173913043478,5,0.03260869565217391,0.0007178999949246645
481,21461410,3,prefix,8,16,12,4,0.75,0.25,38,44,-0.18627418036472024,-0.05670320275127804,-0.012651752890836445,3,3,44,39,5,11,0.25,3,0.11363636363636363,0.00016120000509545207
481,21461410,3,suffix,8,16,12,4,0.75,0.25,38,44,-0.18627418036472024,-0.05670320275127804,-0.012651752890836445,3,3,68,63,5,83,1.2205882352941178,3,0.07352941176470588,0.0003603999939514324
482,21461411,3,prefix,8,16,12,4,0.75,0.25,38,44,0.05202691864586467,-0.1206434677190776,-0.16744705171277255,3,3,44,41,3,22,0.5,3,0.06818181818181818,0.00018370000179857016
482,21461411,3,suffix,8,16,12,4,0.75,0.25,38,44,0.05202691864586467,-0.1206434677190776,-0.16744705171277255,3,3,68,65,3,94,1.3823529411764706,3,0.04411764705882353,0.000371000001905486
483,21461412,3,prefix,8,16,12,4,0.75,0.25,38,44,-0.16049722659599247,-0.12888083512951592,0.11246178984492991,4,4,44,40,4,23,0.5227272727272727,4,0.09090909090909091,0.000182100004167296
483,21461412,3,suffix,8,16,12,4,0.75,0.25,38,44,-0.16049722659599247,-0.12888083512951592,0.11246178984492991,4,4,80,76,4,167,2.0875,4,0.05,0.000523599999723956
484,21461413,3,prefix,8,16,12,4,0.75,0.25,38,44,0.05218769104873199,-0.2615381420366032,0.04297930500942032,5,5,44,42,2,28,0.6363636363636364,5,0.045454545454545456,0.0001931000006152317
484,21461413,3,suffix,8,16,12,4,0.75,0.25,38,44,0.05218769104873199,-0.2615381420366032,0.04297930500942032,5,5,92,90,2,268,2.9130434782608696,5,0.021739130434782608,0.000727599996025674
485,21461414,3,prefix,8,16,12,4,0.75,0.25,38,44,0.07794503494604675,-0.11623792505868523,-0.1929326599652466,6,6,44,43,1,42,0.9545454545454546,6,0.022727272727272728,0.00021340000967029482
485,21461414,3,suffix,8,16,12,4,0.75,0.25,38,44,0.07794503494604675,-0.11623792505868523,-0.1929326599652466,6,6,104,103,1,402,3.8653846153846154,6,0.009615384615384616,0.0009666999976616353
486,21461415,3,prefix,8,16,12,4,0.75,0.25,38,44,-0.25275161697826076,-0.06844748230877966,-0.20641559774433516,4,4,44,40,4,19,0.4318181818181818,4,0.09090909090909091,0.00017669999215286225
486,21461415,3,suffix,8,16,12,4,0.75,0.25,38,44,-0.25275161697826076,-0.06844748230877966,-0.20641559774433516,4,4,80,76,4,163,2.0375,4,0.05,0.0005104000010760501
487,21461416,3,prefix,8,16,12,4,0.75,0.25,38,44,0.15656322895919414,0.16880787488981328,0.08959442371439943,3,3,44,41,3,22,0.5,3,0.06818181818181818,0.0001835999864852056
487,21461416,3,suffix,8,16,12,4,0.75,0.25,38,44,0.15656322895919414,0.16880787488981328,0.08959442371439943,3,3,68,65,3,94,1.3823529411764706,3,0.04411764705882353,0.00037629999860655516
488,21461417,3,prefix,8,16,12,4,0.75,0.25,38,44,0.1215889295653281,0.12168298949350302,0.14448354593418103,3,3,44,39,5,13,0.29545454545454547,3,0.11363636363636363,0.00016650000179652125
488,21461417,3,suffix,8,16,12,4,0.75,0.25,38,44,0.1215889295653281,0.12168298949350302,0.14448354593418103,3,3,68,63,5,85,1.25,3,0.07352941176470588,0.000348599991411902
489,21461418,3,prefix,8,16,12,4,0.75,0.25,38,44,-0.07866992796092574,0.07652233998252249,-0.12992597852998064,5,5,44,41,3,23,0.5227272727272727,5,0.06818181818181818,0.00018100001034326851
489,21461418,3,suffix,8,16,12,4,0.75,0.25,38,44,-0.07866992796092574,0.07652233998252249,-0.12992597852998064,5,5,92,89,3,263,2.858695652173913,5,0.03260869565217391,0.0007103999960236251
490,21461419,3,prefix,8,16,12,4,0.75,0.25,38,44,-0.0177750720987788,0.12015610785307919,0.11875442909937449,6,6,44,42,2,36,0.8181818181818182,6,0.045454545454545456,0.00020900000527035445
490,21461419,3,suffix,8,16,12,4,0.75,0.25,38,44,-0.0177750720987788,0.12015610785307919,0.11875442909937449,6,6,104,102,2,396,3.8076923076923075,6,0.019230769230769232,0.0009587999957147986
491,21461420,3,prefix,8,16,12,4,0.75,0.25,38,44,-0.09495140616536574,0.07215740450013557,-0.2764275712280035,2,2,44,38,6,8,0.18181818181818182,2,0.13636363636363635,0.00015439999697264284
491,21461420,3,suffix,8,16,12,4,0.75,0.25,38,44,-0.09495140616536574,0.07215740450013557,-0.2764275712280035,2,2,56,50,6,32,0.5714285714285714,2,0.10714285714285714,0.00023010000586509705
492,21461421,3,prefix,8,16,12,4,0.75,0.25,38,44,0.11800601938127203,0.21859398402984592,-0.11061623597072076,3,3,44,39,5,14,0.3181818181818182,3,0.11363636363636363,0.00016730000788811594
492,21461421,3,suffix,8,16,12,4,0.75,0.25,38,44,0.11800601938127203,0.21859398402984592,-0.11061623597072076,3,3,68,63,5,86,1.2647058823529411,3,0.07352941176470588,0.0003640000068116933
493,21461422,3,prefix,8,16,12,4,0.75,0.25,38,44,0.2248460127581369,-0.0917160291210352,-0.18918514060974964,6,6,44,43,1,45,1.0227272727272727,6,0.022727272727272728,0.00021739999647252262
493,21461422,3,suffix,8,16,12,4,0.75,0.25,38,44,0.2248460127581369,-0.0917160291210352,-0.18918514060974964,6,6,104,103,1,405,3.894230769230769,6,0.009615384615384616,0.0010562000097706914
494,21461423,3,prefix,8,16,12,4,0.75,0.25,38,44,-0.24871904134878306,0.06755231300223204,0.06948447817821499,6,6,44,42,2,32,0.7272727272727273,6,0.045454545454545456,0.0002032999909715727
494,21461423,3,suffix,8,16,12,4,0.75,0.25,38,44,-0.24871904134878306,0.06755231300223204,0.06948447817821499,6,6,104,102,2,392,3.769230769230769,6,0.019230769230769232,0.0009554999996908009
495,21461424,3,prefix,8,16,12,4,0.75,0.25,38,44,0.038905561344223724,-0.10814299803231595,0.019566932051462857,2,2,44,38,6,9,0.20454545454545456,2,0.13636363636363635,0.00015520000306423753
495,21461424,3,suffix,8,16,12,4,0.75,0.25,38,44,0.038905561344223724,-0.10814299803231595,0.019566932051462857,2,2,56,50,6,33,0.5892857142857143,2,0.10714285714285714,0.00022929999977350235
496,21461425,3,prefix,8,16,12,4,0.75,0.25,38,44,0.05148777827423067,0.04270777181309383,-0.11173428386188071,1,1,44,37,7,7,0.1590909090909091,1,0.1590909090909091,0.00015449999773409218
496,21461425,3,suffix,8,16,12,4,0.75,0.25,38,44,0.05148777827423067,0.04270777181309383,-0.11173428386188071,1,1,44,37,7,7,0.1590909090909091,1,0.1590909090909091,0.0001472000003559515
497,21461426,3,prefix,8,16,12,4,0.75,0.25,38,44,0.027481940016543725,0.12253259155572238,-0.2410594046860375,4,4,44,42,2,26,0.5909090909090909,4,0.045454545454545456,0.0001866999955382198
497,21461426,3,suffix,8,16,12,4,0.75,0.25,38,44,0.027481940016543725,0.12253259155572238,-0.2410594046860375,4,4,80,78,2,170,2.125,4,0.025,0.0005292999994708225
498,21461427,3,prefix,8,16,12,4,0.75,0.25,38,44,-0.025413841541984304,-0.28906287819207427,0.032069402809667816,6,6,44,43,1,35,0.7954545454545454,6,0.022727272727272728,0.00020280000171624124
498,21461427,3,suffix,8,16,12,4,0.75,0.25,38,44,-0.025413841541984304,-0.28906287819207427,0.032069402809667816,6,6,104,103,1,395,3.798076923076923,6,0.009615384615384616,0.0009566999942762777
499,21461428,3,prefix,8,16,12,4,0.75,0.25,38,44,0.132876760492233,-0.2325321933443167,-0.26354833378499065,6,6,44,42,2,36,0.8181818181818182,6,0.045454545454545456,0.0002010999887716025
499,21461428,3,suffix,8,16,12,4,0.75,0.25,38,44,0.132876760492233,-0.2325321933443167,-0.26354833378499065,6,6,104,102,2,396,3.8076923076923075,6,0.019230769230769232,0.000961000012466684
