replicate_id,objectives,route_count,route_length,pairwise_overlap,pairwise_diversity,num_nodes,num_edges,rho_12,rho_13,rho_23,target_pareto_labels,generated_labels,kept_labels,pruned_labels,dominance_checks,comparisons_per_generated_label,max_labels_per_node,runtime_seconds
0,3,2,16,0.3333333333333333,0.6666666666666667,24,24,-0.061017311077642085,-0.06577350585677416,-0.09635355922344871,2,28,28,0,10,0.35714285714285715,2,0.00020729999960167333
0,3,4,16,0.3333333333333333,0.6666666666666667,38,40,0.10094578446827814,-0.08632702219887856,0.009368592864076892,3,48,47,1,32,0.6666666666666666,3,0.0003192999993189005
0,3,8,16,0.3333333333333333,0.6666666666666667,66,72,-0.0873592599644922,0.032246738724633274,-0.020249793029545878,5,88,85,3,109,1.2386363636363635,5,0.00045649999992747325
0,3,16,16,0.3333333333333333,0.6666666666666667,122,136,-0.02817197847010346,-0.026721564472155724,-0.030578873290986602,7,160,152,8,244,1.525,7,0.0009062000008270843
1,3,2,16,0.3333333333333333,0.6666666666666667,24,24,0.06036794827690377,0.1572306209377024,0.3673179356442704,2,28,28,0,10,0.35714285714285715,2,0.00012460000107239466
1,3,4,16,0.3333333333333333,0.6666666666666667,38,40,-0.033367172121035564,0.006534002527087802,0.35108303750319947,3,48,47,1,32,0.6666666666666666,3,0.00020659999972849619
1,3,8,16,0.3333333333333333,0.6666666666666667,66,72,0.0119753790783174,0.046769084085952164,0.10994752087600178,3,80,75,5,38,0.475,3,0.0003175000001647277
1,3,16,16,0.3333333333333333,0.6666666666666667,122,136,-0.025306625489524222,0.006320151783058442,0.18779169908682064,5,152,142,10,116,0.7631578947368421,5,0.0006608000003325287
2,3,2,16,0.3333333333333333,0.6666666666666667,24,24,-0.2295007091916431,-0.03271296319479837,-0.057978174264568624,2,28,28,0,10,0.35714285714285715,2,0.00011660000018309802
2,3,4,16,0.3333333333333333,0.6666666666666667,38,40,-0.232135659872136,0.06003299692044004,-0.0824037475133323,3,48,47,1,33,0.6875,3,0.00020039999981236178
2,3,8,16,0.3333333333333333,0.6666666666666667,66,72,-0.06934722792719426,-0.008360810357960406,0.025749045348824905,3,80,75,5,38,0.475,3,0.00031689999923401047
2,3,16,16,0.3333333333333333,0.6666666666666667,122,136,-0.03475708991246329,0.007693505974969691,0.11239945911833336,7,160,151,9,226,1.4125,7,0.0008225999990827404
3,3,2,16,0.3333333333333333,0.6666666666666667,24,24,-0.16694144866616661,-0.2392962314527118,0.11958929483204794,2,28,28,0,10,0.35714285714285715,2,0.00016239999968092889
3,3,4,16,0.3333333333333333,0.6666666666666667,38,40,-0.13252016380734002,-0.029372027882870265,-0.008558728481698996,3,48,47,1,32,0.6666666666666666,3,0.0002288999985466944
3,3,8,16,0.3333333333333333,0.6666666666666667,66,72,-0.0008990182599163371,0.05670335302254755,0.035983646642008225,5,88,85,3,107,1.2159090909090908,5,0.00046270000166259706
3,3,16,16,0.3333333333333333,0.6666666666666667,122,136,-0.018642472130698775,0.05935909888126107,0.006492069648135135,6,156,146,10,166,1.064102564102564,6,0.000780400001531234
4,3,2,16,0.3333333333333333,0.6666666666666667,24,24,-0.28397665635847197,-0.06971569475956615,-0.4193546479121188,2,28,28,0,10,0.35714285714285715,2,0.00013140000010025688
4,3,4,16,0.3333333333333333,0.6666666666666667,38,40,-0.14524065496853064,-0.047822089389114995,-0.3021455972875274,2,44,42,2,13,0.29545454545454547,2,0.0001640999998926418
4,3,8,16,0.3333333333333333,0.6666666666666667,66,72,-0.1433228379652012,-0.017518878865642715,-0.33144134860018015,6,92,90,2,155,1.684782608695652,6,0.0005440000004455214
4,3,16,16,0.3333333333333333,0.6666666666666667,122,136,-0.08192631360922302,-0.03278640129376685,-0.1808099860172831,9,168,161,7,367,2.1845238095238093,9,0.0011374000005162088
5,3,2,16,0.3333333333333333,0.6666666666666667,24,24,0.10509271485901693,0.25647992146210313,-0.15344648317910906,2,28,28,0,10,0.35714285714285715,2,0.00012409999908413738
5,3,4,16,0.3333333333333333,0.6666666666666667,38,40,0.05683064844954649,0.08970568517534319,-0.1775388748787867,2,44,42,2,12,0.2727272727272727,2,0.00016210000103455968
5,3,8,16,0.3333333333333333,0.6666666666666667,66,72,0.0251650950973777,0.19289016704753625,0.01658150343276221,2,76,70,6,16,0.21052631578947367,2,0.00026640000032784883
5,3,16,16,0.3333333333333333,0.6666666666666667,122,136,-0.05199472095245892,0.12358953220516106,-0.02305773476319124,4,148,137,11,73,0.49324324324324326,4,0.0005985000007058261
6,3,2,16,0.3333333333333333,0.6666666666666667,24,24,0.11999182513086441,0.07558594183424028,0.041327220255774205,1,24,23,1,1,0.041666666666666664,1,9.180000051856041e-05
6,3,4,16,0.3333333333333333,0.6666666666666667,38,40,0.05008212202038387,0.14699639208436188,0.1225655900469356,3,48,47,1,32,0.6666666666666666,3,0.00020700000095530413
6,3,8,16,0.3333333333333333,0.6666666666666667,66,72,-0.024899807879520675,0.15646396303915971,0.08679937726527591,5,88,85,3,104,1.1818181818181819,5,0.0004504999997152481
6,3,16,16,0.3333333333333333,0.6666666666666667,122,136,0.00011318869037861231,0.18356860171650066,0.046225616648160515,8,164,156,8,291,1.774390243902439,8,0.0009993999992730096
7,3,2,16,0.3333333333333333,0.6666666666666667,24,24,0.014912028874697223,0.07817764490805228,0.23495040648443533,2,28,28,0,10,0.35714285714285715,2,0.00012079999942216091
7,3,4,16,0.3333333333333333,0.6666666666666667,38,40,0.02939891248631958,0.15203784347774832,0.32015664787609394,2,44,42,2,12,0.2727272727272727,2,0.0001616000008652918
7,3,8,16,0.3333333333333333,0.6666666666666667,66,72,0.051098794369432404,0.08051111920226707,0.18365690118620814,3,80,75,5,38,0.475,3,0.00031630000012228265
7,3,16,16,0.3333333333333333,0.6666666666666667,122,136,0.031145986497519734,0.14366483663647872,0.06923680025748057,8,164,158,6,301,1.8353658536585367,8,0.0010077999995701248
8,3,2,16,0.3333333333333333,0.6666666666666667,24,24,-0.017793511298032364,0.14323873370759735,-0.03274009823303758,2,28,28,0,10,0.35714285714285715,2,0.00011979999908362515
8,3,4,16,0.3333333333333333,0.6666666666666667,38,40,-0.01606801011205963,0.1644520080696641,-0.05970658656728631,4,52,52,0,60,1.1538461538461537,4,0.000265499998931773
8,3,8,16,0.3333333333333333,0.6666666666666667,66,72,-0.11913398563478181,0.21135195566789586,-0.08039432396015089,3,80,75,5,39,0.4875,3,0.00032330000067304354
8,3,16,16,0.3333333333333333,0.6666666666666667,122,136,-0.10392036905877775,0.006712411846015277,-0.02688552519654872,8,164,157,7,321,1.9573170731707317,8,0.0010363000001234468
9,3,2,16,0.3333333333333333,0.6666666666666667,24,24,-0.19172439131089905,-0.07868681041376574,0.026990352482375114,1,24,23,1,1,0.041666666666666664,1,9.159999899566174e-05
9,3,4,16,0.3333333333333333,0.6666666666666667,38,40,-0.06295066849930103,-0.13152858148094712,-0.09846140405197326,3,48,47,1,31,0.6458333333333334,3,0.00020819999917875975
9,3,8,16,0.3333333333333333,0.6666666666666667,66,72,0.037068014967430236,-0.011560861292763685,0.08474826310331725,4,84,80,4,67,0.7976190476190477,4,0.0003789999991568038
9,3,16,16,0.3333333333333333,0.6666666666666667,122,136,0.0004752066644256213,-0.007119702584318211,0.058790262549874364,9,168,161,7,379,2.255952380952381,9,0.0011551000006875256
10,3,2,16,0.3333333333333333,0.6666666666666667,24,24,-0.08355944758448654,0.008140325547875034,0.0162084236450513,2,28,28,0,10,0.35714285714285715,2,0.00012260000039532315
10,3,4,16,0.3333333333333333,0.6666666666666667,38,40,-0.1650801712747962,-0.19032425099871567,0.14045927906812036,4,52,52,0,60,1.1538461538461537,4,0.0002679999997781124
10,3,8,16,0.3333333333333333,0.6666666666666667,66,72,-0.16070428025474234,-0.12857827602237068,0.1803613226387834,7,96,95,1,211,2.1979166666666665,7,0.0006453000005421927
10,3,16,16,0.3333333333333333,0.6666666666666667,122,136,-0.13468165992093015,-0.03975385326966869,0.12675859479866436,8,164,158,6,312,1.9024390243902438,8,0.001035399998727371
11,3,2,16,0.3333333333333333,0.6666666666666667,24,24,-0.31368882044895086,0.2264663545256858,-0.11498099543540787,2,28,28,0,10,0.35714285714285715,2,0.00011949999861826655
11,3,4,16,0.3333333333333333,0.6666666666666667,38,40,-0.09110674072852223,0.20868124462848822,-0.01750466378748459,4,52,52,0,60,1.1538461538461537,4,0.0002632000014273217
11,3,8,16,0.3333333333333333,0.6666666666666667,66,72,-0.1698816029575278,0.08456284120081112,0.04563201113389443,7,96,96,0,216,2.25,7,0.0006998000008024974
11,3,16,16,0.3333333333333333,0.6666666666666667,122,136,-0.18804191563464742,0.14182060553365564,-0.05916823663041184,9,168,161,7,369,2.1964285714285716,9,0.0011330000015732367
12,3,2,16,0.3333333333333333,0.6666666666666667,24,24,0.051229804601906695,-0.2588067856696299,0.11691991817039428,2,28,28,0,10,0.35714285714285715,2,0.00012150000111432746
12,3,4,16,0.3333333333333333,0.6666666666666667,38,40,0.02209506998744789,-0.09968316139079691,0.014715516269485217,3,48,47,1,31,0.6458333333333334,3,0.0002043999993475154
12,3,8,16,0.3333333333333333,0.6666666666666667,66,72,0.0511314916735255,-0.0021939802835911296,-0.07606124615736709,5,88,85,3,105,1.1931818181818181,5,0.0004466999998840038
12,3,16,16,0.3333333333333333,0.6666666666666667,122,136,0.02110556180600957,0.037517074010640486,-0.0765256176023165,6,156,146,10,165,1.0576923076923077,6,0.0007819999991625082
13,3,2,16,0.3333333333333333,0.6666666666666667,24,24,-0.09880910977591009,-0.12312899563524131,-0.05179104963640696,2,28,28,0,10,0.35714285714285715,2,0.00012679999963438604
13,3,4,16,0.3333333333333333,0.6666666666666667,38,40,-0.21437847122809586,-0.29643138423381515,-0.007832830844749753,3,48,47,1,31,0.6458333333333334,3,0.00020389999917824753
13,3,8,16,0.3333333333333333,0.6666666666666667,66,72,-0.19685334703108065,-0.2063812093516771,-0.07530293754007569,5,88,85,3,103,1.1704545454545454,5,0.0004429000000527594
13,3,16,16,0.3333333333333333,0.6666666666666667,122,136,-0.204629993162698,-0.118029087695154,-0.0693684644094094,3,144,131,13,43,0.2986111111111111,3,0.000527600001078099
14,3,2,16,0.3333333333333333,0.6666666666666667,24,24,0.27357276305506434,-0.011139066378562199,-0.17523713674972183,2,28,28,0,10,0.35714285714285715,2,0.00011780000022554304
14,3,4,16,0.3333333333333333,0.6666666666666667,38,40,0.10457041449274991,0.0026290875897631515,0.03475690132773414,4,52,52,0,60,1.1538461538461537,4,0.00026310000066587236
14,3,8,16,0.3333333333333333,0.6666666666666667,66,72,0.014419392057345076,-0.0036048139716819564,0.11276058870492052,5,88,85,3,104,1.1818181818181819,5,0.00044440000056056306
14,3,16,16,0.3333333333333333,0.6666666666666667,122,136,-0.03332472511525511,0.09817101230678772,0.05677853315584685,4,148,136,12,78,0.527027027027027,4,0.0006176999995659571
15,3,2,16,0.3333333333333333,0.6666666666666667,24,24,-0.26069950748707055,0.21441042649741934,-0.33676930363987223,2,28,28,0,10,0.35714285714285715,2,0.00011910000102943741
15,3,4,16,0.3333333333333333,0.6666666666666667,38,40,-0.2691544570719254,-0.09231270977886502,-0.143700255362431,4,52,52,0,60,1.1538461538461537,4,0.0002640000002429588
15,3,8,16,0.3333333333333333,0.6666666666666667,66,72,-0.1659698604017135,-0.0963573075962471,-0.05570311358779451,6,92,90,2,158,1.7173913043478262,6,0.0005605000005743932
15,3,16,16,0.3333333333333333,0.6666666666666667,122,136,-0.08161578015942865,0.0013563239271490877,0.012173695276224358,8,164,156,8,297,1.8109756097560976,8,0.0010098000002471963
16,3,2,16,0.3333333333333333,0.6666666666666667,24,24,-0.17471371881179054,0.07259520832469685,-0.003426472259813727,2,28,28,0,10,0.35714285714285715,2,0.00012029999925289303
16,3,4,16,0.3333333333333333,0.6666666666666667,38,40,-0.06753203492244889,-0.04587813994155821,0.01961658785127872,4,52,52,0,60,1.1538461538461537,4,0.0002722999997786246
16,3,8,16,0.3333333333333333,0.6666666666666667,66,72,-0.06585008318851115,0.0025074822563830794,-0.051427939234590034,4,84,80,4,64,0.7619047619047619,4,0.00037229999907140154
16,3,16,16,0.3333333333333333,0.6666666666666667,122,136,0.1131001565132902,-0.030386273814658978,-0.10289421101803801,5,152,141,11,117,0.7697368421052632,5,0.0006697999997413717
17,3,2,16,0.3333333333333333,0.6666666666666667,24,24,-0.15317395690121716,-0.24462961954284335,0.09582470520435565,2,28,28,0,10,0.35714285714285715,2,0.00012009999954898376
17,3,4,16,0.3333333333333333,0.6666666666666667,38,40,0.061576587259875706,-0.21370300315582988,0.11943172691467267,3,48,47,1,31,0.6458333333333334,3,0.00020680000125139486
17,3,8,16,0.3333333333333333,0.6666666666666667,66,72,0.13733817248937383,-0.12069108599969608,0.07998756246430623,4,84,80,4,68,0.8095238095238095,4,0.00039510000169684645
17,3,16,16,0.3333333333333333,0.6666666666666667,122,136,0.05679460975939963,-0.03987323886351781,-0.043731563713302585,5,152,141,11,119,0.7828947368421053,5,0.0006733000009262469
18,3,2,16,0.3333333333333333,0.6666666666666667,24,24,-0.26486927718928277,-0.07701377541829525,-0.15512951286733306,2,28,28,0,10,0.35714285714285715,2,0.00012539999988803174
18,3,4,16,0.3333333333333333,0.6666666666666667,38,40,-0.11538773169182188,0.012970190352925072,0.05608795179562228,2,44,42,2,12,0.2727272727272727,2,0.00016229999891947955
18,3,8,16,0.3333333333333333,0.6666666666666667,66,72,-0.0967851762920185,-0.09481792219669631,0.050016475954826035,3,80,75,5,36,0.45,3,0.00031599999965692405
18,3,16,16,0.3333333333333333,0.6666666666666667,122,136,-0.1948091378854106,-0.08226427118222707,-0.011608568266416007,7,160,151,9,229,1.43125,7,0.00090480000108073
19,3,2,16,0.3333333333333333,0.6666666666666667,24,24,0.10217074166886356,0.0395380332954699,-0.059429883209880796,2,28,28,0,10,0.35714285714285715,2,0.00011899999844899867
19,3,4,16,0.3333333333333333,0.6666666666666667,38,40,0.05893129629239534,-0.15031511677544424,0.08937535143543741,4,52,52,0,60,1.1538461538461537,4,0.00026389999948150944
19,3,8,16,0.3333333333333333,0.6666666666666667,66,72,0.03411499854792304,-0.11025145502402721,-0.04851139939746589,6,92,91,1,156,1.6956521739130435,6,0.0005471999993460486
19,3,16,16,0.3333333333333333,0.6666666666666667,122,136,0.03825286006275956,-0.12850114038762692,-0.09096065081129466,9,168,162,6,381,2.267857142857143,9,0.0011665000001812587
20,3,2,16,0.3333333333333333,0.6666666666666667,24,24,0.2789814965881282,0.01708962132936384,-0.24618667452624587,1,24,24,0,2,0.08333333333333333,1,9.549999958835542e-05
20,3,4,16,0.3333333333333333,0.6666666666666667,38,40,0.1637135596531067,-0.09746429970932305,-0.2985607207803887,2,44,43,1,16,0.36363636363636365,2,0.00017079999997804407
20,3,8,16,0.3333333333333333,0.6666666666666667,66,72,0.1304394294913149,-0.053619685777026325,-0.12944200155758576,4,84,81,3,74,0.8809523809523809,4,0.0003906999991158955
20,3,16,16,0.3333333333333333,0.6666666666666667,122,136,-0.04066098984436957,-0.030733023078700142,-0.04828878926519236,7,160,151,9,231,1.44375,7,0.0008871999998518731
21,3,2,16,0.3333333333333333,0.6666666666666667,24,24,0.14144981519335692,0.20478601953188927,-0.012291257137482874,1,24,23,1,1,0.041666666666666664,1,9.170000157610048e-05
21,3,4,16,0.3333333333333333,0.6666666666666667,38,40,-0.019967178545367732,0.017708225577360372,0.09916530009026628,1,40,38,2,4,0.1,1,0.0001360000005661277
21,3,8,16,0.3333333333333333,0.6666666666666667,66,72,-0.035254873494040585,-0.014025852820370903,-0.0031683308663417835,3,80,76,4,36,0.45,3,0.00032389999978477135
21,3,16,16,0.3333333333333333,0.6666666666666667,122,136,-0.024844630866213434,-0.022413923017990674,0.05456511414589283,5,152,142,10,128,0.8421052631578947,5,0.0006970000013097888
22,3,2,16,0.3333333333333333,0.6666666666666667,24,24,-0.046210271928186636,-0.23181872487680177,-0.2281679950351034,2,28,28,0,10,0.35714285714285715,2,0.00011989999984507449
22,3,4,16,0.3333333333333333,0.6666666666666667,38,40,-0.10960563815847374,-0.05459316563036636,-0.25395846761466906,2,44,42,2,12,0.2727272727272727,2,0.00016340000001946464
22,3,8,16,0.3333333333333333,0.6666666666666667,66,72,-0.04960896236239156,-0.08272817125849943,-0.12208257363415914,4,84,80,4,64,0.7619047619047619,4,0.00037960000008752104
22,3,16,16,0.3333333333333333,0.6666666666666667,122,136,0.039306267278048666,-0.06404877653557868,0.03200770739132121,5,152,142,10,112,0.7368421052631579,5,0.0006680000005871989
23,3,2,16,0.3333333333333333,0.6666666666666667,24,24,0.2606597560525334,-0.04688735594956385,-0.3663165895267988,2,28,28,0,10,0.35714285714285715,2,0.00012060000153724104
23,3,4,16,0.3333333333333333,0.6666666666666667,38,40,0.22698533758117184,0.04975078722478384,-0.28426671393015684,3,48,47,1,31,0.6458333333333334,3,0.00020840000070165843
23,3,8,16,0.3333333333333333,0.6666666666666667,66,72,0.2495372109123498,0.07729800449562052,-0.15143087610781591,3,80,75,5,37,0.4625,3,0.00032079999982670415
23,3,16,16,0.3333333333333333,0.6666666666666667,122,136,0.017028874151874304,0.14427514582439782,-0.13501435428185232,7,160,151,9,227,1.41875,7,0.0008720000005268957
24,3,2,16,0.3333333333333333,0.6666666666666667,24,24,-0.18697077272443358,0.18459431303541632,-0.08958926083570669,1,24,24,0,2,0.08333333333333333,1,9.529999988444615e-05
24,3,4,16,0.3333333333333333,0.6666666666666667,38,40,-0.03943811545835148,0.2855209250906772,-0.21929710610022973,2,44,42,2,12,0.2727272727272727,2,0.00016259999938483816
24,3,8,16,0.3333333333333333,0.6666666666666667,66,72,0.1741044045181805,0.09627081633305982,-0.11966130443169357,3,80,75,5,37,0.4625,3,0.0003156000002491055
24,3,16,16,0.3333333333333333,0.6666666666666667,122,136,0.041446955440728045,0.12495575217068504,-0.09136689172664492,4,148,136,12,83,0.5608108108108109,4,0.0006052000007912284
25,3,2,16,0.3333333333333333,0.6666666666666667,24,24,0.061678397493095345,-0.22550647911543392,-0.2117810301060776,2,28,28,0,10,0.35714285714285715,2,0.0001188000005640788
25,3,4,16,0.3333333333333333,0.6666666666666667,38,40,0.06533849110119974,-0.15082295101239884,-0.09262625585648729,2,44,42,2,12,0.2727272727272727,2,0.00016150000010384247
25,3,8,16,0.3333333333333333,0.6666666666666667,66,72,0.07016569105233408,-0.14734540728252626,-0.10368482416545557,4,84,80,4,66,0.7857142857142857,4,0.00038080000012996607
25,3,16,16,0.3333333333333333,0.6666666666666667,122,136,0.03714800813484564,-0.2395098517551296,-0.0634352855983854,10,172,166,6,465,2.703488372093023,10,0.0012968999999429798
26,3,2,16,0.3333333333333333,0.6666666666666667,24,24,-0.2337378325100879,-0.04582393458513997,-0.08804458700245514,2,28,28,0,10,0.35714285714285715,2,0.0001221999991685152
26,3,4,16,0.3333333333333333,0.6666666666666667,38,40,-0.20149899178218572,0.11347671361716626,-0.0878448072002301,3,48,47,1,31,0.6458333333333334,3,0.0002055000004475005
26,3,8,16,0.3333333333333333,0.6666666666666667,66,72,-0.13434047937446267,0.001130045026897853,-0.10538691226033801,4,84,80,4,69,0.8214285714285714,4,0.0003791999988607131
26,3,16,16,0.3333333333333333,0.6666666666666667,122,136,-0.09799233163249794,0.07358877786168581,-0.02888371863665517,5,152,141,11,115,0.756578947368421,5,0.0006708000000799075
27,3,2,16,0.3333333333333333,0.6666666666666667,24,24,0.12808700392151745,-0.3826979911331586,0.18285342451807254,2,28,28,0,10,0.35714285714285715,2,0.00011970000014116522
27,3,4,16,0.3333333333333333,0.6666666666666667,38,40,-0.1513811647758868,-0.16191239746857167,-0.06522722492119686,3,48,47,1,31,0.6458333333333334,3,0.00020360000053187832
27,3,8,16,0.3333333333333333,0.6666666666666667,66,72,-0.17606093299577036,0.1112655551655032,-0.10791553258149178,6,92,90,2,153,1.6630434782608696,6,0.0005392999992182013
27,3,16,16,0.3333333333333333,0.6666666666666667,122,136,-0.1443983764282653,0.08460642350180712,-0.04022432871615384,7,160,152,8,238,1.4875,7,0.0009802999993553385
28,3,2,16,0.3333333333333333,0.6666666666666667,24,24,-0.12414905797256764,-0.0009859337939982392,-0.5173240024350233,2,28,28,0,10,0.35714285714285715,2,0.00012520000018412247
28,3,4,16,0.3333333333333333,0.6666666666666667,38,40,0.020909652114215766,0.12153829018764352,-0.21327623248208732,3,48,47,1,33,0.6875,3,0.00021109999943291768
28,3,8,16,0.3333333333333333,0.6666666666666667,66,72,0.0656059520337267,0.04488489913006255,-0.09984108299605637,2,76,71,5,17,0.2236842105263158,2,0.0002700000004551839
28,3,16,16,0.3333333333333333,0.6666666666666667,122,136,0.011779740994297908,0.08644235654418592,-0.13179592305988339,4,148,137,11,73,0.49324324324324326,4,0.0005868000007467344
29,3,2,16,0.3333333333333333,0.6666666666666667,24,24,-0.052793094892884945,0.035154902071391304,0.06745497437580009,1,24,23,1,1,0.041666666666666664,1,9.130000034929253e-05
29,3,4,16,0.3333333333333333,0.6666666666666667,38,40,-0.05817557848612656,0.1572708094549912,-0.02442050170648935,2,44,42,2,13,0.29545454545454547,2,0.00016279999908874743
29,3,8,16,0.3333333333333333,0.6666666666666667,66,72,0.023857179394541923,0.04851512624690362,0.08386735867555918,2,76,70,6,17,0.2236842105263158,2,0.00026729999990493525
29,3,16,16,0.3333333333333333,0.6666666666666667,122,136,0.0003373060112248375,0.017176189200563376,0.09864671902808055,4,148,136,12,88,0.5945945945945946,4,0.0006162999998196028
30,3,2,16,0.3333333333333333,0.6666666666666667,24,24,0.30269507391821754,0.057770484515662184,0.05905942175059857,2,28,28,0,10,0.35714285714285715,2,0.0001202000003104331
30,3,4,16,0.3333333333333333,0.6666666666666667,38,40,0.17835619536971695,-0.17858569380480915,0.009301465222874587,2,44,42,2,14,0.3181818181818182,2,0.00016529999993508682
30,3,8,16,0.3333333333333333,0.6666666666666667,66,72,-0.012763345702539595,-0.07523402313349972,0.0630478717019738,3,80,76,4,41,0.5125,3,0.000320099999953527
30,3,16,16,0.3333333333333333,0.6666666666666667,122,136,-0.051661906011502376,-0.04623297567414973,0.03612755495680426,7,160,151,9,236,1.475,7,0.0008985999993456062
31,3,2,16,0.3333333333333333,0.6666666666666667,24,24,0.13849987844854997,0.2551199031034255,0.08665555373833707,2,28,28,0,10,0.35714285714285715,2,0.00011970000014116522
31,3,4,16,0.3333333333333333,0.6666666666666667,38,40,-0.07751687064754764,0.13334280606050128,0.2033045234728487,3,48,48,0,32,0.6666666666666666,3,0.0002088999990519369
31,3,8,16,0.3333333333333333,0.6666666666666667,66,72,-0.10096305033963955,-0.006243788804879356,0.2273329288923612,4,84,82,2,73,0.8690476190476191,4,0.0003876000009768177
31,3,16,16,0.3333333333333333,0.6666666666666667,122,136,-0.07208278178735375,0.01686495818859345,0.13196602840255348,7,160,153,7,238,1.4875,7,0.000894299999345094
32,3,2,16,0.3333333333333333,0.6666666666666667,24,24,0.016006444833932217,-0.4038122505839234,-0.051980732868738874,2,28,28,0,10,0.35714285714285715,2,0.00012090000018361025
32,3,4,16,0.3333333333333333,0.6666666666666667,38,40,0.2247306857441099,-0.26459754478753744,-0.07149128715236416,3,48,47,1,31,0.6458333333333334,3,0.00020760000006703194
32,3,8,16,0.3333333333333333,0.6666666666666667,66,72,0.1855386110617636,-0.17788642853279285,-0.09509616198714065,6,92,90,2,152,1.6521739130434783,6,0.0005495999994309386
32,3,16,16,0.3333333333333333,0.6666666666666667,122,136,0.12094244258985606,-0.1590934098803224,-0.01434779313745664,8,164,157,7,297,1.8109756097560976,8,0.0010073999983433168
33,3,2,16,0.3333333333333333,0.6666666666666667,24,24,0.16040794014350018,-0.04106431899323817,-0.0643827731685813,2,28,28,0,10,0.35714285714285715,2,0.0001275000013265526
33,3,4,16,0.3333333333333333,0.6666666666666667,38,40,0.13281615161593455,-0.15235547489398696,-0.05889380401580565,4,52,52,0,60,1.1538461538461537,4,0.00026369999977760017
33,3,8,16,0.3333333333333333,0.6666666666666667,66,72,0.09882132094091278,-0.10859923937144907,-0.03311868753493516,7,96,96,0,222,2.3125,7,0.0006577000003744615
33,3,16,16,0.3333333333333333,0.6666666666666667,122,136,0.08986401025938179,-0.025397604025717453,-0.07415770600460321,11,176,172,4,575,3.2670454545454546,11,0.0016197999993892154
34,3,2,16,0.3333333333333333,0.6666666666666667,24,24,0.030590117330450903,-0.2468469678388213,-0.23012805186352558,2,28,28,0,10,0.35714285714285715,2,0.00017979999938688707
34,3,4,16,0.3333333333333333,0.6666666666666667,38,40,0.05526203157553599,-0.03663434497516285,-0.20469694989912293,2,44,42,2,14,0.3181818181818182,2,0.0001677999989624368
34,3,8,16,0.3333333333333333,0.6666666666666667,66,72,0.1946178651749467,0.10714101842133565,0.01780165884254428,3,80,75,5,37,0.4625,3,0.00032499999906576704
34,3,16,16,0.3333333333333333,0.6666666666666667,122,136,-0.032636231395457176,0.022824017325299765,0.05523599910066773,6,156,147,9,191,1.2243589743589745,6,0.0008041000000957865
35,3,2,16,0.3333333333333333,0.6666666666666667,24,24,0.10179628953141813,-0.09207877839800006,0.07269589279392176,2,28,28,0,10,0.35714285714285715,2,0.00012179999976069666
35,3,4,16,0.3333333333333333,0.6666666666666667,38,40,0.3295304544618876,-0.14239301546295263,-0.10076185764083755,4,52,52,0,60,1.1538461538461537,4,0.00027409999893279746
35,3,8,16,0.3333333333333333,0.6666666666666667,66,72,0.10793366621589309,-0.04976983055671979,-0.10011895993187618,4,84,80,4,64,0.7619047619047619,4,0.0003697000011015916
35,3,16,16,0.3333333333333333,0.6666666666666667,122,136,0.017054735181590914,-0.06695723574789311,-0.07773576565634109,5,152,141,11,111,0.7302631578947368,5,0.0006592999998247251
36,3,2,16,0.3333333333333333,0.6666666666666667,24,24,0.24350527297982627,0.30109537188191693,-0.005259315120829447,1,24,23,1,1,0.041666666666666664,1,9.239999963028822e-05
36,3,4,16,0.3333333333333333,0.6666666666666667,38,40,-0.03602505877453449,0.2750614894312756,0.03381138534368393,3,48,47,1,31,0.6458333333333334,3,0.00021240000023681205
36,3,8,16,0.3333333333333333,0.6666666666666667,66,72,0.04367730027254814,0.16151143138061974,0.028592867115720563,5,88,85,3,103,1.1704545454545454,5,0.0004460000000108266
36,3,16,16,0.3333333333333333,0.6666666666666667,122,136,0.07023728676179895,0.042549837466680875,-0.013497307359811079,3,144,131,13,51,0.3541666666666667,3,0.0005339999988791533
37,3,2,16,0.3333333333333333,0.6666666666666667,24,24,-0.02754860688090412,-0.21519334645076832,-0.1696564589567691,2,28,28,0,10,0.35714285714285715,2,0.00012240000069141388
37,3,4,16,0.3333333333333333,0.6666666666666667,38,40,-0.061129564138891646,-0.12939569585454577,-0.12937663087623408,4,52,52,0,60,1.1538461538461537,4,0.0002691999998205574
37,3,8,16,0.3333333333333333,0.6666666666666667,66,72,0.06437631136782729,-0.10067548880740541,-0.10871164808499977,7,96,95,1,211,2.1979166666666665,7,0.000646799999231007
37,3,16,16,0.3333333333333333,0.6666666666666667,122,136,0.0475120749478208,-0.0822147057896331,-0.14222220150645465,8,164,157,7,306,1.8658536585365855,8,0.0010258999991492601
38,3,2,16,0.3333333333333333,0.6666666666666667,24,24,-0.16240249798751535,-0.07521570818794379,-0.008109877432645303,2,28,28,0,10,0.35714285714285715,2,0.00012080000124115031
38,3,4,16,0.3333333333333333,0.6666666666666667,38,40,-0.19819952105208366,0.05167062237378026,0.16515197527507852,4,52,52,0,60,1.1538461538461537,4,0.000267100000201026
38,3,8,16,0.3333333333333333,0.6666666666666667,66,72,-0.1450852472271288,-0.044937172370413725,0.13869110893428416,4,84,80,4,66,0.7857142857142857,4,0.0003741000000445638
38,3,16,16,0.3333333333333333,0.6666666666666667,122,136,-0.1383329261130563,0.13918202402579008,0.0013879023557334129,8,164,156,8,291,1.774390243902439,8,0.0009948000006261282
39,3,2,16,0.3333333333333333,0.6666666666666667,24,24,0.009274718858089144,0.4364854691327451,-0.09590365547462809,2,28,28,0,10,0.35714285714285715,2,0.00012070000047970098
39,3,4,16,0.3333333333333333,0.6666666666666667,38,40,0.14897483998846564,0.1651431393917362,-0.19900025061698998,2,44,43,1,15,0.3409090909090909,2,0.00016680000044289045
39,3,8,16,0.3333333333333333,0.6666666666666667,66,72,0.0020912053614276912,0.18142321894294056,-0.06567751202423498,3,80,76,4,39,0.4875,3,0.00031880000096862204
39,3,16,16,0.3333333333333333,0.6666666666666667,122,136,0.06946561746420021,0.1956542743242045,0.0072626713369582895,6,156,148,8,184,1.1794871794871795,6,0.0008016000010684365
40,3,2,16,0.3333333333333333,0.6666666666666667,24,24,-0.06836046390980188,-0.13270249609593948,0.3492299235343439,1,24,24,0,2,0.08333333333333333,1,9.57000011112541e-05
40,3,4,16,0.3333333333333333,0.6666666666666667,38,40,-0.06623074694518488,-0.1044104958950604,0.4072844003157218,3,48,47,1,31,0.6458333333333334,3,0.00020739999854413327
40,3,8,16,0.3333333333333333,0.6666666666666667,66,72,-0.2468728220693843,-0.006425892333880021,0.35722719087632265,4,84,80,4,68,0.8095238095238095,4,0.0003845000010187505
40,3,16,16,0.3333333333333333,0.6666666666666667,122,136,-0.018080283144178037,0.032739792258695104,0.10960087423131583,4,148,137,11,80,0.5405405405405406,4,0.0006064000008336734
41,3,2,16,0.3333333333333333,0.6666666666666667,24,24,-0.3169551247789776,-0.2222193835377141,0.19893363685930102,2,28,28,0,10,0.35714285714285715,2,0.0001615999990463024
41,3,4,16,0.3333333333333333,0.6666666666666667,38,40,-0.40186564007160097,-0.19822206283558064,0.11964665572761946,3,48,47,1,31,0.6458333333333334,3,0.00021259999994072132
41,3,8,16,0.3333333333333333,0.6666666666666667,66,72,-0.1345634065905459,-0.16960540532467944,0.14380675493130737,6,92,90,2,152,1.6521739130434783,6,0.0005486000009113923
41,3,16,16,0.3333333333333333,0.6666666666666667,122,136,-0.09852174778746671,-0.06028921959643921,0.13015752031341857,6,156,146,10,161,1.0320512820512822,6,0.0007574999999633292
42,3,2,16,0.3333333333333333,0.6666666666666667,24,24,0.059851899325590006,0.2580517145897893,0.19653349015493354,2,28,28,0,10,0.35714285714285715,2,0.00012210000022605527
42,3,4,16,0.3333333333333333,0.6666666666666667,38,40,-0.03659538262188939,0.06336477684805886,-0.0011241180745691446,3,48,47,1,31,0.6458333333333334,3,0.0002069000001938548
42,3,8,16,0.3333333333333333,0.6666666666666667,66,72,-0.03776579524943772,0.09750147226290985,-0.07770107650266764,4,84,80,4,66,0.7857142857142857,4,0.0003768999995372724
42,3,16,16,0.3333333333333333,0.6666666666666667,122,136,0.0648616626976351,0.08143487782916711,0.02855875563272229,7,160,151,9,225,1.40625,7,0.0008679999991727527
43,3,2,16,0.3333333333333333,0.6666666666666667,24,24,0.04918683737147128,0.292602705020857,-0.3956715696551213,2,28,28,0,10,0.35714285714285715,2,0.00012110000170650892
43,3,4,16,0.3333333333333333,0.6666666666666667,38,40,0.09125095436126737,0.2499014121557374,-0.19102163448474424,4,52,52,0,60,1.1538461538461537,4,0.0002647000001161359
43,3,8,16,0.3333333333333333,0.6666666666666667,66,72,0.04587555501814443,0.06828129395788869,-0.20604181001794822,5,88,86,2,110,1.25,5,0.0004605000012816163
43,3,16,16,0.3333333333333333,0.6666666666666667,122,136,0.03093026636802794,0.05726186261221413,-0.05248519471046283,5,152,141,11,129,0.8486842105263158,5,0.0006879000011394965
44,3,2,16,0.3333333333333333,0.6666666666666667,24,24,0.1130414010644374,0.15628150250905934,0.30515677816818787,2,28,28,0,10,0.35714285714285715,2,0.00012059999971825164
44,3,4,16,0.3333333333333333,0.6666666666666667,38,40,0.19355936543879937,0.07061606481751737,-0.05848414789953912,3,48,47,1,31,0.6458333333333334,3,0.00020419999964360613
44,3,8,16,0.3333333333333333,0.6666666666666667,66,72,0.20445216790338325,0.1272153132877403,-0.08904473664394241,3,80,75,5,35,0.4375,3,0.00031409999974130187
44,3,16,16,0.3333333333333333,0.6666666666666667,122,136,0.10838025998253001,0.09954983552668559,-0.14393963091842568,5,152,141,11,118,0.7763157894736842,5,0.0006730000004608883
45,3,2,16,0.3333333333333333,0.6666666666666667,24,24,-0.0253729675443936,0.1380839669956018,0.09846413454098278,2,28,28,0,10,0.35714285714285715,2,0.0001202000003104331
45,3,4,16,0.3333333333333333,0.6666666666666667,38,40,0.12098910675731585,-0.04062982956355147,0.023779208179815763,3,48,47,1,32,0.6666666666666666,3,0.00020770000082848128
45,3,8,16,0.3333333333333333,0.6666666666666667,66,72,0.016305719814407007,-0.039573866122269125,0.06537983031690178,4,84,81,3,78,0.9285714285714286,4,0.000395500001104665
45,3,16,16,0.3333333333333333,0.6666666666666667,122,136,-0.07820255099975215,0.0267085743265123,-0.01450511497956596,3,144,131,13,43,0.2986111111111111,3,0.0005221999999776017
46,3,2,16,0.3333333333333333,0.6666666666666667,24,24,0.2353868833301698,-0.010945708884217639,0.40743674767985527,1,24,23,1,1,0.041666666666666664,1,9.270000009564683e-05
46,3,4,16,0.3333333333333333,0.6666666666666667,38,40,0.08546974468061443,-0.10429524192404899,0.1685438267626584,3,48,47,1,31,0.6458333333333334,3,0.000207199998840224
46,3,8,16,0.3333333333333333,0.6666666666666667,66,72,0.17269372838625074,-0.18289681960444523,0.04928830638200954,5,88,85,3,103,1.1704545454545454,5,0.00045390000013867393
46,3,16,16,0.3333333333333333,0.6666666666666667,122,136,0.08607679672011175,-0.09110492562655166,0.04129984678655238,3,144,131,13,53,0.3680555555555556,3,0.000545599999895785
47,3,2,16,0.3333333333333333,0.6666666666666667,24,24,0.10664669925731153,0.024519432242344527,0.2043352124784036,2,28,28,0,10,0.35714285714285715,2,0.00012030000107188243
47,3,4,16,0.3333333333333333,0.6666666666666667,38,40,-0.021382053502139172,0.04873968006642512,-0.0703727817871507,2,44,42,2,12,0.2727272727272727,2,0.0001613000003999332
47,3,8,16,0.3333333333333333,0.6666666666666667,66,72,-0.05402884217926512,-0.06560524062653685,-0.011893286224954268,4,84,80,4,64,0.7619047619047619,4,0.0003710999990289565
47,3,16,16,0.3333333333333333,0.6666666666666667,122,136,-0.04034836113630495,-0.050187092970441764,0.018796786720764184,9,168,161,7,367,2.1845238095238093,9,0.001135100001192768
48,3,2,16,0.3333333333333333,0.6666666666666667,24,24,-0.044719116083592324,-0.09144722828444346,0.16933729181917595,2,28,28,0,10,0.35714285714285715,2,0.00012520000018412247
48,3,4,16,0.3333333333333333,0.6666666666666667,38,40,-0.22217426518136935,-0.1737791130877986,0.12654620035876504,2,44,44,0,16,0.36363636363636365,2,0.00017870000010589138
48,3,8,16,0.3333333333333333,0.6666666666666667,66,72,-0.11435087338359802,0.048842938077551905,0.1546958078546563,3,80,75,5,35,0.4375,3,0.00031710000075690914
48,3,16,16,0.3333333333333333,0.6666666666666667,122,136,-0.01893133355386734,0.08173389938667858,0.20329230132227238,4,148,136,12,72,0.4864864864864865,4,0.0005891000000701752
49,3,2,16,0.3333333333333333,0.6666666666666667,24,24,0.08418866962822667,0.07595666594345317,0.07729465166648755,2,28,28,0,10,0.35714285714285715,2,0.000124399999549496
49,3,4,16,0.3333333333333333,0.6666666666666667,38,40,0.18000845895112205,0.04987467026740315,0.056368173794446245,4,52,52,0,60,1.1538461538461537,4,0.00026620000062393956
49,3,8,16,0.3333333333333333,0.6666666666666667,66,72,-0.04497644843927199,-0.08157870890922904,0.050677068779490075,5,88,85,3,105,1.1931818181818181,5,0.0004520999991655117
49,3,16,16,0.3333333333333333,0.6666666666666667,122,136,-0.0263423676870621,-0.15891696934847624,-0.028398642625433877,9,168,161,7,375,2.232142857142857,9,0.001149900001109927
50,3,2,16,0.3333333333333333,0.6666666666666667,24,24,0.29727400431994633,-0.2183048474864477,0.36602367987295203,1,24,23,1,1,0.041666666666666664,1,0.00016940000023168977
50,3,4,16,0.3333333333333333,0.6666666666666667,38,40,0.1987843778025091,-0.1418598533199967,0.04016612284514323,1,40,37,3,3,0.075,1,0.0001351000009890413
50,3,8,16,0.3333333333333333,0.6666666666666667,66,72,0.21689244840073105,-0.09333172591879323,0.006877506283145854,2,76,71,5,22,0.2894736842105263,2,0.00027829999999084976
50,3,16,16,0.3333333333333333,0.6666666666666667,122,136,0.08107242706014912,-0.019295416530449347,0.08044136155921515,6,156,149,7,202,1.294871794871795,6,0.0008262999999715248
51,3,2,16,0.3333333333333333,0.6666666666666667,24,24,0.2032415944234091,-0.336593964749457,-0.21569558182492177,1,24,23,1,1,0.041666666666666664,1,9.339999996882398e-05
51,3,4,16,0.3333333333333333,0.6666666666666667,38,40,0.06678309386014819,-0.07057584609715875,-0.02031550998385297,1,40,37,3,3,0.075,1,0.0001326000001427019
51,3,8,16,0.3333333333333333,0.6666666666666667,66,72,0.14587104014245506,-0.015622485251490842,-0.07945353160038301,4,84,80,4,64,0.7619047619047619,4,0.0003722000001289416
51,3,16,16,0.3333333333333333,0.6666666666666667,122,136,-0.021368350888633928,-0.030460274223472982,0.013108573249415468,5,152,141,11,112,0.7368421052631579,5,0.0006628999999520602
52,3,2,16,0.3333333333333333,0.6666666666666667,24,24,0.1642735043405202,0.0680535460764248,0.24067247002345704,2,28,28,0,10,0.35714285714285715,2,0.00012080000124115031
52,3,4,16,0.3333333333333333,0.6666666666666667,38,40,0.09942286869781086,-0.04629007185750019,0.06033367472016518,3,48,47,1,32,0.6666666666666666,3,0.00021020000167482067
52,3,8,16,0.3333333333333333,0.6666666666666667,66,72,-0.0100849377995644,0.05923728245593619,-0.024800315421143845,4,84,80,4,68,0.8095238095238095,4,0.0003866000006382819
52,3,16,16,0.3333333333333333,0.6666666666666667,122,136,-0.012967586200881996,-0.017481670530728695,-0.01404906904021806,6,156,146,10,168,1.0769230769230769,6,0.0007726999992883066
53,3,2,16,0.3333333333333333,0.6666666666666667,24,24,-0.28850929785829854,-0.2937415466522342,0.2718925049508052,2,28,28,0,10,0.35714285714285715,2,0.00012120000064896885
53,3,4,16,0.3333333333333333,0.6666666666666667,38,40,-0.2519125603774446,-0.033489024419267904,0.2552230367962,3,48,47,1,31,0.6458333333333334,3,0.00020419999964360613
53,3,8,16,0.3333333333333333,0.6666666666666667,66,72,-0.3273065550851059,-0.09216304770577852,0.09563676926386458,5,88,86,2,111,1.2613636363636365,5,0.00046350000047823414
53,3,16,16,0.3333333333333333,0.6666666666666667,122,136,-0.19913436106808188,-0.08057687733701935,-0.05274699970412185,7,160,153,7,239,1.49375,7,0.0009067000009963522
54,3,2,16,0.3333333333333333,0.6666666666666667,24,24,-0.2202365400402983,-0.1588470172175774,-0.10652423121354171,2,28,28,0,10,0.35714285714285715,2,0.00012040000001434237
54,3,4,16,0.3333333333333333,0.6666666666666667,38,40,-0.16964235455851703,-0.017148964237465356,0.05331918140419162,3,48,47,1,32,0.6666666666666666,3,0.00021010000091337133
54,3,8,16,0.3333333333333333,0.6666666666666667,66,72,-0.18646041807208757,-0.020415355121603754,-0.009474515597926607,4,84,82,2,78,0.9285714285714286,4,0.0003973000002588378
54,3,16,16,0.3333333333333333,0.6666666666666667,122,136,-0.03660434291826227,-0.04615890563902236,0.009474158203517552,5,152,142,10,133,0.875,5,0.0007010000008449424
55,3,2,16,0.3333333333333333,0.6666666666666667,24,24,0.16358097626120893,-0.10493487530448323,0.2769410929762373,2,28,28,0,10,0.35714285714285715,2,0.00012480000077630393
55,3,4,16,0.3333333333333333,0.6666666666666667,38,40,0.24472846649743588,-0.05034543680739221,0.2557672587690512,3,48,47,1,31,0.6458333333333334,3,0.00021050000032118987
55,3,8,16,0.3333333333333333,0.6666666666666667,66,72,0.05584362023943163,-0.0723059494404087,0.16329271623624392,6,92,90,2,159,1.7282608695652173,6,0.0005729999993491219
55,3,16,16,0.3333333333333333,0.6666666666666667,122,136,0.02973517325256196,-0.0866435368311451,0.024303160197546435,7,160,152,8,254,1.5875,7,0.0009224000004905974
56,3,2,16,0.3333333333333333,0.6666666666666667,24,24,-0.4876746835368996,0.10769865842911103,-0.19707821560609848,1,24,23,1,1,0.041666666666666664,1,0.00012269999933778308
56,3,4,16,0.3333333333333333,0.6666666666666667,38,40,-0.26017521838871516,0.2091615874432068,-0.04905404224450423,1,40,38,2,4,0.1,1,0.00013649999891640618
56,3,8,16,0.3333333333333333,0.6666666666666667,66,72,-0.2549596794125856,0.05056642587963069,0.06297573560570012,4,84,81,3,69,0.8214285714285714,4,0.0003815000000031432
56,3,16,16,0.3333333333333333,0.6666666666666667,122,136,-0.09051322332181795,-0.02213183185252894,0.012241600657223479,6,156,147,9,173,1.108974358974359,6,0.0007783999990351731
57,3,2,16,0.3333333333333333,0.6666666666666667,24,24,-0.04537523063034121,0.3174334040591198,0.10833607854040231,2,28,28,0,10,0.35714285714285715,2,0.00012140000035287812
57,3,4,16,0.3333333333333333,0.6666666666666667,38,40,-0.09405039435039017,0.12859575019510927,0.17363010578523072,3,48,48,0,34,0.7083333333333334,3,0.00021740000011050142
57,3,8,16,0.3333333333333333,0.6666666666666667,66,72,-0.07220786410952451,0.09943524725128329,0.0659801805244869,2,76,70,6,16,0.21052631578947367,2,0.000267100000201026
57,3,16,16,0.3333333333333333,0.6666666666666667,122,136,-0.041058216566825886,0.07634908358499984,0.1420139087436326,3,144,131,13,45,0.3125,3,0.0005240999998932239
58,3,2,16,0.3333333333333333,0.6666666666666667,24,24,0.0036167643168818282,0.414979582677288,0.22074849493107687,2,28,28,0,10,0.35714285714285715,2,0.00012070000047970098
58,3,4,16,0.3333333333333333,0.6666666666666667,38,40,0.15356052695488165,0.25409432942379956,0.1809055854978088,4,52,52,0,60,1.1538461538461537,4,0.0002764000000752276
58,3,8,16,0.3333333333333333,0.6666666666666667,66,72,0.1278176652018452,0.19922135670428393,0.09613572597224734,5,88,86,2,109,1.2386363636363635,5,0.00046020000081625767
58,3,16,16,0.3333333333333333,0.6666666666666667,122,136,0.06991609440524646,0.10394807773569087,-0.038017982718921144,7,160,153,7,245,1.53125,7,0.000908500000150525
59,3,2,16,0.3333333333333333,0.6666666666666667,24,24,-0.007424751218035341,0.07358573163689251,0.03342195507075576,2,28,28,0,10,0.35714285714285715,2,0.00012109999988751952
59,3,4,16,0.3333333333333333,0.6666666666666667,38,40,-0.029359135370011825,0.06334099061315125,0.10812966383725713,3,48,47,1,31,0.6458333333333334,3,0.00020620000032067765
59,3,8,16,0.3333333333333333,0.6666666666666667,66,72,0.13212159710433738,0.04597657983175726,0.061729663680919436,6,92,90,2,152,1.6521739130434783,6,0.0005450000007840572
59,3,16,16,0.3333333333333333,0.6666666666666667,122,136,0.029775748018534,-0.030169598235072558,-0.006551607505191725,6,156,146,10,168,1.0769230769230769,6,0.000782499999331776
60,3,2,16,0.3333333333333333,0.6666666666666667,24,24,0.056885634581044994,0.08112490132247122,-0.022926529450558054,2,28,28,0,10,0.35714285714285715,2,0.00012409999908413738
60,3,4,16,0.3333333333333333,0.6666666666666667,38,40,0.17107999591573395,-0.13290040960494898,-0.12555668621596602,4,52,52,0,60,1.1538461538461537,4,0.000268300000243471
60,3,8,16,0.3333333333333333,0.6666666666666667,66,72,0.07018676442503077,-0.17147222757461508,-0.06772944111926754,5,88,85,3,107,1.2159090909090908,5,0.00045820000013918616
60,3,16,16,0.3333333333333333,0.6666666666666667,122,136,0.015184566284167188,-0.01536656060546745,-0.11045422430503667,8,164,156,8,299,1.8231707317073171,8,0.0010192999998253072
61,3,2,16,0.3333333333333333,0.6666666666666667,24,24,-0.30315986522530963,-0.3638693605274766,0.22474031639223518,2,28,28,0,10,0.35714285714285715,2,0.00012080000124115031
61,3,4,16,0.3333333333333333,0.6666666666666667,38,40,-0.18732775843322982,0.03440317525490176,0.15643905736142902,3,48,47,1,31,0.6458333333333334,3,0.00020479999875533395
61,3,8,16,0.3333333333333333,0.6666666666666667,66,72,-0.20578139874535864,0.018396004742898507,-0.009356521304700214,5,88,86,2,116,1.3181818181818181,5,0.0004766000001836801
61,3,16,16,0.3333333333333333,0.6666666666666667,122,136,-0.1078124051959118,-0.008067109113525468,-0.07532763946400116,3,144,133,11,57,0.3958333333333333,3,0.0005479999999806751
62,3,2,16,0.3333333333333333,0.6666666666666667,24,24,-0.11218139841554449,0.18022742298735553,-0.11763791303184322,1,24,23,1,1,0.041666666666666664,1,9.15000000532018e-05
62,3,4,16,0.3333333333333333,0.6666666666666667,38,40,0.16368807805169974,0.21633679756176055,0.04831384053979055,1,40,37,3,3,0.075,1,0.00013110000145388767
62,3,8,16,0.3333333333333333,0.6666666666666667,66,72,0.18468870698898018,0.12699071729470113,0.0058709058263794285,4,84,80,4,65,0.7738095238095238,4,0.0003766999998333631
62,3,16,16,0.3333333333333333,0.6666666666666667,122,136,0.07329376957104199,0.059491132282280444,-0.044497160049369495,5,152,141,11,111,0.7302631578947368,5,0.0006711000005452661
63,3,2,16,0.3333333333333333,0.6666666666666667,24,24,-0.1715025385134338,-0.20141437771666595,-0.3585170195713335,2,28,28,0,10,0.35714285714285715,2,0.00012119999882997945
63,3,4,16,0.3333333333333333,0.6666666666666667,38,40,-0.19101438377326663,-0.13249866410973415,-0.15734962053233612,4,52,52,0,60,1.1538461538461537,4,0.0003139000000373926
63,3,8,16,0.3333333333333333,0.6666666666666667,66,72,0.004098593534589058,-0.07482286770238598,-0.12760653509687525,6,92,90,2,157,1.7065217391304348,6,0.0005624999994324753
63,3,16,16,0.3333333333333333,0.6666666666666667,122,136,-0.0756024545110833,-0.00452842972620353,-0.09637211752376079,10,172,166,6,464,2.697674418604651,10,0.0013384000012592878
64,3,2,16,0.3333333333333333,0.6666666666666667,24,24,-0.12685625511800872,-0.2967143148898847,0.23160919164021515,2,28,28,0,10,0.35714285714285715,2,0.00014000000010128133
64,3,4,16,0.3333333333333333,0.6666666666666667,38,40,-0.010649095253035675,-0.138172967673327,0.11954927063090154,3,48,47,1,31,0.6458333333333334,3,0.0002074999993055826
64,3,8,16,0.3333333333333333,0.6666666666666667,66,72,-0.026683704382567935,-0.0635202904371281,0.07912401578091988,5,88,85,3,106,1.2045454545454546,5,0.0004535999996733153
64,3,16,16,0.3333333333333333,0.6666666666666667,122,136,-0.02738398545689165,0.005517273924635968,-0.02920158491720835,9,168,161,7,377,2.244047619047619,9,0.0011721999999281252
65,3,2,16,0.3333333333333333,0.6666666666666667,24,24,0.05346266155671238,0.48130960578472026,0.010575107399372542,1,24,24,0,2,0.08333333333333333,1,9.700000009615906e-05
65,3,4,16,0.3333333333333333,0.6666666666666667,38,40,-0.04555497790547842,0.18890619414695745,0.03726487610389313,2,44,44,0,16,0.36363636363636365,2,0.00017049999951268546
65,3,8,16,0.3333333333333333,0.6666666666666667,66,72,-0.00850831658440953,0.02102804937075155,0.12852956019433362,4,84,82,2,68,0.8095238095238095,4,0.0003896999987773597
65,3,16,16,0.3333333333333333,0.6666666666666667,122,136,0.017451577694912054,0.05427110521300146,0.04490388638383406,8,164,158,6,311,1.896341463414634,8,0.001059099999110913
66,3,2,16,0.3333333333333333,0.6666666666666667,24,24,-0.07334018888681809,-0.10812752702255325,-0.16301704829344074,2,28,28,0,10,0.35714285714285715,2,0.00012179999976069666
66,3,4,16,0.3333333333333333,0.6666666666666667,38,40,-0.06601387882217603,-0.02658131193574773,-0.08585727035860204,3,48,47,1,32,0.6666666666666666,3,0.00021440000091388356
66,3,8,16,0.3333333333333333,0.6666666666666667,66,72,0.06366595246739146,-0.009193398611760679,-0.05463415820410722,3,80,75,5,39,0.4875,3,0.0003212000010535121
66,3,16,16,0.3333333333333333,0.6666666666666667,122,136,0.022247373658063167,-0.11122691457536839,-0.045895669263421084,4,148,136,12,79,0.5337837837837838,4,0.000605199998972239
67,3,2,16,0.3333333333333333,0.6666666666666667,24,24,-0.009703355476508852,0.344413896543433,0.40449445715268234,2,28,28,0,10,0.35714285714285715,2,0.0001216000000567874
67,3,4,16,0.3333333333333333,0.6666666666666667,38,40,-0.010458857359593421,0.1211298906116092,0.2881918394489499,4,52,52,0,60,1.1538461538461537,4,0.00027319999935571104
67,3,8,16,0.3333333333333333,0.6666666666666667,66,72,-0.13345696279489003,0.06776586113961762,0.16845232181109185,7,96,95,1,211,2.1979166666666665,7,0.0006493999990198063
67,3,16,16,0.3333333333333333,0.6666666666666667,122,136,-0.1298372743395622,0.07712571719371376,0.015530995996320116,6,156,148,8,197,1.2628205128205128,6,0.0008122000017465325
68,3,2,16,0.3333333333333333,0.6666666666666667,24,24,0.17767188355600977,-0.1329948943918911,-0.287073656123265,2,28,28,0,10,0.35714285714285715,2,0.00012110000170650892
68,3,4,16,0.3333333333333333,0.6666666666666667,38,40,-0.011660155289069806,-0.04515509005065618,0.1448831194784806,3,48,47,1,31,0.6458333333333334,3,0.00020709999989776406
68,3,8,16,0.3333333333333333,0.6666666666666667,66,72,-0.05735126219217382,-0.12660651477735202,0.1062181027299688,6,92,90,2,156,1.6956521739130435,6,0.0005465000012918608
68,3,16,16,0.3333333333333333,0.6666666666666667,122,136,-0.11781202820339022,-0.1899605666503747,0.05666883891569308,6,156,146,10,180,1.1538461538461537,6,0.0007944999997562263
69,3,2,16,0.3333333333333333,0.6666666666666667,24,24,-0.07114606590304029,0.11304115331849218,-0.057841685247767526,2,28,28,0,10,0.35714285714285715,2,0.0001295000001846347
69,3,4,16,0.3333333333333333,0.6666666666666667,38,40,0.08090003971482632,-0.10978193078006503,-0.10777126197311225,4,52,52,0,60,1.1538461538461537,4,0.00026640000032784883
69,3,8,16,0.3333333333333333,0.6666666666666667,66,72,-0.0648854011567509,-0.04350609430681192,-0.018281028297030308,5,88,86,2,106,1.2045454545454546,5,0.0004535999996733153
69,3,16,16,0.3333333333333333,0.6666666666666667,122,136,-0.05058574622473042,0.10320000484057072,0.0816077727730969,9,168,163,5,382,2.2738095238095237,9,0.001172000000224216
70,3,2,16,0.3333333333333333,0.6666666666666667,24,24,0.05662123487074258,-0.15030323135110205,-0.21532125833166915,2,28,28,0,10,0.35714285714285715,2,0.0001221999991685152
70,3,4,16,0.3333333333333333,0.6666666666666667,38,40,0.001569536161457999,-0.16965381030470794,-0.05597482851003108,4,52,52,0,60,1.1538461538461537,4,0.0002672000009624753
70,3,8,16,0.3333333333333333,0.6666666666666667,66,72,0.09561276191815021,-0.16191569652750984,-0.22155359570552619,6,92,91,1,158,1.7173913043478262,6,0.0005485000001499429
70,3,16,16,0.3333333333333333,0.6666666666666667,122,136,0.01435455023006429,-0.11419603588454745,-0.04913561321589316,7,160,151,9,223,1.39375,7,0.0008696999993844656
71,3,2,16,0.3333333333333333,0.6666666666666667,24,24,-0.1938741215755873,0.09057641156282577,-0.31579056043292486,2,28,28,0,10,0.35714285714285715,2,0.0001229999998031417
71,3,4,16,0.3333333333333333,0.6666666666666667,38,40,-0.10599069171411214,0.03810354407589934,-0.08119944254498818,3,48,47,1,31,0.6458333333333334,3,0.0002054999986285111
71,3,8,16,0.3333333333333333,0.6666666666666667,66,72,0.0147000303342822,-0.11766743755810838,-0.07814831922805422,4,84,80,4,64,0.7619047619047619,4,0.0003744000005099224
71,3,16,16,0.3333333333333333,0.6666666666666667,122,136,-0.012789396540122776,0.015375568376316744,-0.031377782512457465,6,156,146,10,162,1.0384615384615385,6,0.0007509999995818362
72,3,2,16,0.3333333333333333,0.6666666666666667,24,24,0.2167486271705381,-0.2745666071289478,0.04405336634929703,2,28,28,0,10,0.35714285714285715,2,0.00012109999988751952
72,3,4,16,0.3333333333333333,0.6666666666666667,38,40,0.22333391125200744,0.04571451303325293,0.05197696431680109,4,52,52,0,60,1.1538461538461537,4,0.0002626000004966045
72,3,8,16,0.3333333333333333,0.6666666666666667,66,72,0.17302798634722552,-0.04385530273645297,0.0016331479599371198,7,96,95,1,212,2.2083333333333335,7,0.0006464999987656483
72,3,16,16,0.3333333333333333,0.6666666666666667,122,136,0.072082635742012,0.05520168850445564,-0.10844453841907156,10,172,166,6,476,2.7674418604651163,10,0.001330999999481719
73,3,2,16,0.3333333333333333,0.6666666666666667,24,24,-0.09275958509287069,-0.12176268047635422,-0.3355877570030807,2,28,28,0,10,0.35714285714285715,2,0.00012289999904169235
73,3,4,16,0.3333333333333333,0.6666666666666667,38,40,-0.04986861924228577,0.13641085155844268,-0.15897434316848336,3,48,47,1,31,0.6458333333333334,3,0.00020489999951678328
73,3,8,16,0.3333333333333333,0.6666666666666667,66,72,-0.1633955466489346,0.0026256156360607423,-0.18179376853172066,5,88,86,2,106,1.2045454545454546,5,0.00045649999992747325
73,3,16,16,0.3333333333333333,0.6666666666666667,122,136,-0.02158558492099465,-0.04212552341832916,-0.07195613733645166,9,168,162,6,385,2.2916666666666665,9,0.0011534999994182726
74,3,2,16,0.3333333333333333,0.6666666666666667,24,24,-0.05239666813353352,-0.09569481037676617,-0.13011929790780197,2,28,28,0,10,0.35714285714285715,2,0.00012769999921147246
74,3,4,16,0.3333333333333333,0.6666666666666667,38,40,-0.13491615441002988,0.0007851696864791412,-0.1985476362774106,3,48,47,1,31,0.6458333333333334,3,0.0002060999995592283
74,3,8,16,0.3333333333333333,0.6666666666666667,66,72,0.007251638174785378,0.07721033593261913,-0.06347151686036204,5,88,85,3,108,1.2272727272727273,5,0.000460300001577707
74,3,16,16,0.3333333333333333,0.6666666666666667,122,136,-0.07125330302579637,-0.005302261724898072,-0.07444125977952565,6,156,148,8,169,1.0833333333333333,6,0.000775100001192186
75,3,2,16,0.3333333333333333,0.6666666666666667,24,24,-0.19122308455726328,-0.18402002665476902,-0.34503741936514787,2,28,28,0,10,0.35714285714285715,2,0.00012120000064896885
75,3,4,16,0.3333333333333333,0.6666666666666667,38,40,0.027322290047159466,-0.08645225187252589,-0.31340405482464484,2,44,42,2,13,0.29545454545454547,2,0.00016390000018873252
75,3,8,16,0.3333333333333333,0.6666666666666667,66,72,0.03392875320750706,-0.0649536891178296,-0.2807579107169205,2,76,71,5,22,0.2894736842105263,2,0.0002820999998220941
75,3,16,16,0.3333333333333333,0.6666666666666667,122,136,-0.0396004629685414,0.03491667275327353,-0.18617843210411025,3,144,133,11,69,0.4791666666666667,4,0.0005683999988832511
76,3,2,16,0.3333333333333333,0.6666666666666667,24,24,-0.33190255107400435,-0.0740221171574749,0.21440989405958896,1,24,23,1,1,0.041666666666666664,1,9.130000034929253e-05
76,3,4,16,0.3333333333333333,0.6666666666666667,38,40,-0.204420494001078,-0.04489204507543463,0.0022756857464159485,3,48,47,1,32,0.6666666666666666,3,0.0002072000006592134
76,3,8,16,0.3333333333333333,0.6666666666666667,66,72,-0.09999794582875937,0.02640491368822136,-0.09622258091858188,5,88,85,3,110,1.25,5,0.00046329999895533547
76,3,16,16,0.3333333333333333,0.6666666666666667,122,136,-0.035426772426596476,-0.03528984292795623,0.052248370227125945,7,160,151,9,253,1.58125,7,0.0009267000004911097
77,3,2,16,0.3333333333333333,0.6666666666666667,24,24,-0.13174298335851242,0.15215629610927325,0.36091626033356605,2,28,28,0,10,0.35714285714285715,2,0.0001218999987031566
77,3,4,16,0.3333333333333333,0.6666666666666667,38,40,-0.0708935297669075,-0.03756108620482526,0.18201979242843924,3,48,47,1,31,0.6458333333333334,3,0.00020650000078603625
77,3,8,16,0.3333333333333333,0.6666666666666667,66,72,-0.12141102693162317,-0.013590000457128115,0.12201698381031566,4,84,80,4,67,0.7976190476190477,4,0.00037539999902946874
77,3,16,16,0.3333333333333333,0.6666666666666667,122,136,-0.058278759836318084,-0.10953246271667352,0.05773230952976705,7,160,151,9,233,1.45625,7,0.000912600000447128
78,3,2,16,0.3333333333333333,0.6666666666666667,24,24,-0.05480170463682459,0.3980098585098889,-0.15195685550326563,2,28,28,0,10,0.35714285714285715,2,0.00012309999874560162
78,3,4,16,0.3333333333333333,0.6666666666666667,38,40,-0.12364390420008455,0.18588529075792007,-0.040928044881390735,3,48,47,1,33,0.6875,3,0.00020849999964411836
78,3,8,16,0.3333333333333333,0.6666666666666667,66,72,-0.15834527393207556,0.15868313022085503,-0.054773375772335306,5,88,85,3,105,1.1931818181818181,5,0.0004478999999264488
78,3,16,16,0.3333333333333333,0.6666666666666667,122,136,-0.057496569084486714,0.056786626041667676,0.044499602033578195,6,156,146,10,162,1.0384615384615385,6,0.0007571999994979706
79,3,2,16,0.3333333333333333,0.6666666666666667,24,24,-0.2484660090259842,0.19108582254776638,0.13653906261408677,2,28,28,0,10,0.35714285714285715,2,0.00012129999959142879
79,3,4,16,0.3333333333333333,0.6666666666666667,38,40,-0.11497087049469072,-0.05236327837456281,0.1071231884204946,4,52,52,0,60,1.1538461538461537,4,0.0002648999998200452
79,3,8,16,0.3333333333333333,0.6666666666666667,66,72,-0.10015380417669607,0.15746719744201362,-0.001186430996766538,7,96,95,1,211,2.1979166666666665,7,0.0006558000004588393
79,3,16,16,0.3333333333333333,0.6666666666666667,122,136,-0.031699326243311725,0.10931064241644081,0.09206398107287365,7,160,152,8,236,1.475,7,0.0008914999998523854
80,3,2,16,0.3333333333333333,0.6666666666666667,24,24,-0.35558373311381203,-0.047382146332464084,-0.17007481156124438,1,24,23,1,1,0.041666666666666664,1,9.62999984039925e-05
80,3,4,16,0.3333333333333333,0.6666666666666667,38,40,-0.15932311196575466,-0.17784158728583663,-0.1857265483152524,3,48,47,1,32,0.6666666666666666,3,0.00020780000158993062
80,3,8,16,0.3333333333333333,0.6666666666666667,66,72,-0.15450876831281618,-0.09020728523008137,-0.09868358949183732,7,96,95,1,214,2.2291666666666665,7,0.000654099998428137
80,3,16,16,0.3333333333333333,0.6666666666666667,122,136,-0.15673127042646215,-0.017118312077366866,-0.07678611263872998,8,164,156,8,290,1.7682926829268293,8,0.0010008999997808132
81,3,2,16,0.3333333333333333,0.6666666666666667,24,24,-0.3582261256993613,0.2722586028306241,-0.258695826951023,2,28,28,0,10,0.35714285714285715,2,0.00012140000035287812
81,3,4,16,0.3333333333333333,0.6666666666666667,38,40,-0.07205774052847914,0.11768173152821204,-0.1745731003099246,3,48,47,1,32,0.6666666666666666,3,0.000210000000151922
81,3,8,16,0.3333333333333333,0.6666666666666667,66,72,-0.0821055537945073,0.07929041222285713,-0.038090375139857746,3,80,76,4,37,0.4625,3,0.00031739999940327834
81,3,16,16,0.3333333333333333,0.6666666666666667,122,136,-0.015047398887093586,0.030916563663485424,-0.04868347211201652,6,156,147,9,169,1.0833333333333333,6,0.0007781999993312638
82,3,2,16,0.3333333333333333,0.6666666666666667,24,24,0.08761581512387005,0.054033103281300725,0.13486913286792676,2,28,28,0,10,0.35714285714285715,2,0.00012109999988751952
82,3,4,16,0.3333333333333333,0.6666666666666667,38,40,0.009624028865952185,0.0008527990864985564,0.1472949100593226,2,44,42,2,12,0.2727272727272727,2,0.0001632999992580153
82,3,8,16,0.3333333333333333,0.6666666666666667,66,72,0.03562122757265048,0.03672459378661541,-0.009242250461731901,5,88,85,3,103,1.1704545454545454,5,0.00044690000140690245
82,3,16,16,0.3333333333333333,0.6666666666666667,122,136,0.041636433999015794,-0.00928466837289757,0.0059226130065955845,8,164,156,8,303,1.8475609756097562,8,0.001022200000079465
83,3,2,16,0.3333333333333333,0.6666666666666667,24,24,0.25854537573194203,-0.3155636008482224,0.10383265891036635,2,28,28,0,10,0.35714285714285715,2,0.00012119999882997945
83,3,4,16,0.3333333333333333,0.6666666666666667,38,40,0.22321148447318187,-0.26876081979022626,0.0013627121330673203,3,48,47,1,31,0.6458333333333334,3,0.00020670000048994552
83,3,8,16,0.3333333333333333,0.6666666666666667,66,72,0.2343839751115391,-0.015417112912150813,0.048015944185436595,4,84,80,4,70,0.8333333333333334,4,0.00038920000042708125
83,3,16,16,0.3333333333333333,0.6666666666666667,122,136,0.09582466984798597,0.052770570101570956,0.06955787154779212,4,148,136,12,82,0.5540540540540541,4,0.0006015999988449039
84,3,2,16,0.3333333333333333,0.6666666666666667,24,24,0.45279179173860007,-0.06577953997181889,-0.3676537402091587,2,28,28,0,10,0.35714285714285715,2,0.00012010000136797316
84,3,4,16,0.3333333333333333,0.6666666666666667,38,40,0.20510579515352825,0.09557800566914965,-0.2974344018926454,3,48,47,1,32,0.6666666666666666,3,0.0002131000001099892
84,3,8,16,0.3333333333333333,0.6666666666666667,66,72,0.0030566394447538617,0.06452372044589941,-0.14256274398459776,4,84,80,4,67,0.7976190476190477,4,0.0003884999987349147
84,3,16,16,0.3333333333333333,0.6666666666666667,122,136,-0.03874189711837496,0.0833088779744931,-0.2134272811739076,6,156,146,10,167,1.0705128205128205,6,0.0007762999994156417
85,3,2,16,0.3333333333333333,0.6666666666666667,24,24,0.04211625380696687,-0.0921247010201387,-0.0068440370497852895,2,28,28,0,10,0.35714285714285715,2,0.00012140000035287812
85,3,4,16,0.3333333333333333,0.6666666666666667,38,40,0.01936164152114254,0.06003421879581576,0.21768705710540376,3,48,48,0,34,0.7083333333333334,3,0.00021129999913682695
85,3,8,16,0.3333333333333333,0.6666666666666667,66,72,0.09423933038709607,-0.12932287262928666,0.060526310311638146,5,88,85,3,111,1.2613636363636365,5,0.000461199999335804
85,3,16,16,0.3333333333333333,0.6666666666666667,122,136,0.08400870616564776,-0.084803456975533,-0.07311330292226502,9,168,161,7,400,2.380952380952381,9,0.0011763000002247281
86,3,2,16,0.3333333333333333,0.6666666666666667,24,24,-0.11815959193255834,-0.17186427325663717,0.10953922555600616,2,28,28,0,10,0.35714285714285715,2,0.00012229999992996454
86,3,4,16,0.3333333333333333,0.6666666666666667,38,40,-0.06786286214188818,0.004333608225227364,-0.016453553277146805,3,48,47,1,31,0.6458333333333334,3,0.0002066000015474856
86,3,8,16,0.3333333333333333,0.6666666666666667,66,72,-0.1576986452614355,0.012104529892731137,0.07742925354574882,5,88,85,3,106,1.2045454545454546,5,0.0004561000005196547
86,3,16,16,0.3333333333333333,0.6666666666666667,122,136,0.012205189842980529,0.02370725815138808,-0.08852900567592996,8,164,157,7,314,1.9146341463414633,8,0.0010335999995731981
87,3,2,16,0.3333333333333333,0.6666666666666667,24,24,-0.16857416154098187,0.15522710198156475,0.1186660433300538,2,28,28,0,10,0.35714285714285715,2,0.00012140000035287812
87,3,4,16,0.3333333333333333,0.6666666666666667,38,40,-0.19186993794320018,0.017300016791544602,0.12083566562081516,2,44,42,2,13,0.29545454545454547,2,0.00016309999955410603
87,3,8,16,0.3333333333333333,0.6666666666666667,66,72,-0.16247145454271372,0.005516659723391881,0.10052383352557971,5,88,85,3,109,1.2386363636363635,5,0.0004558000000542961
87,3,16,16,0.3333333333333333,0.6666666666666667,122,136,-0.10495230358496269,0.07214216080907322,0.05451477793079689,9,168,161,7,382,2.2738095238095237,9,0.001160899999376852
88,3,2,16,0.3333333333333333,0.6666666666666667,24,24,0.07234652094880614,0.12141828497021068,-0.08327168360190433,2,28,28,0,10,0.35714285714285715,2,0.00012119999882997945
88,3,4,16,0.3333333333333333,0.6666666666666667,38,40,0.0756049499483234,-0.06152218858102553,0.025352903123247582,4,52,52,0,60,1.1538461538461537,4,0.000262999999904423
88,3,8,16,0.3333333333333333,0.6666666666666667,66,72,0.09755827709563028,-0.05003922811162108,-0.08379597896542801,5,88,85,3,107,1.2159090909090908,5,0.00045700000009674113
88,3,16,16,0.3333333333333333,0.6666666666666667,122,136,0.04753592069396759,0.06575898471149375,0.06145774375007522,6,156,146,10,177,1.1346153846153846,6,0.0007810000006429618
89,3,2,16,0.3333333333333333,0.6666666666666667,24,24,-0.4008178548835366,-0.0022556065444574508,0.038141952964415006,2,28,28,0,10,0.35714285714285715,2,0.00012120000064896885
89,3,4,16,0.3333333333333333,0.6666666666666667,38,40,-0.24973289605788357,-0.026739090535528472,-0.03650148578869778,4,52,52,0,60,1.1538461538461537,4,0.00027460000092105474
89,3,8,16,0.3333333333333333,0.6666666666666667,66,72,-0.16256775517767186,-0.11663567775196759,-0.013855295797489078,6,92,91,1,157,1.7065217391304348,6,0.00054689999888069
89,3,16,16,0.3333333333333333,0.6666666666666667,122,136,-0.05620689662840183,-0.15708394356175784,-0.0010499553972066924,8,164,156,8,288,1.7560975609756098,8,0.0009908000010909745
90,3,2,16,0.3333333333333333,0.6666666666666667,24,24,-0.11041647727725577,0.004865052709615998,-0.16974483647465505,2,28,28,0,10,0.35714285714285715,2,0.0001222000009875046
90,3,4,16,0.3333333333333333,0.6666666666666667,38,40,-0.1431756286748304,-0.04490247543743732,-0.07902185028699422,2,44,42,2,14,0.3181818181818182,2,0.00016529999993508682
90,3,8,16,0.3333333333333333,0.6666666666666667,66,72,-0.05600219360467871,-0.09834172843214346,-0.013695767183982674,4,84,80,4,64,0.7619047619047619,4,0.0004998999993404141
90,3,16,16,0.3333333333333333,0.6666666666666667,122,136,0.008947339790637294,-0.05189635664175832,0.012467865277427012,6,156,146,10,170,1.0897435897435896,6,0.0007753000008960953
91,3,2,16,0.3333333333333333,0.6666666666666667,24,24,0.17612149292883128,-0.00157064442361383,0.13230117476399478,2,28,28,0,10,0.35714285714285715,2,0.00012629999946511816
91,3,4,16,0.3333333333333333,0.6666666666666667,38,40,0.27671079890979217,-0.04878723187070738,0.1498459364446139,4,52,52,0,60,1.1538461538461537,4,0.0002676999993127538
91,3,8,16,0.3333333333333333,0.6666666666666667,66,72,0.11014170972804938,-9.151475396995258e-05,0.19125059733833313,6,92,90,2,152,1.6521739130434783,6,0.0005497999991348479
91,3,16,16,0.3333333333333333,0.6666666666666667,122,136,0.1716253873426933,0.004207859904170104,0.017197977894949538,5,152,142,10,141,0.9276315789473685,5,0.0007158000007621013
92,3,2,16,0.3333333333333333,0.6666666666666667,24,24,0.08783358479786775,-0.16938860977725523,0.025347523731589258,1,24,23,1,1,0.041666666666666664,1,9.300000056100544e-05
92,3,4,16,0.3333333333333333,0.6666666666666667,38,40,0.18449574788276818,-0.09821037476394952,0.09846405273802594,1,40,37,3,3,0.075,1,0.00013330000001587905
92,3,8,16,0.3333333333333333,0.6666666666666667,66,72,0.14197728150098973,-0.13684321361780452,0.10690042926731638,4,84,80,4,66,0.7857142857142857,4,0.00037620000148308463
92,3,16,16,0.3333333333333333,0.6666666666666667,122,136,0.13616541007311822,-0.066570211926676,0.023215807488291045,4,148,136,12,80,0.5405405405405406,4,0.0005980000005365582
93,3,2,16,0.3333333333333333,0.6666666666666667,24,24,0.0730402848140888,0.3478787690169927,0.10700326677337371,2,28,28,0,10,0.35714285714285715,2,0.00012119999882997945
93,3,4,16,0.3333333333333333,0.6666666666666667,38,40,0.20591994028109217,0.20819383951043322,-0.05950243235084932,4,52,52,0,60,1.1538461538461537,4,0.0002705999995669117
93,3,8,16,0.3333333333333333,0.6666666666666667,66,72,0.0872397176091813,0.15651033931402195,0.03019226767442066,5,88,85,3,106,1.2045454545454546,5,0.000454699998954311
93,3,16,16,0.3333333333333333,0.6666666666666667,122,136,0.12504930357084335,0.1054855229374515,0.07740736185921969,10,172,166,6,465,2.703488372093023,10,0.0013111999996908708
94,3,2,16,0.3333333333333333,0.6666666666666667,24,24,0.1547770197548794,0.18617405465944684,-0.40979928608401534,1,24,23,1,1,0.041666666666666664,1,9.309999950346537e-05
94,3,4,16,0.3333333333333333,0.6666666666666667,38,40,0.19245298068073807,-0.13719832308098495,-0.3646110319874586,3,48,47,1,31,0.6458333333333334,3,0.00020510000103968196
94,3,8,16,0.3333333333333333,0.6666666666666667,66,72,0.16023631056784612,-0.11694381284552664,-0.34989376330084626,6,92,90,2,153,1.6630434782608696,6,0.0005406000000220956
94,3,16,16,0.3333333333333333,0.6666666666666667,122,136,0.008119301538293676,-0.13543265922796133,-0.18265447797681447,7,160,151,9,228,1.425,7,0.0008782999993854901
95,3,2,16,0.3333333333333333,0.6666666666666667,24,24,-0.13617600438675798,0.10014726874568981,-0.19543787505884494,1,24,23,1,1,0.041666666666666664,1,9.309999950346537e-05
95,3,4,16,0.3333333333333333,0.6666666666666667,38,40,-0.18286507871725435,-0.014749381920766472,-0.04437379955315188,3,48,47,1,31,0.6458333333333334,3,0.00020760000006703194
95,3,8,16,0.3333333333333333,0.6666666666666667,66,72,-0.1498474253877101,0.1604776446996799,0.0909057181018883,5,88,85,3,103,1.1704545454545454,5,0.0004473999997571809
95,3,16,16,0.3333333333333333,0.6666666666666667,122,136,-0.01245380924989178,0.13151640025902242,0.050100706244673346,9,168,161,7,367,2.1845238095238093,9,0.0011293999996269122
96,3,2,16,0.3333333333333333,0.6666666666666667,24,24,-0.08204922619275452,0.18916307376961325,0.10369021476360597,2,28,28,0,10,0.35714285714285715,2,0.000121900000522146
96,3,4,16,0.3333333333333333,0.6666666666666667,38,40,-0.14644720547463796,0.2863225144806688,-0.1693961710057127,4,52,52,0,60,1.1538461538461537,4,0.0002657000004546717
96,3,8,16,0.3333333333333333,0.6666666666666667,66,72,-0.0729176959048762,0.05103054080486305,0.06249097169549452,5,88,86,2,113,1.2840909090909092,5,0.00046660000043630134
96,3,16,16,0.3333333333333333,0.6666666666666667,122,136,-0.014865923629003255,0.1288699053239616,0.033238335029357816,9,168,161,7,381,2.267857142857143,9,0.001202999999804888
97,3,2,16,0.3333333333333333,0.6666666666666667,24,24,0.058156899177795485,-0.3472301824837296,0.017061229980718313,1,24,23,1,1,0.041666666666666664,1,0.0001145999995060265
97,3,4,16,0.3333333333333333,0.6666666666666667,38,40,-0.11869768759782871,-0.12803164777187093,0.007126185344086462,3,48,47,1,32,0.6666666666666666,3,0.00021079999896755908
97,3,8,16,0.3333333333333333,0.6666666666666667,66,72,-0.1102316627288948,-0.007878083300550558,-0.021919861123056102,5,88,85,3,103,1.1704545454545454,5,0.0004488000013225246
97,3,16,16,0.3333333333333333,0.6666666666666667,122,136,-0.0005560878379681093,-0.0838487508068156,0.005292626051089679,8,164,156,8,291,1.774390243902439,8,0.0009996999997383682
98,3,2,16,0.3333333333333333,0.6666666666666667,24,24,0.3748495919748435,0.19008117127950527,0.13568744721276477,2,28,28,0,10,0.35714285714285715,2,0.00012170000081823673
98,3,4,16,0.3333333333333333,0.6666666666666667,38,40,0.28652407772214433,0.16190143699289736,-0.017473503805638106,3,48,47,1,31,0.6458333333333334,3,0.00020939999922120478
98,3,8,16,0.3333333333333333,0.6666666666666667,66,72,0.2627998205984673,0.15780758302164472,-0.005579309190821935,3,80,75,5,38,0.475,3,0.0003161999993608333
98,3,16,16,0.3333333333333333,0.6666666666666667,122,136,0.2119380133671961,0.13327981219732848,0.03272541296386253,4,148,137,11,87,0.5878378378378378,4,0.0006162000008771429
99,3,2,16,0.3333333333333333,0.6666666666666667,24,24,0.19799582989814626,0.2710048937310004,0.035380403679020435,2,28,28,0,10,0.35714285714285715,2,0.000119099999210448
99,3,4,16,0.3333333333333333,0.6666666666666667,38,40,0.1821475534259015,0.179640602381485,0.058464890537942724,4,52,52,0,60,1.1538461538461537,4,0.0002679999997781124
99,3,8,16,0.3333333333333333,0.6666666666666667,66,72,0.08906489026618804,0.045797924730860376,0.09732902516426156,5,88,85,3,107,1.2159090909090908,5,0.0004529999987425981
99,3,16,16,0.3333333333333333,0.6666666666666667,122,136,0.08039380046692872,0.008085713424141409,0.00548976332641799,7,160,151,9,239,1.49375,7,0.0008896999988792231
100,3,2,16,0.3333333333333333,0.6666666666666667,24,24,-0.20455125863447726,-0.03818723559758767,0.2378139558027581,2,28,28,0,10,0.35714285714285715,2,0.00019570000040403102
100,3,4,16,0.3333333333333333,0.6666666666666667,38,40,-0.15777354341138752,-0.11694139623888151,0.09480615628158047,2,44,42,2,12,0.2727272727272727,2,0.00024850000045262277
100,3,8,16,0.3333333333333333,0.6666666666666667,66,72,-0.08567501307402754,0.0042924931301105106,-0.07639126869818234,3,80,75,5,37,0.4625,3,0.0003178000006300863
100,3,16,16,0.3333333333333333,0.6666666666666667,122,136,-0.06427041434656344,-0.050984673292924935,-0.1166699240166196,5,152,141,11,127,0.8355263157894737,5,0.0007100000002537854
101,3,2,16,0.3333333333333333,0.6666666666666667,24,24,0.33512195051622784,0.4076007522262726,0.09809811919370696,2,28,28,0,10,0.35714285714285715,2,0.0001216000000567874
101,3,4,16,0.3333333333333333,0.6666666666666667,38,40,0.20856787131106924,-0.02648083080137561,0.16238899533531076,4,52,52,0,60,1.1538461538461537,4,0.00027070000032836106
101,3,8,16,0.3333333333333333,0.6666666666666667,66,72,0.15887252306493196,0.015093533506594129,0.022238112407350453,4,84,80,4,64,0.7619047619047619,4,0.0003756000005523674
101,3,16,16,0.3333333333333333,0.6666666666666667,122,136,0.20515782844216615,0.05834248558523085,0.04630717821413494,5,152,141,11,111,0.7302631578947368,5,0.0006620999993174337
102,3,2,16,0.3333333333333333,0.6666666666666667,24,24,-0.04932540527461703,-0.14291143247407315,0.2370256848102104,2,28,28,0,10,0.35714285714285715,2,0.00012109999988751952
102,3,4,16,0.3333333333333333,0.6666666666666667,38,40,-0.05272342851835236,-0.1297288177375891,0.010900265785100234,3,48,47,1,31,0.6458333333333334,3,0.0002061000013782177
102,3,8,16,0.3333333333333333,0.6666666666666667,66,72,-0.009654009875692213,-0.09235840820309418,0.042864527171698974,4,84,80,4,64,0.7619047619047619,4,0.00037540000084845815
102,3,16,16,0.3333333333333333,0.6666666666666667,122,136,0.025933992031834524,-0.05317543935778653,-0.0047077936335060645,8,164,156,8,290,1.7682926829268293,8,0.000987600000371458
103,3,2,16,0.3333333333333333,0.6666666666666667,24,24,-0.24229493606089283,-0.1531415595405988,-0.016580379695823672,1,24,23,1,1,0.041666666666666664,1,9.259999933419749e-05
103,3,4,16,0.3333333333333333,0.6666666666666667,38,40,-0.16277849167901548,-0.12717366796441004,-0.026599060922017012,1,40,38,2,4,0.1,1,0.0001357000001007691
103,3,8,16,0.3333333333333333,0.6666666666666667,66,72,-0.09067106912324738,0.011394496031034955,-0.03971532404059926,5,88,86,2,104,1.1818181818181819,5,0.000492600000143284
103,3,16,16,0.3333333333333333,0.6666666666666667,122,136,-0.005728888190772645,0.06145772450492951,0.008785073057267988,9,168,164,4,394,2.3452380952380953,9,0.001241699999809498
104,3,2,16,0.3333333333333333,0.6666666666666667,24,24,0.18810571087495795,0.3577750652167428,0.15796007219644354,2,28,28,0,10,0.35714285714285715,2,0.00013270000090415124
104,3,4,16,0.3333333333333333,0.6666666666666667,38,40,0.10183950689160944,0.3791910080016753,0.027021473637485076,2,44,43,1,13,0.29545454545454547,2,0.0001655000014579855
104,3,8,16,0.3333333333333333,0.6666666666666667,66,72,-0.011984862305780745,0.18672114659449832,-0.009712182996873866,5,88,85,3,109,1.2386363636363635,5,0.00046039999870117754
104,3,16,16,0.3333333333333333,0.6666666666666667,122,136,0.022313493688051536,0.26002727451665697,-0.05158708545453377,9,168,161,7,386,2.2976190476190474,9,0.0011764000009861775
105,3,2,16,0.3333333333333333,0.6666666666666667,24,24,-0.22421511912591183,-0.16740544896479734,-0.08347854196262898,2,28,28,0,10,0.35714285714285715,2,0.00012210000022605527
105,3,4,16,0.3333333333333333,0.6666666666666667,38,40,0.08025435073977126,-0.06029181324275156,-0.0980693864156282,4,52,52,0,60,1.1538461538461537,4,0.000270799999270821
105,3,8,16,0.3333333333333333,0.6666666666666667,66,72,0.10271716651760569,0.04613474313686822,0.010588850501989065,2,76,70,6,17,0.2236842105263158,2,0.00027149999914399814
105,3,16,16,0.3333333333333333,0.6666666666666667,122,136,0.07646298890443284,-0.008811367399538318,-0.10447476827108582,4,148,136,12,74,0.5,4,0.0005870000004506437
106,3,2,16,0.3333333333333333,0.6666666666666667,24,24,0.11778919304582192,0.31939547701246673,-0.31791330619490393,2,28,28,0,10,0.35714285714285715,2,0.00012229999992996454
106,3,4,16,0.3333333333333333,0.6666666666666667,38,40,0.0028110204482151265,0.10230214728307481,-0.10296813901905208,2,44,42,2,13,0.29545454545454547,2,0.00016839999989315402
106,3,8,16,0.3333333333333333,0.6666666666666667,66,72,0.11377007810893407,0.05401179769959532,-0.12720175592383282,4,84,80,4,73,0.8690476190476191,4,0.00038390000008803327
106,3,16,16,0.3333333333333333,0.6666666666666667,122,136,0.03625411432313559,0.09597282893237138,0.0018211182264426383,7,160,152,8,245,1.53125,7,0.0008976999997685198
107,3,2,16,0.3333333333333333,0.6666666666666667,24,24,0.4135278912683063,-0.27865038727758284,0.11538742307464037,2,28,28,0,10,0.35714285714285715,2,0.00012479999895731453
107,3,4,16,0.3333333333333333,0.6666666666666667,38,40,0.35246321751972653,-0.25207698575199766,-0.053851275132176905,4,52,52,0,60,1.1538461538461537,4,0.0002662999995663995
107,3,8,16,0.3333333333333333,0.6666666666666667,66,72,0.22199989041686766,-0.19325744567525346,0.038863576754552244,5,88,85,3,105,1.1931818181818181,5,0.00046409999958996195
107,3,16,16,0.3333333333333333,0.6666666666666667,122,136,0.06654584468538975,-0.11252355789561132,-0.02261920955348898,9,168,162,6,372,2.2142857142857144,9,0.0011438000001362525
108,3,2,16,0.3333333333333333,0.6666666666666667,24,24,-0.40054541101824237,0.41998700225434765,0.20231742692724805,1,24,24,0,2,0.08333333333333333,1,0.00010010000005422626
108,3,4,16,0.3333333333333333,0.6666666666666667,38,40,-0.3817208110896788,0.2116504844912556,0.3016606036725771,3,48,48,0,34,0.7083333333333334,3,0.00021569999989878852
108,3,8,16,0.3333333333333333,0.6666666666666667,66,72,-0.16702794061222995,0.05340493399410877,0.2111207405822982,2,76,71,5,17,0.2236842105263158,2,0.0002731000004132511
108,3,16,16,0.3333333333333333,0.6666666666666667,122,136,-0.1347853563219315,0.05139185565239,0.040994274078969224,3,144,132,12,55,0.3819444444444444,3,0.0005440000004455214
109,3,2,16,0.3333333333333333,0.6666666666666667,24,24,-0.23837990590132954,0.006984641366217613,0.11953870529746792,2,28,28,0,10,0.35714285714285715,2,0.00011919999997189734
109,3,4,16,0.3333333333333333,0.6666666666666667,38,40,-0.23350243870874213,-0.04538077951434009,0.06298258289446523,3,48,48,0,36,0.75,3,0.00021860000015294645
109,3,8,16,0.3333333333333333,0.6666666666666667,66,72,-0.19623612331359186,-0.022971438528768037,0.0013530720161218266,4,84,83,1,80,0.9523809523809523,4,0.0004011999990325421
109,3,16,16,0.3333333333333333,0.6666666666666667,122,136,-0.11647298340918652,-7.613882413035192e-05,0.0007289548340863233,4,148,137,11,77,0.5202702702702703,4,0.0005981000012980076
110,3,2,16,0.3333333333333333,0.6666666666666667,24,24,0.3129677730984712,-0.17094013802755795,-0.3645395825351978,2,28,28,0,10,0.35714285714285715,2,0.00012149999929533806
110,3,4,16,0.3333333333333333,0.6666666666666667,38,40,0.14796849204745857,-0.1882077862441064,-0.2661212598278566,3,48,47,1,32,0.6666666666666666,3,0.00020939999922120478
110,3,8,16,0.3333333333333333,0.6666666666666667,66,72,0.01815457353458576,-0.014800885965895284,-0.14677473711763744,4,84,80,4,73,0.8690476190476191,4,0.0003904999994119862
110,3,16,16,0.3333333333333333,0.6666666666666667,122,136,-0.027800824791737486,-0.03096604064974385,-0.10400721649080077,4,148,137,11,99,0.668918918918919,4,0.0006322000008367468
111,3,2,16,0.3333333333333333,0.6666666666666667,24,24,-0.19825144068684164,0.18790164510216378,-0.21252402812712132,1,24,23,1,1,0.041666666666666664,1,0.00011629999971773941
111,3,4,16,0.3333333333333333,0.6666666666666667,38,40,-0.10118204971555435,0.19679332146349982,-0.14248927791109395,1,40,37,3,3,0.075,1,0.0001342999985354254
111,3,8,16,0.3333333333333333,0.6666666666666667,66,72,-0.13354019962155458,0.07183140279123897,-0.2905557973723589,5,88,85,3,109,1.2386363636363635,5,0.000459999999293359
111,3,16,16,0.3333333333333333,0.6666666666666667,122,136,-0.09142239762399422,-0.01346407050377043,-0.23838126350486807,5,152,141,11,125,0.8223684210526315,5,0.0007107000001269625
112,3,2,16,0.3333333333333333,0.6666666666666667,24,24,0.004839352973988175,-0.02720098055500028,0.08740489704306804,1,24,23,1,1,0.041666666666666664,1,9.669999963080045e-05
112,3,4,16,0.3333333333333333,0.6666666666666667,38,40,-0.04154916500746433,0.16200631000249693,0.11770624630120642,1,40,37,3,3,0.075,1,0.0001328999987890711
112,3,8,16,0.3333333333333333,0.6666666666666667,66,72,-0.07313232171038146,0.13077221948263565,0.0836887046853126,3,80,75,5,35,0.4375,3,0.00031289999969885685
112,3,16,16,0.3333333333333333,0.6666666666666667,122,136,-0.13442242450386702,0.14156192654136557,0.055876393158913074,6,156,146,10,170,1.0897435897435896,6,0.0007915000005596085
113,3,2,16,0.3333333333333333,0.6666666666666667,24,24,0.26452510254096273,-0.08540836075503438,0.19731991125189996,1,24,24,0,2,0.08333333333333333,1,9.689999933470972e-05
113,3,4,16,0.3333333333333333,0.6666666666666667,38,40,0.1789357654481565,-0.10201072907336192,0.2099481567791296,2,44,43,1,13,0.29545454545454547,2,0.000164700000823359
113,3,8,16,0.3333333333333333,0.6666666666666667,66,72,0.18796640432815553,-0.059770645731412574,0.26668407458833915,3,80,76,4,36,0.45,3,0.00031510000007983763
113,3,16,16,0.3333333333333333,0.6666666666666667,122,136,0.15864673642061847,-0.0589342162378479,0.16034591134514206,4,148,136,12,74,0.5,4,0.0005920000003243331
114,3,2,16,0.3333333333333333,0.6666666666666667,24,24,-0.07343857211662343,-0.43220448867004707,-0.0163730989915382,2,28,28,0,10,0.35714285714285715,2,0.00011960000119870529
114,3,4,16,0.3333333333333333,0.6666666666666667,38,40,-0.005390670926631023,0.0035426966753923077,0.24060936480951117,3,48,47,1,31,0.6458333333333334,3,0.00020539999968605116
114,3,8,16,0.3333333333333333,0.6666666666666667,66,72,-0.22767263274307614,0.022076268790447908,0.16896224860522072,5,88,85,3,109,1.2386363636363635,5,0.0004589000000123633
114,3,16,16,0.3333333333333333,0.6666666666666667,122,136,-0.1235308636640678,0.11189775736454625,0.18096751747475637,7,160,151,9,243,1.51875,7,0.0009117999998125015
115,3,2,16,0.3333333333333333,0.6666666666666667,24,24,-0.0671565278029395,-0.2750843416614096,-0.024297301878486825,1,24,23,1,1,0.041666666666666664,1,9.15000000532018e-05
115,3,4,16,0.3333333333333333,0.6666666666666667,38,40,-0.05755332760941082,-0.13407217057994306,-0.02099125931507825,2,44,43,1,15,0.3409090909090909,2,0.00016709999908925965
115,3,8,16,0.3333333333333333,0.6666666666666667,66,72,0.012746994234681569,0.11156995288864073,-0.08229891465777439,4,84,80,4,66,0.7857142857142857,4,0.0003760999989026459
115,3,16,16,0.3333333333333333,0.6666666666666667,122,136,0.09769131782705807,0.05191288105865024,-0.13930519531049734,8,164,156,8,295,1.798780487804878,8,0.001004200001261779
116,3,2,16,0.3333333333333333,0.6666666666666667,24,24,0.013923141857466187,0.024792355901981387,0.06330015814568675,2,28,28,0,10,0.35714285714285715,2,0.000121900000522146
116,3,4,16,0.3333333333333333,0.6666666666666667,38,40,-0.12819651635705312,-0.12827863952957452,-0.06556995200493462,3,48,47,1,31,0.6458333333333334,3,0.00020649999896704685
116,3,8,16,0.3333333333333333,0.6666666666666667,66,72,0.07681056177124419,-0.18452831257846794,-0.14889527750517592,5,88,85,3,104,1.1818181818181819,5,0.0004566999996313825
116,3,16,16,0.3333333333333333,0.6666666666666667,122,136,0.0050816193313723956,-0.03242805779480402,-0.10725131124778593,7,160,151,9,221,1.38125,7,0.0008668000009492971
117,3,2,16,0.3333333333333333,0.6666666666666667,24,24,0.18090686818259064,-0.29174476027779506,-0.06193846709065927,2,28,28,0,10,0.35714285714285715,2,0.00013579999904322904
117,3,4,16,0.3333333333333333,0.6666666666666667,38,40,0.2596972980648111,-0.23131544673690874,-0.08687854588159619,2,44,42,2,14,0.3181818181818182,2,0.00017599999955564272
117,3,8,16,0.3333333333333333,0.6666666666666667,66,72,0.3133682085632968,-0.03708535604344405,-0.002970521950538508,5,88,85,3,111,1.2613636363636365,5,0.0004656000000977656
117,3,16,16,0.3333333333333333,0.6666666666666667,122,136,0.23269890705164992,-0.028053433781768673,0.004641526198324273,8,164,158,6,327,1.9939024390243902,8,0.0010910000000876607
118,3,2,16,0.3333333333333333,0.6666666666666667,24,24,-0.4559428024815705,0.22185737544113213,0.08130374332015187,2,28,28,0,10,0.35714285714285715,2,0.00012280000009923242
118,3,4,16,0.3333333333333333,0.6666666666666667,38,40,-0.16523553145547565,0.16269828749974072,-0.021512433125025508,3,48,47,1,33,0.6875,3,0.00020880000010947697
118,3,8,16,0.3333333333333333,0.6666666666666667,66,72,-0.1573930935628768,0.033894168579083235,-0.09775066495946853,4,84,80,4,73,0.8690476190476191,4,0.00038780000068072695
118,3,16,16,0.3333333333333333,0.6666666666666667,122,136,-0.09752331324684026,0.019415316155631426,-0.036739485896651006,9,168,161,7,399,2.375,9,0.001183399999717949
119,3,2,16,0.3333333333333333,0.6666666666666667,24,24,-0.00872714857317833,0.13057606691693555,-0.21982314585490914,2,28,28,0,10,0.35714285714285715,2,0.00012080000124115031
119,3,4,16,0.3333333333333333,0.6666666666666667,38,40,0.12222344305191103,-0.03187388696915006,-0.09406540151413537,3,48,47,1,33,0.6875,3,0.00020949999998265412
119,3,8,16,0.3333333333333333,0.6666666666666667,66,72,0.001965612191221482,-0.01974855246211502,-0.02554089813981611,5,88,86,2,109,1.2386363636363635,5,0.0004586000013659941
119,3,16,16,0.3333333333333333,0.6666666666666667,122,136,0.0038294100225691285,-0.014741526989284551,-0.0011765793505470327,10,172,167,5,478,2.7790697674418605,10,0.0013278999995236518
120,3,2,16,0.3333333333333333,0.6666666666666667,24,24,-0.13011576369228886,-0.0012874277026562971,-0.06339709119165657,1,24,23,1,1,0.041666666666666664,1,9.300000056100544e-05
120,3,4,16,0.3333333333333333,0.6666666666666667,38,40,-0.1598633444161453,0.14047259522579356,-0.1655159306972113,3,48,47,1,31,0.6458333333333334,3,0.00021290000040607993
120,3,8,16,0.3333333333333333,0.6666666666666667,66,72,-0.021177422635513896,0.10519285191222058,-0.025482602359777135,4,84,80,4,64,0.7619047619047619,4,0.0003687999997055158
120,3,16,16,0.3333333333333333,0.6666666666666667,122,136,-0.07040056548474695,0.11583299593230587,0.12291662174485443,9,168,161,7,375,2.232142857142857,9,0.0011343999995006016
121,3,2,16,0.3333333333333333,0.6666666666666667,24,24,0.1977407099046988,0.3054985702419893,0.01816372679932937,1,24,23,1,1,0.041666666666666664,1,9.189999946102034e-05
121,3,4,16,0.3333333333333333,0.6666666666666667,38,40,-0.03666621538223186,0.12953852441710326,0.037676577503840576,2,44,42,2,12,0.2727272727272727,2,0.0001602000011189375
121,3,8,16,0.3333333333333333,0.6666666666666667,66,72,0.020384956652244615,0.16696599447747923,-0.08761095839881901,5,88,85,3,106,1.2045454545454546,5,0.0004484000000957167
121,3,16,16,0.3333333333333333,0.6666666666666667,122,136,0.013737035998874988,-0.0568026173726378,-0.1416795851907824,8,164,157,7,292,1.7804878048780488,8,0.000995300000795396
122,3,2,16,0.3333333333333333,0.6666666666666667,24,24,0.0384726951266815,0.10300250295155579,-0.24598703841822592,2,28,28,0,10,0.35714285714285715,2,0.00012030000107188243
122,3,4,16,0.3333333333333333,0.6666666666666667,38,40,0.026964110345512958,0.003449558219782055,-0.05497918331675147,4,52,52,0,60,1.1538461538461537,4,0.00026500000058149453
122,3,8,16,0.3333333333333333,0.6666666666666667,66,72,0.1330955302239409,-0.021366858868832755,0.04991263416392117,7,96,96,0,212,2.2083333333333335,7,0.0006498999991890742
122,3,16,16,0.3333333333333333,0.6666666666666667,122,136,0.011432723344446843,-0.005834313617115793,0.0629942023017972,6,156,148,8,175,1.1217948717948718,6,0.0007850000001781154
123,3,2,16,0.3333333333333333,0.6666666666666667,24,24,0.11936425666335033,-0.0027086058699605643,-0.025569710505008524,2,28,28,0,10,0.35714285714285715,2,0.0001202000003104331
123,3,4,16,0.3333333333333333,0.6666666666666667,38,40,0.04621630737969616,-0.106360407170227,-0.06075015331972727,3,48,48,0,32,0.6666666666666666,3,0.0002086000004055677
123,3,8,16,0.3333333333333333,0.6666666666666667,66,72,0.04303712651043583,-0.0497354990401502,-0.16097439681987386,4,84,82,2,70,0.8333333333333334,4,0.0003921000006812392
123,3,16,16,0.3333333333333333,0.6666666666666667,122,136,0.06232794799636248,-0.0958036278546029,-0.17583093663467061,6,156,146,10,169,1.0833333333333333,6,0.0007719000004726695
124,3,2,16,0.3333333333333333,0.6666666666666667,24,24,0.0807545182717799,0.39546389904256873,-0.030464585196778575,2,28,28,0,10,0.35714285714285715,2,0.00011929999891435727
124,3,4,16,0.3333333333333333,0.6666666666666667,38,40,0.07403985907540711,0.2070640409860094,0.09906247805512158,4,52,52,0,60,1.1538461538461537,4,0.000267100000201026
124,3,8,16,0.3333333333333333,0.6666666666666667,66,72,-0.004665945275269622,0.09296145043957661,0.08652508175917803,6,92,91,1,159,1.7282608695652173,6,0.0005506999987119343
124,3,16,16,0.3333333333333333,0.6666666666666667,122,136,-0.01711744543722948,0.05159632705321637,-0.03406601700227485,8,164,157,7,326,1.9878048780487805,8,0.0010597000000416301
125,3,2,16,0.3333333333333333,0.6666666666666667,24,24,0.12389173725808224,-0.03648531517507083,0.2621460912246607,1,24,23,1,1,0.041666666666666664,1,9.239999963028822e-05
125,3,4,16,0.3333333333333333,0.6666666666666667,38,40,0.24870770107670023,0.1523643236578718,0.26632817363827865,2,44,42,2,12,0.2727272727272727,2,0.0001630000006116461
125,3,8,16,0.3333333333333333,0.6666666666666667,66,72,0.08516694010904205,0.04090143810902658,0.13446386442673566,4,84,80,4,66,0.7857142857142857,4,0.0003761000007216353
125,3,16,16,0.3333333333333333,0.6666666666666667,122,136,-0.05263955110086732,-0.041540578650755104,0.0727162226583221,8,164,157,7,294,1.7926829268292683,8,0.0010012000002461718
126,3,2,16,0.3333333333333333,0.6666666666666667,24,24,0.022137863454312796,0.3947082826421562,-0.22606749510877006,2,28,28,0,10,0.35714285714285715,2,0.00018040000031760428
126,3,4,16,0.3333333333333333,0.6666666666666667,38,40,-0.13212401582139183,0.1667941472315842,-0.13159894518284132,4,52,52,0,60,1.1538461538461537,4,0.0002660999998624902
126,3,8,16,0.3333333333333333,0.6666666666666667,66,72,-0.21965700890453074,0.009707883667938495,-0.027107576875667058,6,92,91,1,155,1.684782608695652,6,0.0005485999990924029
126,3,16,16,0.3333333333333333,0.6666666666666667,122,136,-0.14962540243014846,-0.028271357086494506,0.058909921398018227,9,168,161,7,384,2.2857142857142856,9,0.001156099999207072
127,3,2,16,0.3333333333333333,0.6666666666666667,24,24,-0.0783167717199256,-0.05666976784601696,-0.1433706763718825,2,28,28,0,10,0.35714285714285715,2,0.00012090000018361025
127,3,4,16,0.3333333333333333,0.6666666666666667,38,40,-0.03682493641876335,-0.0934713482931799,-0.19877054910454414,4,52,52,0,60,1.1538461538461537,4,0.00027179999960935675
127,3,8,16,0.3333333333333333,0.6666666666666667,66,72,-0.08678693151849778,-0.04137529129855337,-0.058339423853226616,6,92,90,2,155,1.684782608695652,6,0.0005409000004874542
127,3,16,16,0.3333333333333333,0.6666666666666667,122,136,-0.06212793520920504,0.016345813968631738,0.025064195931816018,9,168,161,7,371,2.2083333333333335,9,0.0011497000014060177
128,3,2,16,0.3333333333333333,0.6666666666666667,24,24,-0.13705467130640978,-0.06006867744944688,-0.03965877795923845,2,28,28,0,10,0.35714285714285715,2,0.00012060000153724104
128,3,4,16,0.3333333333333333,0.6666666666666667,38,40,0.005125895646929143,-0.06568218813986407,-0.039046340494675286,4,52,52,0,60,1.1538461538461537,4,0.00026479999905859586
128,3,8,16,0.3333333333333333,0.6666666666666667,66,72,0.19771457501475745,0.10245246463187707,-0.07720002942080317,7,96,95,1,214,2.2291666666666665,7,0.0006498000002466142
128,3,16,16,0.3333333333333333,0.6666666666666667,122,136,0.12216064179812176,0.07251527005419366,-0.09246887260022961,5,152,143,9,139,0.9144736842105263,5,0.0007167000003391877
129,3,2,16,0.3333333333333333,0.6666666666666667,24,24,-0.231694253891279,-0.24056204119183117,0.04909974256691674,2,28,28,0,10,0.35714285714285715,2,0.00011940000149479602
129,3,4,16,0.3333333333333333,0.6666666666666667,38,40,-0.07923631794204701,-0.1926470078844968,0.18897972142898437,3,48,47,1,31,0.6458333333333334,3,0.0002043999993475154
129,3,8,16,0.3333333333333333,0.6666666666666667,66,72,-0.10158764432702322,-0.05005982756792091,0.1835028791847452,4,84,80,4,68,0.8095238095238095,4,0.0003773000007640803
129,3,16,16,0.3333333333333333,0.6666666666666667,122,136,-0.12935130764129557,0.03883723826112833,0.03791588697473967,7,160,151,9,227,1.41875,7,0.0008804999997664709
130,3,2,16,0.3333333333333333,0.6666666666666667,24,24,0.14579854832395955,-0.017910023257815485,-0.07588393316677043,2,28,28,0,10,0.35714285714285715,2,0.00011950000043725595
130,3,4,16,0.3333333333333333,0.6666666666666667,38,40,0.09589216441897346,0.1893076119707411,0.035524033156882615,3,48,48,0,36,0.75,3,0.00021470000137924217
130,3,8,16,0.3333333333333333,0.6666666666666667,66,72,0.11852289379927353,0.19701440526628566,0.05387730651578816,4,84,80,4,70,0.8333333333333334,4,0.0003885000005539041
130,3,16,16,0.3333333333333333,0.6666666666666667,122,136,0.002977221086192564,0.015181369052828794,-0.015761695760092467,8,164,156,8,303,1.8475609756097562,8,0.0010105999990628334
131,3,2,16,0.3333333333333333,0.6666666666666667,24,24,0.14886145964774142,0.09838227538664927,0.26663758370188106,1,24,23,1,1,0.041666666666666664,1,9.279999903810676e-05
131,3,4,16,0.3333333333333333,0.6666666666666667,38,40,-0.023537437555137795,-0.015094268791836382,0.002146957886365106,2,44,42,2,12,0.2727272727272727,2,0.00016400000095018186
131,3,8,16,0.3333333333333333,0.6666666666666667,66,72,-0.011146375318664333,0.036602389864290576,0.014507645744546277,4,84,80,4,68,0.8095238095238095,4,0.0003858999989461154
131,3,16,16,0.3333333333333333,0.6666666666666667,122,136,-0.07713387703369783,0.012993461342671545,-0.030731559818631293,5,152,142,10,127,0.8355263157894737,5,0.000688300000547315
132,3,2,16,0.3333333333333333,0.6666666666666667,24,24,0.09712973385963523,-0.31946968296313943,-0.048180174767142585,2,28,28,0,10,0.35714285714285715,2,0.0001216000000567874
132,3,4,16,0.3333333333333333,0.6666666666666667,38,40,-0.06343201941204027,-0.29736827633802654,0.11879765995376716,2,44,42,2,12,0.2727272727272727,2,0.0001685999995970633
132,3,8,16,0.3333333333333333,0.6666666666666667,66,72,-0.04675201931031928,-0.23568533189045837,0.042287702084333204,5,88,85,3,105,1.1931818181818181,5,0.0005381000009947456
132,3,16,16,0.3333333333333333,0.6666666666666667,122,136,0.03803897848398399,-0.07812055322576388,0.019318735252977642,7,160,152,8,242,1.5125,7,0.0009066999991773628
133,3,2,16,0.3333333333333333,0.6666666666666667,24,24,-0.08297877248108997,-0.2423288033117103,-0.135088561083167,2,28,28,0,10,0.35714285714285715,2,0.00012170000081823673
133,3,4,16,0.3333333333333333,0.6666666666666667,38,40,-0.03566538918653044,-0.05671160369016457,-0.14072577072810719,4,52,52,0,60,1.1538461538461537,4,0.000264299998889328
133,3,8,16,0.3333333333333333,0.6666666666666667,66,72,-0.08743752562625848,-0.16010092951946975,-0.044134882425746376,3,80,75,5,41,0.5125,3,0.00032080000164569356
133,3,16,16,0.3333333333333333,0.6666666666666667,122,136,-0.08722944337740589,-0.01711537267198718,-0.1145713501829879,4,148,137,11,92,0.6216216216216216,4,0.00061939999977767
134,3,2,16,0.3333333333333333,0.6666666666666667,24,24,0.25664410155365514,0.18295071004739805,-0.21770851534577657,1,24,23,1,1,0.041666666666666664,1,9.060000047611538e-05
134,3,4,16,0.3333333333333333,0.6666666666666667,38,40,0.06980821005905535,0.33672654339653746,-0.03239267548315833,2,44,42,2,13,0.29545454545454547,2,0.00016219999997701962
134,3,8,16,0.3333333333333333,0.6666666666666667,66,72,-0.012759053101982677,0.18106013315459998,-0.0075915407150026655,5,88,85,3,109,1.2386363636363635,5,0.0004546000000118511
134,3,16,16,0.3333333333333333,0.6666666666666667,122,136,0.04090000968846374,0.10728268856975808,0.0651907536451213,8,164,156,8,298,1.8170731707317074,8,0.0010062000001198612
135,3,2,16,0.3333333333333333,0.6666666666666667,24,24,-0.1417956937951815,-0.12960985667271005,-0.03062784069513998,2,28,28,0,10,0.35714285714285715,2,0.00012070000047970098
135,3,4,16,0.3333333333333333,0.6666666666666667,38,40,-0.04956213152687706,-0.002509940026475225,-0.11008457907407398,2,44,42,2,13,0.29545454545454547,2,0.00016529999993508682
135,3,8,16,0.3333333333333333,0.6666666666666667,66,72,-0.1236254520456738,-0.037797585436662444,0.07641173245884386,6,92,90,2,154,1.673913043478261,6,0.0005411999991338234
135,3,16,16,0.3333333333333333,0.6666666666666667,122,136,-0.13702185471569217,-0.11656837618178839,0.02975310620485626,10,172,167,5,476,2.7674418604651163,10,0.0013182000002416316
136,3,2,16,0.3333333333333333,0.6666666666666667,24,24,-0.2114804247636179,0.04517820260094982,0.0903268091959329,2,28,28,0,10,0.35714285714285715,2,0.00012100000094505958
136,3,4,16,0.3333333333333333,0.6666666666666667,38,40,-0.27841621096347574,-0.11800158789134083,0.005477244023697103,3,48,48,0,34,0.7083333333333334,3,0.00020990000120946206
136,3,8,16,0.3333333333333333,0.6666666666666667,66,72,-0.1594799210270004,-0.13170889082739348,0.08788301894249763,5,88,86,2,113,1.2840909090909092,5,0.00046300000030896626
136,3,16,16,0.3333333333333333,0.6666666666666667,122,136,-0.14509444648198438,-0.057061528604818085,0.01045484015435604,10,172,168,4,497,2.88953488372093,10,0.001359500000035041
137,3,2,16,0.3333333333333333,0.6666666666666667,24,24,0.016798278366752215,-0.302015846621338,0.14883514897448347,2,28,28,0,10,0.35714285714285715,2,0.00012099999912607018
137,3,4,16,0.3333333333333333,0.6666666666666667,38,40,-0.0721225066089873,0.09615343542189575,0.06147493264766948,2,44,42,2,12,0.2727272727272727,2,0.00016150000010384247
137,3,8,16,0.3333333333333333,0.6666666666666667,66,72,-0.09668768538232099,0.09245723947732593,0.10283938774522094,2,76,70,6,18,0.23684210526315788,2,0.0002715999999054475
137,3,16,16,0.3333333333333333,0.6666666666666667,122,136,-0.08016017750065789,0.08506310643137467,0.10378277680277055,7,160,152,8,231,1.44375,7,0.0008835999997245381
138,3,2,16,0.3333333333333333,0.6666666666666667,24,24,-0.1605549643144271,-0.1228128758550409,0.06658911710108083,2,28,28,0,10,0.35714285714285715,2,0.00011970000014116522
138,3,4,16,0.3333333333333333,0.6666666666666667,38,40,-0.06866967822830317,-0.025326440894796205,0.08077787061180315,2,44,42,2,12,0.2727272727272727,2,0.00016139999934239313
138,3,8,16,0.3333333333333333,0.6666666666666667,66,72,0.058304703888290656,-0.03380559830562984,0.252366135174656,2,76,70,6,16,0.21052631578947367,2,0.0002647000001161359
138,3,16,16,0.3333333333333333,0.6666666666666667,122,136,0.01688512649252454,-0.02890664191699714,0.06029174621275104,4,148,137,11,83,0.5608108108108109,4,0.0006069999999454012
139,3,2,16,0.3333333333333333,0.6666666666666667,24,24,-0.012671473534165631,-0.03149845726600684,-0.012399906824048238,2,28,28,0,10,0.35714285714285715,2,0.00011889999950653873
139,3,4,16,0.3333333333333333,0.6666666666666667,38,40,0.10385620970608361,0.07081120816545183,0.15298401921022337,4,52,52,0,60,1.1538461538461537,4,0.00026820000130101107
139,3,8,16,0.3333333333333333,0.6666666666666667,66,72,-0.01556013675724506,0.10752469414167654,0.08739002780459512,5,88,85,3,103,1.1704545454545454,5,0.00045279999903868884
139,3,16,16,0.3333333333333333,0.6666666666666667,122,136,0.055030997026489344,0.037698117446594875,0.0684817269713679,5,152,141,11,127,0.8355263157894737,5,0.0006954999989829957
140,3,2,16,0.3333333333333333,0.6666666666666667,24,24,0.015659184669297853,0.11750758982017073,0.09618370682995668,1,24,23,1,1,0.041666666666666664,1,9.200000022246968e-05
140,3,4,16,0.3333333333333333,0.6666666666666667,38,40,-0.009300694160313512,-0.06315080049033465,0.23333856993325922,2,44,43,1,16,0.36363636363636365,2,0.00017020000086631626
140,3,8,16,0.3333333333333333,0.6666666666666667,66,72,-0.08796830405970164,0.01320372186986597,0.07592648068320235,2,76,73,3,33,0.4342105263157895,4,0.0003023000008397503
140,3,16,16,0.3333333333333333,0.6666666666666667,122,136,-0.05447779821628512,0.019959082053681017,-0.0658150687756856,5,152,146,6,178,1.1710526315789473,8,0.0007780999985698145
141,3,2,16,0.3333333333333333,0.6666666666666667,24,24,-0.4862562245231738,0.12671324637023526,-0.0804645176216397,2,28,28,0,10,0.35714285714285715,2,0.0001188000005640788
141,3,4,16,0.3333333333333333,0.6666666666666667,38,40,-0.21975079347147572,0.07042800118569474,-0.1672361656907143,4,52,52,0,60,1.1538461538461537,4,0.00026559999969322234
141,3,8,16,0.3333333333333333,0.6666666666666667,66,72,-0.17930296773520207,0.12622157819714497,-0.029725304795934097,5,88,86,2,104,1.1818181818181819,5,0.0004482000003918074
141,3,16,16,0.3333333333333333,0.6666666666666667,122,136,-0.06856366111993148,0.028820110200152835,-0.02074311431213252,6,156,147,9,167,1.0705128205128205,6,0.0007768000014038989
142,3,2,16,0.3333333333333333,0.6666666666666667,24,24,0.3186335081590385,-0.0573425346781286,-0.08403692098100267,1,24,23,1,1,0.041666666666666664,1,9.11999995878432e-05
142,3,4,16,0.3333333333333333,0.6666666666666667,38,40,0.21847464261071117,0.05460767502995695,-0.26575309613933035,3,48,47,1,31,0.6458333333333334,3,0.00020729999960167333
142,3,8,16,0.3333333333333333,0.6666666666666667,66,72,0.17187203652280106,0.10428387465746337,-0.20205360467902322,6,92,90,2,154,1.673913043478261,6,0.0005512000007001916
142,3,16,16,0.3333333333333333,0.6666666666666667,122,136,0.09421510642780939,-0.07855037673532723,0.07427186302125166,4,148,136,12,72,0.4864864864864865,4,0.0005854999999428401
143,3,2,16,0.3333333333333333,0.6666666666666667,24,24,0.015906146853411275,-0.14738131215062614,-0.07357988241957628,1,24,23,1,1,0.041666666666666664,1,9.390000013809185e-05
143,3,4,16,0.3333333333333333,0.6666666666666667,38,40,-0.04042020572035242,-0.05147251835888097,0.11593091814306991,3,48,47,1,32,0.6666666666666666,3,0.0002082999999402091
143,3,8,16,0.3333333333333333,0.6666666666666667,66,72,-0.1111379083260097,-0.09047433114227395,0.11982951181598032,4,84,80,4,72,0.8571428571428571,4,0.00039459999970858917
143,3,16,16,0.3333333333333333,0.6666666666666667,122,136,-0.0323141269896001,-0.024060439135018097,0.09690710792211486,5,152,141,11,113,0.743421052631579,5,0.0006649000006291317
144,3,2,16,0.3333333333333333,0.6666666666666667,24,24,-0.01444400331482812,-0.10770034965607006,-0.3192076100396925,2,28,28,0,10,0.35714285714285715,2,0.00011839999933727086
144,3,4,16,0.3333333333333333,0.6666666666666667,38,40,0.03669602917181584,0.04866775256564189,-0.08970930780515592,2,44,42,2,12,0.2727272727272727,2,0.0001630000006116461
144,3,8,16,0.3333333333333333,0.6666666666666667,66,72,0.013839255819058554,-0.04998326150397489,0.1083181725397266,3,80,75,5,37,0.4625,3,0.00031990000024961773
144,3,16,16,0.3333333333333333,0.6666666666666667,122,136,0.011716647478383751,-0.14539551153525584,0.10142230948824707,8,164,157,7,314,1.9146341463414633,8,0.0010354999994888203
145,3,2,16,0.3333333333333333,0.6666666666666667,24,24,-0.08050797328279208,0.4153339892784902,-0.22460114400971376,2,28,28,0,10,0.35714285714285715,2,0.00012029999925289303
145,3,4,16,0.3333333333333333,0.6666666666666667,38,40,0.034261208539038954,0.30732780922844555,0.0035441930731667627,2,44,42,2,12,0.2727272727272727,2,0.00016900000082387123
145,3,8,16,0.3333333333333333,0.6666666666666667,66,72,-0.021030392485489855,0.11968811755533966,-0.0422405856634932,3,80,75,5,35,0.4375,3,0.00031689999923401047
145,3,16,16,0.3333333333333333,0.6666666666666667,122,136,0.03223407246145733,0.15085971899251868,0.04320557773740052,6,156,146,10,164,1.0512820512820513,6,0.0007595000006404007
146,3,2,16,0.3333333333333333,0.6666666666666667,24,24,-0.023206338486524983,-0.3201322603247817,0.06620415371454057,2,28,28,0,10,0.35714285714285715,2,0.00011790000098699238
146,3,4,16,0.3333333333333333,0.6666666666666667,38,40,0.09427375458285059,-0.09211206076189167,0.0701935823211452,3,48,48,0,34,0.7083333333333334,3,0.0002148000003217021
146,3,8,16,0.3333333333333333,0.6666666666666667,66,72,-0.05184882998205386,0.03885286646089523,-0.13386678945350008,4,84,83,1,86,1.0238095238095237,5,0.0004079999998793937
146,3,16,16,0.3333333333333333,0.6666666666666667,122,136,0.037096686387017366,0.08726693334710936,0.004440095009284545,7,160,153,7,249,1.55625,7,0.0009190000000671716
147,3,2,16,0.3333333333333333,0.6666666666666667,24,24,0.22078767157525778,-0.04873010069743345,-0.36982458779651084,2,28,28,0,10,0.35714285714285715,2,0.0001224999996338738
147,3,4,16,0.3333333333333333,0.6666666666666667,38,40,0.22424903963899206,-0.05928232760524109,-0.25654988946091356,4,52,52,0,60,1.1538461538461537,4,0.0002653999999893131
147,3,8,16,0.3333333333333333,0.6666666666666667,66,72,0.12489252000087762,-0.07283485593178837,-0.0722772931262111,6,92,90,2,156,1.6956521739130435,6,0.0005448000010801479
147,3,16,16,0.3333333333333333,0.6666666666666667,122,136,0.1777250797234261,-0.001177345395920304,-0.04658575231985237,7,160,151,9,227,1.41875,7,0.0008899999993445817
148,3,2,16,0.3333333333333333,0.6666666666666667,24,24,0.42054746316527497,0.07100530397808087,0.15443462937108343,1,24,23,1,1,0.041666666666666664,1,9.080000018002465e-05
148,3,4,16,0.3333333333333333,0.6666666666666667,38,40,0.39191759959578093,-0.05362752441152339,0.2870123092634372,2,44,42,2,12,0.2727272727272727,2,0.00016110000069602393
148,3,8,16,0.3333333333333333,0.6666666666666667,66,72,0.3895209019163574,-0.12696310237539069,0.11429991758323083,3,80,75,5,35,0.4375,3,0.00030900000092515256
148,3,16,16,0.3333333333333333,0.6666666666666667,122,136,0.20141526965632361,-0.007414863302616249,0.14755091920137142,7,160,151,9,219,1.36875,7,0.0008646000005683163
149,3,2,16,0.3333333333333333,0.6666666666666667,24,24,0.2114226756937832,0.15025000398366575,-0.022134374471868893,2,28,28,0,10,0.35714285714285715,2,0.00011939999967580661
149,3,4,16,0.3333333333333333,0.6666666666666667,38,40,0.2894753946481105,0.11177843805991501,0.024464655972120386,2,44,42,2,12,0.2727272727272727,2,0.0001601999992999481
149,3,8,16,0.3333333333333333,0.6666666666666667,66,72,0.13664124531986094,0.24790064241031018,0.05569033255842324,4,84,81,3,71,0.8452380952380952,4,0.0003851000001304783
149,3,16,16,0.3333333333333333,0.6666666666666667,122,136,0.13389291861350247,0.22808376842509337,0.059998806495233925,5,152,143,9,137,0.9013157894736842,6,0.0007076000001688953
150,3,2,16,0.3333333333333333,0.6666666666666667,24,24,0.25270098562097715,0.09320416381500753,0.05046994552977736,2,28,28,0,10,0.35714285714285715,2,0.00018979999913426582
150,3,4,16,0.3333333333333333,0.6666666666666667,38,40,0.3152466458870579,-0.05741241795414703,0.026670435695511377,2,44,42,2,13,0.29545454545454547,2,0.0001661000005697133
150,3,8,16,0.3333333333333333,0.6666666666666667,66,72,0.17338318634353583,-0.08482541659936592,0.07566537244426427,5,88,85,3,107,1.2159090909090908,5,0.0005115000003570458
150,3,16,16,0.3333333333333333,0.6666666666666667,122,136,0.147291778924331,-0.14703492679106583,0.013221352551196644,8,164,156,8,305,1.8597560975609757,8,0.0011825999990833225
151,3,2,16,0.3333333333333333,0.6666666666666667,24,24,-0.040427271999556355,-0.04233565798182583,0.18733167444404983,2,28,28,0,10,0.35714285714285715,2,0.00012090000018361025
151,3,4,16,0.3333333333333333,0.6666666666666667,38,40,-0.011655137486369274,0.06782602322946775,0.14678062664811758,4,52,52,0,60,1.1538461538461537,4,0.00027210000007471535
151,3,8,16,0.3333333333333333,0.6666666666666667,66,72,0.2042638727527814,-0.07977434188267651,-0.053089411252380654,6,92,90,2,156,1.6956521739130435,6,0.0005541000009543495
151,3,16,16,0.3333333333333333,0.6666666666666667,122,136,0.12692136946085264,0.07385938210763618,-0.08969088359155465,9,168,161,7,379,2.255952380952381,9,0.0011591999991651392
152,3,2,16,0.3333333333333333,0.6666666666666667,24,24,-0.03027821604024258,0.004690785633694551,0.14914241693692715,2,28,28,0,10,0.35714285714285715,2,0.00012120000064896885
152,3,4,16,0.3333333333333333,0.6666666666666667,38,40,-0.030944378558974736,0.04564937248901675,0.12290562626825013,2,44,43,1,14,0.3181818181818182,2,0.00016700000014679972
152,3,8,16,0.3333333333333333,0.6666666666666667,66,72,-0.12373961337790935,0.09426170414075549,-0.11873967274988673,4,84,81,3,77,0.9166666666666666,4,0.0004962000002706191
152,3,16,16,0.3333333333333333,0.6666666666666667,122,136,-0.03552452864713011,-0.016510362624689984,-0.059384404206529365,7,160,152,8,235,1.46875,7,0.0009119999995164108
153,3,2,16,0.3333333333333333,0.6666666666666667,24,24,-0.006633595392121432,-0.10160257081467834,-0.06335847969814618,2,28,28,0,10,0.35714285714285715,2,0.00012520000018412247
153,3,4,16,0.3333333333333333,0.6666666666666667,38,40,-0.022654253112080896,-0.06597981683329099,-0.07806288017685441,3,48,47,1,31,0.6458333333333334,3,0.0002072000006592134
153,3,8,16,0.3333333333333333,0.6666666666666667,66,72,0.009734298948803646,0.08016376945103905,-0.09745336019581145,6,92,90,2,152,1.6521739130434783,6,0.0005590000000665896
153,3,16,16,0.3333333333333333,0.6666666666666667,122,136,-0.015767706753819034,0.0587525254014774,-0.12434867145405464,11,176,171,5,563,3.1988636363636362,11,0.0014775999989069533
154,3,2,16,0.3333333333333333,0.6666666666666667,24,24,-0.18545406371575018,-0.34518995448969564,-0.28400636114641137,2,28,28,0,10,0.35714285714285715,2,0.00012200000128359534
154,3,4,16,0.3333333333333333,0.6666666666666667,38,40,-0.14098616260058486,-0.3159475285893267,-0.1751500702623149,4,52,52,0,60,1.1538461538461537,4,0.00026620000062393956
154,3,8,16,0.3333333333333333,0.6666666666666667,66,72,-0.16679575057779178,-0.07975798732708807,-0.16474600349790408,5,88,85,3,104,1.1818181818181819,5,0.00044800000068789814
154,3,16,16,0.3333333333333333,0.6666666666666667,122,136,-0.138372086100824,-0.022258573180905107,-0.08811105202735396,6,156,146,10,174,1.1153846153846154,6,0.0007847000015317462
155,3,2,16,0.3333333333333333,0.6666666666666667,24,24,-0.19770431283463896,0.06905206300113058,0.12206320996800549,2,28,28,0,10,0.35714285714285715,2,0.00012109999988751952
155,3,4,16,0.3333333333333333,0.6666666666666667,38,40,-0.13803395447479935,0.06934397132217025,-0.0372464605206539,4,52,52,0,60,1.1538461538461537,4,0.000268300000243471
155,3,8,16,0.3333333333333333,0.6666666666666667,66,72,0.0172453352586285,-0.008992625100152552,0.06631735408619477,5,88,85,3,105,1.1931818181818181,5,0.00045230000068841036
155,3,16,16,0.3333333333333333,0.6666666666666667,122,136,0.05090485329865744,0.05438294884785052,0.03288041128135767,8,164,157,7,314,1.9146341463414633,8,0.0010336000013921876
156,3,2,16,0.3333333333333333,0.6666666666666667,24,24,-0.23641638705635468,0.22575139006021103,0.13254476772288362,1,24,23,1,1,0.041666666666666664,1,9.15000000532018e-05
156,3,4,16,0.3333333333333333,0.6666666666666667,38,40,-0.19137092526864324,0.06191647782133641,0.04181985683885683,3,48,47,1,31,0.6458333333333334,3,0.00020620000032067765
156,3,8,16,0.3333333333333333,0.6666666666666667,66,72,-0.023518229541269916,-0.05369753905724763,0.0915092003829131,6,92,90,2,156,1.6956521739130435,6,0.000553300000319723
156,3,16,16,0.3333333333333333,0.6666666666666667,122,136,-0.05302841532250466,-0.022491853029148107,-0.01903779538064653,6,156,146,10,160,1.0256410256410255,6,0.0007552000006398885
157,3,2,16,0.3333333333333333,0.6666666666666667,24,24,0.005044328483971454,-0.07930809707857267,0.22026153205204238,2,28,28,0,10,0.35714285714285715,2,0.00012009999954898376
157,3,4,16,0.3333333333333333,0.6666666666666667,38,40,-0.019867001156076244,-0.04099283751609155,0.14629779209264243,3,48,47,1,32,0.6666666666666666,3,0.00020979999862902332
157,3,8,16,0.3333333333333333,0.6666666666666667,66,72,0.012147622829236187,0.11283812988374863,0.06122579624300783,3,80,75,5,35,0.4375,3,0.0003208999987691641
157,3,16,16,0.3333333333333333,0.6666666666666667,122,136,-0.05166155092482356,0.10030479297254916,0.0527260918747998,6,156,146,10,163,1.044871794871795,6,0.0007595000006404007
158,3,2,16,0.3333333333333333,0.6666666666666667,24,24,0.27219217266329515,-0.14219636920895165,0.1079092024798724,2,28,28,0,10,0.35714285714285715,2,0.00012229999992996454
158,3,4,16,0.3333333333333333,0.6666666666666667,38,40,0.021570053844731166,-0.1306018753282783,0.07820024007573374,3,48,47,1,33,0.6875,3,0.00020839999888266902
158,3,8,16,0.3333333333333333,0.6666666666666667,66,72,-0.1362089052753668,-0.056902825620918376,0.07395539226017867,4,84,80,4,67,0.7976190476190477,4,0.0003770000002987217
158,3,16,16,0.3333333333333333,0.6666666666666667,122,136,-0.14980526813561865,0.00722015467956737,0.020848975603057953,5,152,141,11,111,0.7302631578947368,5,0.000659700001051533
159,3,2,16,0.3333333333333333,0.6666666666666667,24,24,-0.1684769125447542,-0.18662476582914506,-0.3595096274631836,2,28,28,0,10,0.35714285714285715,2,0.00011850000009872019
159,3,4,16,0.3333333333333333,0.6666666666666667,38,40,-0.05017129058804746,-0.02995454143489556,-0.1371409920426958,3,48,47,1,31,0.6458333333333334,3,0.00021179999930609483
159,3,8,16,0.3333333333333333,0.6666666666666667,66,72,0.06011530424236107,0.03365627527539332,0.021554414332643376,5,88,85,3,104,1.1818181818181819,5,0.00045169999975769315
159,3,16,16,0.3333333333333333,0.6666666666666667,122,136,-0.04603025047539145,0.09809538742340528,-0.005716665464026365,11,176,171,5,560,3.1818181818181817,11,0.0014907000004313886
160,3,2,16,0.3333333333333333,0.6666666666666667,24,24,-0.23105641258494544,0.2362174044862294,-0.1473439232488962,2,28,28,0,10,0.35714285714285715,2,0.00012930000048072543
160,3,4,16,0.3333333333333333,0.6666666666666667,38,40,0.160854979456932,0.1430554022592748,-0.13320328989716684,2,44,42,2,13,0.29545454545454547,2,0.00016399999913119245
160,3,8,16,0.3333333333333333,0.6666666666666667,66,72,0.15394927631891878,0.24535507134657583,-0.11404582080837743,4,84,80,4,65,0.7738095238095238,4,0.00037370000063674524
160,3,16,16,0.3333333333333333,0.6666666666666667,122,136,-0.06713596111641738,0.07505906805378763,-0.06305160252113716,6,156,146,10,167,1.0705128205128205,6,0.000768699999753153
161,3,2,16,0.3333333333333333,0.6666666666666667,24,24,0.15006361719761743,0.3108580320819498,0.18363998862161857,1,24,23,1,1,0.041666666666666664,1,9.069999941857532e-05
161,3,4,16,0.3333333333333333,0.6666666666666667,38,40,0.11766027829253531,0.19555219520100334,0.25724651571005175,1,40,37,3,3,0.075,1,0.00013079999916953966
161,3,8,16,0.3333333333333333,0.6666666666666667,66,72,0.13246426433608136,0.004347522189790903,0.04352563268176204,3,80,75,5,37,0.4625,3,0.00034529999902588315
161,3,16,16,0.3333333333333333,0.6666666666666667,122,136,0.1237445750711857,0.03281024533372398,-0.018498368424794878,4,148,136,12,74,0.5,4,0.0005923999997321516
162,3,2,16,0.3333333333333333,0.6666666666666667,24,24,-0.03760813799134253,-0.01555302782635504,-0.4016160927377552,2,28,28,0,10,0.35714285714285715,2,0.00011819999963336159
162,3,4,16,0.3333333333333333,0.6666666666666667,38,40,0.025299911431124453,0.08834115249854743,-0.23315706591151344,1,40,38,2,4,0.1,1,0.00013559999933931977
162,3,8,16,0.3333333333333333,0.6666666666666667,66,72,0.061723223838449935,-0.10154853080717292,-0.16736006242362256,2,76,71,5,17,0.2236842105263158,2,0.00026930000058200676
162,3,16,16,0.3333333333333333,0.6666666666666667,122,136,0.0420761548126917,-0.028409534976374995,-0.11733062540359321,3,144,132,12,44,0.3055555555555556,3,0.0005368000001908513
163,3,2,16,0.3333333333333333,0.6666666666666667,24,24,-0.2220411706283487,0.5249384373938777,-0.0923929927293799,2,28,28,0,10,0.35714285714285715,2,0.00011939999967580661
163,3,4,16,0.3333333333333333,0.6666666666666667,38,40,-0.12085766447790494,0.19176377226891558,-0.05690375481941317,3,48,47,1,32,0.6666666666666666,3,0.00020629999926313758
163,3,8,16,0.3333333333333333,0.6666666666666667,66,72,-0.014532781758247218,0.0933829301374972,-0.054724203793834185,5,88,85,3,106,1.2045454545454546,5,0.0004501000003074296
163,3,16,16,0.3333333333333333,0.6666666666666667,122,136,-0.05062242954557397,0.09451017210653503,-0.019864223029003675,4,148,137,11,82,0.5540540540540541,4,0.0006193000008352101
164,3,2,16,0.3333333333333333,0.6666666666666667,24,24,0.21408829533165852,0.2158019693768949,-0.13501653279780132,2,28,28,0,10,0.35714285714285715,2,0.00012169999899924733
164,3,4,16,0.3333333333333333,0.6666666666666667,38,40,-0.04322751794878773,-0.03988938415169283,0.060269531405384685,3,48,47,1,33,0.6875,3,0.0002077999997709412
164,3,8,16,0.3333333333333333,0.6666666666666667,66,72,0.007333997289736123,0.09879889809877059,0.05928588907268866,5,88,85,3,104,1.1818181818181819,5,0.00044800000068789814
164,3,16,16,0.3333333333333333,0.6666666666666667,122,136,0.04405021991863901,0.17612820295860598,0.14363691199889753,6,156,146,10,164,1.0512820512820513,6,0.0007764999991195509
165,3,2,16,0.3333333333333333,0.6666666666666667,24,24,0.04683204257978191,-0.08280924927639599,-0.2801354647138586,2,28,28,0,10,0.35714285714285715,2,0.00011900000026798807
165,3,4,16,0.3333333333333333,0.6666666666666667,38,40,0.040215707491546356,-0.02908755041805023,-0.17095058068284308,2,44,42,2,13,0.29545454545454547,2,0.0001624000014999183
165,3,8,16,0.3333333333333333,0.6666666666666667,66,72,0.12500435831198536,0.19376881764696086,-0.14879080064350253,3,80,75,5,35,0.4375,3,0.00031149999995250255
165,3,16,16,0.3333333333333333,0.6666666666666667,122,136,0.1065246796855971,0.16536347432120424,-0.09057957635261937,4,148,136,12,75,0.5067567567567568,4,0.0005851999994774815
166,3,2,16,0.3333333333333333,0.6666666666666667,24,24,0.1877675543885012,0.04513161297984668,-0.22386247562520312,1,24,23,1,1,0.041666666666666664,1,9.069999941857532e-05
166,3,4,16,0.3333333333333333,0.6666666666666667,38,40,0.053484913722323786,-0.04299178155590331,-0.15785796493357937,3,48,47,1,31,0.6458333333333334,3,0.00020490000133577269
166,3,8,16,0.3333333333333333,0.6666666666666667,66,72,0.17432793957918494,0.2047168632394623,0.03989323438598134,3,80,75,5,35,0.4375,3,0.0003126999999949476
166,3,16,16,0.3333333333333333,0.6666666666666667,122,136,-0.004531036403681129,0.08109187187043201,-0.030987401651780804,7,160,152,8,249,1.55625,7,0.0009098000009544194
167,3,2,16,0.3333333333333333,0.6666666666666667,24,24,0.0897253130792181,0.36752490192760284,0.08816207670299733,2,28,28,0,10,0.35714285714285715,2,0.00011980000090261456
167,3,4,16,0.3333333333333333,0.6666666666666667,38,40,-0.06681153530764976,0.15597367767287343,0.2761908485751107,4,52,52,0,60,1.1538461538461537,4,0.000264299998889328
167,3,8,16,0.3333333333333333,0.6666666666666667,66,72,-0.0706636508256213,0.12989265724723376,0.07200360516752577,5,88,85,3,103,1.1704545454545454,5,0.00045339999996940605
167,3,16,16,0.3333333333333333,0.6666666666666667,122,136,-0.06734074755275957,0.049127112587037086,-0.02586684792874459,3,144,131,13,45,0.3125,3,0.0005264999999781139
168,3,2,16,0.3333333333333333,0.6666666666666667,24,24,0.16502444372189284,0.16419768400964752,0.08968105039720546,2,28,28,0,10,0.35714285714285715,2,0.00011989999984507449
168,3,4,16,0.3333333333333333,0.6666666666666667,38,40,0.1776973144854847,0.10411405561529646,0.10783539020733336,3,48,47,1,31,0.6458333333333334,3,0.00020840000070165843
168,3,8,16,0.3333333333333333,0.6666666666666667,66,72,0.20258376171672055,0.04498025449516996,0.05537401800983607,5,88,85,3,103,1.1704545454545454,5,0.0004520999991655117
168,3,16,16,0.3333333333333333,0.6666666666666667,122,136,0.06587536277071646,0.09193507396574797,0.022314903859479717,4,148,136,12,79,0.5337837837837838,4,0.0006315999999060296
169,3,2,16,0.3333333333333333,0.6666666666666667,24,24,0.3249850476837944,-0.09070989293951368,-0.23770494992015184,2,28,28,0,10,0.35714285714285715,2,0.00012029999925289303
169,3,4,16,0.3333333333333333,0.6666666666666667,38,40,0.3046968389593946,-0.05145542138416908,-0.3748702020810353,3,48,47,1,31,0.6458333333333334,3,0.00020539999968605116
169,3,8,16,0.3333333333333333,0.6666666666666667,66,72,0.16109872921122595,-0.04068016149705188,-0.05374249788245602,4,84,80,4,65,0.7738095238095238,4,0.0003741000000445638
169,3,16,16,0.3333333333333333,0.6666666666666667,122,136,0.07267193054368885,0.003168018195184692,0.007693237970959434,5,152,141,11,113,0.743421052631579,5,0.0006899999989400385
170,3,2,16,0.3333333333333333,0.6666666666666667,24,24,-0.49658724291835393,-0.16746031719435078,0.09045880070389893,1,24,23,1,1,0.041666666666666664,1,9.189999946102034e-05
170,3,4,16,0.3333333333333333,0.6666666666666667,38,40,-0.2559463513380366,-0.0008040034966736461,-0.004087199887556129,2,44,42,2,12,0.2727272727272727,2,0.00016180000056920107
170,3,8,16,0.3333333333333333,0.6666666666666667,66,72,-0.18453834001661729,0.12643391924658412,0.02420206902578388,3,80,75,5,37,0.4625,3,0.00031739999940327834
170,3,16,16,0.3333333333333333,0.6666666666666667,122,136,-0.13491929194123214,0.04784609612437739,-0.011889631468885706,7,160,151,9,235,1.46875,7,0.0008868000004440546
171,3,2,16,0.3333333333333333,0.6666666666666667,24,24,0.19238670954366138,-0.033269563183391464,-0.49096383960262535,2,28,28,0,10,0.35714285714285715,2,0.000121900000522146
171,3,4,16,0.3333333333333333,0.6666666666666667,38,40,0.04125857199498436,0.008065227929668234,-0.3216741864584902,4,52,52,0,60,1.1538461538461537,4,0.0002668000015546568
171,3,8,16,0.3333333333333333,0.6666666666666667,66,72,0.1001801226900365,-0.056532246567342875,-0.0824933432076398,3,80,75,5,40,0.5,3,0.00032389999978477135
171,3,16,16,0.3333333333333333,0.6666666666666667,122,136,0.06136720583544841,0.05413807140512762,0.002853912950608285,6,156,146,10,174,1.1153846153846154,6,0.0007724999995843973
172,3,2,16,0.3333333333333333,0.6666666666666667,24,24,-0.006928304534957509,-0.26887998619172576,-0.4449643099563765,1,24,23,1,1,0.041666666666666664,1,9.200000022246968e-05
172,3,4,16,0.3333333333333333,0.6666666666666667,38,40,-0.023263373031864053,-0.1178431929707695,-0.3076715496019633,2,44,42,2,12,0.2727272727272727,2,0.000161899999511661
172,3,8,16,0.3333333333333333,0.6666666666666667,66,72,-0.0982323347604172,0.012039663426364273,0.016236601369884977,3,80,75,5,35,0.4375,3,0.0003129999986413168
172,3,16,16,0.3333333333333333,0.6666666666666667,122,136,-0.065449437455065,0.02123367293037312,0.01650715947766124,5,152,141,11,111,0.7302631578947368,5,0.0006589999993593665
173,3,2,16,0.3333333333333333,0.6666666666666667,24,24,0.03164090289795904,-0.30513425598691724,-0.29255139061251784,2,28,28,0,10,0.35714285714285715,2,0.00011930000073334668
173,3,4,16,0.3333333333333333,0.6666666666666667,38,40,-0.010238746998042149,-0.16292829400330258,-0.21367239775626062,1,40,38,2,4,0.1,1,0.00013529999887396116
173,3,8,16,0.3333333333333333,0.6666666666666667,66,72,-0.11728642890815923,-0.08039060897412353,-0.07734526812137667,4,84,81,3,80,0.9523809523809523,4,0.0003980999990744749
173,3,16,16,0.3333333333333333,0.6666666666666667,122,136,0.08422415822211377,-0.07023419721936987,-0.020112654100001792,4,148,136,12,78,0.527027027027027,4,0.0005939000002399553
174,3,2,16,0.3333333333333333,0.6666666666666667,24,24,0.1961558713150427,-0.1812627171054292,0.2326307553349098,2,28,28,0,10,0.35714285714285715,2,0.00012629999946511816
174,3,4,16,0.3333333333333333,0.6666666666666667,38,40,-0.046829728488094295,-0.20187913245194278,0.24086288138165352,3,48,47,1,32,0.6666666666666666,3,0.00020680000125139486
174,3,8,16,0.3333333333333333,0.6666666666666667,66,72,-0.04271887735633713,0.03370192761630757,0.14125136749333683,4,84,80,4,68,0.8095238095238095,4,0.0003815000000031432
174,3,16,16,0.3333333333333333,0.6666666666666667,122,136,-0.11620821849240189,-0.028527867837022703,0.17478263377728184,4,148,137,11,89,0.6013513513513513,4,0.0006094000000302913
175,3,2,16,0.3333333333333333,0.6666666666666667,24,24,-0.21512738293162353,0.05260321548883306,-0.03953323023828231,2,28,28,0,10,0.35714285714285715,2,0.00011970000014116522
175,3,4,16,0.3333333333333333,0.6666666666666667,38,40,-0.19085821793323673,0.16287135196119834,-0.1263534646517411,4,52,52,0,60,1.1538461538461537,4,0.00026650000108929817
175,3,8,16,0.3333333333333333,0.6666666666666667,66,72,-0.05546661112762343,0.13900904828910834,-0.19428709492526497,3,80,75,5,35,0.4375,3,0.0003120000001217704
175,3,16,16,0.3333333333333333,0.6666666666666667,122,136,-0.016571361668786474,0.11251015671696113,-0.12143548403827713,6,156,147,9,176,1.1282051282051282,6,0.0007837000011932105
176,3,2,16,0.3333333333333333,0.6666666666666667,24,24,0.012370221043058145,0.31912582304254905,0.05462626640411689,2,28,28,0,10,0.35714285714285715,2,0.00012100000094505958
176,3,4,16,0.3333333333333333,0.6666666666666667,38,40,0.05535724000025573,0.13679657817204116,0.0030331615075401826,3,48,47,1,31,0.6458333333333334,3,0.0002085999985865783
176,3,8,16,0.3333333333333333,0.6666666666666667,66,72,0.10534147473578201,-0.006496431884726253,-0.0689248910132258,5,88,85,3,104,1.1818181818181819,5,0.00045260000115376897
176,3,16,16,0.3333333333333333,0.6666666666666667,122,136,0.0002480912540783387,-0.017567660694818913,-0.01585099078380015,8,164,156,8,303,1.8475609756097562,8,0.0010297999997419538
177,3,2,16,0.3333333333333333,0.6666666666666667,24,24,0.05486012198246764,-0.11374139670401712,-0.10710180398616946,2,28,28,0,10,0.35714285714285715,2,0.00012199999946460593
177,3,4,16,0.3333333333333333,0.6666666666666667,38,40,-0.03088462656699396,-0.12368116179924758,-0.04690665047616942,3,48,47,1,32,0.6666666666666666,3,0.00020799999947485048
177,3,8,16,0.3333333333333333,0.6666666666666667,66,72,-0.10310283645746283,0.0021875947023829835,0.1320562867765831,3,80,76,4,42,0.525,3,0.0003298999999969965
177,3,16,16,0.3333333333333333,0.6666666666666667,122,136,-0.08080278333535794,-0.017006881634927792,0.06494502328097664,4,148,136,12,77,0.5202702702702703,4,0.0005952999999863096
178,3,2,16,0.3333333333333333,0.6666666666666667,24,24,0.006738676540199462,-0.023622164377479337,0.11667183302026096,2,28,28,0,10,0.35714285714285715,2,0.00011919999997189734
178,3,4,16,0.3333333333333333,0.6666666666666667,38,40,0.07428899346762735,0.1000878696345534,-0.026166479050944113,4,52,52,0,60,1.1538461538461537,4,0.00026249999973515514
178,3,8,16,0.3333333333333333,0.6666666666666667,66,72,0.0017221802688240863,0.028667821954242983,-0.10621974710596743,5,88,85,3,104,1.1818181818181819,5,0.00044640000123763457
178,3,16,16,0.3333333333333333,0.6666666666666667,122,136,-0.033124078561638806,0.1040763801566142,-0.03130645793665861,4,148,136,12,76,0.5135135135135135,4,0.0005969000012555625
179,3,2,16,0.3333333333333333,0.6666666666666667,24,24,-0.05408223351500148,-0.40487123512895307,0.02849931554971123,1,24,23,1,1,0.041666666666666664,1,9.059999865712598e-05
179,3,4,16,0.3333333333333333,0.6666666666666667,38,40,0.10660386023499827,-0.2989880084666667,-0.0650523964212977,3,48,47,1,32,0.6666666666666666,3,0.00020670000048994552
179,3,8,16,0.3333333333333333,0.6666666666666667,66,72,-0.007803391510663035,-0.1402759916743847,-0.07299200563913379,4,84,80,4,67,0.7976190476190477,4,0.00037400000110210385
179,3,16,16,0.3333333333333333,0.6666666666666667,122,136,0.024896164984338682,-0.006901480194441045,-0.13679210057168936,7,160,151,9,231,1.44375,7,0.0010050000000774162
180,3,2,16,0.3333333333333333,0.6666666666666667,24,24,-0.19961091501824382,-0.05113902015480119,0.3631995703174655,2,28,28,0,10,0.35714285714285715,2,0.0001365000007353956
180,3,4,16,0.3333333333333333,0.6666666666666667,38,40,0.14069786468721776,0.13587980709843597,0.1666898208996705,4,52,52,0,60,1.1538461538461537,4,0.0002679999997781124
180,3,8,16,0.3333333333333333,0.6666666666666667,66,72,0.182942971995618,0.15175157993940805,0.22912102593298705,5,88,85,3,105,1.1931818181818181,5,0.0004528999998001382
180,3,16,16,0.3333333333333333,0.6666666666666667,122,136,0.057567263021245874,0.09996979312390514,0.13480818274653594,7,160,151,9,228,1.425,7,0.0008844000003591646
181,3,2,16,0.3333333333333333,0.6666666666666667,24,24,0.08155189855736943,0.004037481005294463,0.18125646752651484,1,24,23,1,1,0.041666666666666664,1,9.469999895372894e-05
181,3,4,16,0.3333333333333333,0.6666666666666667,38,40,0.10843807778841676,0.051496389259894124,-0.03485087110888188,1,40,39,1,5,0.125,1,0.0001405000002705492
181,3,8,16,0.3333333333333333,0.6666666666666667,66,72,-0.0062153543557064315,-0.08530383734946975,0.11038714676479126,4,84,82,2,72,0.8571428571428571,4,0.0003895999998348998
181,3,16,16,0.3333333333333333,0.6666666666666667,122,136,0.08089331728826044,-0.04635175074673047,0.03633493896869374,7,160,153,7,242,1.5125,7,0.0009019000008265721
182,3,2,16,0.3333333333333333,0.6666666666666667,24,24,-0.04640983436027692,-0.19737570502322654,-0.5313037232686337,2,28,28,0,10,0.35714285714285715,2,0.00012140000035287812
182,3,4,16,0.3333333333333333,0.6666666666666667,38,40,0.11583479420242628,-0.08015389344360487,-0.4318732468319581,3,48,47,1,33,0.6875,3,0.00021300000116752926
182,3,8,16,0.3333333333333333,0.6666666666666667,66,72,0.09923410717320139,-0.1344693156493986,-0.23815384945432155,6,92,90,2,159,1.7282608695652173,6,0.0005634999997710111
182,3,16,16,0.3333333333333333,0.6666666666666667,122,136,0.1605240678659011,-0.22438508228547838,-0.19997761665282748,9,168,161,7,374,2.2261904761904763,9,0.0011627000003500143
183,3,2,16,0.3333333333333333,0.6666666666666667,24,24,-0.0663164213520369,-0.23319906514493824,0.14655873276875886,2,28,28,0,10,0.35714285714285715,2,0.00012129999959142879
183,3,4,16,0.3333333333333333,0.6666666666666667,38,40,-0.07643227673182164,-0.21057088930919457,-0.14416972583600204,4,52,52,0,60,1.1538461538461537,4,0.00026509999952395447
183,3,8,16,0.3333333333333333,0.6666666666666667,66,72,-0.22062262830718068,0.022371763074486482,-0.10876438788495754,6,92,90,2,155,1.684782608695652,6,0.0005509999991772929
183,3,16,16,0.3333333333333333,0.6666666666666667,122,136,-0.08080385510274185,0.012282946470745845,-0.00910657646162044,10,172,167,5,477,2.7732558139534884,10,0.001319199998761178
184,3,2,16,0.3333333333333333,0.6666666666666667,24,24,0.27847816409527426,0.11675884519473521,-0.042103743384198686,2,28,28,0,10,0.35714285714285715,2,0.00012769999921147246
184,3,4,16,0.3333333333333333,0.6666666666666667,38,40,0.08549117802275223,0.2241741988259982,0.018494564681381057,2,44,42,2,13,0.29545454545454547,2,0.00016320000031555537
184,3,8,16,0.3333333333333333,0.6666666666666667,66,72,-0.11699942093851262,0.07601849063912659,-0.0833868709169162,5,88,85,3,105,1.1931818181818181,5,0.00045230000068841036
184,3,16,16,0.3333333333333333,0.6666666666666667,122,136,-0.14639777467095277,0.013959860423115575,-0.08381452219294108,8,164,156,8,301,1.8353658536585367,8,0.0010216999999101972
185,3,2,16,0.3333333333333333,0.6666666666666667,24,24,-0.07256556947761975,0.26035419709829183,-0.13423816331287994,1,24,23,1,1,0.041666666666666664,1,9.259999933419749e-05
185,3,4,16,0.3333333333333333,0.6666666666666667,38,40,-0.04836514997714164,0.22732291316277992,-0.0873147432788026,2,44,42,2,13,0.29545454545454547,2,0.00016320000031555537
185,3,8,16,0.3333333333333333,0.6666666666666667,66,72,-0.08299249253115573,0.18583073594379276,-0.16021371787340521,4,84,80,4,66,0.7857142857142857,4,0.00037320000046747737
185,3,16,16,0.3333333333333333,0.6666666666666667,122,136,-0.07955397721056764,0.22947866613428697,-0.16705510241293228,5,152,141,11,122,0.8026315789473685,5,0.0006845000007160706
186,3,2,16,0.3333333333333333,0.6666666666666667,24,24,0.3494327815370122,0.2749363720546487,-0.1985194807143325,1,24,23,1,1,0.041666666666666664,1,9.549999958835542e-05
186,3,4,16,0.3333333333333333,0.6666666666666667,38,40,0.04062092198041782,0.023105165977726213,0.05993738807402864,3,48,47,1,32,0.6666666666666666,3,0.0002082999999402091
186,3,8,16,0.3333333333333333,0.6666666666666667,66,72,-0.04843699819791459,0.025072708374810296,-0.10785956105443091,7,96,95,1,213,2.21875,7,0.00065320000067004
186,3,16,16,0.3333333333333333,0.6666666666666667,122,136,-0.08304663772284068,0.05480380290942762,-0.029148921086483672,8,164,157,7,304,1.853658536585366,8,0.0010241999989375472
187,3,2,16,0.3333333333333333,0.6666666666666667,24,24,-0.14685953941639646,0.13540375007549874,0.21732822807611618,2,28,28,0,10,0.35714285714285715,2,0.00012009999954898376
187,3,4,16,0.3333333333333333,0.6666666666666667,38,40,-0.13761409985536985,0.12019910500945966,0.21597237558673485,4,52,52,0,60,1.1538461538461537,4,0.0002660000009200303
187,3,8,16,0.3333333333333333,0.6666666666666667,66,72,-0.12981166053653012,-0.027254355606097163,0.08499533902688086,7,96,95,1,211,2.1979166666666665,7,0.0006475999998656334
187,3,16,16,0.3333333333333333,0.6666666666666667,122,136,-0.1265869225533786,-0.08723834111538803,0.06669324034337609,5,152,142,10,129,0.8486842105263158,5,0.0006876999996165978
188,3,2,16,0.3333333333333333,0.6666666666666667,24,24,0.24142970253851342,0.06679992968653288,0.18064686886461362,2,28,28,0,10,0.35714285714285715,2,0.00011939999967580661
188,3,4,16,0.3333333333333333,0.6666666666666667,38,40,0.1690613832001587,0.07907391801794099,0.17264215769457472,3,48,47,1,32,0.6666666666666666,3,0.0002134000005753478
188,3,8,16,0.3333333333333333,0.6666666666666667,66,72,0.2545162518908632,0.15658027307969583,0.0848725468634403,5,88,86,2,114,1.2954545454545454,5,0.00046640000073239207
188,3,16,16,0.3333333333333333,0.6666666666666667,122,136,0.16326043463681514,-0.017152749249039492,-0.028656168386984343,5,152,141,11,123,0.8092105263157895,5,0.0006785999994463054
189,3,2,16,0.3333333333333333,0.6666666666666667,24,24,-0.04585419448993385,0.10739129448864695,-0.10502725537930878,2,28,28,0,10,0.35714285714285715,2,0.00011900000026798807
189,3,4,16,0.3333333333333333,0.6666666666666667,38,40,-0.03736367789820685,-0.05361897441022425,0.027180757115066335,3,48,47,1,31,0.6458333333333334,3,0.00020659999972849619
189,3,8,16,0.3333333333333333,0.6666666666666667,66,72,0.13779128715912214,-0.04687398316354038,-0.03520417608673791,4,84,81,3,65,0.7738095238095238,4,0.0003770000002987217
189,3,16,16,0.3333333333333333,0.6666666666666667,122,136,0.19121001331087814,-0.057140037070652024,0.03518773156006479,4,148,136,12,79,0.5337837837837838,4,0.0005962999985058559
190,3,2,16,0.3333333333333333,0.6666666666666667,24,24,0.15130918708697372,0.12427960802160368,0.16532005745011727,2,28,28,0,10,0.35714285714285715,2,0.00011939999967580661
190,3,4,16,0.3333333333333333,0.6666666666666667,38,40,0.11542631080666708,0.12558714147061573,-0.08070537328806313,4,52,52,0,60,1.1538461538461537,4,0.0002657000004546717
190,3,8,16,0.3333333333333333,0.6666666666666667,66,72,0.1130728606479203,-0.0504512580340024,0.08541224910388145,5,88,86,2,105,1.1931818181818181,5,0.0004528999998001382
190,3,16,16,0.3333333333333333,0.6666666666666667,122,136,0.04119013205580999,0.032311626138411056,0.013722587927235947,7,160,152,8,227,1.41875,7,0.0008809000009932788
191,3,2,16,0.3333333333333333,0.6666666666666667,24,24,-0.11036044379901047,0.16055451481175304,-0.10580006440400742,2,28,28,0,10,0.35714285714285715,2,0.00012070000047970098
191,3,4,16,0.3333333333333333,0.6666666666666667,38,40,-0.22494980298164516,-0.01297149695305083,0.0928154408402496,2,44,42,2,14,0.3181818181818182,2,0.00016760000107751694
191,3,8,16,0.3333333333333333,0.6666666666666667,66,72,-0.1666725286638825,-0.02482555245354824,-0.072650873861021,2,76,70,6,21,0.27631578947368424,2,0.00027239999872108456
191,3,16,16,0.3333333333333333,0.6666666666666667,122,136,-0.07255373855359445,-0.0676664798178976,-0.050801102362200035,3,144,132,12,53,0.3680555555555556,3,0.0005382999988796655
192,3,2,16,0.3333333333333333,0.6666666666666667,24,24,0.09311358529047743,0.09991943550788625,0.3305932485462683,1,24,23,1,1,0.041666666666666664,1,9.12000014068326e-05
192,3,4,16,0.3333333333333333,0.6666666666666667,38,40,0.1782013378281082,-0.043124413701117977,0.18155758734535138,1,40,37,3,3,0.075,1,0.0001322999996773433
192,3,8,16,0.3333333333333333,0.6666666666666667,66,72,0.07490445912027281,0.07283074172949075,0.09089666186242563,1,72,65,7,7,0.09722222222222222,1,0.0002351000002818182
192,3,16,16,0.3333333333333333,0.6666666666666667,122,136,0.028187572054874023,-0.049291163877823466,-0.022555214653478782,5,152,142,10,112,0.7368421052631579,5,0.0006624999987252522
193,3,2,16,0.3333333333333333,0.6666666666666667,24,24,-0.1810672865249352,-0.3312982907512316,0.19235911436479977,2,28,28,0,10,0.35714285714285715,2,0.0001274999995075632
193,3,4,16,0.3333333333333333,0.6666666666666667,38,40,-0.0793374080783849,-0.20391139287767165,-0.10837452146715532,1,40,37,3,3,0.075,1,0.00018509999972593505
193,3,8,16,0.3333333333333333,0.6666666666666667,66,72,-0.0752829625095534,-0.22710702569246627,-0.03211329374128149,2,76,70,6,16,0.21052631578947367,2,0.0002764000000752276
193,3,16,16,0.3333333333333333,0.6666666666666667,122,136,-0.10670070603375409,-0.12838236931992397,-0.07666807774324873,7,160,151,9,219,1.36875,7,0.0008590999987063697
194,3,2,16,0.3333333333333333,0.6666666666666667,24,24,-0.2782660446407728,0.10574899608896712,-0.1422707706882372,1,24,23,1,1,0.041666666666666664,1,9.280000085709617e-05
194,3,4,16,0.3333333333333333,0.6666666666666667,38,40,0.004787732941017912,0.15927099847143056,-0.11039273555284261,2,44,42,2,12,0.2727272727272727,2,0.00016110000069602393
194,3,8,16,0.3333333333333333,0.6666666666666667,66,72,-0.07351922343179125,0.11601067762012263,0.0889838094245197,4,84,80,4,67,0.7976190476190477,4,0.00037680000059481245
194,3,16,16,0.3333333333333333,0.6666666666666667,122,136,0.01387042909237219,0.022751259416462714,0.021370980507398777,5,152,141,11,133,0.875,5,0.0007000000005064066
195,3,2,16,0.3333333333333333,0.6666666666666667,24,24,-0.380212715753817,-0.06529149688236326,0.20280876151662774,2,28,28,0,10,0.35714285714285715,2,0.00012030000107188243
195,3,4,16,0.3333333333333333,0.6666666666666667,38,40,-0.23158139566040853,0.11012915028860822,0.05712961625606315,4,52,52,0,60,1.1538461538461537,4,0.0002672000009624753
195,3,8,16,0.3333333333333333,0.6666666666666667,66,72,-0.23429273970149406,0.07310918370727053,-0.029121139525513994,4,84,80,4,65,0.7738095238095238,4,0.00037370000063674524
195,3,16,16,0.3333333333333333,0.6666666666666667,122,136,-0.22614350868576102,0.027265777134818384,-0.0838876337737044,6,156,146,10,171,1.0961538461538463,6,0.0007798999995429767
196,3,2,16,0.3333333333333333,0.6666666666666667,24,24,0.1384583398218644,-0.23386145130256694,0.034378214075213145,2,28,28,0,10,0.35714285714285715,2,0.00011970000014116522
196,3,4,16,0.3333333333333333,0.6666666666666667,38,40,0.30255494525558185,-0.1165345107478677,0.03991559304697,3,48,47,1,33,0.6875,3,0.00021120000019436702
196,3,8,16,0.3333333333333333,0.6666666666666667,66,72,0.05392227160019624,-0.08133487370215493,0.0010912997367093947,5,88,85,3,105,1.1931818181818181,5,0.0004513000003498746
196,3,16,16,0.3333333333333333,0.6666666666666667,122,136,-0.005029712276773147,-0.09523778205181523,0.01751634580091103,4,148,136,12,78,0.527027027027027,4,0.0005985000007058261
197,3,2,16,0.3333333333333333,0.6666666666666667,24,24,0.2876519615931538,-0.19757338982534636,-0.13157757926356095,2,28,28,0,10,0.35714285714285715,2,0.00011969999832217582
197,3,4,16,0.3333333333333333,0.6666666666666667,38,40,0.3458405827132695,-0.21945470005247633,-0.24588232114637323,3,48,47,1,31,0.6458333333333334,3,0.00020539999968605116
197,3,8,16,0.3333333333333333,0.6666666666666667,66,72,0.2501258142799263,0.03274711671848231,-0.13107012628717032,6,92,91,1,160,1.7391304347826086,6,0.0005578000000241445
197,3,16,16,0.3333333333333333,0.6666666666666667,122,136,0.1447712402216523,-0.01108653933376935,-0.0016584196534892952,9,168,162,6,380,2.261904761904762,9,0.0011586000000534113
198,3,2,16,0.3333333333333333,0.6666666666666667,24,24,-0.011521164226662021,0.11824460351525512,-0.10751890385097261,2,28,28,0,10,0.35714285714285715,2,0.00012590000005729962
198,3,4,16,0.3333333333333333,0.6666666666666667,38,40,-0.0034915209173287773,0.032522010536105955,-0.053633860705818645,3,48,47,1,31,0.6458333333333334,3,0.00020530000074359123
198,3,8,16,0.3333333333333333,0.6666666666666667,66,72,-0.0059645810270921055,0.07010047643051305,0.05180825814993541,3,80,76,4,39,0.4875,3,0.0003249000001233071
198,3,16,16,0.3333333333333333,0.6666666666666667,122,136,-0.09525513370614128,0.09850956011973779,0.029129910333108296,6,156,146,10,166,1.064102564102564,6,0.0007596999985253206
199,3,2,16,0.3333333333333333,0.6666666666666667,24,24,-0.3951153443927178,-0.47402476097805457,-0.009565041720803602,2,28,28,0,10,0.35714285714285715,2,0.00011980000090261456
199,3,4,16,0.3333333333333333,0.6666666666666667,38,40,-0.45781218640516463,-0.16381287959190766,-0.04303927490222138,3,48,47,1,31,0.6458333333333334,3,0.00020310000036261044
199,3,8,16,0.3333333333333333,0.6666666666666667,66,72,-0.1305654103376951,-0.1422722589376148,-0.05240326527457843,3,80,75,5,35,0.4375,3,0.00031239999952958897
199,3,16,16,0.3333333333333333,0.6666666666666667,122,136,-0.07242991431818792,-0.07666681204811732,-0.06002867873513304,4,148,136,12,75,0.5067567567567568,4,0.0005856999996467493
200,3,2,16,0.3333333333333333,0.6666666666666667,24,24,-0.012246369100313402,-0.2866158833239479,-0.0971318011791554,2,28,28,0,10,0.35714285714285715,2,0.0001906000015878817
200,3,4,16,0.3333333333333333,0.6666666666666667,38,40,-0.10029035582752639,-0.011511550015491957,-0.10425133635111815,4,52,52,0,60,1.1538461538461537,4,0.00036870000076305587
200,3,8,16,0.3333333333333333,0.6666666666666667,66,72,-0.09520520473408996,-0.06691781790551182,-0.07175151828005638,6,92,90,2,155,1.684782608695652,6,0.0005596999999397667
200,3,16,16,0.3333333333333333,0.6666666666666667,122,136,-0.05359943426889861,-0.02398954813389294,0.0366159203318532,7,160,153,7,255,1.59375,8,0.0009294999999838183
201,3,2,16,0.3333333333333333,0.6666666666666667,24,24,0.3976102071438751,-0.12206931872061859,-0.24826486975284917,2,28,28,0,10,0.35714285714285715,2,0.00012320000132604036
201,3,4,16,0.3333333333333333,0.6666666666666667,38,40,0.32855558777611504,-0.06439156264701151,-0.40820659841506973,4,52,52,0,60,1.1538461538461537,4,0.00027240000054007396
201,3,8,16,0.3333333333333333,0.6666666666666667,66,72,0.2768468375264643,-0.0009161550952575481,-0.17294522160040776,6,92,90,2,153,1.6630434782608696,6,0.0005444999987957999
201,3,16,16,0.3333333333333333,0.6666666666666667,122,136,0.06108201408183103,0.11804852542362103,-0.07079610336575534,6,156,146,10,168,1.0769230769230769,6,0.0007708000011916738
202,3,2,16,0.3333333333333333,0.6666666666666667,24,24,-0.06836571179251556,0.005766192297658757,-0.16022338610233153,2,28,28,0,10,0.35714285714285715,2,0.00012079999942216091
202,3,4,16,0.3333333333333333,0.6666666666666667,38,40,-0.16324888429210205,-0.1271951867227007,-0.14090379184663643,3,48,47,1,31,0.6458333333333334,3,0.00020810000023629982
202,3,8,16,0.3333333333333333,0.6666666666666667,66,72,-0.05102715305635639,-0.128673809119989,0.00284522443845568,5,88,85,3,105,1.1931818181818181,5,0.00045230000068841036
202,3,16,16,0.3333333333333333,0.6666666666666667,122,136,-0.09876764063399489,-0.06369024300472557,0.05205390101433893,5,152,143,9,130,0.8552631578947368,5,0.0006924999997863779
203,3,2,16,0.3333333333333333,0.6666666666666667,24,24,-0.32841846526520174,0.21715767176618472,0.029768906815367705,2,28,28,0,10,0.35714285714285715,2,0.0001188000005640788
203,3,4,16,0.3333333333333333,0.6666666666666667,38,40,-0.13620639769599935,0.18549571424661612,0.062876324981693,2,44,43,1,16,0.36363636363636365,2,0.00016929999947024044
203,3,8,16,0.3333333333333333,0.6666666666666667,66,72,-0.16543226557954538,0.02254840786381164,0.06870906123385079,3,80,76,4,48,0.6,3,0.000333100000716513
203,3,16,16,0.3333333333333333,0.6666666666666667,122,136,-0.1098145584965959,-0.01633651620668746,0.05832025179588941,6,156,147,9,210,1.3461538461538463,6,0.0008434999999735737
204,3,2,16,0.3333333333333333,0.6666666666666667,24,24,-0.07953098525390259,0.1247025462620436,0.09177668630997197,2,28,28,0,10,0.35714285714285715,2,0.00012040000001434237
204,3,4,16,0.3333333333333333,0.6666666666666667,38,40,0.09588272389708935,0.017097460661610504,-0.16315580807184213,4,52,52,0,60,1.1538461538461537,4,0.00026640000032784883
204,3,8,16,0.3333333333333333,0.6666666666666667,66,72,0.016955113787009105,0.0021488357155833066,-0.10219653788644428,4,84,80,4,65,0.7738095238095238,4,0.0003752999982680194
204,3,16,16,0.3333333333333333,0.6666666666666667,122,136,0.013250971085584592,-0.04220941255961113,-0.1396466828446987,5,152,141,11,114,0.75,5,0.0006732999991072575
205,3,2,16,0.3333333333333333,0.6666666666666667,24,24,-0.49501674837035337,0.2458941813262101,-0.10677907083539966,2,28,28,0,10,0.35714285714285715,2,0.0001205000007757917
205,3,4,16,0.3333333333333333,0.6666666666666667,38,40,-0.2918462436623385,0.08152162217234746,-0.16570379982490244,4,52,52,0,60,1.1538461538461537,4,0.00026480000087758526
205,3,8,16,0.3333333333333333,0.6666666666666667,66,72,-0.17196711765753636,0.044431179028044526,0.0008218613224154685,4,84,80,4,64,0.7619047619047619,4,0.0003730000007635681
205,3,16,16,0.3333333333333333,0.6666666666666667,122,136,-0.0465207558140683,0.08320613393748881,-0.0023317583925950556,6,156,146,10,166,1.064102564102564,6,0.0007688000005146023
206,3,2,16,0.3333333333333333,0.6666666666666667,24,24,-0.4020595167443711,-0.2953223032518524,-0.09574472787143125,2,28,28,0,10,0.35714285714285715,2,0.00012090000018361025
206,3,4,16,0.3333333333333333,0.6666666666666667,38,40,-0.16474912137818212,-0.30343123332560396,-0.08878173251160663,2,44,42,2,12,0.2727272727272727,2,0.00016289999985019676
206,3,8,16,0.3333333333333333,0.6666666666666667,66,72,-0.05985949887290587,-0.012400751409200123,-0.10294197565141056,3,80,76,4,41,0.5125,3,0.000325400000292575
206,3,16,16,0.3333333333333333,0.6666666666666667,122,136,-0.04054394731309079,-0.005669348361038367,-0.05522838237957047,7,160,152,8,244,1.525,7,0.0009083000004466157
207,3,2,16,0.3333333333333333,0.6666666666666667,24,24,0.09188347142360385,-0.025525712861527848,-0.07421916906458341,1,24,23,1,1,0.041666666666666664,1,0.0001114999995479593
207,3,4,16,0.3333333333333333,0.6666666666666667,38,40,0.12582575886395528,0.08764749048583677,0.014245264471576851,2,44,42,2,12,0.2727272727272727,2,0.00017070000103558414
207,3,8,16,0.3333333333333333,0.6666666666666667,66,72,0.022636868742093086,-0.04881599424077806,-0.21614151808223098,3,80,75,5,41,0.5125,3,0.0003434999998717103
207,3,16,16,0.3333333333333333,0.6666666666666667,122,136,-0.058773211238187545,-0.007595315264066878,-0.09151777211670437,6,156,146,10,178,1.141025641025641,6,0.0008213000000978354
208,3,2,16,0.3333333333333333,0.6666666666666667,24,24,0.08107163217755588,-0.3919488002885604,0.01958391518091326,2,28,28,0,10,0.35714285714285715,2,0.00013699999908567406
208,3,4,16,0.3333333333333333,0.6666666666666667,38,40,0.11952235928630814,-0.22405004781212348,0.21108849256633952,3,48,47,1,31,0.6458333333333334,3,0.00022320000061881728
208,3,8,16,0.3333333333333333,0.6666666666666667,66,72,0.17871580481314414,-0.08578604611665677,-0.12095981030836214,5,88,85,3,108,1.2272727272727273,5,0.0004616999995050719
208,3,16,16,0.3333333333333333,0.6666666666666667,122,136,0.14339413999683492,0.02068605907097929,0.028521293374423672,9,168,161,7,378,2.25,9,0.001172000000224216
209,3,2,16,0.3333333333333333,0.6666666666666667,24,24,-0.3703152055950166,0.4008160041241942,-0.030181216754276145,2,28,28,0,10,0.35714285714285715,2,0.00013760000001639128
209,3,4,16,0.3333333333333333,0.6666666666666667,38,40,-0.06286125332083206,0.14567390784854872,-0.019379660480957534,3,48,47,1,32,0.6666666666666666,3,0.00021349999951780774
209,3,8,16,0.3333333333333333,0.6666666666666667,66,72,-0.02649665276187151,0.013515644214579781,-0.06550096817519294,5,88,85,3,109,1.2386363636363635,5,0.0004699000000982778
209,3,16,16,0.3333333333333333,0.6666666666666667,122,136,-0.09258992109904443,0.04179145339076094,0.01600805559344226,8,164,157,7,306,1.8658536585365855,8,0.0010478999993210891
210,3,2,16,0.3333333333333333,0.6666666666666667,24,24,0.386412062536512,0.263808860268702,0.005374634676391771,2,28,28,0,10,0.35714285714285715,2,0.00012940000124217477
210,3,4,16,0.3333333333333333,0.6666666666666667,38,40,0.22242265448065668,-0.00827890899004058,0.0660844534920359,3,48,47,1,33,0.6875,3,0.00021249999917927198
210,3,8,16,0.3333333333333333,0.6666666666666667,66,72,0.1489662639209288,0.01270425397787873,0.02261039697506418,7,96,95,1,213,2.21875,7,0.0007022999998298474
210,3,16,16,0.3333333333333333,0.6666666666666667,122,136,0.08320558508063267,0.08643758077763995,-0.0059639452115554424,9,168,161,7,395,2.3511904761904763,9,0.0011991999999736436
211,3,2,16,0.3333333333333333,0.6666666666666667,24,24,0.0996575285788375,-0.031093730109642732,-0.10490127876267288,1,24,23,1,1,0.041666666666666664,1,9.660000068834051e-05
211,3,4,16,0.3333333333333333,0.6666666666666667,38,40,-0.0323767367433848,-0.03497101368397781,-0.09820751332027658,3,48,47,1,31,0.6458333333333334,3,0.00020669999867095612
211,3,8,16,0.3333333333333333,0.6666666666666667,66,72,-0.021833920071557256,0.03206275882483034,-0.06503542773814219,4,84,80,4,65,0.7738095238095238,4,0.0003713999994943151
211,3,16,16,0.3333333333333333,0.6666666666666667,122,136,-0.04364273183051418,0.06444023042336744,0.014563353067307647,8,164,156,8,298,1.8170731707317074,8,0.0010008000008383533
212,3,2,16,0.3333333333333333,0.6666666666666667,24,24,-0.03605704378581076,0.038342827977332745,-0.1567740754654383,2,28,28,0,10,0.35714285714285715,2,0.00012200000128359534
212,3,4,16,0.3333333333333333,0.6666666666666667,38,40,-0.1969095888340582,0.13488341314743268,-0.22624419015741934,3,48,47,1,32,0.6666666666666666,3,0.00020959999892511405
212,3,8,16,0.3333333333333333,0.6666666666666667,66,72,-0.22461419152653872,0.006794043927888972,-0.04698601977051827,4,84,81,3,67,0.7976190476190477,4,0.0003811999995377846
212,3,16,16,0.3333333333333333,0.6666666666666667,122,136,-0.16484095160944784,0.037352442685456635,-0.08502503540959727,7,160,152,8,238,1.4875,7,0.0009019000008265721
213,3,2,16,0.3333333333333333,0.6666666666666667,24,24,0.2842635714001116,0.2139250444093883,0.09663240150009184,1,24,23,1,1,0.041666666666666664,1,9.310000132245477e-05
213,3,4,16,0.3333333333333333,0.6666666666666667,38,40,0.027040610739872767,0.05943921678120634,-0.002134193360200539,3,48,47,1,33,0.6875,3,0.00020980000044801272
213,3,8,16,0.3333333333333333,0.6666666666666667,66,72,-0.12886471428970003,-0.013666231788371924,0.021058071677744088,4,84,81,3,71,0.8452380952380952,4,0.00039199999991978984
213,3,16,16,0.3333333333333333,0.6666666666666667,122,136,0.026002065759803093,-0.004286117799003888,0.09558902664582894,7,160,153,7,250,1.5625,7,0.0009311999983765418
214,3,2,16,0.3333333333333333,0.6666666666666667,24,24,0.3700318787104671,-0.03802647034032994,0.12763423471857424,1,24,23,1,1,0.041666666666666664,1,9.370000043418258e-05
214,3,4,16,0.3333333333333333,0.6666666666666667,38,40,0.24294964179743178,-0.10512207786791124,-0.0987927675888085,1,40,37,3,3,0.075,1,0.00013159999980416615
214,3,8,16,0.3333333333333333,0.6666666666666667,66,72,0.19806850017500705,-0.020775181581568866,0.011012989091506751,4,84,80,4,69,0.8214285714285714,4,0.0003820000001724111
214,3,16,16,0.3333333333333333,0.6666666666666667,122,136,0.02722338684489801,0.053548772623476494,0.027501232386826325,5,152,141,11,118,0.7763157894736842,5,0.0006697000007989118
215,3,2,16,0.3333333333333333,0.6666666666666667,24,24,-0.15940999712208173,-0.23856289211262702,0.09203471823223987,1,24,23,1,1,0.041666666666666664,1,9.339999996882398e-05
215,3,4,16,0.3333333333333333,0.6666666666666667,38,40,-0.06438384893731096,-0.09841725301310641,-0.029155632322290084,3,48,47,1,31,0.6458333333333334,3,0.00020530000074359123
215,3,8,16,0.3333333333333333,0.6666666666666667,66,72,-0.17593486679765336,-0.07366139126337963,0.005931894535787027,5,88,85,3,104,1.1818181818181819,5,0.0004453000001376495
215,3,16,16,0.3333333333333333,0.6666666666666667,122,136,-0.10560939100245634,-0.052153737078980765,-0.0037306366221273985,8,164,156,8,301,1.8353658536585367,8,0.0010136000000784406
216,3,2,16,0.3333333333333333,0.6666666666666667,24,24,-0.1574662325227931,0.15710257532676192,-0.07768512141696228,1,24,23,1,1,0.041666666666666664,1,9.339999996882398e-05
216,3,4,16,0.3333333333333333,0.6666666666666667,38,40,-0.013667568760781564,0.013213756107032936,0.169702079312079,2,44,42,2,12,0.2727272727272727,2,0.000161899999511661
216,3,8,16,0.3333333333333333,0.6666666666666667,66,72,-0.10865297612109753,0.0641130630799131,0.0016455321140155792,3,80,75,5,36,0.45,3,0.0003085999996983446
216,3,16,16,0.3333333333333333,0.6666666666666667,122,136,-0.046196563767118344,0.021806865740016678,-0.0032429505208986403,5,152,141,11,120,0.7894736842105263,5,0.0006709999997838167
217,3,2,16,0.3333333333333333,0.6666666666666667,24,24,-0.26420475500787655,0.1453778314371399,0.01102818290800616,2,28,28,0,10,0.35714285714285715,2,0.00013339999895833898
217,3,4,16,0.3333333333333333,0.6666666666666667,38,40,-0.13159227158008807,-0.03871531686769102,-0.059479790158950135,3,48,47,1,33,0.6875,3,0.00021879999985685572
217,3,8,16,0.3333333333333333,0.6666666666666667,66,72,0.00415624021984596,0.059217022288031815,-0.042043750681185585,6,92,90,2,156,1.6956521739130435,6,0.000547200001165038
217,3,16,16,0.3333333333333333,0.6666666666666667,122,136,0.07322755087573352,0.027125977653862494,-0.037657141780271276,8,164,158,6,323,1.9695121951219512,8,0.001079899999240297
218,3,2,16,0.3333333333333333,0.6666666666666667,24,24,0.1264366688252433,-0.27014010166223884,0.08843529113661634,2,28,28,0,10,0.35714285714285715,2,0.00012079999942216091
218,3,4,16,0.3333333333333333,0.6666666666666667,38,40,0.06363715675275695,-0.11216090305223082,0.19353050720306206,3,48,47,1,31,0.6458333333333334,3,0.00020630000108212698
218,3,8,16,0.3333333333333333,0.6666666666666667,66,72,0.14804402468985053,-0.15022128387229494,0.0906315684214533,4,84,80,4,67,0.7976190476190477,4,0.00037429999974847306
218,3,16,16,0.3333333333333333,0.6666666666666667,122,136,0.06721857379770868,-0.11155083742156717,-0.03999732920983518,7,160,151,9,237,1.48125,7,0.0008751999994274229
219,3,2,16,0.3333333333333333,0.6666666666666667,24,24,0.11383828897617194,-0.018703199654928192,0.35677342568372594,1,24,23,1,1,0.041666666666666664,1,9.209999916492961e-05
219,3,4,16,0.3333333333333333,0.6666666666666667,38,40,0.10205223341335001,-0.025199385059589397,0.2789257962268446,3,48,47,1,31,0.6458333333333334,3,0.00020450000010896474
219,3,8,16,0.3333333333333333,0.6666666666666667,66,72,-0.02392837982484551,-0.018883737566205858,0.12147074802019196,6,92,90,2,152,1.6521739130434783,6,0.0005471000004035886
219,3,16,16,0.3333333333333333,0.6666666666666667,122,136,-0.0477192369357175,-0.07910053974148952,-0.022669300537689795,6,156,148,8,177,1.1346153846153846,6,0.0007843999992473982
220,3,2,16,0.3333333333333333,0.6666666666666667,24,24,0.04782104978035839,-0.007078615288376222,0.3271336953100452,2,28,28,0,10,0.35714285714285715,2,0.0001233000002685003
220,3,4,16,0.3333333333333333,0.6666666666666667,38,40,-0.11684065869358587,-0.0806369563117829,0.1941230500274468,3,48,48,0,32,0.6666666666666666,3,0.00021980000019539148
220,3,8,16,0.3333333333333333,0.6666666666666667,66,72,-0.03731483682703287,-0.039256891445937234,0.06536701030031829,4,84,81,3,66,0.7857142857142857,4,0.0003774999986490002
220,3,16,16,0.3333333333333333,0.6666666666666667,122,136,-0.015783701689784633,-0.01821503728390753,0.0045389829554503165,6,156,147,9,167,1.0705128205128205,6,0.0007654000000911765
221,3,2,16,0.3333333333333333,0.6666666666666667,24,24,-0.5510705365847931,0.07678344876654097,-0.40020740721629405,1,24,24,0,2,0.08333333333333333,1,0.00010329999895475339
221,3,4,16,0.3333333333333333,0.6666666666666667,38,40,-0.1553207305884734,-0.1674845018258482,-0.4414598576742843,3,48,48,0,34,0.7083333333333334,3,0.00024329999905603472
221,3,8,16,0.3333333333333333,0.6666666666666667,66,72,-0.18501142700104065,-0.0048623490538460155,-0.21047663750857445,3,80,77,3,46,0.575,3,0.0003297000002930872
221,3,16,16,0.3333333333333333,0.6666666666666667,122,136,-0.08845293728495135,0.08474912891057845,-0.06425326804658564,6,156,149,7,192,1.2307692307692308,6,0.0008146999989548931
222,3,2,16,0.3333333333333333,0.6666666666666667,24,24,-0.019699893554264377,0.021604355346301823,0.26137812379132924,2,28,28,0,10,0.35714285714285715,2,0.00012169999899924733
222,3,4,16,0.3333333333333333,0.6666666666666667,38,40,0.045514727797272996,-0.06382817847634122,0.09195851458864077,3,48,47,1,32,0.6666666666666666,3,0.00020929999845975544
222,3,8,16,0.3333333333333333,0.6666666666666667,66,72,-0.10900731049388347,0.006255122151727334,0.08558238037035897,5,88,85,3,108,1.2272727272727273,5,0.0004573999995045597
222,3,16,16,0.3333333333333333,0.6666666666666667,122,136,-0.03089361223815586,0.027538767986845444,-0.045269046403668016,8,164,156,8,305,1.8597560975609757,8,0.0010380999992776196
223,3,2,16,0.3333333333333333,0.6666666666666667,24,24,-0.01831416287479573,0.27091733677333213,-0.15256488416008318,1,24,24,0,2,0.08333333333333333,1,9.719999980006833e-05
223,3,4,16,0.3333333333333333,0.6666666666666667,38,40,0.11764819832733758,0.2698415620435538,-0.04810023582889318,3,48,47,1,31,0.6458333333333334,3,0.00020500000027823262
223,3,8,16,0.3333333333333333,0.6666666666666667,66,72,0.01936267184187672,0.18085542624186962,-0.038220821618473996,6,92,90,2,159,1.7282608695652173,6,0.000618199999735225
223,3,16,16,0.3333333333333333,0.6666666666666667,122,136,-0.06990506725112623,0.07026448228874123,-0.006391416777143701,10,172,167,5,487,2.8313953488372094,10,0.0013342000002012355
224,3,2,16,0.3333333333333333,0.6666666666666667,24,24,-0.046242535894187316,-0.183800125172026,-0.11504223711089791,2,28,28,0,10,0.35714285714285715,2,0.0001216000000567874
224,3,4,16,0.3333333333333333,0.6666666666666667,38,40,-0.1266484106827972,-0.16417573235014382,-0.06083009251876669,3,48,47,1,31,0.6458333333333334,3,0.0002127999996446306
224,3,8,16,0.3333333333333333,0.6666666666666667,66,72,-0.10102679907994896,-0.0349613851580215,0.13357377608579415,6,92,90,2,158,1.7173913043478262,6,0.0005574999995587859
224,3,16,16,0.3333333333333333,0.6666666666666667,122,136,-0.06994798233764665,0.05921774615156661,0.08507264016162414,6,156,146,10,188,1.205128205128205,6,0.0008069000014074845
225,3,2,16,0.3333333333333333,0.6666666666666667,24,24,-0.26610141631722173,-0.10500615757125242,0.22942316827663783,2,28,28,0,10,0.35714285714285715,2,0.00012120000064896885
225,3,4,16,0.3333333333333333,0.6666666666666667,38,40,-0.013257034465180617,-0.05828978287649719,-0.009669405972359638,4,52,52,0,60,1.1538461538461537,4,0.0002731000004132511
225,3,8,16,0.3333333333333333,0.6666666666666667,66,72,0.023498010048234905,-0.055444617632130204,0.030280577880046847,5,88,86,2,112,1.2727272727272727,5,0.0004685000003519235
225,3,16,16,0.3333333333333333,0.6666666666666667,122,136,0.08956945556792821,-0.07721741922988934,-0.120110162379171,7,160,151,9,246,1.5375,7,0.0009128999990934972
226,3,2,16,0.3333333333333333,0.6666666666666667,24,24,0.3095344456036399,-0.03364271906433644,-0.044829759596895155,1,24,23,1,1,0.041666666666666664,1,9.209999916492961e-05
226,3,4,16,0.3333333333333333,0.6666666666666667,38,40,0.259227437067845,-0.057617897349582635,-0.0981914319257301,2,44,42,2,12,0.2727272727272727,2,0.00016060000052675605
226,3,8,16,0.3333333333333333,0.6666666666666667,66,72,0.12332502307905627,-0.10312624120047653,-0.07439723856305987,4,84,80,4,65,0.7738095238095238,4,0.0003761000007216353
226,3,16,16,0.3333333333333333,0.6666666666666667,122,136,0.12330171030815457,-0.08151728867818143,0.006643781124184345,7,160,151,9,228,1.425,7,0.0008871999998518731
227,3,2,16,0.3333333333333333,0.6666666666666667,24,24,0.15408137635913813,0.22828241935064272,0.06522212472828606,2,28,28,0,10,0.35714285714285715,2,0.00011979999908362515
227,3,4,16,0.3333333333333333,0.6666666666666667,38,40,-0.003692796760941662,0.08913462572617974,0.05950941108517488,2,44,43,1,16,0.36363636363636365,2,0.00016900000082387123
227,3,8,16,0.3333333333333333,0.6666666666666667,66,72,-0.01037655249033345,0.18246834530230374,0.08416795330691067,3,80,76,4,40,0.5,3,0.00031830000079935417
227,3,16,16,0.3333333333333333,0.6666666666666667,122,136,-0.11223451367066999,0.057684618190722826,0.12129247848651867,4,148,137,11,88,0.5945945945945946,4,0.0006162999998196028
228,3,2,16,0.3333333333333333,0.6666666666666667,24,24,-0.20001412404883712,-0.04168172232357466,0.08059894041910456,2,28,28,0,10,0.35714285714285715,2,0.00011819999963336159
228,3,4,16,0.3333333333333333,0.6666666666666667,38,40,-0.1981410648146873,-0.22644117959218626,-0.01951676854706957,4,52,52,0,60,1.1538461538461537,4,0.00026310000066587236
228,3,8,16,0.3333333333333333,0.6666666666666667,66,72,-0.2419389449820048,-0.06269311816367805,-0.16614798126202612,6,92,90,2,160,1.7391304347826086,6,0.0005541000009543495
228,3,16,16,0.3333333333333333,0.6666666666666667,122,136,0.013125215712904714,0.08416160938258388,-0.05833261599882325,7,160,151,9,224,1.4,7,0.0008741000001464272
229,3,2,16,0.3333333333333333,0.6666666666666667,24,24,0.2614284228965027,-0.06000064241154455,0.20628550197453455,2,28,28,0,10,0.35714285714285715,2,0.00012080000124115031
229,3,4,16,0.3333333333333333,0.6666666666666667,38,40,0.1112548313920798,-0.07892076016128435,0.0353273335489499,4,52,52,0,60,1.1538461538461537,4,0.0002656999986356823
229,3,8,16,0.3333333333333333,0.6666666666666667,66,72,0.0744384175348076,-0.07833441003989604,0.05633114132503405,6,92,91,1,162,1.7608695652173914,6,0.0005666000015480677
229,3,16,16,0.3333333333333333,0.6666666666666667,122,136,-0.02663726846540685,-0.08351772911719334,-0.03145057802698106,8,164,158,6,320,1.951219512195122,8,0.0010378999995737104
230,3,2,16,0.3333333333333333,0.6666666666666667,24,24,-0.07730440398096089,0.3484209797849422,0.013380190543152789,2,28,28,0,10,0.35714285714285715,2,0.00012059999971825164
230,3,4,16,0.3333333333333333,0.6666666666666667,38,40,0.11608050071288682,0.20877745353243954,0.004727373370606885,3,48,47,1,32,0.6666666666666666,3,0.00021329999981389847
230,3,8,16,0.3333333333333333,0.6666666666666667,66,72,0.12172785578204726,0.06297725963514242,-0.15326100849593657,5,88,85,3,112,1.2727272727272727,5,0.00046380000094359275
230,3,16,16,0.3333333333333333,0.6666666666666667,122,136,0.03980443837318237,-0.005870446562010334,-0.02481897398173287,9,168,161,7,389,2.3154761904761907,9,0.0011788000010710675
231,3,2,16,0.3333333333333333,0.6666666666666667,24,24,-0.33539768626310384,-0.32057452351285554,0.1104584773407342,2,28,28,0,10,0.35714285714285715,2,0.00012000000060652383
231,3,4,16,0.3333333333333333,0.6666666666666667,38,40,-0.06641709244732102,-0.5044028576583981,0.06353408280602228,3,48,48,0,34,0.7083333333333334,3,0.00020880000010947697
231,3,8,16,0.3333333333333333,0.6666666666666667,66,72,-0.11081151677031051,-0.28960581240353506,-0.0011537894695357591,5,88,86,2,113,1.2840909090909092,5,0.00046629999997094274
231,3,16,16,0.3333333333333333,0.6666666666666667,122,136,-0.06775189693583787,-0.1331384844272531,-0.09474342773455091,9,168,161,7,384,2.2857142857142856,9,0.0012502999998105224
232,3,2,16,0.3333333333333333,0.6666666666666667,24,24,-0.23385580055094277,-0.08698732495418189,0.33597572007639365,2,28,28,0,10,0.35714285714285715,2,0.00012459999925340526
232,3,4,16,0.3333333333333333,0.6666666666666667,38,40,-0.08525061088550785,-0.09210637202766309,0.30562504460133066,3,48,47,1,32,0.6666666666666666,3,0.00022360000002663583
232,3,8,16,0.3333333333333333,0.6666666666666667,66,72,-0.04368572164849912,0.018797515767112787,0.3135148235873485,5,88,85,3,106,1.2045454545454546,5,0.00045569999929284677
232,3,16,16,0.3333333333333333,0.6666666666666667,122,136,-0.0736520874465673,0.14465656528945678,0.2264391000657283,6,156,146,10,170,1.0897435897435896,6,0.0007733999991614837
233,3,2,16,0.3333333333333333,0.6666666666666667,24,24,-0.1642357158701798,0.03952040957681013,-0.062296724351965926,2,28,28,0,10,0.35714285714285715,2,0.00012849999984609894
233,3,4,16,0.3333333333333333,0.6666666666666667,38,40,-0.032311938938140945,0.10951845236352528,-0.23368312357451992,4,52,52,0,60,1.1538461538461537,4,0.00027269999918644316
233,3,8,16,0.3333333333333333,0.6666666666666667,66,72,-0.011111258713246896,0.05370641852128601,-0.19208231424429226,4,84,80,4,68,0.8095238095238095,4,0.000380000001314329
233,3,16,16,0.3333333333333333,0.6666666666666667,122,136,0.06544116846886344,0.056096646548737486,-0.10943123710812545,7,160,151,9,231,1.44375,7,0.0008804000008240109
234,3,2,16,0.3333333333333333,0.6666666666666667,24,24,-0.017192340572036568,0.069966907832085,0.06175475754470773,2,28,28,0,10,0.35714285714285715,2,0.00012760000026901253
234,3,4,16,0.3333333333333333,0.6666666666666667,38,40,-0.001939001422848494,0.14719027798299744,-0.11642752369292594,3,48,47,1,32,0.6666666666666666,3,0.00020949999998265412
234,3,8,16,0.3333333333333333,0.6666666666666667,66,72,0.037578263576484715,0.041181853330064334,0.04737475775994359,5,88,86,2,109,1.2386363636363635,5,0.000465299999632407
234,3,16,16,0.3333333333333333,0.6666666666666667,122,136,0.11581361953636261,0.0695245021083002,-0.03758161889648815,7,160,151,9,222,1.3875,7,0.0008857000011630589
235,3,2,16,0.3333333333333333,0.6666666666666667,24,24,0.04469569442912117,0.33489249116747183,-0.4046275626365544,1,24,23,1,1,0.041666666666666664,1,9.369999861519318e-05
235,3,4,16,0.3333333333333333,0.6666666666666667,38,40,0.030605835396861635,0.22296184254612048,-0.2476189059934118,2,44,42,2,12,0.2727272727272727,2,0.0001616000008652918
235,3,8,16,0.3333333333333333,0.6666666666666667,66,72,0.21589285493988228,0.029625532713367143,-0.203195184241466,4,84,80,4,64,0.7619047619047619,4,0.00037909999991825316
235,3,16,16,0.3333333333333333,0.6666666666666667,122,136,0.14762058058872685,-0.08164634570056549,-0.11045171910572049,6,156,146,10,179,1.1474358974358974,6,0.0007957000016176607
236,3,2,16,0.3333333333333333,0.6666666666666667,24,24,0.0481968946748063,0.2660188421903941,0.19043838019821324,2,28,28,0,10,0.35714285714285715,2,0.0001201999984914437
236,3,4,16,0.3333333333333333,0.6666666666666667,38,40,-0.07663737899631684,0.29054095732465046,-0.048491250217572314,3,48,47,1,31,0.6458333333333334,3,0.000204699999812874
236,3,8,16,0.3333333333333333,0.6666666666666667,66,72,-0.05386354295197602,0.14011466092782612,0.05622008780368452,5,88,85,3,103,1.1704545454545454,5,0.0004459000010683667
236,3,16,16,0.3333333333333333,0.6666666666666667,122,136,-0.05601900546692675,0.08823431321099662,0.06424432146237744,5,152,141,11,122,0.8026315789473685,5,0.0006855000010546064
237,3,2,16,0.3333333333333333,0.6666666666666667,24,24,-0.3981052106509951,-0.03135682413530954,-0.23522111436203866,2,28,28,0,10,0.35714285714285715,2,0.0001204999989568023
237,3,4,16,0.3333333333333333,0.6666666666666667,38,40,-0.16849428607546463,-0.21842732104238796,-0.16333917784307264,4,52,52,0,60,1.1538461538461537,4,0.0002727999999478925
237,3,8,16,0.3333333333333333,0.6666666666666667,66,72,-0.15680315762036073,-0.26509481423791753,0.047667252112500426,6,92,90,2,155,1.684782608695652,6,0.0005524000007426366
237,3,16,16,0.3333333333333333,0.6666666666666667,122,136,-0.18140952878320338,-0.1517965588029764,0.1000469293423202,8,164,156,8,301,1.8353658536585367,8,0.001001900000119349
238,3,2,16,0.3333333333333333,0.6666666666666667,24,24,-0.10609660307096053,0.1934739566145182,-0.030786848485069372,2,28,28,0,10,0.35714285714285715,2,0.00012109999988751952
238,3,4,16,0.3333333333333333,0.6666666666666667,38,40,-0.03819925787357072,0.08456450489316183,-0.10260402409170799,3,48,47,1,32,0.6666666666666666,3,0.0002142000012099743
238,3,8,16,0.3333333333333333,0.6666666666666667,66,72,0.004149772964014427,0.16367901577226343,0.0014800368930073997,3,80,76,4,41,0.5125,3,0.00036389999877428636
238,3,16,16,0.3333333333333333,0.6666666666666667,122,136,0.04248552663322866,0.1175967788533171,0.02670306112834923,5,152,142,10,124,0.8157894736842105,5,0.000702600000295206
239,3,2,16,0.3333333333333333,0.6666666666666667,24,24,-0.3942306464601622,0.22366824518916537,-0.2813450286028904,2,28,28,0,10,0.35714285714285715,2,0.00013559999933931977
239,3,4,16,0.3333333333333333,0.6666666666666667,38,40,-0.28256003726420714,0.09078342471645583,-0.23750233410887722,3,48,47,1,31,0.6458333333333334,3,0.00020709999989776406
239,3,8,16,0.3333333333333333,0.6666666666666667,66,72,-0.22168244193394532,0.2083167687375255,-0.2633743347386547,6,92,90,2,155,1.684782608695652,6,0.0005448000010801479
239,3,16,16,0.3333333333333333,0.6666666666666667,122,136,-0.07160758536582451,0.06340016419223839,-0.1874895922522925,9,168,162,6,395,2.3511904761904763,9,0.0011895000006916234
240,3,2,16,0.3333333333333333,0.6666666666666667,24,24,0.24350194607125905,0.3807360600250811,-0.012073106645912783,2,28,28,0,10,0.35714285714285715,2,0.00012139999853388872
240,3,4,16,0.3333333333333333,0.6666666666666667,38,40,0.28782356228179296,0.16007650030860607,-0.21986055674475394,2,44,42,2,12,0.2727272727272727,2,0.00016200000027311035
240,3,8,16,0.3333333333333333,0.6666666666666667,66,72,0.23008007633079322,0.05415784191592694,-0.11519119429853313,2,76,70,6,16,0.21052631578947367,2,0.00027269999918644316
240,3,16,16,0.3333333333333333,0.6666666666666667,122,136,0.044314365873039704,-0.0018543903463743184,-0.1119782379078621,6,156,146,10,167,1.0705128205128205,6,0.000772299999880488
241,3,2,16,0.3333333333333333,0.6666666666666667,24,24,0.15420143633496425,-0.0020269567230720986,-0.12723236754730766,2,28,28,0,10,0.35714285714285715,2,0.00012170000081823673
241,3,4,16,0.3333333333333333,0.6666666666666667,38,40,0.1327504127517266,0.2269035628891277,-0.10219316570653994,3,48,47,1,31,0.6458333333333334,3,0.0002077999997709412
241,3,8,16,0.3333333333333333,0.6666666666666667,66,72,0.0001664550674346339,0.04704483388661253,-0.028639945610230835,6,92,90,2,154,1.673913043478261,6,0.0005538000004889909
241,3,16,16,0.3333333333333333,0.6666666666666667,122,136,-0.015431242437763578,0.1537365259464087,-0.10499960196601034,9,168,161,7,381,2.267857142857143,9,0.001157700000476325
242,3,2,16,0.3333333333333333,0.6666666666666667,24,24,-0.1685645474281356,-0.30115306524557645,0.515589254122085,2,28,28,0,10,0.35714285714285715,2,0.00012140000035287812
242,3,4,16,0.3333333333333333,0.6666666666666667,38,40,0.022894828019649385,-0.04134101599022967,0.3100489772457864,3,48,47,1,32,0.6666666666666666,3,0.00020880000010947697
242,3,8,16,0.3333333333333333,0.6666666666666667,66,72,-0.10775323139556912,-0.05170304431426693,0.26870358091061913,5,88,85,3,110,1.25,5,0.0004613999990397133
242,3,16,16,0.3333333333333333,0.6666666666666667,122,136,-0.06755371742060418,-0.018963480908359715,0.2687786345772403,8,164,156,8,290,1.7682926829268293,8,0.000991700000668061
243,3,2,16,0.3333333333333333,0.6666666666666667,24,24,0.3506515286922745,0.17291122241710352,0.024523574366797803,2,28,28,0,10,0.35714285714285715,2,0.00012169999899924733
243,3,4,16,0.3333333333333333,0.6666666666666667,38,40,0.28493250057245434,0.2768640518593888,0.014143548055388791,3,48,47,1,31,0.6458333333333334,3,0.00021050000032118987
243,3,8,16,0.3333333333333333,0.6666666666666667,66,72,0.03372600031131746,0.03322480845086887,-0.14244417624188122,5,88,85,3,104,1.1818181818181819,5,0.0004473999997571809
243,3,16,16,0.3333333333333333,0.6666666666666667,122,136,0.1177136209417179,-0.01867771364910558,-0.15737740566306901,9,168,161,7,385,2.2916666666666665,9,0.0011770000000979053
244,3,2,16,0.3333333333333333,0.6666666666666667,24,24,0.11360425820763125,0.1856504931041035,-0.3238498985238736,2,28,28,0,10,0.35714285714285715,2,0.00012120000064896885
244,3,4,16,0.3333333333333333,0.6666666666666667,38,40,-0.1232534373739899,0.2822464796105113,-0.3053424923118224,3,48,47,1,32,0.6666666666666666,3,0.0002088999990519369
244,3,8,16,0.3333333333333333,0.6666666666666667,66,72,-0.03175941302160753,0.1831637219187698,-0.22410878985443222,4,84,80,4,67,0.7976190476190477,4,0.0003863000001729233
244,3,16,16,0.3333333333333333,0.6666666666666667,122,136,-0.03295489202514642,0.11667979610856655,-0.09212188991602566,6,156,146,10,163,1.044871794871795,6,0.0009135000000242144
245,3,2,16,0.3333333333333333,0.6666666666666667,24,24,0.15904526884367393,-0.02653461151342104,0.223635187906956,1,24,23,1,1,0.041666666666666664,1,9.42999995459104e-05
245,3,4,16,0.3333333333333333,0.6666666666666667,38,40,0.0815494006950859,0.034206430763932816,0.03514321866206064,1,40,37,3,3,0.075,1,0.00013969999963592272
245,3,8,16,0.3333333333333333,0.6666666666666667,66,72,0.08959227857974558,-0.12124071750647966,0.13072365665534957,2,76,70,6,16,0.21052631578947367,2,0.000267100000201026
245,3,16,16,0.3333333333333333,0.6666666666666667,122,136,0.02435302525109117,-0.16467809996715044,0.08640036835357373,4,148,136,12,75,0.5067567567567568,4,0.0005946000001131324
246,3,2,16,0.3333333333333333,0.6666666666666667,24,24,-0.04489270701432089,0.20680391499169407,-0.27671825391149646,2,28,28,0,10,0.35714285714285715,2,0.0001188000005640788
246,3,4,16,0.3333333333333333,0.6666666666666667,38,40,-0.0945936356051898,0.20783805754479864,-0.2192080141770635,4,52,52,0,60,1.1538461538461537,4,0.0002655000007507624
246,3,8,16,0.3333333333333333,0.6666666666666667,66,72,-0.09136265332419356,0.07591923710540813,-0.07216042708919658,6,92,90,2,153,1.6630434782608696,6,0.0005450000007840572
246,3,16,16,0.3333333333333333,0.6666666666666667,122,136,-0.07096110522296127,0.043113457802439706,0.0449652107527521,8,164,156,8,302,1.8414634146341464,8,0.0010053999994852347
247,3,2,16,0.3333333333333333,0.6666666666666667,24,24,0.1107778995636891,-0.06539580996845376,-0.24689800708064796,2,28,28,0,10,0.35714285714285715,2,0.00012140000035287812
247,3,4,16,0.3333333333333333,0.6666666666666667,38,40,0.17477773767920152,-0.03921163560408826,-0.27715475386780875,3,48,47,1,32,0.6666666666666666,3,0.00021670000023732428
247,3,8,16,0.3333333333333333,0.6666666666666667,66,72,0.2544218923982329,0.039857906776550975,-0.2113715815013449,4,84,81,3,74,0.8809523809523809,4,0.00039149999975052197
247,3,16,16,0.3333333333333333,0.6666666666666667,122,136,0.1372402080817928,0.1238716975883364,-0.10617809539297185,5,152,143,9,127,0.8355263157894737,5,0.0006890000004204921
248,3,2,16,0.3333333333333333,0.6666666666666667,24,24,0.008111915579899138,0.05639142608811829,-0.0445787237321256,1,24,23,1,1,0.041666666666666664,1,9.080000018002465e-05
248,3,4,16,0.3333333333333333,0.6666666666666667,38,40,-0.11293430305424318,0.06625651197367673,-0.23303743867879506,3,48,47,1,31,0.6458333333333334,3,0.00021220000053290278
248,3,8,16,0.3333333333333333,0.6666666666666667,66,72,-0.008644692058928387,0.06026553542358115,-0.17247757047791862,4,84,80,4,71,0.8452380952380952,4,0.00038270000004558824
248,3,16,16,0.3333333333333333,0.6666666666666667,122,136,0.058715929486486705,-0.0659079225868958,-0.21214789585819036,8,164,156,8,309,1.8841463414634145,8,0.0010101999996550148
249,3,2,16,0.3333333333333333,0.6666666666666667,24,24,-0.020593215234958724,-0.21929345499209835,-0.2308701479302789,2,28,28,0,10,0.35714285714285715,2,0.0001204999989568023
249,3,4,16,0.3333333333333333,0.6666666666666667,38,40,0.004274281496623301,-0.2904666087129242,-0.0898610075628512,3,48,47,1,33,0.6875,3,0.0002106000010826392
249,3,8,16,0.3333333333333333,0.6666666666666667,66,72,0.01455449087771964,-0.19983155335685848,-0.17258146769582577,4,84,80,4,70,0.8333333333333334,4,0.00038299999869195744
249,3,16,16,0.3333333333333333,0.6666666666666667,122,136,-0.009057711877002226,-0.09068729257698248,-0.08410628510588755,6,156,147,9,191,1.2243589743589745,6,0.0008144999992509838
250,3,2,16,0.3333333333333333,0.6666666666666667,24,24,0.37081326647352186,0.0999592140260612,0.0025535240398738114,2,28,28,0,10,0.35714285714285715,2,0.00019299999985378236
250,3,4,16,0.3333333333333333,0.6666666666666667,38,40,0.05375405495767343,0.08593895223473602,-0.06874888815653739,4,52,52,0,60,1.1538461538461537,4,0.000402000001486158
250,3,8,16,0.3333333333333333,0.6666666666666667,66,72,-0.045805788142615086,0.14994379708566996,0.031636093708402674,6,92,91,1,159,1.7282608695652173,6,0.0007673000000067987
250,3,16,16,0.3333333333333333,0.6666666666666667,122,136,-0.013856890795757488,0.04255052460780438,-0.07482077229466924,6,156,146,10,163,1.044871794871795,6,0.0007606999988638563
251,3,2,16,0.3333333333333333,0.6666666666666667,24,24,-0.23992474555540644,0.15520782222632606,0.018126437810991762,2,28,28,0,10,0.35714285714285715,2,0.00012080000124115031
251,3,4,16,0.3333333333333333,0.6666666666666667,38,40,-0.058468104069969516,0.17092139383660038,0.1348317171242094,3,48,47,1,33,0.6875,3,0.00021600000036414713
251,3,8,16,0.3333333333333333,0.6666666666666667,66,72,-0.059714672825424406,0.04844125834402065,0.05136407981758476,4,84,80,4,67,0.7976190476190477,4,0.0003910000014002435
251,3,16,16,0.3333333333333333,0.6666666666666667,122,136,0.04109996603363631,0.09612831158875812,0.03592476528592251,5,152,141,11,113,0.743421052631579,5,0.0006782000000384869
252,3,2,16,0.3333333333333333,0.6666666666666667,24,24,0.21256333595639085,0.28118082301932645,0.20435291036728065,2,28,28,0,10,0.35714285714285715,2,0.00012210000022605527
252,3,4,16,0.3333333333333333,0.6666666666666667,38,40,0.3054147164461347,0.17311292129551129,0.171107811028768,2,44,42,2,13,0.29545454545454547,2,0.000167199999850709
252,3,8,16,0.3333333333333333,0.6666666666666667,66,72,0.28184267242746935,0.11763177266314297,0.15875709647432423,4,84,80,4,66,0.7857142857142857,4,0.0003797000008489704
252,3,16,16,0.3333333333333333,0.6666666666666667,122,136,0.19053233403176753,0.058126350513732356,0.026074512739604944,7,160,151,9,232,1.45,7,0.0009009000004880363
253,3,2,16,0.3333333333333333,0.6666666666666667,24,24,-0.16825191161673592,-0.23624569645464014,-0.006522785309435889,2,28,28,0,10,0.35714285714285715,2,0.00011900000026798807
253,3,4,16,0.3333333333333333,0.6666666666666667,38,40,-0.16045840321199503,-0.10898070813732734,0.0684473290623811,4,52,52,0,60,1.1538461538461537,4,0.0002655000007507624
253,3,8,16,0.3333333333333333,0.6666666666666667,66,72,-0.22651023564847855,0.06155067720261774,-0.0792373182513678,8,100,100,0,280,2.8,8,0.0007671000003028894
253,3,16,16,0.3333333333333333,0.6666666666666667,122,136,-0.2299998600278445,0.015146421890596364,0.09500666385622412,5,152,142,10,116,0.7631578947368421,5,0.0006800999999541091
254,3,2,16,0.3333333333333333,0.6666666666666667,24,24,0.15580697294666726,-0.3266387188386126,-0.12562882375182866,1,24,23,1,1,0.041666666666666664,1,9.140000111074187e-05
254,3,4,16,0.3333333333333333,0.6666666666666667,38,40,0.029140210480754273,-0.3100894187332408,0.04160143569932307,2,44,42,2,14,0.3181818181818182,2,0.00016419999883510172
254,3,8,16,0.3333333333333333,0.6666666666666667,66,72,-0.06814761951863817,0.008829022858002755,-0.029497223719828495,5,88,85,3,107,1.2159090909090908,5,0.00045200000022305176
254,3,16,16,0.3333333333333333,0.6666666666666667,122,136,-0.0872488732559147,-0.021402016183227533,-0.003500201791411907,8,164,156,8,302,1.8414634146341464,8,0.001013200000670622
255,3,2,16,0.3333333333333333,0.6666666666666667,24,24,-0.19206468851265238,0.10115610054831752,-0.16233269681010762,2,28,28,0,10,0.35714285714285715,2,0.00012009999954898376
255,3,4,16,0.3333333333333333,0.6666666666666667,38,40,-0.1385108244925528,0.07634823698665259,-0.08612569269561565,1,40,37,3,3,0.075,1,0.0001350999991700519
255,3,8,16,0.3333333333333333,0.6666666666666667,66,72,0.07506283066356256,0.01745119685193227,-0.14615722760535596,3,80,75,5,36,0.45,3,0.0003133999998681247
255,3,16,16,0.3333333333333333,0.6666666666666667,122,136,0.06869034779901743,0.03282413368886476,-0.03287282592368138,6,156,146,10,167,1.0705128205128205,6,0.0007635000001755543
256,3,2,16,0.3333333333333333,0.6666666666666667,24,24,-0.2149741142955099,0.05958060611031681,0.043505480402573314,1,24,23,1,1,0.041666666666666664,1,9.12000014068326e-05
256,3,4,16,0.3333333333333333,0.6666666666666667,38,40,-0.3085917204519926,-0.06846302580345878,0.15576511349094063,1,40,37,3,3,0.075,1,0.00013190000026952475
256,3,8,16,0.3333333333333333,0.6666666666666667,66,72,-0.17430302335922412,-0.09857190785628962,0.2208741157765862,2,76,71,5,17,0.2236842105263158,2,0.0002685999988898402
256,3,16,16,0.3333333333333333,0.6666666666666667,122,136,-0.11720883757579195,-0.06948295124163849,0.18498239594841193,4,148,137,11,74,0.5,4,0.0005892000008316245
257,3,2,16,0.3333333333333333,0.6666666666666667,24,24,0.19787960135819052,0.35068242699688157,-0.12157307550931681,2,28,28,0,10,0.35714285714285715,2,0.00011919999997189734
257,3,4,16,0.3333333333333333,0.6666666666666667,38,40,0.15688982909984978,0.28024208105650433,-0.18656501956496813,4,52,52,0,60,1.1538461538461537,4,0.0002657000004546717
257,3,8,16,0.3333333333333333,0.6666666666666667,66,72,0.09528385908710126,0.19069393133745743,-0.0967204529833873,7,96,95,1,215,2.2395833333333335,7,0.0006603999991057208
257,3,16,16,0.3333333333333333,0.6666666666666667,122,136,0.11663454483967299,0.057766528257659946,-0.040158033474752775,9,168,162,6,408,2.4285714285714284,9,0.0011967999998887535
258,3,2,16,0.3333333333333333,0.6666666666666667,24,24,0.43320825228702653,0.29774600080713287,0.3935697869580841,1,24,23,1,1,0.041666666666666664,1,9.73999995039776e-05
258,3,4,16,0.3333333333333333,0.6666666666666667,38,40,0.3577146254009056,0.11840123126634772,0.3365142946515764,3,48,47,1,31,0.6458333333333334,3,0.00020679999943240546
258,3,8,16,0.3333333333333333,0.6666666666666667,66,72,0.14886788567896375,0.07041682441612837,0.21270730205318036,5,88,85,3,106,1.2045454545454546,5,0.0005149999997229315
258,3,16,16,0.3333333333333333,0.6666666666666667,122,136,-0.06993620568801477,0.061974047062112715,0.06271488848240155,9,168,161,7,374,2.2261904761904763,9,0.0011736000014934689
259,3,2,16,0.3333333333333333,0.6666666666666667,24,24,-0.061213349862072844,-0.07427278676143141,0.29959921706645176,2,28,28,0,10,0.35714285714285715,2,0.00012179999976069666
259,3,4,16,0.3333333333333333,0.6666666666666667,38,40,0.026079225898811353,-0.08566763414417718,0.13727729043142023,3,48,47,1,33,0.6875,3,0.00021039999955974054
259,3,8,16,0.3333333333333333,0.6666666666666667,66,72,-0.04479264950185247,0.025441625655711002,0.15852351834836825,4,84,80,4,69,0.8214285714285714,4,0.0003785999997489853
259,3,16,16,0.3333333333333333,0.6666666666666667,122,136,-0.029626179518097304,-0.026013506577677037,0.03160111004850662,6,156,147,9,175,1.1217948717948718,6,0.0007850000001781154
260,3,2,16,0.3333333333333333,0.6666666666666667,24,24,0.061535635643445864,-0.13833697693431196,-0.45479552466911083,2,28,28,0,10,0.35714285714285715,2,0.00011860000086016953
260,3,4,16,0.3333333333333333,0.6666666666666667,38,40,-0.045219332997733855,-0.17265919104099314,-0.2359993014248334,4,52,52,0,60,1.1538461538461537,4,0.00026499999876250513
260,3,8,16,0.3333333333333333,0.6666666666666667,66,72,-0.03208089492186442,-0.14304951753654763,-0.050794431907593064,5,88,85,3,106,1.2045454545454546,5,0.0004606000002240762
260,3,16,16,0.3333333333333333,0.6666666666666667,122,136,-0.07679708417029897,-0.09822683879281455,0.06504079777611936,6,156,146,10,174,1.1153846153846154,6,0.0007733999991614837
261,3,2,16,0.3333333333333333,0.6666666666666667,24,24,0.1539350745545834,-0.0018585266883558965,-0.25975459528187467,2,28,28,0,10,0.35714285714285715,2,0.00012040000001434237
261,3,4,16,0.3333333333333333,0.6666666666666667,38,40,0.2578544504384418,-0.17618262293255632,-0.37928469780075474,4,52,52,0,60,1.1538461538461537,4,0.0002750999992713332
261,3,8,16,0.3333333333333333,0.6666666666666667,66,72,0.008405291711120007,-0.057194782388751336,-0.10092968750369813,7,96,95,1,211,2.1979166666666665,7,0.0006542999999510357
261,3,16,16,0.3333333333333333,0.6666666666666667,122,136,0.03493500376386223,-0.07015206526040536,-0.10469548285005666,10,172,166,6,466,2.7093023255813953,10,0.001310100000409875
262,3,2,16,0.3333333333333333,0.6666666666666667,24,24,0.08502470298892142,0.2032262638306281,-0.23906779422677765,2,28,28,0,10,0.35714285714285715,2,0.00012140000035287812
262,3,4,16,0.3333333333333333,0.6666666666666667,38,40,0.12853361307809,0.18546740111372323,-0.1955988280184389,3,48,47,1,31,0.6458333333333334,3,0.00020699999913631473
262,3,8,16,0.3333333333333333,0.6666666666666667,66,72,0.035776785652835104,0.2399996655605687,-0.1986539477507366,6,92,90,2,153,1.6630434782608696,6,0.0005458000014186837
262,3,16,16,0.3333333333333333,0.6666666666666667,122,136,0.03450917199969689,0.10444880560052035,-0.11477846236962466,5,152,141,11,111,0.7302631578947368,5,0.0006744000002072426
263,3,2,16,0.3333333333333333,0.6666666666666667,24,24,-0.08485062076147348,0.015462619917976839,0.02791737014772685,2,28,28,0,10,0.35714285714285715,2,0.00011970000014116522
263,3,4,16,0.3333333333333333,0.6666666666666667,38,40,-0.044783143242195865,0.02984570021463028,-0.01773864102399031,4,52,52,0,60,1.1538461538461537,4,0.00026479999905859586
263,3,8,16,0.3333333333333333,0.6666666666666667,66,72,0.04923474837974045,0.002826350871691213,0.025407680143554538,7,96,96,0,216,2.25,7,0.0006610999989788979
263,3,16,16,0.3333333333333333,0.6666666666666667,122,136,-0.008149698109004597,0.11078700598906814,0.05781575248616625,4,148,136,12,72,0.4864864864864865,4,0.0005846999993082136
264,3,2,16,0.3333333333333333,0.6666666666666667,24,24,0.23371533264737077,0.12326539991215378,-0.12491802139948302,2,28,28,0,10,0.35714285714285715,2,0.0001188000005640788
264,3,4,16,0.3333333333333333,0.6666666666666667,38,40,0.20064582223848967,0.07851478296001467,-0.049154452512785954,3,48,47,1,31,0.6458333333333334,3,0.00020450000010896474
264,3,8,16,0.3333333333333333,0.6666666666666667,66,72,0.0032232187052280152,0.059157653526333544,-0.04246375614305101,6,92,91,1,163,1.7717391304347827,6,0.0005619000003207475
264,3,16,16,0.3333333333333333,0.6666666666666667,122,136,-0.004180753426974005,0.022228017945443646,0.0008320889334279149,9,168,162,6,386,2.2976190476190474,9,0.00115880000157631
265,3,2,16,0.3333333333333333,0.6666666666666667,24,24,-0.07770315382203463,-0.05927195990388183,0.1432791568895206,2,28,28,0,10,0.35714285714285715,2,0.00014069999997445848
265,3,4,16,0.3333333333333333,0.6666666666666667,38,40,0.16621662205187937,0.20034766554109806,0.3369482626728556,2,44,42,2,14,0.3181818181818182,2,0.00016619999951217324
265,3,8,16,0.3333333333333333,0.6666666666666667,66,72,0.09406995024254672,0.26607020563288214,0.17191484137151555,3,80,75,5,35,0.4375,3,0.00031289999969885685
265,3,16,16,0.3333333333333333,0.6666666666666667,122,136,-0.03160421490223461,0.2619043917360226,0.06069482718007682,5,152,141,11,114,0.75,5,0.0006665999990218552
266,3,2,16,0.3333333333333333,0.6666666666666667,24,24,0.03695238019070945,-0.08876712850582462,0.16995418427830866,2,28,28,0,10,0.35714285714285715,2,0.00011839999933727086
266,3,4,16,0.3333333333333333,0.6666666666666667,38,40,-0.10368894958141013,-0.20005505846837943,0.06187209512574139,3,48,47,1,32,0.6666666666666666,3,0.00020620000032067765
266,3,8,16,0.3333333333333333,0.6666666666666667,66,72,-0.04586898748405783,-0.3577912941865979,-0.009352322147996962,7,96,95,1,213,2.21875,7,0.0006499000010080636
266,3,16,16,0.3333333333333333,0.6666666666666667,122,136,-0.009490378851429782,-0.17142102542262083,0.053848829819219735,8,164,156,8,311,1.896341463414634,8,0.0010371000007580733
267,3,2,16,0.3333333333333333,0.6666666666666667,24,24,-0.23915792686846873,0.06512632386330082,-0.009653797403928393,2,28,28,0,10,0.35714285714285715,2,0.00012029999925289303
267,3,4,16,0.3333333333333333,0.6666666666666667,38,40,-0.270375107512708,-0.05037254936302675,0.019730128551053678,3,48,47,1,31,0.6458333333333334,3,0.00023569999939354602
267,3,8,16,0.3333333333333333,0.6666666666666667,66,72,-0.13336755763557243,0.055141615978483445,0.14758810686115134,5,88,85,3,103,1.1704545454545454,5,0.0004563999991660239
267,3,16,16,0.3333333333333333,0.6666666666666667,122,136,0.10462878388146966,0.04927947867173964,0.05188323390714239,7,160,151,9,222,1.3875,7,0.000860399999510264
268,3,2,16,0.3333333333333333,0.6666666666666667,24,24,0.2843408005766742,-0.052636739759312524,0.015515171617065287,1,24,23,1,1,0.041666666666666664,1,9.469999895372894e-05
268,3,4,16,0.3333333333333333,0.6666666666666667,38,40,0.25979961217393627,0.04992373597862532,-0.03585186015788511,2,44,43,1,16,0.36363636363636365,2,0.0001709000007394934
268,3,8,16,0.3333333333333333,0.6666666666666667,66,72,0.08120173028835981,0.06441969380216375,0.004518855256963537,3,80,78,2,56,0.7,4,0.00035969999953522347
268,3,16,16,0.3333333333333333,0.6666666666666667,122,136,0.08790929573220259,0.09515310118848572,-0.01473290143347331,5,152,142,10,131,0.8618421052631579,5,0.0006962000006751623
269,3,2,16,0.3333333333333333,0.6666666666666667,24,24,-0.47867154870311995,0.26704947969541165,-0.18687044312484213,2,28,28,0,10,0.35714285714285715,2,0.00012109999988751952
269,3,4,16,0.3333333333333333,0.6666666666666667,38,40,-0.39565960933174954,0.23518648651874566,-0.08785171855670361,4,52,52,0,60,1.1538461538461537,4,0.00026479999905859586
269,3,8,16,0.3333333333333333,0.6666666666666667,66,72,-0.13086668542818544,0.03317490892758148,0.09321453539158282,5,88,85,3,108,1.2272727272727273,5,0.00046770000153628644
269,3,16,16,0.3333333333333333,0.6666666666666667,122,136,-0.033516770271671395,0.03355207966218546,0.13184877111764082,7,160,151,9,240,1.5,7,0.000890600000275299
270,3,2,16,0.3333333333333333,0.6666666666666667,24,24,-0.12700932528035966,0.4475050775693538,-0.30600949018704493,1,24,23,1,1,0.041666666666666664,1,8.969999908003956e-05
270,3,4,16,0.3333333333333333,0.6666666666666667,38,40,-0.09838158992786485,0.2150479349572006,-0.2778583019489729,2,44,42,2,13,0.29545454545454547,2,0.0001678000007814262
270,3,8,16,0.3333333333333333,0.6666666666666667,66,72,-0.06763315714359598,0.12390601571757728,-0.023028713094944833,5,88,85,3,106,1.2045454545454546,5,0.0004486999987420859
270,3,16,16,0.3333333333333333,0.6666666666666667,122,136,0.0034821070008219175,0.08439275991345842,-0.0030995289588435647,6,156,149,7,205,1.314102564102564,7,0.0008252000006905291
271,3,2,16,0.3333333333333333,0.6666666666666667,24,24,-0.03936275197030286,-0.3044856602407123,0.1916433995418528,2,28,28,0,10,0.35714285714285715,2,0.00011769999946409371
271,3,4,16,0.3333333333333333,0.6666666666666667,38,40,0.1404151184125633,-0.28181539017930657,0.03896448020615732,3,48,47,1,32,0.6666666666666666,3,0.00020650000078603625
271,3,8,16,0.3333333333333333,0.6666666666666667,66,72,0.15757594842513448,-0.14746483918091638,-0.09220949992518175,4,84,80,4,64,0.7619047619047619,4,0.00036980000004405156
271,3,16,16,0.3333333333333333,0.6666666666666667,122,136,0.07995794316616513,-0.09992255799227971,-0.06881737657600727,6,156,146,10,162,1.0384615384615385,6,0.0007494000001315726
272,3,2,16,0.3333333333333333,0.6666666666666667,24,24,0.19663116742068806,-0.02680243922147584,0.42644878285442483,1,24,23,1,1,0.041666666666666664,1,9.069999941857532e-05
272,3,4,16,0.3333333333333333,0.6666666666666667,38,40,0.11478845732331197,0.17779291648369722,0.24163309511209397,2,44,42,2,12,0.2727272727272727,2,0.00016040000082284678
272,3,8,16,0.3333333333333333,0.6666666666666667,66,72,0.06423100984799168,0.22248735832246722,0.03509448550710918,6,92,90,2,152,1.6521739130434783,6,0.0005389999987528427
272,3,16,16,0.3333333333333333,0.6666666666666667,122,136,0.13396518832878576,0.1781300027761322,0.0354830600628678,6,156,146,10,169,1.0833333333333333,6,0.0007680999988224357
273,3,2,16,0.3333333333333333,0.6666666666666667,24,24,0.0029936500205948067,-0.10620827186603922,-0.12658551427675713,2,28,28,0,10,0.35714285714285715,2,0.00011789999916800298
273,3,4,16,0.3333333333333333,0.6666666666666667,38,40,0.048722314265875075,-0.08009429758467979,-0.2883291623563338,4,52,52,0,60,1.1538461538461537,4,0.000262999999904423
273,3,8,16,0.3333333333333333,0.6666666666666667,66,72,0.022578310469523896,-0.08795712423375611,-0.22806346651613577,5,88,87,1,109,1.2386363636363635,5,0.0004551999991235789
273,3,16,16,0.3333333333333333,0.6666666666666667,122,136,-0.14301416790464644,0.019681645858450614,-0.14959140691655246,8,164,159,5,316,1.9268292682926829,8,0.001028799999403418
274,3,2,16,0.3333333333333333,0.6666666666666667,24,24,-0.05995367534515631,0.39576421980860493,-0.01377221163159068,1,24,23,1,1,0.041666666666666664,1,0.00011509999967529438
274,3,4,16,0.3333333333333333,0.6666666666666667,38,40,0.10277910599032551,0.27174291326026623,-0.03869885909817975,2,44,42,2,12,0.2727272727272727,2,0.00016080000023066532
274,3,8,16,0.3333333333333333,0.6666666666666667,66,72,0.24475900304845746,0.17491410489390838,-0.13214842169554814,4,84,80,4,65,0.7738095238095238,4,0.00036949999957869295
274,3,16,16,0.3333333333333333,0.6666666666666667,122,136,0.0500954776377628,0.04635387078091808,-0.04465158402876367,6,156,146,10,169,1.0833333333333333,6,0.0007691999999224208
275,3,2,16,0.3333333333333333,0.6666666666666667,24,24,0.06701326601632643,-0.2459372129883195,0.11138221224753433,2,28,28,0,10,0.35714285714285715,2,0.00011860000086016953
275,3,4,16,0.3333333333333333,0.6666666666666667,38,40,0.03779295855589287,-0.07100677884299725,-0.039560110621790746,4,52,52,0,60,1.1538461538461537,4,0.00026310000066587236
275,3,8,16,0.3333333333333333,0.6666666666666667,66,72,-0.10685430242982213,0.15197205533509184,-0.14394571484984495,5,88,86,2,112,1.2727272727272727,5,0.00046800000018265564
275,3,16,16,0.3333333333333333,0.6666666666666667,122,136,0.009158962885778785,0.05635553528862101,-0.037322062733118715,7,160,152,8,243,1.51875,7,0.0008985000004031463
276,3,2,16,0.3333333333333333,0.6666666666666667,24,24,-0.16393047848769945,0.20881446236513468,0.14222553436553242,1,24,23,1,1,0.041666666666666664,1,9.090000094147399e-05
276,3,4,16,0.3333333333333333,0.6666666666666667,38,40,0.04148203300401191,-0.01212684505033409,0.10714648393299843,3,48,47,1,32,0.6666666666666666,3,0.00021320000087143853
276,3,8,16,0.3333333333333333,0.6666666666666667,66,72,-0.045048884607369215,-0.13011793172159158,0.10305349239668095,7,96,95,1,215,2.2395833333333335,7,0.0006513999996968778
276,3,16,16,0.3333333333333333,0.6666666666666667,122,136,-0.05481528698223623,-0.11755723674021279,0.09591942727855092,11,176,171,5,573,3.2556818181818183,11,0.001481800001783995
277,3,2,16,0.3333333333333333,0.6666666666666667,24,24,0.001419170673352099,-0.10871138286028169,-0.0824825831656992,2,28,28,0,10,0.35714285714285715,2,0.00011950000043725595
277,3,4,16,0.3333333333333333,0.6666666666666667,38,40,-0.04503184022247686,-0.18417880190071437,0.057928796615833715,2,44,42,2,12,0.2727272727272727,2,0.00016239999968092889
277,3,8,16,0.3333333333333333,0.6666666666666667,66,72,-0.02397411603268737,-0.07888966171320355,0.19714346502748153,2,76,70,6,16,0.21052631578947367,2,0.0002648999998200452
277,3,16,16,0.3333333333333333,0.6666666666666667,122,136,-0.026703494003938084,0.022283824331365467,0.1447263477065579,5,152,141,11,122,0.8026315789473685,5,0.0006891000011819415
278,3,2,16,0.3333333333333333,0.6666666666666667,24,24,-0.15710968268691633,0.16369879783884506,-0.029894191551833323,2,28,28,0,10,0.35714285714285715,2,0.00011900000026798807
278,3,4,16,0.3333333333333333,0.6666666666666667,38,40,-0.12230462075073378,0.1636754642139687,-0.07225474675155365,3,48,47,1,32,0.6666666666666666,3,0.00021070000002509914
278,3,8,16,0.3333333333333333,0.6666666666666667,66,72,-0.20557187743183092,0.16136477881074254,-0.08562051798112161,7,96,95,1,211,2.1979166666666665,7,0.0006567000000359258
278,3,16,16,0.3333333333333333,0.6666666666666667,122,136,-0.029560444852090334,0.060578909352121076,-0.05129458035068866,6,156,147,9,176,1.1282051282051282,6,0.0007798999995429767
279,3,2,16,0.3333333333333333,0.6666666666666667,24,24,0.0571990380958798,0.18262377368161442,0.21048882860655282,1,24,23,1,1,0.041666666666666664,1,8.999999954539817e-05
279,3,4,16,0.3333333333333333,0.6666666666666667,38,40,0.002203713883499307,0.12799992705634627,0.08640621943805057,1,40,37,3,3,0.075,1,0.00013170000056561548
279,3,8,16,0.3333333333333333,0.6666666666666667,66,72,0.14456341379333557,0.13243647867274574,0.09474167682481398,3,80,75,5,36,0.45,3,0.00031680000029155053
279,3,16,16,0.3333333333333333,0.6666666666666667,122,136,0.09892885386419796,0.14752625108195871,0.04845224513252605,4,148,137,11,83,0.5608108108108109,4,0.0006008000000292668
280,3,2,16,0.3333333333333333,0.6666666666666667,24,24,0.03439762738716751,0.3968105994130005,0.10302926924729891,1,24,23,1,1,0.041666666666666664,1,8.870000056049321e-05
280,3,4,16,0.3333333333333333,0.6666666666666667,38,40,-0.06572788532931635,0.12233139870268132,0.03576163568043709,2,44,42,2,12,0.2727272727272727,2,0.0001604999997653067
280,3,8,16,0.3333333333333333,0.6666666666666667,66,72,0.057659130719616994,0.10760977202893125,-0.044385406323866186,6,92,90,2,155,1.684782608695652,6,0.0005539000012504403
280,3,16,16,0.3333333333333333,0.6666666666666667,122,136,0.046363237975251645,0.052579803183569224,-0.021807973391796492,7,160,151,9,225,1.40625,7,0.0008696000004420057
281,3,2,16,0.3333333333333333,0.6666666666666667,24,24,0.14128342640251002,-0.06276345295503084,-0.1722430578291235,1,24,23,1,1,0.041666666666666664,1,9.11999995878432e-05
281,3,4,16,0.3333333333333333,0.6666666666666667,38,40,-0.04574959251293782,0.09032614500785366,-0.09264911964181886,3,48,47,1,31,0.6458333333333334,3,0.00020419999964360613
281,3,8,16,0.3333333333333333,0.6666666666666667,66,72,0.13088179851369813,0.017924282605117546,-0.009545368798702283,3,80,75,5,36,0.45,3,0.0003102999999100575
281,3,16,16,0.3333333333333333,0.6666666666666667,122,136,0.020655282974052155,0.05732066325194991,0.02837774763478401,6,156,146,10,179,1.1474358974358974,6,0.0007814000000507804
282,3,2,16,0.3333333333333333,0.6666666666666667,24,24,-0.395743853226193,0.3208300966893498,-0.2726549537649037,1,24,24,0,2,0.08333333333333333,1,9.28999997995561e-05
282,3,4,16,0.3333333333333333,0.6666666666666667,38,40,-0.21990215757236903,0.3132958242465745,-0.1510310843206365,3,48,48,0,36,0.75,3,0.00022089999947638717
282,3,8,16,0.3333333333333333,0.6666666666666667,66,72,-0.058792879500343564,0.18789979402332127,-0.13157844592195725,1,72,68,4,16,0.2222222222222222,3,0.0002533000006224029
282,3,16,16,0.3333333333333333,0.6666666666666667,122,136,-0.08952785696200576,0.05225844545730327,-0.1472671186273757,6,156,148,8,175,1.1217948717948718,6,0.0007722000009380281
283,3,2,16,0.3333333333333333,0.6666666666666667,24,24,0.5616970100247658,0.026692781216453458,0.2356067955244378,2,28,28,0,10,0.35714285714285715,2,0.00011719999929482583
283,3,4,16,0.3333333333333333,0.6666666666666667,38,40,0.32537897768156687,0.026479325767257266,0.3423172392671182,3,48,48,0,34,0.7083333333333334,3,0.00021470000137924217
283,3,8,16,0.3333333333333333,0.6666666666666667,66,72,0.12583845757471873,0.013387293612823956,0.26230867230745974,4,84,80,4,68,0.8095238095238095,4,0.00037369999881775584
283,3,16,16,0.3333333333333333,0.6666666666666667,122,136,0.09574737338294256,0.08566204462883374,0.14405350757648305,4,148,136,12,80,0.5405405405405406,4,0.0007004999988566851
284,3,2,16,0.3333333333333333,0.6666666666666667,24,24,0.12715762163998837,0.12193226012538154,0.10540823357494214,2,28,28,0,10,0.35714285714285715,2,0.00013760000001639128
284,3,4,16,0.3333333333333333,0.6666666666666667,38,40,0.16845283747660791,0.01026809426180324,0.031056799727749485,3,48,47,1,31,0.6458333333333334,3,0.00020600000061676838
284,3,8,16,0.3333333333333333,0.6666666666666667,66,72,0.12748732030713963,-0.009837672386132472,-0.1259795593002968,4,84,80,4,70,0.8333333333333334,4,0.0003804000007221475
284,3,16,16,0.3333333333333333,0.6666666666666667,122,136,0.04862419354953003,-0.0605547231949102,-0.018873302880509053,6,156,147,9,174,1.1153846153846154,6,0.0007734000009804731
285,3,2,16,0.3333333333333333,0.6666666666666667,24,24,0.15253938815240067,0.02475101492938925,-0.30155168220374323,1,24,23,1,1,0.041666666666666664,1,9.099999988393392e-05
285,3,4,16,0.3333333333333333,0.6666666666666667,38,40,-0.004135157968085677,0.11092304922874273,-0.10408250422756235,2,44,42,2,12,0.2727272727272727,2,0.00016010000035748817
285,3,8,16,0.3333333333333333,0.6666666666666667,66,72,-0.004092257161000182,0.09578034656973532,-0.09787420483966827,5,88,85,3,107,1.2159090909090908,5,0.0004499000006035203
285,3,16,16,0.3333333333333333,0.6666666666666667,122,136,0.04633948418076926,-0.034544273650477395,-0.08948170125861535,5,152,141,11,117,0.7697368421052632,5,0.0006686999986413866
286,3,2,16,0.3333333333333333,0.6666666666666667,24,24,-0.08946207773098924,0.2115606396919919,0.05885626664470902,2,28,28,0,10,0.35714285714285715,2,0.00011839999933727086
286,3,4,16,0.3333333333333333,0.6666666666666667,38,40,-0.047879232621720016,-0.08816973921037488,-0.17158928233028498,4,52,52,0,60,1.1538461538461537,4,0.00026249999973515514
286,3,8,16,0.3333333333333333,0.6666666666666667,66,72,-0.004930130853398235,0.029759379047553373,-0.1432980981609099,6,92,90,2,157,1.7065217391304348,6,0.0005485000001499429
286,3,16,16,0.3333333333333333,0.6666666666666667,122,136,0.004533177667235457,-0.050781677488562875,-0.026665690352269112,9,168,161,7,387,2.3035714285714284,9,0.0011740999998437474
287,3,2,16,0.3333333333333333,0.6666666666666667,24,24,0.3765296226915159,0.30929509886465995,0.2068610748100274,2,28,28,0,10,0.35714285714285715,2,0.0001205000007757917
287,3,4,16,0.3333333333333333,0.6666666666666667,38,40,0.09474201187106995,0.2702517271812689,-0.0705081949833495,4,52,52,0,60,1.1538461538461537,4,0.0002930000009655487
287,3,8,16,0.3333333333333333,0.6666666666666667,66,72,0.05029246401880639,0.2259309428861818,-0.08347790899442584,6,92,90,2,153,1.6630434782608696,6,0.0005471000004035886
287,3,16,16,0.3333333333333333,0.6666666666666667,122,136,0.10759410395472946,0.18707137099123838,-0.06163055769722016,5,152,141,11,128,0.8421052631578947,5,0.0006843000010121614
288,3,2,16,0.3333333333333333,0.6666666666666667,24,24,0.3814177048923264,-0.14055775248655364,-0.19248680235562773,2,28,28,0,10,0.35714285714285715,2,0.00011749999976018444
288,3,4,16,0.3333333333333333,0.6666666666666667,38,40,0.1393590336424317,7.82693414683768e-05,-0.14211176814115475,2,44,42,2,12,0.2727272727272727,2,0.00016070000128820539
288,3,8,16,0.3333333333333333,0.6666666666666667,66,72,0.06322659224403401,-0.08746878250739992,-0.11088355299050612,5,88,85,3,104,1.1818181818181819,5,0.00045119999958842527
288,3,16,16,0.3333333333333333,0.6666666666666667,122,136,0.11102558166236863,-0.1133696041518767,-0.12294116694907521,8,164,156,8,297,1.8109756097560976,8,0.001013299999613082
289,3,2,16,0.3333333333333333,0.6666666666666667,24,24,-0.27340294155563305,0.25983789724954437,-0.05482833233873706,2,28,28,0,10,0.35714285714285715,2,0.00012040000001434237
289,3,4,16,0.3333333333333333,0.6666666666666667,38,40,-0.21486606204061026,0.2138410236845611,0.05297341561818883,3,48,47,1,31,0.6458333333333334,3,0.00020419999964360613
289,3,8,16,0.3333333333333333,0.6666666666666667,66,72,-0.011926971199873342,0.2589431559395327,0.11397669348119373,3,80,76,4,40,0.5,3,0.00031630000012228265
289,3,16,16,0.3333333333333333,0.6666666666666667,122,136,-0.11569733275604457,0.19030719977976984,0.0428448809589944,5,152,143,9,127,0.8355263157894737,5,0.0006835000003775349
290,3,2,16,0.3333333333333333,0.6666666666666667,24,24,-0.012587507044541967,-0.09835253614274654,-0.36591499467174965,2,28,28,0,10,0.35714285714285715,2,0.00012040000001434237
290,3,4,16,0.3333333333333333,0.6666666666666667,38,40,0.04054430729937133,-0.04093894393698356,-0.4231639810720741,3,48,47,1,31,0.6458333333333334,3,0.00020339999900897965
290,3,8,16,0.3333333333333333,0.6666666666666667,66,72,0.04411226454645367,0.032173285428033944,-0.273480442618021,4,84,80,4,64,0.7619047619047619,4,0.00036840000029769726
290,3,16,16,0.3333333333333333,0.6666666666666667,122,136,0.0752016762994765,0.11562843231472646,-0.14144613962695837,8,164,156,8,305,1.8597560975609757,8,0.0010204000009252923
291,3,2,16,0.3333333333333333,0.6666666666666667,24,24,-0.2283511582425992,0.3359147832561108,0.2902850890983746,2,28,28,0,10,0.35714285714285715,2,0.00012079999942216091
291,3,4,16,0.3333333333333333,0.6666666666666667,38,40,-0.08525575706537783,0.23385296297417216,0.06778098127479396,3,48,47,1,32,0.6666666666666666,3,0.00020760000006703194
291,3,8,16,0.3333333333333333,0.6666666666666667,66,72,-0.004624941414785279,0.12229778608180464,-0.04047102753368642,5,88,85,3,107,1.2159090909090908,5,0.00045510000018111896
291,3,16,16,0.3333333333333333,0.6666666666666667,122,136,0.049278357373706005,0.039330336659976615,-0.03634079402973096,4,148,136,12,85,0.5743243243243243,4,0.0006137000000308035
292,3,2,16,0.3333333333333333,0.6666666666666667,24,24,0.08180759469517342,0.3066340155960656,-0.5859443054359348,2,28,28,0,10,0.35714285714285715,2,0.00011989999984507449
292,3,4,16,0.3333333333333333,0.6666666666666667,38,40,0.18881793158225044,0.21575218031480112,-0.48185144162288424,3,48,47,1,31,0.6458333333333334,3,0.00020630000108212698
292,3,8,16,0.3333333333333333,0.6666666666666667,66,72,0.07050468316599703,0.1611732240913752,-0.2655292858249808,7,96,95,1,214,2.2291666666666665,7,0.0006560999991052086
292,3,16,16,0.3333333333333333,0.6666666666666667,122,136,0.16521814487169736,0.126528652034799,-0.18564855503889569,11,176,171,5,570,3.2386363636363638,11,0.0014885000000504078
293,3,2,16,0.3333333333333333,0.6666666666666667,24,24,-0.20134452139038578,-0.08083616015102713,-0.11986703034232467,2,28,28,0,10,0.35714285714285715,2,0.0001202000003104331
293,3,4,16,0.3333333333333333,0.6666666666666667,38,40,-0.2365276483653248,0.0251620898262384,0.2337361556582265,4,52,52,0,60,1.1538461538461537,4,0.00026669999897421803
293,3,8,16,0.3333333333333333,0.6666666666666667,66,72,-0.20592796351015616,-0.012482934203803883,0.07145424345139227,4,84,81,3,72,0.8571428571428571,4,0.00038390000008803327
293,3,16,16,0.3333333333333333,0.6666666666666667,122,136,-0.15205194719078477,-0.0014684358474415357,-0.0038871034604793277,7,160,152,8,243,1.51875,7,0.0008958999987953575
294,3,2,16,0.3333333333333333,0.6666666666666667,24,24,-0.348177229761479,-0.14117207409641283,-0.18681800096082418,2,28,28,0,10,0.35714285714285715,2,0.00011919999997189734
294,3,4,16,0.3333333333333333,0.6666666666666667,38,40,-0.378821385686501,-0.06495631210520017,-0.16307486474495542,4,52,52,0,60,1.1538461538461537,4,0.0002637999987200601
294,3,8,16,0.3333333333333333,0.6666666666666667,66,72,-0.32569913760766245,-0.019228505995706614,-0.24070763138845394,6,92,90,2,159,1.7282608695652173,6,0.0005465999984153314
294,3,16,16,0.3333333333333333,0.6666666666666667,122,136,-0.26206838304155455,0.07612974398907024,-0.14107401507536735,7,160,151,9,223,1.39375,7,0.0009434000003238907
295,3,2,16,0.3333333333333333,0.6666666666666667,24,24,0.058140214799975685,-0.10569845775372771,0.15753359780232284,2,28,28,0,10,0.35714285714285715,2,0.0001222000009875046
295,3,4,16,0.3333333333333333,0.6666666666666667,38,40,0.11348860392198477,-0.12894779428339956,0.017229323027425504,3,48,47,1,31,0.6458333333333334,3,0.0002086000004055677
295,3,8,16,0.3333333333333333,0.6666666666666667,66,72,0.2049504272335572,-0.0012838947316290792,0.16340595948155226,4,84,80,4,68,0.8095238095238095,4,0.00037620000148308463
295,3,16,16,0.3333333333333333,0.6666666666666667,122,136,0.15248484126545805,-0.02822830402743375,0.046894024608501526,8,164,156,8,306,1.8658536585365855,8,0.001009699999485747
296,3,2,16,0.3333333333333333,0.6666666666666667,24,24,-0.06097141553080596,0.2087757203602913,-0.3599513218720173,2,28,28,0,10,0.35714285714285715,2,0.00011869999980262946
296,3,4,16,0.3333333333333333,0.6666666666666667,38,40,0.05100009231167015,0.2863098234475804,-0.23788892488174837,2,44,42,2,14,0.3181818181818182,2,0.0001640999998926418
296,3,8,16,0.3333333333333333,0.6666666666666667,66,72,-0.09219255855448928,0.15155109464121727,-0.08022319270869616,6,92,90,2,158,1.7173913043478262,6,0.0005556000014621532
296,3,16,16,0.3333333333333333,0.6666666666666667,122,136,-0.05033660305112348,0.19679166375804918,-0.04929159180875696,7,160,152,8,248,1.55,7,0.0009035999992192956
297,3,2,16,0.3333333333333333,0.6666666666666667,24,24,0.06157831740269459,-0.4953528528413723,0.07870825495725324,2,28,28,0,10,0.35714285714285715,2,0.00011749999976018444
297,3,4,16,0.3333333333333333,0.6666666666666667,38,40,0.09235232589510371,-0.2593341243660964,-0.06542272697340179,3,48,47,1,31,0.6458333333333334,3,0.00021009999909438193
297,3,8,16,0.3333333333333333,0.6666666666666667,66,72,0.03785860541052371,-0.10275108863053004,-0.10022576143830232,3,80,75,5,38,0.475,3,0.00031540000054519624
297,3,16,16,0.3333333333333333,0.6666666666666667,122,136,0.08450465836382783,-0.014603679239656107,-0.018767064047139674,4,148,136,12,78,0.527027027027027,4,0.0005916999998589745
298,3,2,16,0.3333333333333333,0.6666666666666667,24,24,-0.04549648291137279,0.07101468751159229,-0.3984577267340101,2,28,28,0,10,0.35714285714285715,2,0.00011869999980262946
298,3,4,16,0.3333333333333333,0.6666666666666667,38,40,0.11361631006793142,-0.19812856470765508,-0.2679385762812139,3,48,47,1,31,0.6458333333333334,3,0.00021659999947587494
298,3,8,16,0.3333333333333333,0.6666666666666667,66,72,0.07144156337459605,-0.15064023813094615,-0.18758627764434216,4,84,80,4,73,0.8690476190476191,4,0.00038859999949636403
298,3,16,16,0.3333333333333333,0.6666666666666667,122,136,-0.01344472097816655,-0.11266947659660798,-0.09871526872574728,9,168,161,7,386,2.2976190476190474,9,0.0011677999991661636
299,3,2,16,0.3333333333333333,0.6666666666666667,24,24,0.13646326311621018,-0.10094847251652977,0.21196233907964313,2,28,28,0,10,0.35714285714285715,2,0.00011979999908362515
299,3,4,16,0.3333333333333333,0.6666666666666667,38,40,0.0699653332648901,-0.16533149541761707,0.20316287323753732,4,52,52,0,60,1.1538461538461537,4,0.00026330000036978163
299,3,8,16,0.3333333333333333,0.6666666666666667,66,72,0.16175681854349588,-0.3163738385423538,0.10628676668810592,7,96,95,1,214,2.2291666666666665,7,0.0006470000007539056
299,3,16,16,0.3333333333333333,0.6666666666666667,122,136,0.04734015559352391,-0.14544716083818607,0.014354412082609066,5,152,145,7,177,1.1644736842105263,8,0.0007819000002200482
300,3,2,16,0.3333333333333333,0.6666666666666667,24,24,-0.23456172069164352,0.08043013103472557,-0.4343026691045348,2,28,28,0,10,0.35714285714285715,2,0.00020349999977042899
300,3,4,16,0.3333333333333333,0.6666666666666667,38,40,-0.11004542687947474,0.12965029219257448,-0.1259821093048493,4,52,52,0,60,1.1538461538461537,4,0.0004034000012325123
300,3,8,16,0.3333333333333333,0.6666666666666667,66,72,-0.04255210197817267,0.02675947259512781,-0.11095148101528474,5,88,85,3,103,1.1704545454545454,5,0.0004503999989537988
300,3,16,16,0.3333333333333333,0.6666666666666667,122,136,-0.1096636965727654,0.0025444699851457425,-0.07543751840154433,5,152,141,11,125,0.8223684210526315,5,0.0006935999990673736
301,3,2,16,0.3333333333333333,0.6666666666666667,24,24,0.1236520506389954,0.303867208129095,0.05455779891062749,1,24,23,1,1,0.041666666666666664,1,9.099999988393392e-05
301,3,4,16,0.3333333333333333,0.6666666666666667,38,40,0.06833180173757988,0.21124895703657534,-0.13445394147558476,1,40,37,3,3,0.075,1,0.00016030000006139744
301,3,8,16,0.3333333333333333,0.6666666666666667,66,72,0.028367718143701065,0.07814199977867774,0.009228460028108338,2,76,70,6,16,0.21052631578947367,2,0.00027149999914399814
301,3,16,16,0.3333333333333333,0.6666666666666667,122,136,0.0937466605662153,0.11373134633670133,-0.08650171794800673,2,140,126,14,24,0.17142857142857143,2,0.0004828000000998145
302,3,2,16,0.3333333333333333,0.6666666666666667,24,24,-0.36327297043993856,-0.06390666225711383,0.06982618248627075,2,28,28,0,10,0.35714285714285715,2,0.00011719999929482583
302,3,4,16,0.3333333333333333,0.6666666666666667,38,40,-0.15973088727300777,0.17979732408529653,0.17280132020880598,2,44,42,2,12,0.2727272727272727,2,0.00016140000116138253
302,3,8,16,0.3333333333333333,0.6666666666666667,66,72,-0.01846021435807775,0.06096119037366397,-0.03542251502858535,3,80,75,5,35,0.4375,3,0.0003130000004603062
302,3,16,16,0.3333333333333333,0.6666666666666667,122,136,-0.06857603535707893,0.0305167133237871,-0.07464624030940376,5,152,141,11,114,0.75,5,0.000668700000460376
303,3,2,16,0.3333333333333333,0.6666666666666667,24,24,0.2293025210236445,0.5703185449559918,0.182972163650651,2,28,28,0,10,0.35714285714285715,2,0.00011809999887191225
303,3,4,16,0.3333333333333333,0.6666666666666667,38,40,-0.03228403231924318,0.2892553361287022,0.29699367567875384,4,52,52,0,60,1.1538461538461537,4,0.00026369999977760017
303,3,8,16,0.3333333333333333,0.6666666666666667,66,72,-0.17405792206221582,0.26017292372630907,0.07733657730853377,5,88,85,3,112,1.2727272727272727,5,0.0004607999999279855
303,3,16,16,0.3333333333333333,0.6666666666666667,122,136,-0.1331071666839529,0.09072596000670838,0.019510666759466545,6,156,149,7,175,1.1217948717948718,6,0.0007905999991635326
304,3,2,16,0.3333333333333333,0.6666666666666667,24,24,-0.20094357632125096,-0.07367831769958766,0.012641938560505928,1,24,23,1,1,0.041666666666666664,1,9.11999995878432e-05
304,3,4,16,0.3333333333333333,0.6666666666666667,38,40,-0.038473334298445856,-0.3557860097398139,-0.144527284374455,3,48,47,1,31,0.6458333333333334,3,0.000204699999812874
304,3,8,16,0.3333333333333333,0.6666666666666667,66,72,0.07349559077988178,-0.27384383463220885,-0.1534241533576498,3,80,76,4,42,0.525,3,0.0003212000010535121
304,3,16,16,0.3333333333333333,0.6666666666666667,122,136,-0.06156695400646513,-0.10192183250438619,-0.12780552730572559,5,152,141,11,113,0.743421052631579,5,0.0006625999994867016
305,3,2,16,0.3333333333333333,0.6666666666666667,24,24,-0.0639031174285428,-0.09064081568830011,0.20772597658636127,2,28,28,0,10,0.35714285714285715,2,0.000119099999210448
305,3,4,16,0.3333333333333333,0.6666666666666667,38,40,-0.1877085541077582,-0.11461306450195646,0.2084671158851246,3,48,47,1,31,0.6458333333333334,3,0.00020450000010896474
305,3,8,16,0.3333333333333333,0.6666666666666667,66,72,-0.08085517210949703,0.05750484130283907,0.10307671421758303,7,96,95,1,211,2.1979166666666665,7,0.0006475999998656334
305,3,16,16,0.3333333333333333,0.6666666666666667,122,136,-0.00871195851427342,0.06266095678426613,-0.06664724479306128,9,168,162,6,382,2.2738095238095237,9,0.0011570999995456077
306,3,2,16,0.3333333333333333,0.6666666666666667,24,24,-0.2658597016404355,0.14181087724504401,0.12001229811974506,2,28,28,0,10,0.35714285714285715,2,0.00011869999980262946
306,3,4,16,0.3333333333333333,0.6666666666666667,38,40,-0.1845348417183773,0.18573590272098056,0.09750496877662068,2,44,42,2,12,0.2727272727272727,2,0.00016569999934290536
306,3,8,16,0.3333333333333333,0.6666666666666667,66,72,-0.12788508293099946,0.02898229634477875,-0.04452970242521831,5,88,85,3,107,1.2159090909090908,5,0.00046350000047823414
306,3,16,16,0.3333333333333333,0.6666666666666667,122,136,-0.005022177751954225,0.03863581147480519,-0.01420945248180391,5,152,141,11,121,0.7960526315789473,5,0.0006796000016038306
307,3,2,16,0.3333333333333333,0.6666666666666667,24,24,0.35602590487583097,-0.0251263056767438,-0.23748613140081948,1,24,23,1,1,0.041666666666666664,1,9.00999984878581e-05
307,3,4,16,0.3333333333333333,0.6666666666666667,38,40,0.3174141087431586,0.05015990306578136,-0.3071555603886519,3,48,47,1,31,0.6458333333333334,3,0.00020620000032067765
307,3,8,16,0.3333333333333333,0.6666666666666667,66,72,0.25096889378787324,-0.031022474957823672,-0.24107901523233302,6,92,90,2,156,1.6956521739130435,6,0.0005473999990499578
307,3,16,16,0.3333333333333333,0.6666666666666667,122,136,0.19592149008845125,0.027178861352170985,-0.16871091623866058,11,176,171,5,577,3.278409090909091,11,0.0014959999989514472
308,3,2,16,0.3333333333333333,0.6666666666666667,24,24,0.19643494442095297,0.05368549443171062,0.016898963296743747,1,24,23,1,1,0.041666666666666664,1,0.00011659999836410861
308,3,4,16,0.3333333333333333,0.6666666666666667,38,40,0.06756492288732101,-0.19399410318642932,-0.08988689617375943,3,48,47,1,32,0.6666666666666666,3,0.00021709999964514282
308,3,8,16,0.3333333333333333,0.6666666666666667,66,72,0.10942339560223471,-0.12675121942243803,0.017395113377678385,3,80,76,4,38,0.475,3,0.0003328000002511544
308,3,16,16,0.3333333333333333,0.6666666666666667,122,136,0.08705792883820015,-0.04581038565687767,0.04183695034413287,6,156,147,9,166,1.064102564102564,6,0.000775200000134646
309,3,2,16,0.3333333333333333,0.6666666666666667,24,24,-0.020792349890128015,-0.003985001834284324,-0.3534233738730723,2,28,28,0,10,0.35714285714285715,2,0.00012079999942216091
309,3,4,16,0.3333333333333333,0.6666666666666667,38,40,0.021290519527514443,0.029342667173823764,-0.17395479298558558,4,52,52,0,60,1.1538461538461537,4,0.00026310000066587236
309,3,8,16,0.3333333333333333,0.6666666666666667,66,72,0.032863903719286734,-0.07463840683998213,-0.05907489938070284,4,84,80,4,67,0.7976190476190477,4,0.000383700000384124
309,3,16,16,0.3333333333333333,0.6666666666666667,122,136,-0.042167647748510874,-0.08475551607532124,-0.016485050241979646,8,164,158,6,317,1.9329268292682926,8,0.0010291999988112366
310,3,2,16,0.3333333333333333,0.6666666666666667,24,24,0.22301803311412874,0.0509369457365704,0.2494628025876792,2,28,28,0,10,0.35714285714285715,2,0.00011979999908362515
310,3,4,16,0.3333333333333333,0.6666666666666667,38,40,0.28571956735243814,0.0936515916613246,0.309451240910489,3,48,47,1,31,0.6458333333333334,3,0.00020460000087041408
310,3,8,16,0.3333333333333333,0.6666666666666667,66,72,0.11074588283658593,0.06461845145385642,0.11803012185404044,5,88,85,3,108,1.2272727272727273,5,0.0004490999999688938
310,3,16,16,0.3333333333333333,0.6666666666666667,122,136,0.08923560532449196,0.04833062245473193,0.021356305357757135,8,164,156,8,297,1.8109756097560976,8,0.001001100001303712
311,3,2,16,0.3333333333333333,0.6666666666666667,24,24,0.04661618167230214,-0.14065958076289845,-0.18537037884376278,2,28,28,0,10,0.35714285714285715,2,0.00012120000064896885
311,3,4,16,0.3333333333333333,0.6666666666666667,38,40,0.19267152015410696,-0.22787952974877437,-0.16297596706072914,4,52,52,0,60,1.1538461538461537,4,0.0002657999993971316
311,3,8,16,0.3333333333333333,0.6666666666666667,66,72,0.21755421803175964,0.02283854286046715,0.018778256448074376,4,84,80,4,70,0.8333333333333334,4,0.00038240000139921904
311,3,16,16,0.3333333333333333,0.6666666666666667,122,136,0.17314677902279849,0.026205945585278955,-0.0027227289732654884,8,164,156,8,301,1.8353658536585367,8,0.0010133000014320714
312,3,2,16,0.3333333333333333,0.6666666666666667,24,24,-0.15131190738425354,0.07785000713946869,0.14057381177496084,1,24,23,1,1,0.041666666666666664,1,9.130000034929253e-05
312,3,4,16,0.3333333333333333,0.6666666666666667,38,40,-0.21993466057393418,0.19803224623672566,-0.042637834211132944,1,40,38,2,4,0.1,1,0.00013559999933931977
312,3,8,16,0.3333333333333333,0.6666666666666667,66,72,-0.052547642437169785,0.10925161773523301,-0.026413352812359868,3,80,75,5,40,0.5,3,0.000320099999953527
312,3,16,16,0.3333333333333333,0.6666666666666667,122,136,-0.01819263285738124,0.14544674075300246,0.007254319200555004,4,148,136,12,92,0.6216216216216216,4,0.000626300001385971
313,3,2,16,0.3333333333333333,0.6666666666666667,24,24,-0.03896557658239112,0.06599047455360484,-0.17994385914745914,1,24,23,1,1,0.041666666666666664,1,8.990000060293823e-05
313,3,4,16,0.3333333333333333,0.6666666666666667,38,40,0.008038936601130756,0.08865599797511649,-0.06582080726669086,3,48,47,1,32,0.6666666666666666,3,0.00021039999955974054
313,3,8,16,0.3333333333333333,0.6666666666666667,66,72,0.013725039952688436,0.05469084001856018,0.01518176494804675,3,80,75,5,36,0.45,3,0.00030900000092515256
313,3,16,16,0.3333333333333333,0.6666666666666667,122,136,-0.025847967059963128,0.022152748679290367,0.06925202353580998,6,156,146,10,171,1.0961538461538463,6,0.0007716000000073109
314,3,2,16,0.3333333333333333,0.6666666666666667,24,24,-0.12909372305972866,0.17016567793335438,0.2596595176835762,2,28,28,0,10,0.35714285714285715,2,0.00011799999992945231
314,3,4,16,0.3333333333333333,0.6666666666666667,38,40,-0.059660258759108124,0.08364492002713148,0.3669327375052552,2,44,43,1,14,0.3181818181818182,2,0.00016649999997753184
314,3,8,16,0.3333333333333333,0.6666666666666667,66,72,0.00565534283122166,0.025797698422570726,0.1840698451705848,3,80,75,5,38,0.475,3,0.00031659999876865186
314,3,16,16,0.3333333333333333,0.6666666666666667,122,136,0.021130514062387758,0.04101225466975633,0.09325609813229406,6,156,146,10,166,1.064102564102564,6,0.00076699999954144
315,3,2,16,0.3333333333333333,0.6666666666666667,24,24,-0.0008888480114798532,-0.12489513159591122,0.04836637663598487,2,28,28,0,10,0.35714285714285715,2,0.00011959999937971588
315,3,4,16,0.3333333333333333,0.6666666666666667,38,40,-0.1407301871397117,0.014490240581971273,0.14692982807030303,2,44,42,2,12,0.2727272727272727,2,0.00016080000023066532
315,3,8,16,0.3333333333333333,0.6666666666666667,66,72,-0.0773346599578759,0.09495551303544604,0.04727664792802559,6,92,90,2,152,1.6521739130434783,6,0.0005376999997679377
315,3,16,16,0.3333333333333333,0.6666666666666667,122,136,-0.05479525812422551,0.03282430444212269,0.006949877407284896,9,168,161,7,380,2.261904761904762,9,0.0011522000004333677
316,3,2,16,0.3333333333333333,0.6666666666666667,24,24,-0.161200267531644,-0.28199226180192355,0.029199460913039103,2,28,28,0,10,0.35714285714285715,2,0.000119099999210448
316,3,4,16,0.3333333333333333,0.6666666666666667,38,40,-0.2038583416229885,-0.13736086917226703,0.16764143938746756,3,48,47,1,31,0.6458333333333334,3,0.00020940000104019418
316,3,8,16,0.3333333333333333,0.6666666666666667,66,72,-0.01845896739716162,-0.1014954181176788,0.10368583134293986,4,84,80,4,67,0.7976190476190477,4,0.00038160000076459255
316,3,16,16,0.3333333333333333,0.6666666666666667,122,136,0.03510063225848038,-0.11887583156109743,0.12014255569786013,2,140,127,13,27,0.19285714285714287,2,0.00047869999980321154
317,3,2,16,0.3333333333333333,0.6666666666666667,24,24,0.1842230207748168,-0.1123214300741723,-0.11290348919624953,2,28,28,0,10,0.35714285714285715,2,0.00011690000064845663
317,3,4,16,0.3333333333333333,0.6666666666666667,38,40,0.024553198910562297,-0.0025880413835178257,-0.2777561898922804,3,48,47,1,31,0.6458333333333334,3,0.00020530000074359123
317,3,8,16,0.3333333333333333,0.6666666666666667,66,72,0.010722881768588531,0.03050404849845043,-0.1684103020165904,4,84,80,4,66,0.7857142857142857,4,0.00037989999873389024
317,3,16,16,0.3333333333333333,0.6666666666666667,122,136,-0.07047466446748997,0.08714866175050318,-0.08617208975435577,6,156,147,9,178,1.141025641025641,6,0.0007784999997966224
318,3,2,16,0.3333333333333333,0.6666666666666667,24,24,0.284548537584712,0.40481601361972513,0.012878570482205203,1,24,23,1,1,0.041666666666666664,1,0.00012430000060703605
318,3,4,16,0.3333333333333333,0.6666666666666667,38,40,0.1935176152851141,0.3788384302690904,0.08153974039508077,1,40,37,3,3,0.075,1,0.00015170000006037299
318,3,8,16,0.3333333333333333,0.6666666666666667,66,72,0.15574055480078247,0.22710953602729325,0.09213518438162524,4,84,80,4,75,0.8928571428571429,4,0.00038999999924271833
318,3,16,16,0.3333333333333333,0.6666666666666667,122,136,0.06535245930336415,0.07553352806873365,-0.016104720707920895,8,164,157,7,311,1.896341463414634,8,0.0010427999986859504
319,3,2,16,0.3333333333333333,0.6666666666666667,24,24,-0.15459147825879568,0.023014534974494783,0.19330302763982615,2,28,28,0,10,0.35714285714285715,2,0.00012649999916902743
319,3,4,16,0.3333333333333333,0.6666666666666667,38,40,-0.05608981515651163,0.07890167661355987,-0.04246387938475751,3,48,48,0,32,0.6666666666666666,3,0.00020709999989776406
319,3,8,16,0.3333333333333333,0.6666666666666667,66,72,-0.022665264101441027,0.010211239713867736,0.1110161157431491,4,84,80,4,64,0.7619047619047619,4,0.00037479999991774093
319,3,16,16,0.3333333333333333,0.6666666666666667,122,136,-0.03335266023544082,-0.049050330734565724,0.1625713564922749,4,148,136,12,79,0.5337837837837838,4,0.0005935999997745967
320,3,2,16,0.3333333333333333,0.6666666666666667,24,24,0.14428384614861037,0.14696218065951758,0.2093212375660346,2,28,28,0,10,0.35714285714285715,2,0.00012730000162264332
320,3,4,16,0.3333333333333333,0.6666666666666667,38,40,0.18488902699985776,0.0014377518872892093,0.09929014341321797,2,44,42,2,12,0.2727272727272727,2,0.0001612999985809438
320,3,8,16,0.3333333333333333,0.6666666666666667,66,72,-0.027159724280312512,0.1581510637454221,-0.013239370700787614,4,84,80,4,64,0.7619047619047619,4,0.00037659999907191377
320,3,16,16,0.3333333333333333,0.6666666666666667,122,136,0.06761121634131295,0.14034191575793498,-0.013053393618013191,6,156,146,10,162,1.0384615384615385,6,0.0007712999995419523
321,3,2,16,0.3333333333333333,0.6666666666666667,24,24,-0.08313528340397633,-0.03990653368703477,-0.011541744543875467,2,28,28,0,10,0.35714285714285715,2,0.00012520000018412247
321,3,4,16,0.3333333333333333,0.6666666666666667,38,40,-0.030220277981406113,-0.05456680896410047,0.054046816176012494,4,52,52,0,60,1.1538461538461537,4,0.0002722000008361647
321,3,8,16,0.3333333333333333,0.6666666666666667,66,72,0.03817573488856173,0.042110591105036795,-0.03521513981065255,5,88,86,2,107,1.2159090909090908,5,0.0004622000014933292
321,3,16,16,0.3333333333333333,0.6666666666666667,122,136,0.03893054560164896,0.003105500967468425,0.009030163916230965,9,168,163,5,388,2.3095238095238093,9,0.001185700000860379
322,3,2,16,0.3333333333333333,0.6666666666666667,24,24,0.13854626959561261,0.12534211380925459,0.18145409649833727,2,28,28,0,10,0.35714285714285715,2,0.000119099999210448
322,3,4,16,0.3333333333333333,0.6666666666666667,38,40,-0.18945632869859869,0.12515634061421427,0.05046138066549195,4,52,52,0,60,1.1538461538461537,4,0.00026249999973515514
322,3,8,16,0.3333333333333333,0.6666666666666667,66,72,-0.18618094037884092,0.17043469646101195,-0.15493474093052786,2,76,70,6,17,0.2236842105263158,2,0.00027299999965180177
322,3,16,16,0.3333333333333333,0.6666666666666667,122,136,-0.1252456143863633,0.11292716449192293,-0.06421109956046214,3,144,131,13,45,0.3125,3,0.0005240000009507639
323,3,2,16,0.3333333333333333,0.6666666666666667,24,24,-0.13783798257595364,0.006915001698753674,0.20966445862918764,2,28,28,0,10,0.35714285714285715,2,0.00011900000026798807
323,3,4,16,0.3333333333333333,0.6666666666666667,38,40,-0.15046759276428545,0.13593831174557564,-0.08910040464979398,2,44,43,1,13,0.29545454545454547,2,0.0001646999990043696
323,3,8,16,0.3333333333333333,0.6666666666666667,66,72,-0.1305082193840484,0.10550940444438857,-0.03849117718740794,4,84,82,2,72,0.8571428571428571,4,0.0003847999996651197
323,3,16,16,0.3333333333333333,0.6666666666666667,122,136,0.056043779367139765,0.04494008438342654,-0.13787928511692674,6,156,147,9,174,1.1153846153846154,6,0.0008323000001837499
324,3,2,16,0.3333333333333333,0.6666666666666667,24,24,-0.13660812198273012,-0.20772629950824525,0.026240327064146696,2,28,28,0,10,0.35714285714285715,2,0.0001320000010309741
324,3,4,16,0.3333333333333333,0.6666666666666667,38,40,-0.13471458233836475,-0.24341760993881448,0.04416413810392919,2,44,42,2,12,0.2727272727272727,2,0.00016670000150043052
324,3,8,16,0.3333333333333333,0.6666666666666667,66,72,-0.12720935806972886,-0.15345684369789261,0.14522214887906565,5,88,86,2,104,1.1818181818181819,5,0.00045139999929233454
324,3,16,16,0.3333333333333333,0.6666666666666667,122,136,-0.09655730502945334,-0.0644553741828372,0.06511272645019976,9,168,164,4,387,2.3035714285714284,9,0.0011749999994208338
325,3,2,16,0.3333333333333333,0.6666666666666667,24,24,-0.20314345740426176,-0.04229525863448108,-0.021026817379355727,1,24,23,1,1,0.041666666666666664,1,9.240000144927762e-05
325,3,4,16,0.3333333333333333,0.6666666666666667,38,40,-0.17717398018941374,0.06338893193701012,-0.22951832864516356,3,48,47,1,31,0.6458333333333334,3,0.00020629999926313758
325,3,8,16,0.3333333333333333,0.6666666666666667,66,72,-0.19561652021378603,0.013339153529875036,-0.12525628297454167,5,88,85,3,107,1.2159090909090908,5,0.00045510000018111896
325,3,16,16,0.3333333333333333,0.6666666666666667,122,136,-0.015484772206076174,0.0399280831925503,-0.14395571930087814,9,168,161,7,380,2.261904761904762,9,0.0011561000010260614
326,3,2,16,0.3333333333333333,0.6666666666666667,24,24,-0.02632884205083658,-0.12201856604838159,0.10972612335154425,2,28,28,0,10,0.35714285714285715,2,0.00011900000026798807
326,3,4,16,0.3333333333333333,0.6666666666666667,38,40,-0.1066489356032133,-0.05696508717125071,0.009944599585915362,4,52,52,0,60,1.1538461538461537,4,0.0002628999991429737
326,3,8,16,0.3333333333333333,0.6666666666666667,66,72,-0.25847132552372837,-0.11682242273113748,0.057442759754646834,5,88,86,2,112,1.2727272727272727,5,0.000468100000944105
326,3,16,16,0.3333333333333333,0.6666666666666667,122,136,-0.13209969272532696,-0.07828931877044377,0.08336282214956452,6,156,147,9,189,1.2115384615384615,6,0.0008385000000998843
327,3,2,16,0.3333333333333333,0.6666666666666667,24,24,-0.08964358562905314,-0.3483727203572275,-0.2967153139014201,2,28,28,0,10,0.35714285714285715,2,0.00011890000132552814
327,3,4,16,0.3333333333333333,0.6666666666666667,38,40,-0.1501629215902045,-0.22932554413406422,-0.14237091203780214,3,48,47,1,32,0.6666666666666666,3,0.00020949999998265412
327,3,8,16,0.3333333333333333,0.6666666666666667,66,72,-0.30743982498339695,-0.19553276491162094,-0.04056785654280241,6,92,90,2,157,1.7065217391304348,6,0.0005524999996850966
327,3,16,16,0.3333333333333333,0.6666666666666667,122,136,-0.25317273220379016,-0.15372079803293062,-0.03263730572368588,11,176,171,5,570,3.2386363636363638,11,0.0014796000014030142
328,3,2,16,0.3333333333333333,0.6666666666666667,24,24,-0.044957537625879646,0.03444083746409732,0.16833326954614605,2,28,28,0,10,0.35714285714285715,2,0.00011930000073334668
328,3,4,16,0.3333333333333333,0.6666666666666667,38,40,0.0340649647945816,0.2490330308290315,0.1614192101611081,3,48,47,1,31,0.6458333333333334,3,0.0002096999996865634
328,3,8,16,0.3333333333333333,0.6666666666666667,66,72,-0.03444362861669685,-0.002320723262508193,0.057465339236040365,6,92,90,2,154,1.673913043478261,6,0.0005418000000645407
328,3,16,16,0.3333333333333333,0.6666666666666667,122,136,-0.002404945517200851,0.06544206835172273,0.07023137492166408,4,148,140,8,116,0.7837837837837838,5,0.0007108999998308718
329,3,2,16,0.3333333333333333,0.6666666666666667,24,24,0.3850588432022583,0.15370743865411593,0.162004995954453,1,24,23,1,1,0.041666666666666664,1,9.28999997995561e-05
329,3,4,16,0.3333333333333333,0.6666666666666667,38,40,0.14883584770662692,0.059500095916635416,0.299165783669709,2,44,42,2,14,0.3181818181818182,2,0.0001666999996814411
329,3,8,16,0.3333333333333333,0.6666666666666667,66,72,0.07055483662258982,0.1421410265212363,0.28612697887143174,3,80,75,5,41,0.5125,3,0.0003245999996579485
329,3,16,16,0.3333333333333333,0.6666666666666667,122,136,0.2320851633033455,0.07006182141120629,0.1423585319446341,6,156,146,10,174,1.1153846153846154,6,0.0007920999996713363
330,3,2,16,0.3333333333333333,0.6666666666666667,24,24,-0.4250886119752103,0.003908622544032751,0.196665967071641,2,28,28,0,10,0.35714285714285715,2,0.00012340000102994964
330,3,4,16,0.3333333333333333,0.6666666666666667,38,40,-0.22286715857217365,-0.12812970421788206,0.2299025805030844,3,48,47,1,31,0.6458333333333334,3,0.0002089000008709263
330,3,8,16,0.3333333333333333,0.6666666666666667,66,72,-0.09749908795893526,-0.2470859567580381,0.10143286759369302,5,88,85,3,107,1.2159090909090908,5,0.00046470000052067917
330,3,16,16,0.3333333333333333,0.6666666666666667,122,136,-0.09021262951514807,-0.10139130197438397,0.07254915549539263,4,148,136,12,72,0.4864864864864865,4,0.0005879000000277301
331,3,2,16,0.3333333333333333,0.6666666666666667,24,24,-0.4014664010612002,0.22320639239074433,-0.16945233926482856,1,24,23,1,1,0.041666666666666664,1,9.080000018002465e-05
331,3,4,16,0.3333333333333333,0.6666666666666667,38,40,-0.2935753747818122,0.036632649194729576,-0.1950942015561624,2,44,42,2,12,0.2727272727272727,2,0.00015969999913068023
331,3,8,16,0.3333333333333333,0.6666666666666667,66,72,-0.06028369754177537,0.12108373035421843,-0.20497647907084954,4,84,80,4,64,0.7619047619047619,4,0.00036949999957869295
331,3,16,16,0.3333333333333333,0.6666666666666667,122,136,-0.05829622570397339,0.10373345731547778,-0.09949628188247778,5,152,141,11,113,0.743421052631579,5,0.0006710999987262767
332,3,2,16,0.3333333333333333,0.6666666666666667,24,24,0.002064602713684052,-0.04276615288887843,-0.23054191296277096,2,28,28,0,10,0.35714285714285715,2,0.0001218999987031566
332,3,4,16,0.3333333333333333,0.6666666666666667,38,40,0.14094491511258972,0.011555189022296146,-0.06797279399839817,3,48,47,1,31,0.6458333333333334,3,0.00021150000065972563
332,3,8,16,0.3333333333333333,0.6666666666666667,66,72,0.10356938994194025,0.02910480134241516,-0.16383024183041608,3,80,75,5,38,0.475,3,0.0003341999999975087
332,3,16,16,0.3333333333333333,0.6666666666666667,122,136,0.00921449312372761,-0.08115155441776228,-0.09213885901587855,6,156,146,10,168,1.0769230769230769,6,0.0007736000006843824
333,3,2,16,0.3333333333333333,0.6666666666666667,24,24,-0.3217192007616078,-0.08857264708613517,0.10647385359761845,2,28,28,0,10,0.35714285714285715,2,0.00011889999950653873
333,3,4,16,0.3333333333333333,0.6666666666666667,38,40,-0.20311801156835235,-0.19919613349038146,0.3251152044856494,3,48,47,1,32,0.6666666666666666,3,0.0002080000012938399
333,3,8,16,0.3333333333333333,0.6666666666666667,66,72,-0.08729930246157645,-0.049971081656750765,0.17011282461247584,5,88,85,3,103,1.1704545454545454,5,0.0004549999994196696
333,3,16,16,0.3333333333333333,0.6666666666666667,122,136,-0.06366028267289907,-0.013967578444601652,0.13386853972418078,8,164,156,8,293,1.7865853658536586,8,0.0009884999999485444
334,3,2,16,0.3333333333333333,0.6666666666666667,24,24,0.10817825077637193,-0.473759582228165,0.26628082041256634,2,28,28,0,10,0.35714285714285715,2,0.00011980000090261456
334,3,4,16,0.3333333333333333,0.6666666666666667,38,40,-0.054780401838966784,-0.4665935951927771,0.2506495547619004,3,48,47,1,31,0.6458333333333334,3,0.0002077999997709412
334,3,8,16,0.3333333333333333,0.6666666666666667,66,72,-0.025667328148916438,-0.2838542844411328,0.1138984235116455,5,88,85,3,104,1.1818181818181819,5,0.0004554999995889375
334,3,16,16,0.3333333333333333,0.6666666666666667,122,136,0.043936651377500524,-0.1863666364357261,-0.05295037751974024,6,156,147,9,165,1.0576923076923077,6,0.0007595000006404007
335,3,2,16,0.3333333333333333,0.6666666666666667,24,24,-0.024486606198933468,0.2914313880376999,0.08457047964316969,2,28,28,0,10,0.35714285714285715,2,0.00011869999980262946
335,3,4,16,0.3333333333333333,0.6666666666666667,38,40,-0.04609677190570034,0.07207279509419127,0.0886022493307066,4,52,52,0,60,1.1538461538461537,4,0.0002662999995663995
335,3,8,16,0.3333333333333333,0.6666666666666667,66,72,0.05720886738179736,0.07984548349072572,0.045012883355139734,5,88,85,3,104,1.1818181818181819,5,0.00045080000018060673
335,3,16,16,0.3333333333333333,0.6666666666666667,122,136,-0.0458735906911745,0.07398288340366571,0.04908913931469671,8,164,156,8,292,1.7804878048780488,8,0.0009968999984266702
336,3,2,16,0.3333333333333333,0.6666666666666667,24,24,-0.12339748920403182,0.02761691107309634,-0.2449634044877771,2,28,28,0,10,0.35714285714285715,2,0.00012099999912607018
336,3,4,16,0.3333333333333333,0.6666666666666667,38,40,-0.1869550201090867,0.027788737282588724,-0.22177842380311466,3,48,47,1,31,0.6458333333333334,3,0.00020499999845924322
336,3,8,16,0.3333333333333333,0.6666666666666667,66,72,-0.17343421041586773,-0.02529260111548392,-0.1708911934685123,5,88,85,3,108,1.2272727272727273,5,0.00045110000064596534
336,3,16,16,0.3333333333333333,0.6666666666666667,122,136,-0.06198559395245195,-0.018659016285348246,-0.06859668567658386,5,152,141,11,119,0.7828947368421053,5,0.0006763999990653247
337,3,2,16,0.3333333333333333,0.6666666666666667,24,24,-0.03678392359431492,-0.09285862258063245,-0.17584944631007265,2,28,28,0,10,0.35714285714285715,2,0.00011950000043725595
337,3,4,16,0.3333333333333333,0.6666666666666667,38,40,-0.011424031630556709,-0.3072390175342576,-0.1058127544051544,3,48,47,1,31,0.6458333333333334,3,0.00020739999854413327
337,3,8,16,0.3333333333333333,0.6666666666666667,66,72,-0.06562382979740841,-0.15815735722217764,-0.014073455159376658,4,84,80,4,67,0.7976190476190477,4,0.00038080000012996607
337,3,16,16,0.3333333333333333,0.6666666666666667,122,136,-0.09386564319609167,-0.0718728794479605,0.06378548073935077,6,156,146,10,176,1.1282051282051282,6,0.0007897999985289061
338,3,2,16,0.3333333333333333,0.6666666666666667,24,24,0.1695511552288474,0.12651554544209,-0.31799209537479567,2,28,28,0,10,0.35714285714285715,2,0.00011780000022554304
338,3,4,16,0.3333333333333333,0.6666666666666667,38,40,0.19765777462194792,0.0997055337500851,-0.18178027973461464,3,48,47,1,33,0.6875,3,0.000207500001124572
338,3,8,16,0.3333333333333333,0.6666666666666667,66,72,0.25353522646312315,-0.03938656716087138,-0.16391044242978933,5,88,85,3,107,1.2159090909090908,5,0.0004571999998006504
338,3,16,16,0.3333333333333333,0.6666666666666667,122,136,0.16837395662276286,-0.061709664329585946,-0.1535840738935277,7,160,151,9,221,1.38125,7,0.001092399999834015
339,3,2,16,0.3333333333333333,0.6666666666666667,24,24,-0.16441240360957135,0.1530315892051313,0.2563922954707218,2,28,28,0,10,0.35714285714285715,2,0.00012869999955000822
339,3,4,16,0.3333333333333333,0.6666666666666667,38,40,-0.04122483606299518,0.25446133272739374,0.1643288616558523,4,52,52,0,60,1.1538461538461537,4,0.0002660999998624902
339,3,8,16,0.3333333333333333,0.6666666666666667,66,72,-0.04558262719233245,0.16355602593345256,0.04811009932925095,6,92,90,2,152,1.6521739130434783,6,0.0005449999989650678
339,3,16,16,0.3333333333333333,0.6666666666666667,122,136,-0.17444671973379938,0.12445622022886671,0.09554229331026168,7,160,151,9,232,1.45,7,0.0008964999997260747
340,3,2,16,0.3333333333333333,0.6666666666666667,24,24,0.050779361670060634,0.06446763555266391,0.22946367532706155,1,24,23,1,1,0.041666666666666664,1,9.100000170292333e-05
340,3,4,16,0.3333333333333333,0.6666666666666667,38,40,-0.024545981418925146,-0.07112644538923917,0.17110651068655963,2,44,42,2,12,0.2727272727272727,2,0.0001609999999345746
340,3,8,16,0.3333333333333333,0.6666666666666667,66,72,0.053901123154746045,-0.06375594585936967,0.10801327991288495,4,84,80,4,66,0.7857142857142857,4,0.00037290000000211876
340,3,16,16,0.3333333333333333,0.6666666666666667,122,136,-0.028854786001793045,0.10759502775962818,0.0035030231412370148,7,160,151,9,227,1.41875,7,0.0008756999995966908
341,3,2,16,0.3333333333333333,0.6666666666666667,24,24,0.3190383245031449,-0.352936004291951,-0.2535178744822785,2,28,28,0,10,0.35714285714285715,2,0.00011939999967580661
341,3,4,16,0.3333333333333333,0.6666666666666667,38,40,0.15267547612096946,-0.13329824568366377,-0.15377995865937708,4,52,52,0,60,1.1538461538461537,4,0.000262999999904423
341,3,8,16,0.3333333333333333,0.6666666666666667,66,72,0.1277685983173121,-0.09863058044893543,-0.12597351420887104,6,92,91,1,159,1.7282608695652173,6,0.0005559000001085224
341,3,16,16,0.3333333333333333,0.6666666666666667,122,136,0.1597758664422373,-0.16650610028773652,-0.02173905357189401,2,140,126,14,24,0.17142857142857143,2,0.0004761000000144122
342,3,2,16,0.3333333333333333,0.6666666666666667,24,24,0.05145302511184919,-0.21904489815578237,0.14003830921748264,2,28,28,0,10,0.35714285714285715,2,0.00011789999916800298
342,3,4,16,0.3333333333333333,0.6666666666666667,38,40,-0.038271136959499,-0.22380479872587275,-0.009182982502176069,4,52,52,0,60,1.1538461538461537,4,0.00026309999884688295
342,3,8,16,0.3333333333333333,0.6666666666666667,66,72,0.02620807628900537,-0.11901065759046128,-0.03028163769442305,2,76,72,4,28,0.3684210526315789,3,0.0002992000008816831
342,3,16,16,0.3333333333333333,0.6666666666666667,122,136,-0.08065513043182633,-0.061745832647447436,-0.06848210674003671,4,148,137,11,88,0.5945945945945946,4,0.000611600000411272
343,3,2,16,0.3333333333333333,0.6666666666666667,24,24,0.15983677441654362,0.15722037912813155,0.28420507193902866,2,28,28,0,10,0.35714285714285715,2,0.00011810000069090165
343,3,4,16,0.3333333333333333,0.6666666666666667,38,40,0.07790186237027803,0.004728091689585462,0.031605795143339374,3,48,47,1,31,0.6458333333333334,3,0.00020369999947433826
343,3,8,16,0.3333333333333333,0.6666666666666667,66,72,0.0457154761751433,-0.09266688494296153,-0.06027178676497944,3,80,76,4,40,0.5,3,0.00032660000033502
343,3,16,16,0.3333333333333333,0.6666666666666667,122,136,-0.06851311291739587,-0.07237436208197985,0.04895258291441111,8,164,157,7,306,1.8658536585365855,8,0.0010125999997399049
344,3,2,16,0.3333333333333333,0.6666666666666667,24,24,0.3356746545054235,0.4636955630651586,0.07870540398436851,2,28,28,0,10,0.35714285714285715,2,0.00011940000149479602
344,3,4,16,0.3333333333333333,0.6666666666666667,38,40,0.1402343637973645,0.35566399792027964,0.02392076490215962,3,48,47,1,31,0.6458333333333334,3,0.00020570000015140977
344,3,8,16,0.3333333333333333,0.6666666666666667,66,72,0.05588257105933133,0.206983300973667,0.03989015734739262,6,92,90,2,153,1.6630434782608696,6,0.0005412999998952728
344,3,16,16,0.3333333333333333,0.6666666666666667,122,136,0.03455657459531394,0.18913934862232867,-0.005754802972130675,4,148,136,12,84,0.5675675675675675,4,0.0006033999998180661
345,3,2,16,0.3333333333333333,0.6666666666666667,24,24,0.32590211673006103,-0.03065231296767245,0.06870652395797998,1,24,23,1,1,0.041666666666666664,1,8.940000043367036e-05
345,3,4,16,0.3333333333333333,0.6666666666666667,38,40,0.12079320872073121,-0.16421774101864298,0.19566091937072555,3,48,47,1,32,0.6666666666666666,3,0.00021230000129435211
345,3,8,16,0.3333333333333333,0.6666666666666667,66,72,0.29626461543826565,-0.11868402684595164,0.25080259976073693,1,72,65,7,7,0.09722222222222222,1,0.00023599999985890463
345,3,16,16,0.3333333333333333,0.6666666666666667,122,136,0.1700885039132449,-0.03401089461336656,0.17616470039861323,3,144,131,13,49,0.3402777777777778,3,0.0005311999993864447
346,3,2,16,0.3333333333333333,0.6666666666666667,24,24,-0.0777176255868907,-0.15956623020059604,0.2614495646594386,2,28,28,0,10,0.35714285714285715,2,0.00013899999976274557
346,3,4,16,0.3333333333333333,0.6666666666666667,38,40,-0.23744837166124774,-0.13140438231079737,0.15673315063734414,3,48,47,1,31,0.6458333333333334,3,0.00021980000019539148
346,3,8,16,0.3333333333333333,0.6666666666666667,66,72,-0.19619537785564609,-0.13902129860440668,0.07920190969394575,5,88,85,3,103,1.1704545454545454,5,0.0004498999987845309
346,3,16,16,0.3333333333333333,0.6666666666666667,122,136,-0.14576573132892498,-0.13581063518857545,0.002479579312181792,6,156,148,8,176,1.1282051282051282,6,0.0007873999984440161
347,3,2,16,0.3333333333333333,0.6666666666666667,24,24,-0.10491278418993366,-0.06010232130420584,0.020706996233006356,2,28,28,0,10,0.35714285714285715,2,0.00011940000149479602
347,3,4,16,0.3333333333333333,0.6666666666666667,38,40,-0.0028947722851097126,0.005721283973797588,-0.09138894619030091,4,52,52,0,60,1.1538461538461537,4,0.0002659999991010409
347,3,8,16,0.3333333333333333,0.6666666666666667,66,72,0.14589904313952537,-0.006483194481794177,-0.10490126384602745,5,88,85,3,107,1.2159090909090908,5,0.0004527000000962289
347,3,16,16,0.3333333333333333,0.6666666666666667,122,136,0.032848957365545786,-0.03640498160447088,-0.13439629524275734,9,168,162,6,384,2.2857142857142856,9,0.0011641000000963686
348,3,2,16,0.3333333333333333,0.6666666666666667,24,24,-0.02277899710176142,-0.02253447557104613,0.1864679111639421,2,28,28,0,10,0.35714285714285715,2,0.00011869999980262946
348,3,4,16,0.3333333333333333,0.6666666666666667,38,40,0.1925105321963652,0.0256176795892507,0.12980303121160208,4,52,52,0,60,1.1538461538461537,4,0.00026360000083514024
348,3,8,16,0.3333333333333333,0.6666666666666667,66,72,0.1489496303491808,-0.010846026165067794,0.0712664618969932,7,96,95,1,216,2.25,7,0.0006561999998666579
348,3,16,16,0.3333333333333333,0.6666666666666667,122,136,0.10654167650023279,0.08759665476213213,0.05459147552704126,4,148,137,11,110,0.7432432432432432,4,0.0006449000011343742
349,3,2,16,0.3333333333333333,0.6666666666666667,24,24,0.3458927441545116,0.2943623674420119,0.11819059817943373,2,28,28,0,10,0.35714285714285715,2,0.00011749999976018444
349,3,4,16,0.3333333333333333,0.6666666666666667,38,40,0.2294447456679414,0.22417440113643605,0.0944173746916133,3,48,47,1,33,0.6875,3,0.00020949999998265412
349,3,8,16,0.3333333333333333,0.6666666666666667,66,72,0.04869807798562535,0.2627870220935815,0.04890186914590978,4,84,82,2,84,1.0,5,0.0004288000000087777
349,3,16,16,0.3333333333333333,0.6666666666666667,122,136,-0.04003549967904157,0.21279171556624396,0.006032580214145098,6,156,146,10,176,1.1282051282051282,6,0.0007850000001781154
350,3,2,16,0.3333333333333333,0.6666666666666667,24,24,-0.2844288014138767,-0.19439185272347426,0.14455503729769506,2,28,28,0,10,0.35714285714285715,2,0.00020260000019334257
350,3,4,16,0.3333333333333333,0.6666666666666667,38,40,-0.1343000595359534,0.09642760969200528,0.11766575357106145,2,44,42,2,14,0.3181818181818182,2,0.00017069999921659473
350,3,8,16,0.3333333333333333,0.6666666666666667,66,72,-0.16785368342226614,0.05150153004095169,0.0712956802955939,3,80,75,5,40,0.5,3,0.00032279999868478626
350,3,16,16,0.3333333333333333,0.6666666666666667,122,136,-0.06190589820477294,-0.0550778492694455,-0.009692943586528571,7,160,151,9,228,1.425,7,0.0008777000002737623
351,3,2,16,0.3333333333333333,0.6666666666666667,24,24,-0.13860900492919856,0.0590988161913352,0.21914882971623745,2,28,28,0,10,0.35714285714285715,2,0.00011950000043725595
351,3,4,16,0.3333333333333333,0.6666666666666667,38,40,0.05384076997562685,0.05108695803585348,0.23735607378477705,2,44,42,2,12,0.2727272727272727,2,0.00016140000116138253
351,3,8,16,0.3333333333333333,0.6666666666666667,66,72,0.07964768620042674,0.04373249942187419,0.21526886737088513,3,80,76,4,40,0.5,3,0.00032250000003841706
351,3,16,16,0.3333333333333333,0.6666666666666667,122,136,-0.0528846891182669,-0.03566655471929286,0.1692273629875747,7,160,151,9,238,1.4875,7,0.0009066999991773628
352,3,2,16,0.3333333333333333,0.6666666666666667,24,24,-0.12014515175972583,0.09512545702342634,0.37294622061537863,2,28,28,0,10,0.35714285714285715,2,0.00011890000132552814
352,3,4,16,0.3333333333333333,0.6666666666666667,38,40,-0.16657200469761274,0.170812362522287,0.2110068798083447,3,48,47,1,33,0.6875,3,0.000210000000151922
352,3,8,16,0.3333333333333333,0.6666666666666667,66,72,-0.19161971727586224,0.08035403592460195,0.19325462009302552,5,88,85,3,107,1.2159090909090908,5,0.000456300000223564
352,3,16,16,0.3333333333333333,0.6666666666666667,122,136,-0.09285372496884414,0.07780188948752777,0.1385156465577952,9,168,161,7,385,2.2916666666666665,9,0.0011957000006077578
353,3,2,16,0.3333333333333333,0.6666666666666667,24,24,0.2034980889163979,0.14492053223749565,-0.36626304865450376,1,24,23,1,1,0.041666666666666664,1,0.0001004999994620448
353,3,4,16,0.3333333333333333,0.6666666666666667,38,40,0.10788528180787532,-0.011985085691733188,-0.16812407918392677,3,48,47,1,31,0.6458333333333334,3,0.0002058000009128591
353,3,8,16,0.3333333333333333,0.6666666666666667,66,72,0.04498750516875255,-0.01309413044427519,-0.22503162674723728,4,84,80,4,64,0.7619047619047619,4,0.00039029999970807694
353,3,16,16,0.3333333333333333,0.6666666666666667,122,136,0.060575807678123476,-0.06933198609149409,-0.22704327911507793,7,160,152,8,220,1.375,7,0.0008600000001024455
354,3,2,16,0.3333333333333333,0.6666666666666667,24,24,-0.37983207698788923,0.12003424067110842,-0.30110273935588816,2,28,28,0,10,0.35714285714285715,2,0.00011839999933727086
354,3,4,16,0.3333333333333333,0.6666666666666667,38,40,-0.08971400308544047,0.16919796061787937,-0.1812576132357744,2,44,42,2,12,0.2727272727272727,2,0.000170000001162407
354,3,8,16,0.3333333333333333,0.6666666666666667,66,72,-0.03830634616300604,0.15038305500046995,-0.15835580899916285,5,88,85,3,103,1.1704545454545454,5,0.00044499999967229087
354,3,16,16,0.3333333333333333,0.6666666666666667,122,136,-0.03530373501220422,0.17463018082178464,-0.13416282223124942,5,152,141,11,115,0.756578947368421,5,0.0006659000009676674
355,3,2,16,0.3333333333333333,0.6666666666666667,24,24,-0.14631757229886178,-0.03009882773177488,-0.023779847658844278,2,28,28,0,10,0.35714285714285715,2,0.0001202000003104331
355,3,4,16,0.3333333333333333,0.6666666666666667,38,40,-0.11597433956751811,-0.04700622981403513,-0.03789638881197629,3,48,47,1,31,0.6458333333333334,3,0.00020910000057483558
355,3,8,16,0.3333333333333333,0.6666666666666667,66,72,0.013993268535842051,0.02039497360802805,0.04793222065738263,5,88,85,3,108,1.2272727272727273,5,0.0004582999990816461
355,3,16,16,0.3333333333333333,0.6666666666666667,122,136,-0.07747945763336046,0.036651077321234314,0.0820531224047601,7,160,151,9,227,1.41875,7,0.0008866999996826053
356,3,2,16,0.3333333333333333,0.6666666666666667,24,24,0.29780268780652724,0.027789963448578852,0.05740107137146404,1,24,23,1,1,0.041666666666666664,1,9.099999988393392e-05
356,3,4,16,0.3333333333333333,0.6666666666666667,38,40,0.14852693354611393,-0.11214024032940428,0.12785136671657116,2,44,43,1,13,0.29545454545454547,2,0.00016570000116189476
356,3,8,16,0.3333333333333333,0.6666666666666667,66,72,0.041902855648848776,-0.04648128730779549,0.10220735145169238,5,88,86,2,110,1.25,5,0.0004583000009006355
356,3,16,16,0.3333333333333333,0.6666666666666667,122,136,0.07784614640700986,-0.1412731408518564,-0.05820329416546547,9,168,161,7,367,2.1845238095238093,9,0.00113229999988107
357,3,2,16,0.3333333333333333,0.6666666666666667,24,24,0.16279810441015224,0.0009777213102953814,-0.05824816175195305,2,28,28,0,10,0.35714285714285715,2,0.00011980000090261456
357,3,4,16,0.3333333333333333,0.6666666666666667,38,40,0.13574504222584827,0.01471443611241863,0.08334348981322576,4,52,52,0,60,1.1538461538461537,4,0.0002651999984664144
357,3,8,16,0.3333333333333333,0.6666666666666667,66,72,0.10751989240883471,0.13643273744499948,-0.0037823145982244307,7,96,95,1,214,2.2291666666666665,7,0.0006589000004169066
357,3,16,16,0.3333333333333333,0.6666666666666667,122,136,0.07263674638700031,0.0848955250781531,-0.059796828406932526,11,176,171,5,580,3.2954545454545454,11,0.0014995000001363223
358,3,2,16,0.3333333333333333,0.6666666666666667,24,24,0.03649863254218835,0.12456477762823319,-0.2077788300223453,1,24,23,1,1,0.041666666666666664,1,9.109999882639386e-05
358,3,4,16,0.3333333333333333,0.6666666666666667,38,40,-0.09294269187331984,0.21510698223478752,-0.2536668241705039,1,40,37,3,3,0.075,1,0.00013220000073488336
358,3,8,16,0.3333333333333333,0.6666666666666667,66,72,0.04821005454378639,0.2165849416773705,-0.23243041204231385,3,80,76,4,40,0.5,3,0.0003193000011378899
358,3,16,16,0.3333333333333333,0.6666666666666667,122,136,0.032767680988627444,0.1556881180104879,-0.09458657411260563,5,152,141,11,124,0.8157894736842105,5,0.0006850999998277985
359,3,2,16,0.3333333333333333,0.6666666666666667,24,24,0.255972603186426,0.02238016451720124,0.15584269735046916,2,28,28,0,10,0.35714285714285715,2,0.00012229999992996454
359,3,4,16,0.3333333333333333,0.6666666666666667,38,40,0.16091087553777322,0.26333617574066387,0.08654083947228085,4,52,52,0,60,1.1538461538461537,4,0.0002645999993546866
359,3,8,16,0.3333333333333333,0.6666666666666667,66,72,0.1521722744655727,0.23888270191018818,-0.04171646452547401,6,92,90,2,154,1.673913043478261,6,0.0005424999999377178
359,3,16,16,0.3333333333333333,0.6666666666666667,122,136,0.08687759884387496,0.21321426869655502,-0.015970349769331444,9,168,161,7,373,2.2202380952380953,9,0.001145399999586516
360,3,2,16,0.3333333333333333,0.6666666666666667,24,24,0.1682064113601688,-0.01793803581227554,0.25719425711799043,2,28,28,0,10,0.35714285714285715,2,0.00011889999950653873
360,3,4,16,0.3333333333333333,0.6666666666666667,38,40,-0.1708760840227584,0.029790999903576913,0.184154055781517,2,44,42,2,12,0.2727272727272727,2,0.00016570000116189476
360,3,8,16,0.3333333333333333,0.6666666666666667,66,72,-0.11667450130847391,0.09996105949206464,0.2214331275344258,2,76,70,6,16,0.21052631578947367,2,0.0002660000009200303
360,3,16,16,0.3333333333333333,0.6666666666666667,122,136,-0.059194354169299294,0.030732932460809437,0.14174454025086283,3,144,131,13,53,0.3680555555555556,3,0.0005498999998962972
361,3,2,16,0.3333333333333333,0.6666666666666667,24,24,0.15321478458018914,-0.41764186434237116,0.02789628162546612,2,28,28,0,10,0.35714285714285715,2,0.00011839999933727086
361,3,4,16,0.3333333333333333,0.6666666666666667,38,40,-0.020130452464337575,-0.14979650579701084,-0.11178731483911594,4,52,52,0,60,1.1538461538461537,4,0.00026900000011664815
361,3,8,16,0.3333333333333333,0.6666666666666667,66,72,0.13003812261859202,-0.16359002336576153,-0.06067016894344395,6,92,90,2,153,1.6630434782608696,6,0.0005424999999377178
361,3,16,16,0.3333333333333333,0.6666666666666667,122,136,-0.0034665723613253904,-0.06113072020665106,-0.09702161234638056,9,168,161,7,388,2.3095238095238093,9,0.00152669999988575
362,3,2,16,0.3333333333333333,0.6666666666666667,24,24,0.37390811059696794,-0.0922733341062628,-0.08072028439141196,2,28,28,0,10,0.35714285714285715,2,0.00013639999997394625
362,3,4,16,0.3333333333333333,0.6666666666666667,38,40,0.15835883145722826,0.017123439615279144,-0.07931092990781298,3,48,47,1,31,0.6458333333333334,3,0.0002041000007011462
362,3,8,16,0.3333333333333333,0.6666666666666667,66,72,-0.012119008627518732,0.03905591234370626,-0.0634138236014224,5,88,86,2,108,1.2272727272727273,5,0.0004533000010269461
362,3,16,16,0.3333333333333333,0.6666666666666667,122,136,-0.12443621259751148,0.025586002298040526,0.010822397712343352,9,168,162,6,380,2.261904761904762,9,0.0011490000015328405
363,3,2,16,0.3333333333333333,0.6666666666666667,24,24,-0.08572416948745377,0.315019286140311,0.219077394809961,1,24,23,1,1,0.041666666666666664,1,9.229999886883888e-05
363,3,4,16,0.3333333333333333,0.6666666666666667,38,40,0.04512842893440592,-0.029746930444134505,0.028442208349133004,2,44,42,2,12,0.2727272727272727,2,0.0001616000008652918
363,3,8,16,0.3333333333333333,0.6666666666666667,66,72,0.10960574938263365,0.027158347883910628,-0.03558467357677781,3,80,75,5,35,0.4375,3,0.00031089999902178533
363,3,16,16,0.3333333333333333,0.6666666666666667,122,136,0.02091708230735126,0.004410040529339722,0.06779670464887476,3,144,132,12,54,0.375,3,0.000553300000319723
364,3,2,16,0.3333333333333333,0.6666666666666667,24,24,-0.027837185229093116,-0.050343058046151114,0.03826795765601959,2,28,28,0,10,0.35714285714285715,2,0.00011980000090261456
364,3,4,16,0.3333333333333333,0.6666666666666667,38,40,-0.009435591958758628,0.023565343042996578,-0.0186695413312985,3,48,47,1,32,0.6666666666666666,3,0.00020790000053239055
364,3,8,16,0.3333333333333333,0.6666666666666667,66,72,0.05094659922540631,-0.008516085841688854,0.10149905492386264,5,88,85,3,109,1.2386363636363635,5,0.00046320000001287553
364,3,16,16,0.3333333333333333,0.6666666666666667,122,136,0.05848601457223547,-0.06277582179727678,0.06854170204273603,9,168,162,6,396,2.357142857142857,9,0.0011830000003101304
365,3,2,16,0.3333333333333333,0.6666666666666667,24,24,-0.02638633121547283,0.04313912931509316,0.4899138550478851,1,24,23,1,1,0.041666666666666664,1,9.169999975711107e-05
365,3,4,16,0.3333333333333333,0.6666666666666667,38,40,0.04133493990287868,0.14780734079202223,0.3601334081040269,2,44,42,2,12,0.2727272727272727,2,0.00016119999963848386
365,3,8,16,0.3333333333333333,0.6666666666666667,66,72,0.0606459462548715,-0.06359581548843483,0.03962382729856281,4,84,80,4,64,0.7619047619047619,4,0.00037760000122943893
365,3,16,16,0.3333333333333333,0.6666666666666667,122,136,0.08517293993450371,-0.05087738213847999,-0.008457385392651277,5,152,141,11,111,0.7302631578947368,5,0.0006567000000359258
366,3,2,16,0.3333333333333333,0.6666666666666667,24,24,-0.3017404130462771,-0.17564275097586832,0.24116249839562506,1,24,23,1,1,0.041666666666666664,1,8.97999998414889e-05
366,3,4,16,0.3333333333333333,0.6666666666666667,38,40,-0.02098037479291181,-0.04667667011503006,0.1115259498518741,2,44,42,2,13,0.29545454545454547,2,0.00016309999955410603
366,3,8,16,0.3333333333333333,0.6666666666666667,66,72,-0.07237727411674687,-0.10620739523868392,0.05748344959283493,6,92,90,2,155,1.684782608695652,6,0.0005566000018006889
366,3,16,16,0.3333333333333333,0.6666666666666667,122,136,-0.04784789571685063,0.029182551025216386,0.01842585660375508,7,160,151,9,242,1.5125,7,0.0009467999989283271
367,3,2,16,0.3333333333333333,0.6666666666666667,24,24,0.040664538281185124,-0.29693054359916565,-0.11981111759806691,2,28,28,0,10,0.35714285714285715,2,0.00012769999921147246
367,3,4,16,0.3333333333333333,0.6666666666666667,38,40,-0.06804838831077895,-0.21750251412321706,-0.21221108069442263,3,48,48,0,32,0.6666666666666666,3,0.00022050000006856862
367,3,8,16,0.3333333333333333,0.6666666666666667,66,72,0.02510497209052863,-0.11101861001336685,-0.02379944655259485,2,76,70,6,17,0.2236842105263158,2,0.0002688999993551988
367,3,16,16,0.3333333333333333,0.6666666666666667,122,136,0.0005977181497694594,-0.06822642793885458,0.09349784850279146,4,148,137,11,75,0.5067567567567568,4,0.0005875999995623715
368,3,2,16,0.3333333333333333,0.6666666666666667,24,24,-0.09357628737760505,-0.3247499644124003,0.1192165090472177,2,28,28,0,10,0.35714285714285715,2,0.00011819999963336159
368,3,4,16,0.3333333333333333,0.6666666666666667,38,40,0.014875187287701982,-0.1613257865626707,0.018371339400511073,3,48,47,1,33,0.6875,3,0.00022949999947741162
368,3,8,16,0.3333333333333333,0.6666666666666667,66,72,-0.07773999998371312,-0.17974928274729696,0.04911611718653594,6,92,90,2,158,1.7173913043478262,6,0.00054929999896558
368,3,16,16,0.3333333333333333,0.6666666666666667,122,136,-0.11726848821968675,-0.10731376305471606,0.044504175265094,10,172,168,4,500,2.9069767441860463,11,0.0013687999999092426
369,3,2,16,0.3333333333333333,0.6666666666666667,24,24,0.03131709809099949,-0.05430395784303133,-0.07338351524966512,2,28,28,0,10,0.35714285714285715,2,0.00011970000014116522
369,3,4,16,0.3333333333333333,0.6666666666666667,38,40,0.03651746889309923,0.04615090499381919,0.07356027063598153,4,52,52,0,60,1.1538461538461537,4,0.0002647000001161359
369,3,8,16,0.3333333333333333,0.6666666666666667,66,72,0.04607537012089628,0.03216143075290231,0.047005221514426494,7,96,95,1,215,2.2395833333333335,7,0.0006594999995286344
369,3,16,16,0.3333333333333333,0.6666666666666667,122,136,-0.00979429978639557,0.0850451644327648,0.08104908913427994,8,164,156,8,319,1.9451219512195121,8,0.001033300000926829
370,3,2,16,0.3333333333333333,0.6666666666666667,24,24,0.1168648483825279,0.004710685034733177,0.19549474712142906,2,28,28,0,10,0.35714285714285715,2,0.00014629999895987567
370,3,4,16,0.3333333333333333,0.6666666666666667,38,40,-0.21799652921786664,-0.013807753805159946,0.18538925584595065,1,40,37,3,3,0.075,1,0.00013170000056561548
370,3,8,16,0.3333333333333333,0.6666666666666667,66,72,-0.07379238770287203,-0.020647318669822133,0.14760114152836312,4,84,80,4,64,0.7619047619047619,4,0.0003679000001284294
370,3,16,16,0.3333333333333333,0.6666666666666667,122,136,-0.09078870096692057,-0.0010645424416563978,0.14715970079814752,4,148,136,12,75,0.5067567567567568,4,0.0005915000001550652
371,3,2,16,0.3333333333333333,0.6666666666666667,24,24,-0.06883024551182226,-0.035918086783427464,0.1415955141343941,2,28,28,0,10,0.35714285714285715,2,0.00011900000026798807
371,3,4,16,0.3333333333333333,0.6666666666666667,38,40,-0.01430292110613047,-0.09704044575649105,0.18572987903655766,3,48,47,1,31,0.6458333333333334,3,0.0002057999990938697
371,3,8,16,0.3333333333333333,0.6666666666666667,66,72,-0.06934644035799326,0.0038324935685266673,0.160106935122795,5,88,86,2,115,1.3068181818181819,5,0.00047230000018316787
371,3,16,16,0.3333333333333333,0.6666666666666667,122,136,0.002874189316550121,-0.048386081759961445,0.03464063400206347,6,156,148,8,197,1.2628205128205128,6,0.0008209000006900169
372,3,2,16,0.3333333333333333,0.6666666666666667,24,24,-0.26018052126650926,0.5535734704558428,-0.38012329665179456,2,28,28,0,10,0.35714285714285715,2,0.00011869999980262946
372,3,4,16,0.3333333333333333,0.6666666666666667,38,40,-0.1714366091297322,0.29029303789944727,-0.07517483014457818,3,48,47,1,31,0.6458333333333334,3,0.00021740000011050142
372,3,8,16,0.3333333333333333,0.6666666666666667,66,72,-0.01985942771163094,0.24064098120203115,0.04815297265873607,6,92,90,2,152,1.6521739130434783,6,0.0005400999998528278
372,3,16,16,0.3333333333333333,0.6666666666666667,122,136,-0.04566424837767939,0.057845049804217154,0.10858357884561737,7,160,152,8,247,1.54375,7,0.0009348000003228663
373,3,2,16,0.3333333333333333,0.6666666666666667,24,24,-0.4232109986730443,0.13574697878828013,0.2656809253855202,1,24,23,1,1,0.041666666666666664,1,9.110000064538326e-05
373,3,4,16,0.3333333333333333,0.6666666666666667,38,40,-0.19576465891834388,0.14950389902650538,0.1466667364106099,2,44,42,2,12,0.2727272727272727,2,0.00016119999963848386
373,3,8,16,0.3333333333333333,0.6666666666666667,66,72,-0.05497756944113397,0.054043775859083175,0.04163866840163682,4,84,81,3,69,0.8214285714285714,4,0.0003816999997070525
373,3,16,16,0.3333333333333333,0.6666666666666667,122,136,0.010175726065669601,-0.013308679320471098,0.03756025369374897,4,148,138,10,91,0.6148648648648649,4,0.0006226999994396465
374,3,2,16,0.3333333333333333,0.6666666666666667,24,24,-0.23089975814640587,0.044445505715968545,0.32168908896505355,1,24,23,1,1,0.041666666666666664,1,8.949999937613029e-05
374,3,4,16,0.3333333333333333,0.6666666666666667,38,40,-0.18369081649298802,-0.0784895544095534,0.2183163036910504,3,48,47,1,33,0.6875,3,0.00020679999943240546
374,3,8,16,0.3333333333333333,0.6666666666666667,66,72,0.0036052573833171946,-0.0025898009604689563,-0.08160687240550071,5,88,85,3,105,1.1931818181818181,5,0.0004473999997571809
374,3,16,16,0.3333333333333333,0.6666666666666667,122,136,-0.01244983539369728,0.04045268725205997,-0.16919310542133562,6,156,147,9,168,1.0769230769230769,6,0.0007743000005575595
375,3,2,16,0.3333333333333333,0.6666666666666667,24,24,0.042490310516828535,-0.11627039003545156,-0.1847064845860548,1,24,23,1,1,0.041666666666666664,1,9.039999895321671e-05
375,3,4,16,0.3333333333333333,0.6666666666666667,38,40,0.027254169126111144,-0.004947744875054358,-0.08501472059462402,3,48,47,1,31,0.6458333333333334,3,0.00020570000015140977
375,3,8,16,0.3333333333333333,0.6666666666666667,66,72,-0.04064872589929373,0.04566334659455626,0.03252939290759643,3,80,76,4,40,0.5,3,0.00032049999936134554
375,3,16,16,0.3333333333333333,0.6666666666666667,122,136,-0.013284531533632097,0.09065730058197559,-0.00797105634702543,6,156,147,9,175,1.1217948717948718,6,0.0007839000008971198
376,3,2,16,0.3333333333333333,0.6666666666666667,24,24,0.2946672900539333,0.24239223805517165,0.46669939563714063,2,28,28,0,10,0.35714285714285715,2,0.00011769999946409371
376,3,4,16,0.3333333333333333,0.6666666666666667,38,40,0.19538754452960103,0.2103429612194248,0.22743580682931944,2,44,43,1,13,0.29545454545454547,2,0.000164700000823359
376,3,8,16,0.3333333333333333,0.6666666666666667,66,72,0.024886219143261407,0.1098702630396559,0.18194278484024354,3,80,76,4,41,0.5125,3,0.0003204000004188856
376,3,16,16,0.3333333333333333,0.6666666666666667,122,136,0.059755028860468434,0.034169120503660604,0.1476225835576801,6,156,147,9,174,1.1153846153846154,6,0.0007850000001781154
377,3,2,16,0.3333333333333333,0.6666666666666667,24,24,0.21271085372294501,0.1982217930548162,0.3477575049145409,2,28,28,0,10,0.35714285714285715,2,0.00012169999899924733
377,3,4,16,0.3333333333333333,0.6666666666666667,38,40,0.040629468269196826,0.29134556909552656,0.19904448801153066,4,52,52,0,60,1.1538461538461537,4,0.0002653999999893131
377,3,8,16,0.3333333333333333,0.6666666666666667,66,72,0.12218604104278467,0.12477231641557646,0.11047174240743785,3,80,75,5,38,0.475,3,0.00031739999940327834
377,3,16,16,0.3333333333333333,0.6666666666666667,122,136,0.15778863871710933,0.05071122097764967,-0.01720178499874138,5,152,141,11,120,0.7894736842105263,5,0.000684200000250712
378,3,2,16,0.3333333333333333,0.6666666666666667,24,24,-0.04585431911941874,0.04782521912115482,0.35145852229921487,2,28,28,0,10,0.35714285714285715,2,0.00012210000022605527
378,3,4,16,0.3333333333333333,0.6666666666666667,38,40,0.0668704525121671,0.13695128305335913,0.2990397027443435,2,44,43,1,15,0.3409090909090909,2,0.0001664000010350719
378,3,8,16,0.3333333333333333,0.6666666666666667,66,72,0.12106201188802324,0.1314061144322689,0.18900365584892898,3,80,75,5,39,0.4875,3,0.0003156000002491055
378,3,16,16,0.3333333333333333,0.6666666666666667,122,136,0.02847164233095181,0.0845902522144205,-0.003055117119115382,6,156,146,10,177,1.1346153846153846,6,0.0007845000000088476
379,3,2,16,0.3333333333333333,0.6666666666666667,24,24,0.09657611133210199,0.07337847248338836,-0.20641173464693216,1,24,23,1,1,0.041666666666666664,1,9.050000153365545e-05
379,3,4,16,0.3333333333333333,0.6666666666666667,38,40,-0.012762088459315913,0.2028105537677038,-0.22787039250418586,2,44,42,2,12,0.2727272727272727,2,0.00016040000082284678
379,3,8,16,0.3333333333333333,0.6666666666666667,66,72,-0.14015704272472207,0.18010053429608638,-0.10269299966842493,6,92,90,2,152,1.6521739130434783,6,0.0005401999987952877
379,3,16,16,0.3333333333333333,0.6666666666666667,122,136,0.021122893911922725,0.07763089229136436,-0.030156647770617672,8,164,156,8,295,1.798780487804878,8,0.0009871000002021901
380,3,2,16,0.3333333333333333,0.6666666666666667,24,24,-0.13492022926815422,-0.004142177604021257,-0.2851970074842828,2,28,28,0,10,0.35714285714285715,2,0.00011919999997189734
380,3,4,16,0.3333333333333333,0.6666666666666667,38,40,-0.31584885988631833,-0.1935919551264994,0.007127769502907403,3,48,47,1,33,0.6875,3,0.00020979999862902332
380,3,8,16,0.3333333333333333,0.6666666666666667,66,72,-0.15230859219580706,0.030734815676591077,0.014367642292630798,2,76,70,6,16,0.21052631578947367,2,0.0002652000002854038
380,3,16,16,0.3333333333333333,0.6666666666666667,122,136,-0.06329127845372531,0.0016547521828948813,0.03041273115778898,4,148,137,11,76,0.5135135135135135,4,0.0005951000002824003
381,3,2,16,0.3333333333333333,0.6666666666666667,24,24,-0.3768490956694484,0.0618275945663438,-0.02198669210456069,2,28,28,0,10,0.35714285714285715,2,0.00011780000022554304
381,3,4,16,0.3333333333333333,0.6666666666666667,38,40,-0.32090929116142175,0.09454547142185099,0.06892061391240525,4,52,52,0,60,1.1538461538461537,4,0.0002638000005390495
381,3,8,16,0.3333333333333333,0.6666666666666667,66,72,-0.19236233701136898,-0.01584815545944095,0.13783592755932556,7,96,95,1,212,2.2083333333333335,7,0.0006454000013036421
381,3,16,16,0.3333333333333333,0.6666666666666667,122,136,-0.10323530860208963,0.17285980920073568,0.07444973275436166,3,144,132,12,44,0.3055555555555556,3,0.000538699998287484
382,3,2,16,0.3333333333333333,0.6666666666666667,24,24,-0.13074996194611874,0.0943790891058237,-0.3195130876030135,2,28,28,0,10,0.35714285714285715,2,0.00011730000005627517
382,3,4,16,0.3333333333333333,0.6666666666666667,38,40,0.012066892391947926,-0.20143801966928498,-0.19982414119591924,3,48,47,1,31,0.6458333333333334,3,0.00021379999998316634
382,3,8,16,0.3333333333333333,0.6666666666666667,66,72,0.05638311714475034,-0.255825839071851,-0.13071448431645866,6,92,90,2,154,1.673913043478261,6,0.0005502999993041158
382,3,16,16,0.3333333333333333,0.6666666666666667,122,136,0.06751632653107026,-0.09048176969277437,0.030995518371032413,9,168,161,7,383,2.2797619047619047,9,0.0011878999994223705
383,3,2,16,0.3333333333333333,0.6666666666666667,24,24,0.04612384699357289,-0.04385622666063614,-0.036065356790996976,2,28,28,0,10,0.35714285714285715,2,0.0001216000000567874
383,3,4,16,0.3333333333333333,0.6666666666666667,38,40,-0.10263091363719046,-0.1428521816671777,0.07934182594421364,4,52,52,0,60,1.1538461538461537,4,0.0002635000000736909
383,3,8,16,0.3333333333333333,0.6666666666666667,66,72,-0.07503936822972715,-0.18418371973689945,0.039906510070223195,6,92,90,2,152,1.6521739130434783,6,0.0005322000015439698
383,3,16,16,0.3333333333333333,0.6666666666666667,122,136,0.013534414421383615,-0.05736275926420381,0.046868061474277106,6,156,146,10,179,1.1474358974358974,6,0.0007771999989927281
384,3,2,16,0.3333333333333333,0.6666666666666667,24,24,-0.01198281753023069,-0.31340510170952074,0.18991335563749934,2,28,28,0,10,0.35714285714285715,2,0.00012030000107188243
384,3,4,16,0.3333333333333333,0.6666666666666667,38,40,0.03610488279672064,-0.16892113253058527,-0.07477801435555746,3,48,47,1,32,0.6666666666666666,3,0.0002085999985865783
384,3,8,16,0.3333333333333333,0.6666666666666667,66,72,-0.06924108852380544,-0.06627312899575678,-0.03769316090142383,5,88,85,3,108,1.2272727272727273,5,0.00048040000001492444
384,3,16,16,0.3333333333333333,0.6666666666666667,122,136,-0.011905225537687305,-0.005237461123935942,0.009385613997764277,5,152,141,11,121,0.7960526315789473,5,0.000674099999741884
385,3,2,16,0.3333333333333333,0.6666666666666667,24,24,0.07544631953866639,-0.0564854506087592,-0.07843404132183388,1,24,24,0,2,0.08333333333333333,1,9.309999950346537e-05
385,3,4,16,0.3333333333333333,0.6666666666666667,38,40,0.06870483927885805,0.06060651193981857,0.062041442104368176,2,44,42,2,12,0.2727272727272727,2,0.0001609999999345746
385,3,8,16,0.3333333333333333,0.6666666666666667,66,72,0.0047592619204894805,-0.21170568621340036,0.10691519498491754,3,80,77,3,47,0.5875,4,0.0003391999998711981
385,3,16,16,0.3333333333333333,0.6666666666666667,122,136,-0.04298067925699385,-0.015306913648891097,0.08038513126848358,8,164,157,7,319,1.9451219512195121,8,0.0010534000011830358
386,3,2,16,0.3333333333333333,0.6666666666666667,24,24,0.201845808796802,0.11512786746864005,0.25228006036745054,2,28,28,0,10,0.35714285714285715,2,0.00011850000009872019
386,3,4,16,0.3333333333333333,0.6666666666666667,38,40,-0.11283168711939469,-0.038381704137226226,0.22039952554158207,2,44,43,1,14,0.3181818181818182,2,0.00017750000006344635
386,3,8,16,0.3333333333333333,0.6666666666666667,66,72,0.07830830644266981,0.031815236141660076,0.024612240045848544,5,88,86,2,106,1.2045454545454546,5,0.0004537999993772246
386,3,16,16,0.3333333333333333,0.6666666666666667,122,136,0.22769462126468198,-0.019416127005084407,-0.060570822989831116,8,164,158,6,295,1.798780487804878,8,0.0009997999986808281
387,3,2,16,0.3333333333333333,0.6666666666666667,24,24,0.009327320411380553,-0.15540458062816262,-0.3233949529015421,2,28,28,0,10,0.35714285714285715,2,0.00011980000090261456
387,3,4,16,0.3333333333333333,0.6666666666666667,38,40,-0.09117280401854481,-0.08919532921437513,-0.27364457598130654,3,48,47,1,33,0.6875,3,0.00020910000057483558
387,3,8,16,0.3333333333333333,0.6666666666666667,66,72,-0.07785632648713371,-0.11287512102240288,-0.2689306652778872,6,92,91,1,155,1.684782608695652,6,0.0006025999991834396
387,3,16,16,0.3333333333333333,0.6666666666666667,122,136,-0.03606716313709795,0.06284081819007718,-0.1241664016651884,6,156,147,9,176,1.1282051282051282,6,0.0007920000007288763
388,3,2,16,0.3333333333333333,0.6666666666666667,24,24,0.09188433415605185,0.25030105151427556,-0.04518668327668227,2,28,28,0,10,0.35714285714285715,2,0.00011889999950653873
388,3,4,16,0.3333333333333333,0.6666666666666667,38,40,0.21728055715182953,0.179209473710158,0.060417289085296685,3,48,48,0,32,0.6666666666666666,3,0.00021089999972900841
388,3,8,16,0.3333333333333333,0.6666666666666667,66,72,0.10284589105108546,0.11691560091983368,0.032017344804359756,5,88,86,2,108,1.2272727272727273,5,0.0004532000002654968
388,3,16,16,0.3333333333333333,0.6666666666666667,122,136,0.09356246405227403,0.0194424756324732,-0.01773175450351913,7,160,152,8,235,1.46875,7,0.0008953999986260897
389,3,2,16,0.3333333333333333,0.6666666666666667,24,24,-0.5456953052601722,-0.31124850881675364,-0.027040522158014953,2,28,28,0,10,0.35714285714285715,2,0.00012059999971825164
389,3,4,16,0.3333333333333333,0.6666666666666667,38,40,-0.23340019216530108,-0.10586820434950635,-0.006165800587901121,3,48,47,1,32,0.6666666666666666,3,0.00020670000048994552
389,3,8,16,0.3333333333333333,0.6666666666666667,66,72,-0.022287399059118907,-0.08578714845319843,-0.1322429865018915,5,88,85,3,107,1.2159090909090908,5,0.00046490000022458844
389,3,16,16,0.3333333333333333,0.6666666666666667,122,136,0.011692803198412965,0.00012014474486379917,-0.16646659561399343,4,148,136,12,83,0.5608108108108109,4,0.0006018000003678026
390,3,2,16,0.3333333333333333,0.6666666666666667,24,24,-0.12556266938605176,0.08104494823595575,-0.04481453393810431,2,28,28,0,10,0.35714285714285715,2,0.00011780000022554304
390,3,4,16,0.3333333333333333,0.6666666666666667,38,40,-0.14293129926198353,0.1759822675179402,-0.058777382762632675,4,52,52,0,60,1.1538461538461537,4,0.0002745000001596054
390,3,8,16,0.3333333333333333,0.6666666666666667,66,72,-0.05637446613173797,0.12133570973396579,-0.074978871569222,3,80,75,5,35,0.4375,3,0.0003211999992345227
390,3,16,16,0.3333333333333333,0.6666666666666667,122,136,-0.04483805603594149,0.0559302371176878,0.029698334598586236,6,156,147,9,168,1.0769230769230769,6,0.0007804999986547045
391,3,2,16,0.3333333333333333,0.6666666666666667,24,24,-0.14070326064911143,-0.11810937773907756,0.18151824646896697,2,28,28,0,10,0.35714285714285715,2,0.0001233000002685003
391,3,4,16,0.3333333333333333,0.6666666666666667,38,40,-0.08612404953307887,-0.022018353261244288,0.22540482773882942,3,48,47,1,31,0.6458333333333334,3,0.000216500000533415
391,3,8,16,0.3333333333333333,0.6666666666666667,66,72,-0.08892730434257648,0.039347090511244125,0.11240735237079975,6,92,90,2,153,1.6630434782608696,6,0.0005359999995562248
391,3,16,16,0.3333333333333333,0.6666666666666667,122,136,-0.028143735732775937,-0.06702199305100479,0.1328535684937621,5,152,141,11,130,0.8552631578947368,5,0.0007153999995352933
392,3,2,16,0.3333333333333333,0.6666666666666667,24,24,-0.32191972626602217,0.4287851857898444,-0.08132599268361007,2,28,28,0,10,0.35714285714285715,2,0.0001267000006919261
392,3,4,16,0.3333333333333333,0.6666666666666667,38,40,-0.11353369348094057,0.1464390820607567,0.10051757132755205,2,44,42,2,12,0.2727272727272727,2,0.00016229999891947955
392,3,8,16,0.3333333333333333,0.6666666666666667,66,72,-0.07959042040602693,0.13670535619989088,-0.08700547152786259,4,84,80,4,64,0.7619047619047619,4,0.000370699999621138
392,3,16,16,0.3333333333333333,0.6666666666666667,122,136,-0.06330694180469927,0.0257034773221213,-0.023599559405539382,7,160,151,9,219,1.36875,7,0.0008622000004834263
393,3,2,16,0.3333333333333333,0.6666666666666667,24,24,-0.11931843859250532,0.12340541375789625,0.20240168691770094,2,28,28,0,10,0.35714285714285715,2,0.00011959999937971588
393,3,4,16,0.3333333333333333,0.6666666666666667,38,40,-0.07597851154962086,-0.06182765659306677,0.1110771322159991,1,40,37,3,3,0.075,1,0.0001326000001427019
393,3,8,16,0.3333333333333333,0.6666666666666667,66,72,0.09511429012366443,-0.04114715409879345,0.034015514515473966,3,80,75,5,35,0.4375,3,0.00031400000079884194
393,3,16,16,0.3333333333333333,0.6666666666666667,122,136,0.02366960601248974,-0.12867973801900312,0.007095314185074634,5,152,141,11,128,0.8421052631578947,5,0.0006868000000395114
394,3,2,16,0.3333333333333333,0.6666666666666667,24,24,-0.14989254516971348,0.04822095905814746,-0.12909032112747545,2,28,28,0,10,0.35714285714285715,2,0.00011910000102943741
394,3,4,16,0.3333333333333333,0.6666666666666667,38,40,0.2130187964025365,0.018575392631403384,-0.1981771759362234,3,48,47,1,31,0.6458333333333334,3,0.00020340000082796905
394,3,8,16,0.3333333333333333,0.6666666666666667,66,72,0.18704396600570974,0.0023231887667915906,-0.18693167335593278,4,84,80,4,66,0.7857142857142857,4,0.0003726999984792201
394,3,16,16,0.3333333333333333,0.6666666666666667,122,136,0.037076972097477,0.0655245096682828,-0.07464593995140015,9,168,161,7,374,2.2261904761904763,9,0.0011371999989933101
395,3,2,16,0.3333333333333333,0.6666666666666667,24,24,0.0093964247162976,0.22629933835293012,-0.031424054440111066,2,28,28,0,10,0.35714285714285715,2,0.00012229999992996454
395,3,4,16,0.3333333333333333,0.6666666666666667,38,40,-0.036424758242005556,0.05811711356969886,-0.0239492249610274,2,44,42,2,12,0.2727272727272727,2,0.0001649999994697282
395,3,8,16,0.3333333333333333,0.6666666666666667,66,72,-0.08530558613362221,0.14068067092926267,-0.13708146940355173,4,84,80,4,64,0.7619047619047619,4,0.0003773000007640803
395,3,16,16,0.3333333333333333,0.6666666666666667,122,136,-0.0021548364143527047,0.0829059273488734,0.0004436279623480467,7,160,151,9,222,1.3875,7,0.000900700000784127
396,3,2,16,0.3333333333333333,0.6666666666666667,24,24,-0.3044357242039801,0.1983484364835387,0.10640195066179561,1,24,23,1,1,0.041666666666666664,1,9.899999895424116e-05
396,3,4,16,0.3333333333333333,0.6666666666666667,38,40,-0.3322751506277423,0.3020060692040378,-0.13596457827597144,3,48,47,1,32,0.6666666666666666,3,0.00021660000129486434
396,3,8,16,0.3333333333333333,0.6666666666666667,66,72,-0.10359420957692198,0.11529668728416638,-0.3206480150583955,6,92,90,2,154,1.673913043478261,6,0.0005550000005314359
396,3,16,16,0.3333333333333333,0.6666666666666667,122,136,-0.04812547414999667,-0.04264874538252474,-0.10334733945698968,8,164,157,7,307,1.8719512195121952,8,0.0010206000006292015
397,3,2,16,0.3333333333333333,0.6666666666666667,24,24,-0.11539197470321308,-0.26358543041273397,0.32146983915540384,2,28,28,0,10,0.35714285714285715,2,0.00012319999950705096
397,3,4,16,0.3333333333333333,0.6666666666666667,38,40,-0.06372579414882366,-0.1382399849469572,0.18424152218171622,3,48,47,1,32,0.6666666666666666,3,0.00020479999875533395
397,3,8,16,0.3333333333333333,0.6666666666666667,66,72,-0.017397345208344316,-0.1174259096739546,0.006834427091680162,4,84,80,4,70,0.8333333333333334,4,0.00037659999907191377
397,3,16,16,0.3333333333333333,0.6666666666666667,122,136,0.012271467936519828,-0.1012054260097124,-0.03431783151550785,2,140,126,14,24,0.17142857142857143,2,0.0004790999992110301
398,3,2,16,0.3333333333333333,0.6666666666666667,24,24,-0.2170632758504869,0.21006445586931624,-0.18199989227090882,1,24,23,1,1,0.041666666666666664,1,8.890000026440248e-05
398,3,4,16,0.3333333333333333,0.6666666666666667,38,40,-0.13984821176395448,0.02052729099747435,-0.2540885165941997,2,44,42,2,12,0.2727272727272727,2,0.00016680000044289045
398,3,8,16,0.3333333333333333,0.6666666666666667,66,72,-0.07175789438498442,0.01615242619724356,-0.20286127874393126,3,80,76,4,40,0.5,3,0.00031970000054570846
398,3,16,16,0.3333333333333333,0.6666666666666667,122,136,0.05983508428869423,-0.019558959246528142,0.004055767780127093,5,152,142,10,118,0.7763157894736842,5,0.0006713999991916353
399,3,2,16,0.3333333333333333,0.6666666666666667,24,24,-0.006495770788947429,-0.16799780787161728,0.055516518110117,2,28,28,0,10,0.35714285714285715,2,0.00012149999929533806
399,3,4,16,0.3333333333333333,0.6666666666666667,38,40,0.1989935185300036,-0.19211736182601852,-0.11097381737057309,3,48,47,1,31,0.6458333333333334,3,0.0002119999990100041
399,3,8,16,0.3333333333333333,0.6666666666666667,66,72,0.11109542872943731,-0.12358825907564952,-0.13529017815598757,7,96,95,1,212,2.2083333333333335,7,0.000667500000417931
399,3,16,16,0.3333333333333333,0.6666666666666667,122,136,-0.009930799253881333,0.04549555418911758,-0.0719286601962266,8,164,157,7,316,1.9268292682926829,8,0.001057800000126008
400,3,2,16,0.3333333333333333,0.6666666666666667,24,24,-0.14947729608377644,0.23906556366242376,-0.02814840006028841,1,24,23,1,1,0.041666666666666664,1,0.00010259999908157624
400,3,4,16,0.3333333333333333,0.6666666666666667,38,40,-0.08183508937899091,0.13520542299381816,0.06317669996391578,2,44,42,2,14,0.3181818181818182,2,0.00017189999925903976
400,3,8,16,0.3333333333333333,0.6666666666666667,66,72,-0.020575537642444436,0.11176530696807073,-0.16094200225669056,4,84,80,4,64,0.7619047619047619,4,0.0003795000011450611
400,3,16,16,0.3333333333333333,0.6666666666666667,122,136,0.04655741616777692,-0.00745774861453297,-0.2592597637107042,9,168,161,7,367,2.1845238095238093,9,0.0011438000001362525
401,3,2,16,0.3333333333333333,0.6666666666666667,24,24,0.03890751326748155,0.1490668619916324,0.05815071343023697,1,24,23,1,1,0.041666666666666664,1,9.359999967273325e-05
401,3,4,16,0.3333333333333333,0.6666666666666667,38,40,-0.04007557535288368,0.13468264303425045,-0.008770043270696535,3,48,47,1,32,0.6666666666666666,3,0.00020649999896704685
401,3,8,16,0.3333333333333333,0.6666666666666667,66,72,-0.05001814876523579,0.09917364705164758,-0.12130617713505185,4,84,81,3,71,0.8452380952380952,4,0.00039819999983592425
401,3,16,16,0.3333333333333333,0.6666666666666667,122,136,-0.014486789234156593,0.0966441057128372,-0.08909659752448562,6,156,146,10,178,1.141025641025641,6,0.0007849000012356555
402,3,2,16,0.3333333333333333,0.6666666666666667,24,24,0.07827594788194092,0.09159166646221997,0.5500306214873668,2,28,28,0,10,0.35714285714285715,2,0.00013649999891640618
402,3,4,16,0.3333333333333333,0.6666666666666667,38,40,-0.05931283325456264,-0.12425186171413326,0.19581013372287756,4,52,52,0,60,1.1538461538461537,4,0.0002738999992288882
402,3,8,16,0.3333333333333333,0.6666666666666667,66,72,-0.10119040680533734,-0.014802975711496061,0.03486223559985076,5,88,85,3,103,1.1704545454545454,5,0.0004572000016196398
402,3,16,16,0.3333333333333333,0.6666666666666667,122,136,-0.04944207141927158,0.09808160859859096,0.07791103914063222,8,164,156,8,292,1.7804878048780488,8,0.0009981000002881046
403,3,2,16,0.3333333333333333,0.6666666666666667,24,24,0.0475570689532622,-0.19824513267419555,-0.2336978783200519,2,28,28,0,10,0.35714285714285715,2,0.0001322999996773433
403,3,4,16,0.3333333333333333,0.6666666666666667,38,40,0.11397759641750801,0.08302330007359676,-0.07190574729591197,4,52,52,0,60,1.1538461538461537,4,0.0002623999989737058
403,3,8,16,0.3333333333333333,0.6666666666666667,66,72,0.15046312416635205,0.03555938360429729,-0.04942541400260666,7,96,95,1,216,2.25,7,0.0006524999989778735
403,3,16,16,0.3333333333333333,0.6666666666666667,122,136,0.02344685360526447,-0.02254773699244225,-0.002391623908778988,4,148,136,12,72,0.4864864864864865,4,0.0005903000001126202
404,3,2,16,0.3333333333333333,0.6666666666666667,24,24,-0.0902218770318118,-0.13272917935270906,-0.017468840960995352,1,24,23,1,1,0.041666666666666664,1,9.249999857274815e-05
404,3,4,16,0.3333333333333333,0.6666666666666667,38,40,-0.07940608926084741,0.05797699588058837,0.17461476120732397,1,40,37,3,3,0.075,1,0.00013350000153877772
404,3,8,16,0.3333333333333333,0.6666666666666667,66,72,-0.12121980794515624,0.01951114073777939,-0.03388190010537862,5,88,85,3,103,1.1704545454545454,5,0.00045680000039283186
404,3,16,16,0.3333333333333333,0.6666666666666667,122,136,-0.004834566186293131,-0.0383140410816697,-0.017380253866821238,6,156,146,10,169,1.0833333333333333,6,0.0007898000003478955
405,3,2,16,0.3333333333333333,0.6666666666666667,24,24,-0.016069887909550017,0.23488975910374618,-0.026560503046638383,2,28,28,0,10,0.35714285714285715,2,0.0001554000009491574
405,3,4,16,0.3333333333333333,0.6666666666666667,38,40,-0.1024857722861848,0.23399942375229432,0.08985270495329069,3,48,47,1,32,0.6666666666666666,3,0.0002162000000680564
405,3,8,16,0.3333333333333333,0.6666666666666667,66,72,-0.0837192322060067,0.1985573931237698,0.11983167751266735,6,92,90,2,154,1.673913043478261,6,0.0005635000015900005
405,3,16,16,0.3333333333333333,0.6666666666666667,122,136,-0.01870514316876673,0.15513891741042762,0.006871539029770943,6,156,146,10,168,1.0769230769230769,6,0.0007667999998375308
406,3,2,16,0.3333333333333333,0.6666666666666667,24,24,-0.24355635647532803,0.014339776064764359,0.06290944385633508,1,24,23,1,1,0.041666666666666664,1,9.649999992689118e-05
406,3,4,16,0.3333333333333333,0.6666666666666667,38,40,-0.14158376485943608,-0.04969687784003641,-0.028616596030954074,2,44,42,2,12,0.2727272727272727,2,0.0001654999996389961
406,3,8,16,0.3333333333333333,0.6666666666666667,66,72,-0.1653222240041208,0.031183507944830272,-0.04714738331252575,3,80,75,5,35,0.4375,3,0.0003192999993189005
406,3,16,16,0.3333333333333333,0.6666666666666667,122,136,-0.13365985432495525,-0.06131225928943939,-0.018691959574711335,5,152,142,10,130,0.8552631578947368,5,0.000699799998983508
407,3,2,16,0.3333333333333333,0.6666666666666667,24,24,0.43885990969846983,-0.29085637714648177,-0.18373977911545802,2,28,28,0,10,0.35714285714285715,2,0.00012760000026901253
407,3,4,16,0.3333333333333333,0.6666666666666667,38,40,0.17852125053299264,-0.09455456623999944,-0.16045934691782002,3,48,47,1,31,0.6458333333333334,3,0.0002085999985865783
407,3,8,16,0.3333333333333333,0.6666666666666667,66,72,0.10779451646872795,-0.036622446755555,-0.04326015697944633,3,80,75,5,39,0.4875,3,0.0003175999991071876
407,3,16,16,0.3333333333333333,0.6666666666666667,122,136,0.04406905476211266,-0.01650282342844315,0.03984013741814893,7,160,151,9,225,1.40625,7,0.0008655999990878627
408,3,2,16,0.3333333333333333,0.6666666666666667,24,24,-0.19972783726291032,0.11172273699337497,-0.12023513616116047,2,28,28,0,10,0.35714285714285715,2,0.00012040000001434237
408,3,4,16,0.3333333333333333,0.6666666666666667,38,40,-0.017513030135261645,0.06290094794949665,-0.27683602035537225,2,44,42,2,14,0.3181818181818182,2,0.0001711999993858626
408,3,8,16,0.3333333333333333,0.6666666666666667,66,72,-0.15248308175419187,-0.07355386972813482,-0.10490946785520454,5,88,85,3,111,1.2613636363636365,5,0.00046440000005532056
408,3,16,16,0.3333333333333333,0.6666666666666667,122,136,-0.18434872938488495,-0.03557727215578731,-0.004245821143267212,8,164,156,8,315,1.920731707317073,8,0.001328599999396829
409,3,2,16,0.3333333333333333,0.6666666666666667,24,24,-0.040049585556252036,0.06394218342547726,-0.14039296455034236,2,28,28,0,10,0.35714285714285715,2,0.00014059999921300914
409,3,4,16,0.3333333333333333,0.6666666666666667,38,40,0.06875404875893917,-0.12565118026723454,-0.2401890729060062,4,52,52,0,60,1.1538461538461537,4,0.0002669000004971167
409,3,8,16,0.3333333333333333,0.6666666666666667,66,72,0.059226513025549196,-0.12734775278214824,-0.08397350145376535,3,80,75,5,38,0.475,3,0.00032720000126573723
409,3,16,16,0.3333333333333333,0.6666666666666667,122,136,0.0004659995742615703,-0.1706322357052162,-0.060526814264232426,5,152,142,10,126,0.8289473684210527,5,0.0006885000002512243
410,3,2,16,0.3333333333333333,0.6666666666666667,24,24,-0.16629958396800681,-0.04727716854086117,-0.2977255974716014,2,28,28,0,10,0.35714285714285715,2,0.0001222000009875046
410,3,4,16,0.3333333333333333,0.6666666666666667,38,40,-0.03783787946742177,0.0077934717907011,-0.1268932451979039,1,40,38,2,4,0.1,1,0.00013840000065101776
410,3,8,16,0.3333333333333333,0.6666666666666667,66,72,-0.06951685344376664,-0.04454222700562373,-0.20336064724455347,3,80,77,3,45,0.5625,3,0.0003451000011409633
410,3,16,16,0.3333333333333333,0.6666666666666667,122,136,-0.013075408069832877,0.00107639726062626,-0.0416415113869601,6,156,149,7,185,1.185897435897436,6,0.000806199999715318
411,3,2,16,0.3333333333333333,0.6666666666666667,24,24,-0.1341494623519593,0.280058720691392,0.26074334193573157,2,28,28,0,10,0.35714285714285715,2,0.00012240000069141388
411,3,4,16,0.3333333333333333,0.6666666666666667,38,40,-0.06352615049646973,0.10917718408908819,0.08586915618657175,3,48,47,1,33,0.6875,3,0.0002241000001959037
411,3,8,16,0.3333333333333333,0.6666666666666667,66,72,0.03670769210291337,0.2189890787864524,0.09903607250857616,4,84,81,3,66,0.7857142857142857,4,0.00037960000008752104
411,3,16,16,0.3333333333333333,0.6666666666666667,122,136,0.004530771407032673,0.077893029243134,0.10137055280319042,3,144,132,12,44,0.3055555555555556,3,0.0005256999993434874
412,3,2,16,0.3333333333333333,0.6666666666666667,24,24,0.393630029488454,0.06679793526292482,0.08723373565706036,1,24,24,0,2,0.08333333333333333,1,9.370000043418258e-05
412,3,4,16,0.3333333333333333,0.6666666666666667,38,40,0.10760824343124206,-0.009796002982652095,0.08125121193113212,2,44,43,1,13,0.29545454545454547,2,0.00016279999908874743
412,3,8,16,0.3333333333333333,0.6666666666666667,66,72,-0.057172532027507966,0.17023748224018848,0.017763916307833826,5,88,86,2,114,1.2954545454545454,5,0.00046269999984360766
412,3,16,16,0.3333333333333333,0.6666666666666667,122,136,0.07915742254929424,0.01752872627513025,-0.09603093700516048,7,160,152,8,246,1.5375,7,0.0009111999988817843
413,3,2,16,0.3333333333333333,0.6666666666666667,24,24,0.060434941815413694,-0.0666998830764715,-0.04028539753428329,2,28,28,0,10,0.35714285714285715,2,0.00013000000035390258
413,3,4,16,0.3333333333333333,0.6666666666666667,38,40,0.17098684462974456,-0.04534640542742895,-0.08763462947529314,3,48,47,1,33,0.6875,3,0.00020880000010947697
413,3,8,16,0.3333333333333333,0.6666666666666667,66,72,0.04110105514047872,-0.04608044934458851,0.01767180491473333,6,92,90,2,158,1.7173913043478262,6,0.0005552999991778051
413,3,16,16,0.3333333333333333,0.6666666666666667,122,136,0.027537140447937362,-0.02991218763782404,-0.08660052888730357,9,168,162,6,384,2.2857142857142856,9,0.0011888000008184463
414,3,2,16,0.3333333333333333,0.6666666666666667,24,24,-0.18522489574166506,-0.09900492117937704,0.25497306881892884,1,24,23,1,1,0.041666666666666664,1,9.359999967273325e-05
414,3,4,16,0.3333333333333333,0.6666666666666667,38,40,-0.18351869696922946,0.0963814160160059,0.08783982512317239,3,48,47,1,31,0.6458333333333334,3,0.00020399999993969686
414,3,8,16,0.3333333333333333,0.6666666666666667,66,72,-0.05457592466759142,0.07023748012861002,0.040804346996337594,3,80,75,5,35,0.4375,3,0.00031289999969885685
414,3,16,16,0.3333333333333333,0.6666666666666667,122,136,-0.04720284885480417,-0.004753337164886117,0.06326610916346166,9,168,161,7,372,2.2142857142857144,9,0.00115650000043388
415,3,2,16,0.3333333333333333,0.6666666666666667,24,24,0.23567494689391594,-0.28342827120696096,0.19063221001040173,1,24,23,1,1,0.041666666666666664,1,9.890000001178123e-05
415,3,4,16,0.3333333333333333,0.6666666666666667,38,40,0.2705737954496828,-0.1496374468060155,0.2447535209104401,2,44,42,2,13,0.29545454545454547,2,0.00016540000069653615
415,3,8,16,0.3333333333333333,0.6666666666666667,66,72,0.1840565085797105,-0.028652625896904895,0.09539301325765168,5,88,85,3,104,1.1818181818181819,5,0.0004503999989537988
415,3,16,16,0.3333333333333333,0.6666666666666667,122,136,0.1354028585752549,-0.009183501647609001,0.048967786476760596,9,168,161,7,376,2.238095238095238,9,0.0011884000014106277
416,3,2,16,0.3333333333333333,0.6666666666666667,24,24,0.05567346784099432,-0.29228551025523053,0.2769842389955613,1,24,23,1,1,0.041666666666666664,1,0.00011639999866019934
416,3,4,16,0.3333333333333333,0.6666666666666667,38,40,-0.04162764856989516,-0.09256027112459485,0.09496708658284848,3,48,47,1,31,0.6458333333333334,3,0.00021840000044903718
416,3,8,16,0.3333333333333333,0.6666666666666667,66,72,-0.07299226797286644,0.031164276138114337,0.019437245506748337,5,88,85,3,103,1.1704545454545454,5,0.00044940000043425243
416,3,16,16,0.3333333333333333,0.6666666666666667,122,136,0.003127050664464729,0.05372589748240941,0.028815379715339578,9,168,161,7,373,2.2202380952380953,9,0.001147099999798229
417,3,2,16,0.3333333333333333,0.6666666666666667,24,24,0.3093327643703404,-0.09956095063732741,0.1386707826074113,2,28,28,0,10,0.35714285714285715,2,0.00012880000031145755
417,3,4,16,0.3333333333333333,0.6666666666666667,38,40,-0.02261861262330144,-0.07919484690158889,0.011955310634836411,4,52,52,0,60,1.1538461538461537,4,0.00026760000037029386
417,3,8,16,0.3333333333333333,0.6666666666666667,66,72,0.06296250843504965,-0.06892931294997634,0.06351638198752302,7,96,96,0,218,2.2708333333333335,7,0.0006741000015608734
417,3,16,16,0.3333333333333333,0.6666666666666667,122,136,0.012634838405565153,-0.035021405251475984,0.047476729392001704,4,148,139,9,101,0.6824324324324325,4,0.000634899999568006
418,3,2,16,0.3333333333333333,0.6666666666666667,24,24,0.13007162727406285,0.20175332817806332,-0.04894621014386911,1,24,23,1,1,0.041666666666666664,1,9.839999984251335e-05
418,3,4,16,0.3333333333333333,0.6666666666666667,38,40,0.07728224660706386,0.10474650813752465,-0.14792113373847524,2,44,42,2,12,0.2727272727272727,2,0.0001716999995551305
418,3,8,16,0.3333333333333333,0.6666666666666667,66,72,-0.1179190402102551,0.0019411220894661129,-0.017211707499389797,3,80,75,5,35,0.4375,3,0.00031119999948714394
418,3,16,16,0.3333333333333333,0.6666666666666667,122,136,-0.12540518351646912,0.018381690020170663,0.06536907646815628,5,152,141,11,111,0.7302631578947368,5,0.0006712000013067154
419,3,2,16,0.3333333333333333,0.6666666666666667,24,24,-0.1504451941438895,-0.37190449104510387,0.1667471761215287,2,28,28,0,10,0.35714285714285715,2,0.00014339999870571773
419,3,4,16,0.3333333333333333,0.6666666666666667,38,40,-0.2573216682378637,-0.24100720045837387,0.049154701885445885,3,48,47,1,32,0.6666666666666666,3,0.0002082999999402091
419,3,8,16,0.3333333333333333,0.6666666666666667,66,72,-0.098508040847364,-0.09341897319741302,-0.0347042792534534,5,88,85,3,107,1.2159090909090908,5,0.00045200000022305176
419,3,16,16,0.3333333333333333,0.6666666666666667,122,136,-0.13693473829791417,-0.03858128430040523,0.03833512881315744,8,164,156,8,294,1.7926829268292683,8,0.0010225000005448237
420,3,2,16,0.3333333333333333,0.6666666666666667,24,24,-0.2694667237364552,-0.08462085562860427,0.06142399306113691,1,24,24,0,2,0.08333333333333333,1,0.00010379999912402127
420,3,4,16,0.3333333333333333,0.6666666666666667,38,40,-0.14009727646884934,0.010737095322925275,0.1255276892561488,2,44,43,1,13,0.29545454545454547,2,0.00016649999997753184
420,3,8,16,0.3333333333333333,0.6666666666666667,66,72,-0.047521048477968945,-0.13262997548038855,0.032936621542168594,3,80,76,4,39,0.4875,3,0.00035489999936544336
420,3,16,16,0.3333333333333333,0.6666666666666667,122,136,-0.06679828150303697,-0.159930619851444,0.0061350190243453446,5,152,142,10,137,0.9013157894736842,5,0.0007187999999587191
421,3,2,16,0.3333333333333333,0.6666666666666667,24,24,-0.46315352314716435,0.11437982739266302,-0.20224575737009545,1,24,23,1,1,0.041666666666666664,1,0.0001066999993781792
421,3,4,16,0.3333333333333333,0.6666666666666667,38,40,-0.40124734811438406,0.15140995066219035,-0.302130546125392,3,48,47,1,31,0.6458333333333334,3,0.00020840000070165843
421,3,8,16,0.3333333333333333,0.6666666666666667,66,72,-0.18786805078723084,0.008929775113043766,-0.1568811133502476,4,84,80,4,64,0.7619047619047619,4,0.0003763999993680045
421,3,16,16,0.3333333333333333,0.6666666666666667,122,136,-0.19046200049302275,-0.05441824527073363,-0.10856133787303827,7,160,151,9,233,1.45625,7,0.0009214000001520617
422,3,2,16,0.3333333333333333,0.6666666666666667,24,24,0.1567309758708669,0.05329529087878953,-0.27598259241070217,2,28,28,0,10,0.35714285714285715,2,0.00013030000081926119
422,3,4,16,0.3333333333333333,0.6666666666666667,38,40,0.08304707119643912,0.10066572672955068,-0.11257771985243402,3,48,47,1,33,0.6875,3,0.00021419999939098489
422,3,8,16,0.3333333333333333,0.6666666666666667,66,72,0.007390258622897494,-0.016608082427021022,0.09156859406866742,4,84,80,4,66,0.7857142857142857,4,0.00039010000000416767
422,3,16,16,0.3333333333333333,0.6666666666666667,122,136,0.053826092017476304,-0.004278422182805003,0.1483301131763395,6,156,146,10,165,1.0576923076923077,6,0.0007719000004726695
423,3,2,16,0.3333333333333333,0.6666666666666667,24,24,-0.01545037478546406,0.2926489186143767,-0.3029421017629822,2,28,28,0,10,0.35714285714285715,2,0.00013689999832422473
423,3,4,16,0.3333333333333333,0.6666666666666667,38,40,-0.1399615321078898,0.22015974302747512,-0.12127507198946987,3,48,47,1,31,0.6458333333333334,3,0.00021720000040659215
423,3,8,16,0.3333333333333333,0.6666666666666667,66,72,-0.05198167781892254,0.27393974815904487,0.02486351454228836,4,84,80,4,72,0.8571428571428571,4,0.00038920000042708125
423,3,16,16,0.3333333333333333,0.6666666666666667,122,136,-0.01445941728814694,0.07550429464771126,-0.058231461867817864,7,160,155,5,287,1.79375,8,0.0009773000001587206
424,3,2,16,0.3333333333333333,0.6666666666666667,24,24,-0.16490205114326364,0.1070564096915732,0.30591087821546115,2,28,28,0,10,0.35714285714285715,2,0.00012349999997240957
424,3,4,16,0.3333333333333333,0.6666666666666667,38,40,-0.10664403308600603,-0.03794140525005112,0.23784729129360302,4,52,52,0,60,1.1538461538461537,4,0.00026560000151221175
424,3,8,16,0.3333333333333333,0.6666666666666667,66,72,-0.1069511851961779,-0.035077872894364204,0.03975635434538058,6,92,90,2,154,1.673913043478261,6,0.0005489000013767509
424,3,16,16,0.3333333333333333,0.6666666666666667,122,136,-0.11204049531310524,0.021185287870735085,0.0025552751517250185,9,168,161,7,384,2.2857142857142856,9,0.0011783000009017996
425,3,2,16,0.3333333333333333,0.6666666666666667,24,24,-0.32797845682628035,-0.16001301667065532,0.21043566180202086,2,28,28,0,10,0.35714285714285715,2,0.00012460000107239466
425,3,4,16,0.3333333333333333,0.6666666666666667,38,40,-0.20842999671077805,-0.04976335389335653,0.1646908473815344,3,48,48,0,36,0.75,3,0.00021999999989930075
425,3,8,16,0.3333333333333333,0.6666666666666667,66,72,0.06587635848691997,0.16935972131883337,0.1781333980669702,4,84,82,2,86,1.0238095238095237,5,0.0004245000000082655
425,3,16,16,0.3333333333333333,0.6666666666666667,122,136,0.12312565107557931,0.09256291311983939,0.06495962630216312,6,156,148,8,212,1.358974358974359,7,0.0008467999996355502
426,3,2,16,0.3333333333333333,0.6666666666666667,24,24,0.29489221172951086,0.020311625010708566,-0.01725081200200867,2,28,28,0,10,0.35714285714285715,2,0.00012690000039583538
426,3,4,16,0.3333333333333333,0.6666666666666667,38,40,0.16603372401475736,0.04072745416688369,-0.03361002955998381,3,48,47,1,31,0.6458333333333334,3,0.00021860000015294645
426,3,8,16,0.3333333333333333,0.6666666666666667,66,72,0.07591773358688536,-0.042394433642250456,-0.15104256184729536,4,84,81,3,69,0.8214285714285714,4,0.00038609999865002465
426,3,16,16,0.3333333333333333,0.6666666666666667,122,136,0.168266470695459,-0.14006550614261482,-0.07728775449375787,7,160,153,7,231,1.44375,7,0.0009642000004532747
427,3,2,16,0.3333333333333333,0.6666666666666667,24,24,0.2638271159390005,0.1153733023471191,0.20592450582912342,2,28,28,0,10,0.35714285714285715,2,0.00013070000022707973
427,3,4,16,0.3333333333333333,0.6666666666666667,38,40,0.2019050640796254,0.0759641573306481,-0.07570037632938194,4,52,52,0,60,1.1538461538461537,4,0.0002660999998624902
427,3,8,16,0.3333333333333333,0.6666666666666667,66,72,0.052967486791156246,0.10726995538759272,0.09841961360503218,4,84,80,4,65,0.7738095238095238,4,0.00037599999996018596
427,3,16,16,0.3333333333333333,0.6666666666666667,122,136,-0.045282920825682735,0.04088009801720035,0.16976485808742697,6,156,146,10,170,1.0897435897435896,6,0.0007864000017434591
428,3,2,16,0.3333333333333333,0.6666666666666667,24,24,-0.14563829551531746,0.17232731674934057,-0.11815428659195634,2,28,28,0,10,0.35714285714285715,2,0.00013190000026952475
428,3,4,16,0.3333333333333333,0.6666666666666667,38,40,-0.166952889596451,0.12181029802655735,-0.05655940601604494,4,52,52,0,60,1.1538461538461537,4,0.0004136000006838003
428,3,8,16,0.3333333333333333,0.6666666666666667,66,72,-0.18541668748689522,-0.014461974521929597,0.00904979864089024,4,84,80,4,70,0.8333333333333334,4,0.0004336000001785578
428,3,16,16,0.3333333333333333,0.6666666666666667,122,136,-0.0011148867657432926,0.08379918735673708,-0.009153877337226606,7,160,151,9,237,1.48125,7,0.000912600000447128
429,3,2,16,0.3333333333333333,0.6666666666666667,24,24,0.08294265090338057,0.14584666827316725,0.4109425249413247,2,28,28,0,10,0.35714285714285715,2,0.000124399999549496
429,3,4,16,0.3333333333333333,0.6666666666666667,38,40,0.029253683545711354,0.10258233829186837,0.24616955356277767,2,44,42,2,12,0.2727272727272727,2,0.00016370000048482325
429,3,8,16,0.3333333333333333,0.6666666666666667,66,72,-0.03333452570494027,0.014231771280728419,0.2662774683246573,5,88,85,3,103,1.1704545454545454,5,0.0004564000009850133
429,3,16,16,0.3333333333333333,0.6666666666666667,122,136,-0.10286216688326731,-0.009940236269557711,0.19894078700329254,9,168,162,6,392,2.3333333333333335,9,0.0012045000003126916
430,3,2,16,0.3333333333333333,0.6666666666666667,24,24,-0.012842441095329934,-0.1725184269871114,0.38962756468349735,2,28,28,0,10,0.35714285714285715,2,0.000130899999930989
430,3,4,16,0.3333333333333333,0.6666666666666667,38,40,0.0368295474613108,-0.0917371061115994,0.12506915997735546,3,48,47,1,32,0.6666666666666666,3,0.00021489999926416203
430,3,8,16,0.3333333333333333,0.6666666666666667,66,72,0.08154845039506776,-0.07854735658450114,0.06546328880276324,4,84,81,3,76,0.9047619047619048,4,0.0003973000002588378
430,3,16,16,0.3333333333333333,0.6666666666666667,122,136,0.047400187076915824,-0.06997224169012214,0.052988233916487305,5,152,145,7,128,0.8421052631578947,5,0.0007217000002128771
431,3,2,16,0.3333333333333333,0.6666666666666667,24,24,-0.240961831070821,-0.006447234310840213,0.08401581095821908,2,28,28,0,10,0.35714285714285715,2,0.00013349999971978832
431,3,4,16,0.3333333333333333,0.6666666666666667,38,40,-0.03884540011497415,-0.03764345735644461,0.29363303992440043,3,48,47,1,31,0.6458333333333334,3,0.0002086000004055677
431,3,8,16,0.3333333333333333,0.6666666666666667,66,72,0.013529669933951317,0.011727401280991104,0.058229509176949655,5,88,86,2,107,1.2159090909090908,5,0.00046939999992900994
431,3,16,16,0.3333333333333333,0.6666666666666667,122,136,0.07003542106349595,-0.09966827857778678,-0.08495753547531755,5,152,143,9,129,0.8486842105263158,5,0.0007019999993644888
432,3,2,16,0.3333333333333333,0.6666666666666667,24,24,-0.33758647882107573,0.19508810227004164,0.14466009348724646,1,24,23,1,1,0.041666666666666664,1,9.920000047713984e-05
432,3,4,16,0.3333333333333333,0.6666666666666667,38,40,-0.2330457927141597,0.12284703626100586,0.1407640233313342,1,40,37,3,3,0.075,1,0.00013450000005832408
432,3,8,16,0.3333333333333333,0.6666666666666667,66,72,-0.06380275441760244,0.15747136518265112,0.03813017603045653,1,72,66,6,8,0.1111111111111111,1,0.00025009999990288634
432,3,16,16,0.3333333333333333,0.6666666666666667,122,136,-0.03328341175546749,0.17533774159717946,0.027400782319675028,4,148,137,11,106,0.7162162162162162,4,0.0006570000005012844
433,3,2,16,0.3333333333333333,0.6666666666666667,24,24,-0.18712678809802635,-0.10766843122867684,0.3251640666178974,2,28,28,0,10,0.35714285714285715,2,0.0001239000011992175
433,3,4,16,0.3333333333333333,0.6666666666666667,38,40,-0.12221791681088479,0.1607163655488661,0.14076669736140515,4,52,52,0,60,1.1538461538461537,4,0.0002849000011337921
433,3,8,16,0.3333333333333333,0.6666666666666667,66,72,-0.17308968346106732,0.06014300277840017,0.00012124558805060694,5,88,85,3,104,1.1818181818181819,5,0.00045649999992747325
433,3,16,16,0.3333333333333333,0.6666666666666667,122,136,0.10144425967150095,0.12125865640069014,-0.020564618256171813,10,172,166,6,461,2.6802325581395348,10,0.0013286999983392889
434,3,2,16,0.3333333333333333,0.6666666666666667,24,24,0.05604072734277184,-0.055595219633400035,0.11028049714215708,2,28,28,0,10,0.35714285714285715,2,0.0001224999996338738
434,3,4,16,0.3333333333333333,0.6666666666666667,38,40,-0.03657092407671808,0.03363904732463453,0.11697401274786762,3,48,47,1,32,0.6666666666666666,3,0.0002106000010826392
434,3,8,16,0.3333333333333333,0.6666666666666667,66,72,-0.09288475958552571,0.12936015491869798,-0.014084041318802303,4,84,81,3,68,0.8095238095238095,4,0.00038529999983438756
434,3,16,16,0.3333333333333333,0.6666666666666667,122,136,-0.05512169273130353,0.10474236006338222,0.110429341359394,7,160,152,8,235,1.46875,7,0.0009122000010393094
435,3,2,16,0.3333333333333333,0.6666666666666667,24,24,-0.35113454312391773,-0.11855996033106983,-0.04452698610836267,1,24,24,0,2,0.08333333333333333,1,0.00010930000098596793
435,3,4,16,0.3333333333333333,0.6666666666666667,38,40,-0.3032841430172432,-0.04622039568749366,0.08240780401672018,3,48,48,0,36,0.75,3,0.00022059999901102856
435,3,8,16,0.3333333333333333,0.6666666666666667,66,72,-0.2785459786511369,0.06780297739025193,0.20641580754422717,6,92,91,1,161,1.75,6,0.0005763000008300878
435,3,16,16,0.3333333333333333,0.6666666666666667,122,136,-0.16446586180658898,-0.00921077455345826,0.04484938629691938,7,160,151,9,232,1.45,7,0.0008920000000216532
436,3,2,16,0.3333333333333333,0.6666666666666667,24,24,0.011897589318804054,0.21263198162233218,-0.09899546013030647,1,24,23,1,1,0.041666666666666664,1,9.32000002649147e-05
436,3,4,16,0.3333333333333333,0.6666666666666667,38,40,0.09346431617923524,0.19220769392630288,-0.1726935106827856,2,44,42,2,12,0.2727272727272727,2,0.00017470000057073776
436,3,8,16,0.3333333333333333,0.6666666666666667,66,72,0.12468358231608488,0.13961607970139917,-0.07816115579004435,3,80,75,5,37,0.4625,3,0.0003164999998261919
436,3,16,16,0.3333333333333333,0.6666666666666667,122,136,0.10852940263696434,-0.06637930239234423,-0.025216032556094774,6,156,147,9,182,1.1666666666666667,6,0.0008006999996723607
437,3,2,16,0.3333333333333333,0.6666666666666667,24,24,-0.03625479200727647,0.30306774048027363,-0.10676871426108121,2,28,28,0,10,0.35714285714285715,2,0.00013339999895833898
437,3,4,16,0.3333333333333333,0.6666666666666667,38,40,-0.2150095343572173,0.2763290422676968,-0.15339400932100458,3,48,48,0,32,0.6666666666666666,3,0.00021559999913733918
437,3,8,16,0.3333333333333333,0.6666666666666667,66,72,-0.14653567910579826,0.17557988039400774,-0.1891951899571606,5,88,86,2,106,1.2045454545454546,5,0.0004606000002240762
437,3,16,16,0.3333333333333333,0.6666666666666667,122,136,-0.20443838851196752,0.03846565420257464,-0.22374432020322058,9,168,161,7,372,2.2142857142857144,9,0.0011716000008163974
438,3,2,16,0.3333333333333333,0.6666666666666667,24,24,-0.1904204921695271,0.029551598029349018,0.383666705270339,2,28,28,0,10,0.35714285714285715,2,0.00012450000031094532
438,3,4,16,0.3333333333333333,0.6666666666666667,38,40,-0.10361229896679837,0.27936476085887674,0.1319167741543532,4,52,52,0,60,1.1538461538461537,4,0.0002674999996088445
438,3,8,16,0.3333333333333333,0.6666666666666667,66,72,-0.05770573715926273,0.11091233375735692,0.17393551181445913,5,88,85,3,108,1.2272727272727273,5,0.0004864000002271496
438,3,16,16,0.3333333333333333,0.6666666666666667,122,136,-0.031192021037023836,0.08601287358958516,0.05894473448081844,7,160,151,9,226,1.4125,7,0.0009015000014187535
439,3,2,16,0.3333333333333333,0.6666666666666667,24,24,0.12203145551258289,-0.13166616315845903,0.3092572841435924,2,28,28,0,10,0.35714285714285715,2,0.00012339999921096023
439,3,4,16,0.3333333333333333,0.6666666666666667,38,40,-0.06235838944034059,0.061907663847964055,0.03379232466293154,4,52,52,0,60,1.1538461538461537,4,0.00026699999943957664
439,3,8,16,0.3333333333333333,0.6666666666666667,66,72,0.0384750095876856,-0.027959581365433757,0.020462150256650574,3,80,75,5,35,0.4375,3,0.0003259999994043028
439,3,16,16,0.3333333333333333,0.6666666666666667,122,136,0.04626961097718091,-0.14189761881043517,0.05924255274474825,5,152,141,11,113,0.743421052631579,5,0.0006697000007989118
440,3,2,16,0.3333333333333333,0.6666666666666667,24,24,0.05703159219957097,-0.2111139716421862,0.08932950664645907,2,28,28,0,10,0.35714285714285715,2,0.00012649999916902743
440,3,4,16,0.3333333333333333,0.6666666666666667,38,40,0.1974600525011367,-0.02415338273527104,0.21669914062380977,4,52,52,0,60,1.1538461538461537,4,0.0002858000007108785
440,3,8,16,0.3333333333333333,0.6666666666666667,66,72,0.20488501656818411,0.024316240525453708,0.16172660569940192,5,88,85,3,106,1.2045454545454546,5,0.0004616999995050719
440,3,16,16,0.3333333333333333,0.6666666666666667,122,136,0.048880856742637424,0.0319633248986084,-0.07537431498330945,8,164,156,8,300,1.829268292682927,8,0.0010271999999531545
441,3,2,16,0.3333333333333333,0.6666666666666667,24,24,-0.06673429246150227,0.22416959133805728,-0.2802309020090374,2,28,28,0,10,0.35714285714285715,2,0.0001238999993802281
441,3,4,16,0.3333333333333333,0.6666666666666667,38,40,0.005210111432033038,0.195582515657407,-0.32591107184392515,3,48,47,1,31,0.6458333333333334,3,0.0002074999993055826
441,3,8,16,0.3333333333333333,0.6666666666666667,66,72,-0.14707196309210396,0.15569603049430508,-0.12183169587118307,4,84,80,4,71,0.8452380952380952,4,0.00039010000000416767
441,3,16,16,0.3333333333333333,0.6666666666666667,122,136,-0.06128271241122697,0.07059440644633855,-0.03118970133339296,8,164,157,7,324,1.975609756097561,8,0.0010623000016494188
442,3,2,16,0.3333333333333333,0.6666666666666667,24,24,0.06241558121108883,-0.2607105254139969,-0.06509485655494829,2,28,28,0,10,0.35714285714285715,2,0.0001218999987031566
442,3,4,16,0.3333333333333333,0.6666666666666667,38,40,0.18125526539741185,-0.1623099264702524,-0.06705938854847149,2,44,42,2,12,0.2727272727272727,2,0.00016490000052726828
442,3,8,16,0.3333333333333333,0.6666666666666667,66,72,-0.072095590917455,-0.23016337008771562,0.022614464887720544,6,92,90,2,154,1.673913043478261,6,0.0005473000001074979
442,3,16,16,0.3333333333333333,0.6666666666666667,122,136,0.0447285802030912,-0.2342927368078883,-0.049724912372992,7,160,151,9,225,1.40625,7,0.0008818999995128252
443,3,2,16,0.3333333333333333,0.6666666666666667,24,24,-0.06696943437525402,-0.1610644623030477,-0.23752853537923943,2,28,28,0,10,0.35714285714285715,2,0.000121900000522146
443,3,4,16,0.3333333333333333,0.6666666666666667,38,40,-0.227817105184883,-0.18078711369151776,-0.1892497299286681,3,48,47,1,32,0.6666666666666666,3,0.000210000000151922
443,3,8,16,0.3333333333333333,0.6666666666666667,66,72,-0.24743453732619372,-0.059385858378060374,0.018986797376162216,5,88,85,3,107,1.2159090909090908,5,0.0004679000012401957
443,3,16,16,0.3333333333333333,0.6666666666666667,122,136,-0.09749508595786913,0.02749210736420785,0.09314106930713792,3,144,131,13,64,0.4444444444444444,3,0.0005661000013787998
444,3,2,16,0.3333333333333333,0.6666666666666667,24,24,-0.6666953996294332,0.13676217740315708,-0.03614094262690949,2,28,28,0,10,0.35714285714285715,2,0.00012679999963438604
444,3,4,16,0.3333333333333333,0.6666666666666667,38,40,-0.2995814508854454,0.11444426545373987,-0.13831664229025029,3,48,47,1,33,0.6875,3,0.00021190000006754417
444,3,8,16,0.3333333333333333,0.6666666666666667,66,72,-0.09375633872414402,0.0839672493228608,-0.07279795554076779,3,80,75,5,37,0.4625,3,0.0003265000013925601
444,3,16,16,0.3333333333333333,0.6666666666666667,122,136,0.0011987017003229573,0.015978441874385865,-0.0445862498901938,3,144,131,13,45,0.3125,3,0.0005306000002747169
445,3,2,16,0.3333333333333333,0.6666666666666667,24,24,-0.16566631166237228,-0.16996776941490524,-0.1681166511501804,2,28,28,0,10,0.35714285714285715,2,0.0001277999999729218
445,3,4,16,0.3333333333333333,0.6666666666666667,38,40,-0.08028427147596258,-0.2695967434844867,-0.23584034988979424,2,44,42,2,12,0.2727272727272727,2,0.00016430000141554046
445,3,8,16,0.3333333333333333,0.6666666666666667,66,72,-0.029533724095959314,-0.06561644208391895,-0.24929421453585002,4,84,80,4,66,0.7857142857142857,4,0.0003907999998773448
445,3,16,16,0.3333333333333333,0.6666666666666667,122,136,0.1122058695970275,-0.062437006686884455,-0.13375308725014334,6,156,146,10,168,1.0769230769230769,6,0.0007753000008960953
446,3,2,16,0.3333333333333333,0.6666666666666667,24,24,0.09530206333856311,-0.10515521074126406,0.14519128986716026,2,28,28,0,10,0.35714285714285715,2,0.00012090000018361025
446,3,4,16,0.3333333333333333,0.6666666666666667,38,40,0.18915516584031045,0.11676125663700693,0.19532098908776968,1,40,38,2,4,0.1,1,0.00013789999866276048
446,3,8,16,0.3333333333333333,0.6666666666666667,66,72,0.14379425108277485,0.008290175206464176,0.03084283355969706,3,80,76,4,36,0.45,3,0.0003223999992769677
446,3,16,16,0.3333333333333333,0.6666666666666667,122,136,0.07594818417334444,0.047658030312463524,-0.00950762384289992,6,156,147,9,161,1.0320512820512822,6,0.0007695000003877794
447,3,2,16,0.3333333333333333,0.6666666666666667,24,24,-0.24490907812222684,0.03445234803979901,0.22222083505876394,2,28,28,0,10,0.35714285714285715,2,0.00012130000141041819
447,3,4,16,0.3333333333333333,0.6666666666666667,38,40,-0.17366792202688205,0.09759678236151968,0.2635129814902713,3,48,47,1,33,0.6875,3,0.0002227000004495494
447,3,8,16,0.3333333333333333,0.6666666666666667,66,72,-0.2511610916691887,0.14349206955315913,0.022760700935888476,6,92,90,2,162,1.7608695652173914,6,0.0005588000003626803
447,3,16,16,0.3333333333333333,0.6666666666666667,122,136,-0.05545359612263095,-0.024474218211822604,0.021992407892674586,10,172,166,6,498,2.895348837209302,10,0.0013736000000790227
448,3,2,16,0.3333333333333333,0.6666666666666667,24,24,0.021161617314287503,-0.06375004446633,0.37314059632993973,1,24,24,0,2,0.08333333333333333,1,9.59999997576233e-05
448,3,4,16,0.3333333333333333,0.6666666666666667,38,40,-0.01567529066645677,0.08066416665794438,0.027711256027962462,2,44,42,2,14,0.3181818181818182,2,0.00016710000090824906
448,3,8,16,0.3333333333333333,0.6666666666666667,66,72,0.09600538567922282,-0.022068716958402904,-0.04050557341654926,5,88,85,3,106,1.2045454545454546,5,0.00045900000077381264
448,3,16,16,0.3333333333333333,0.6666666666666667,122,136,0.12934423900924624,-0.020113006638953008,0.005409839549574198,7,160,152,8,236,1.475,7,0.0008981999999377877
449,3,2,16,0.3333333333333333,0.6666666666666667,24,24,-0.2904712754378603,-0.14929140698976817,0.11569646029819991,2,28,28,0,10,0.35714285714285715,2,0.00012260000039532315
449,3,4,16,0.3333333333333333,0.6666666666666667,38,40,-0.008273444578022092,0.047010928412546074,0.21120655175404357,2,44,42,2,13,0.29545454545454547,2,0.000164700000823359
449,3,8,16,0.3333333333333333,0.6666666666666667,66,72,0.0389177724228467,-0.07547720829576142,0.052650833051327985,2,76,70,6,17,0.2236842105263158,2,0.00027570000020205043
449,3,16,16,0.3333333333333333,0.6666666666666667,122,136,-0.00997811655155322,-0.05616838305934411,0.030038779580773365,4,148,136,12,75,0.5067567567567568,4,0.0006073000004107598
450,3,2,16,0.3333333333333333,0.6666666666666667,24,24,0.11633679483767745,0.26033797137781783,0.14238247039913424,2,28,28,0,10,0.35714285714285715,2,0.00019380000048840884
450,3,4,16,0.3333333333333333,0.6666666666666667,38,40,0.0792375987859305,0.16949788725092285,0.05705837632954425,4,52,52,0,60,1.1538461538461537,4,0.0004046000012749573
450,3,8,16,0.3333333333333333,0.6666666666666667,66,72,-0.0038970048682465453,0.18494882904995028,0.029633847544871188,5,88,85,3,106,1.2045454545454546,5,0.0004642000003514113
450,3,16,16,0.3333333333333333,0.6666666666666667,122,136,0.019969978290192918,0.16519391155679858,0.09740802639399812,3,144,133,11,73,0.5069444444444444,4,0.0006081000010453863
451,3,2,16,0.3333333333333333,0.6666666666666667,24,24,-0.056129298077343126,0.21510574744939984,0.1468430419064167,2,28,28,0,10,0.35714285714285715,2,0.00011970000014116522
451,3,4,16,0.3333333333333333,0.6666666666666667,38,40,-0.01637723025468512,0.058982791029736546,0.025466913348722798,3,48,47,1,31,0.6458333333333334,3,0.00020980000044801272
451,3,8,16,0.3333333333333333,0.6666666666666667,66,72,-0.07322684128874143,0.07230554532121117,0.16488585948982767,4,84,80,4,69,0.8214285714285714,4,0.0003816999997070525
451,3,16,16,0.3333333333333333,0.6666666666666667,122,136,-0.039514151236203617,-0.03242597418976549,0.14219851542555612,5,152,141,11,127,0.8355263157894737,5,0.0006875999988551484
452,3,2,16,0.3333333333333333,0.6666666666666667,24,24,0.1401373021623903,0.10206780239967803,0.043022060783597486,2,28,28,0,10,0.35714285714285715,2,0.00012009999954898376
452,3,4,16,0.3333333333333333,0.6666666666666667,38,40,0.3721758763860075,-0.03851595426056036,-0.13788551045699143,4,52,52,0,60,1.1538461538461537,4,0.00027969999973720405
452,3,8,16,0.3333333333333333,0.6666666666666667,66,72,0.20109574758328563,-0.000739158940085802,0.07597240281875593,8,100,100,0,280,2.8,8,0.0008063000004767673
452,3,16,16,0.3333333333333333,0.6666666666666667,122,136,0.027863077936062224,0.011361409551900554,0.07389115885068802,5,152,144,8,140,0.9210526315789473,5,0.0007194999998318963
453,3,2,16,0.3333333333333333,0.6666666666666667,24,24,0.0924996583693857,0.027056725086991026,-0.23215390707724382,1,24,23,1,1,0.041666666666666664,1,9.15000000532018e-05
453,3,4,16,0.3333333333333333,0.6666666666666667,38,40,0.03922653167884622,-0.021304103628690382,-0.1639843505169944,3,48,47,1,31,0.6458333333333334,3,0.00020930000027874485
453,3,8,16,0.3333333333333333,0.6666666666666667,66,72,0.04054380675283969,-0.0864126373304268,-0.14473378382764024,4,84,80,4,65,0.7738095238095238,4,0.00037850000080652535
453,3,16,16,0.3333333333333333,0.6666666666666667,122,136,0.056311213072400466,-0.043334976381108774,-0.2246527488000076,7,160,152,8,243,1.51875,7,0.0009124000007432187
454,3,2,16,0.3333333333333333,0.6666666666666667,24,24,0.07342527141400697,0.018207113526895403,0.2547935064104498,2,28,28,0,10,0.35714285714285715,2,0.00012239999887242448
454,3,4,16,0.3333333333333333,0.6666666666666667,38,40,0.0031243291493963984,-0.052189923154436824,0.3981933779310514,4,52,52,0,60,1.1538461538461537,4,0.0002628999991429737
454,3,8,16,0.3333333333333333,0.6666666666666667,66,72,0.08684286952069956,-0.014236243820415282,0.2955175189640684,2,76,70,6,22,0.2894736842105263,2,0.0002820999998220941
454,3,16,16,0.3333333333333333,0.6666666666666667,122,136,0.05804183320614734,0.08359750783501874,0.13053788841395328,3,144,131,13,56,0.3888888888888889,3,0.000561099999686121
455,3,2,16,0.3333333333333333,0.6666666666666667,24,24,0.09687342956267482,0.2457287216724956,0.04551682166113869,2,28,28,0,10,0.35714285714285715,2,0.00011960000119870529
455,3,4,16,0.3333333333333333,0.6666666666666667,38,40,0.01495892918192318,0.004600676846909236,0.12098967963512948,3,48,47,1,32,0.6666666666666666,3,0.00020869999934802763
455,3,8,16,0.3333333333333333,0.6666666666666667,66,72,0.012201318082882679,-0.0069295955561931005,0.23401969691387337,5,88,86,2,107,1.2159090909090908,5,0.00046130000009725336
455,3,16,16,0.3333333333333333,0.6666666666666667,122,136,-0.007903765441582824,0.08696932912274563,0.09492826120780974,6,156,147,9,172,1.1025641025641026,6,0.000794300000052317
456,3,2,16,0.3333333333333333,0.6666666666666667,24,24,-0.10216641261017916,0.1195914908006841,0.008722328139935783,1,24,23,1,1,0.041666666666666664,1,9.250000039173756e-05
456,3,4,16,0.3333333333333333,0.6666666666666667,38,40,0.0019300786032391574,-0.09977701129309138,0.05427445815622858,3,48,47,1,32,0.6666666666666666,3,0.00020679999943240546
456,3,8,16,0.3333333333333333,0.6666666666666667,66,72,-0.06718484335877024,-0.09465577275385903,0.02545401774621897,5,88,85,3,105,1.1931818181818181,5,0.00045839999984309543
456,3,16,16,0.3333333333333333,0.6666666666666667,122,136,-0.06337257937704721,0.007497281644983423,-0.009457470078247333,5,152,141,11,114,0.75,5,0.0006663999993179459
457,3,2,16,0.3333333333333333,0.6666666666666667,24,24,-0.12187250811013157,-0.1487463317655512,0.45828997364362756,2,28,28,0,10,0.35714285714285715,2,0.00012210000022605527
457,3,4,16,0.3333333333333333,0.6666666666666667,38,40,-0.04857756306066177,-0.1496249566194484,0.3022985781039969,2,44,43,1,16,0.36363636363636365,2,0.0001711999993858626
457,3,8,16,0.3333333333333333,0.6666666666666667,66,72,0.08670446144926695,-0.09563485257123684,0.15550127830851027,3,80,76,4,41,0.5125,3,0.00032620000092720147
457,3,16,16,0.3333333333333333,0.6666666666666667,122,136,0.014105731930793288,-0.0007429109244529358,0.11369076287001381,3,144,133,11,51,0.3541666666666667,3,0.0005481000007421244
458,3,2,16,0.3333333333333333,0.6666666666666667,24,24,-0.32872845399684986,-0.3012708911663189,0.1748756628882365,2,28,28,0,10,0.35714285714285715,2,0.00011819999963336159
458,3,4,16,0.3333333333333333,0.6666666666666667,38,40,-0.14046279322460342,-0.15891787041468164,0.11134969301266015,2,44,42,2,12,0.2727272727272727,2,0.00016140000116138253
458,3,8,16,0.3333333333333333,0.6666666666666667,66,72,-0.23327978043044953,-0.05117332489932921,0.15810455229908818,4,84,80,4,64,0.7619047619047619,4,0.00037599999996018596
458,3,16,16,0.3333333333333333,0.6666666666666667,122,136,-0.06204895587633271,-0.12435262194046287,-0.07250964970816157,7,160,151,9,219,1.36875,7,0.0008672000003571156
459,3,2,16,0.3333333333333333,0.6666666666666667,24,24,-0.32523962941750717,-0.11110694703499144,0.2480689573818528,2,28,28,0,10,0.35714285714285715,2,0.00012269999933778308
459,3,4,16,0.3333333333333333,0.6666666666666667,38,40,-0.32142963173688927,-0.09558745681000089,-0.021639786976988245,3,48,47,1,32,0.6666666666666666,3,0.00020810000023629982
459,3,8,16,0.3333333333333333,0.6666666666666667,66,72,-0.1838537567089548,-0.0338759784626735,-0.10615379262546995,3,80,75,5,37,0.4625,3,0.0003298999999969965
459,3,16,16,0.3333333333333333,0.6666666666666667,122,136,-0.10940741629361572,-0.013735977607837367,-0.035026801755613575,5,152,142,10,122,0.8026315789473685,5,0.0006914000005053822
460,3,2,16,0.3333333333333333,0.6666666666666667,24,24,-0.03477946300656721,0.4849640684902369,0.07364501885905526,1,24,23,1,1,0.041666666666666664,1,9.380000119563192e-05
460,3,4,16,0.3333333333333333,0.6666666666666667,38,40,-0.10367989121689608,0.09147698688492344,0.023812696580713524,2,44,42,2,12,0.2727272727272727,2,0.0001640999998926418
460,3,8,16,0.3333333333333333,0.6666666666666667,66,72,-0.07149287012709413,0.09131035740927013,-0.03431884616583934,3,80,75,5,35,0.4375,3,0.0003338999995321501
460,3,16,16,0.3333333333333333,0.6666666666666667,122,136,-0.0013610683508043472,0.10696261124276328,0.0245053573909132,3,144,131,13,44,0.3055555555555556,3,0.0005347999995137798
461,3,2,16,0.3333333333333333,0.6666666666666667,24,24,-0.27941322241415245,0.2685062315058229,-0.31634613072120055,1,24,23,1,1,0.041666666666666664,1,9.030000001075678e-05
461,3,4,16,0.3333333333333333,0.6666666666666667,38,40,-0.2802934349329434,0.17776439065113164,-0.15679927111248745,3,48,47,1,31,0.6458333333333334,3,0.00020510000103968196
461,3,8,16,0.3333333333333333,0.6666666666666667,66,72,-0.1443693462312925,0.059428328253882536,-0.0574875072728604,4,84,80,4,64,0.7619047619047619,4,0.0003800999984377995
461,3,16,16,0.3333333333333333,0.6666666666666667,122,136,-0.18667969726658282,0.04571340259249062,0.029913753859558113,5,152,141,11,118,0.7763157894736842,5,0.0006869000008009607
462,3,2,16,0.3333333333333333,0.6666666666666667,24,24,0.30757612135394113,0.08917467998322214,-0.25975211055809605,2,28,28,0,10,0.35714285714285715,2,0.00012009999954898376
462,3,4,16,0.3333333333333333,0.6666666666666667,38,40,0.16097804264047152,-0.12136645310162399,-0.31225187139525395,3,48,47,1,32,0.6666666666666666,3,0.00021019999985583127
462,3,8,16,0.3333333333333333,0.6666666666666667,66,72,0.1571041119187631,-0.24866116203164101,-0.20332073202220696,5,88,86,2,111,1.2613636363636365,5,0.00047280000035243575
462,3,16,16,0.3333333333333333,0.6666666666666667,122,136,0.09439087909889478,-0.12167137904228467,-0.15304102200992192,10,172,167,5,486,2.8255813953488373,10,0.0013441999999486143
463,3,2,16,0.3333333333333333,0.6666666666666667,24,24,0.15535705260033697,0.03910756474667958,-0.19321099771748235,1,24,23,1,1,0.041666666666666664,1,9.270000009564683e-05
463,3,4,16,0.3333333333333333,0.6666666666666667,38,40,0.20486091787597854,-0.0764460987825187,-0.17088833632178133,3,48,47,1,31,0.6458333333333334,3,0.0002106000010826392
463,3,8,16,0.3333333333333333,0.6666666666666667,66,72,0.2850096635863082,-0.13974406260265626,-0.09127239811703952,5,88,85,3,107,1.2159090909090908,5,0.00045680000039283186
463,3,16,16,0.3333333333333333,0.6666666666666667,122,136,0.17069749319119062,-0.024266991407504115,0.0158745021974327,9,168,161,7,397,2.363095238095238,9,0.0012230000011186348
464,3,2,16,0.3333333333333333,0.6666666666666667,24,24,0.237808820318457,-0.29583114196255755,-0.19662696475941563,1,24,23,1,1,0.041666666666666664,1,9.259999933419749e-05
464,3,4,16,0.3333333333333333,0.6666666666666667,38,40,-0.003761256465355564,-0.12696548991413784,-0.25216181146305666,2,44,42,2,13,0.29545454545454547,2,0.00016350000078091398
464,3,8,16,0.3333333333333333,0.6666666666666667,66,72,0.10780739613501944,-0.16661607927517355,-0.10131433946574553,4,84,80,4,66,0.7857142857142857,4,0.0003766999998333631
464,3,16,16,0.3333333333333333,0.6666666666666667,122,136,0.04133546855298809,-0.13261891716166446,-0.0816889088790242,7,160,151,9,225,1.40625,7,0.000876300000527408
465,3,2,16,0.3333333333333333,0.6666666666666667,24,24,0.176449914969661,0.18669919410442096,-0.09530474777103987,1,24,23,1,1,0.041666666666666664,1,9.140000111074187e-05
465,3,4,16,0.3333333333333333,0.6666666666666667,38,40,0.0664667873856211,0.12578994816967626,0.014710842904261417,2,44,42,2,12,0.2727272727272727,2,0.00016820000018924475
465,3,8,16,0.3333333333333333,0.6666666666666667,66,72,0.06403480776719694,0.016854298202397977,0.07733595343593362,3,80,75,5,41,0.5125,3,0.0003226000007998664
465,3,16,16,0.3333333333333333,0.6666666666666667,122,136,0.021321546627343202,0.11062270420265295,0.07280663263255248,4,148,137,11,86,0.581081081081081,4,0.0006138999997347128
466,3,2,16,0.3333333333333333,0.6666666666666667,24,24,-0.09691233432429543,0.0026748874722845504,0.13878348342863778,1,24,23,1,1,0.041666666666666664,1,9.349999891128391e-05
466,3,4,16,0.3333333333333333,0.6666666666666667,38,40,-0.018393319111517578,0.02122470025770603,0.12357477104784587,2,44,42,2,12,0.2727272727272727,2,0.00016419999883510172
466,3,8,16,0.3333333333333333,0.6666666666666667,66,72,0.15095457079682145,0.10778861857323804,0.2143416953614135,4,84,80,4,64,0.7619047619047619,4,0.0003711000008479459
466,3,16,16,0.3333333333333333,0.6666666666666667,122,136,0.07464487175592949,-0.06633897983017828,0.0781003434667526,6,156,146,10,160,1.0256410256410255,6,0.0007535000004281756
467,3,2,16,0.3333333333333333,0.6666666666666667,24,24,0.1552324624183403,-0.089658471289615,-0.3361525055275647,1,24,23,1,1,0.041666666666666664,1,9.389999831910245e-05
467,3,4,16,0.3333333333333333,0.6666666666666667,38,40,0.1429636728556925,-0.16438887967526636,-0.30889364768811367,2,44,42,2,12,0.2727272727272727,2,0.00016259999938483816
467,3,8,16,0.3333333333333333,0.6666666666666667,66,72,0.10499234747079056,-0.14387115673907416,-0.07774312873635358,4,84,80,4,66,0.7857142857142857,4,0.00039140000080806203
467,3,16,16,0.3333333333333333,0.6666666666666667,122,136,0.0820088654802328,-0.009542737669038275,0.03633484821307646,5,152,141,11,123,0.8092105263157895,5,0.00068950000058976
468,3,2,16,0.3333333333333333,0.6666666666666667,24,24,0.11952754995075537,0.3242899309425014,0.29684361350844846,2,28,28,0,10,0.35714285714285715,2,0.00011980000090261456
468,3,4,16,0.3333333333333333,0.6666666666666667,38,40,0.10541101965958201,0.08145074810448408,0.13991982905329112,4,52,52,0,60,1.1538461538461537,4,0.00026619999880495016
468,3,8,16,0.3333333333333333,0.6666666666666667,66,72,0.1155612011618355,0.0771538352598114,0.08630877774131329,6,92,90,2,156,1.6956521739130435,6,0.000559899999643676
468,3,16,16,0.3333333333333333,0.6666666666666667,122,136,0.025652096667642992,0.021043215193074824,0.17587380957855314,6,156,149,7,196,1.2564102564102564,6,0.0008249999991676304
469,3,2,16,0.3333333333333333,0.6666666666666667,24,24,-0.034224834875254025,-0.308001137755425,-0.0745655833509521,1,24,23,1,1,0.041666666666666664,1,9.160000081465114e-05
469,3,4,16,0.3333333333333333,0.6666666666666667,38,40,0.06854837022033299,0.03530122867981782,-0.21315870700359543,3,48,47,1,31,0.6458333333333334,3,0.0002058000009128591
469,3,8,16,0.3333333333333333,0.6666666666666667,66,72,0.07954820927766833,-0.043412009922902534,-0.22620108896536908,4,84,80,4,70,0.8333333333333334,4,0.00037929999962216243
469,3,16,16,0.3333333333333333,0.6666666666666667,122,136,0.12089831602761349,0.03583409193549055,-0.14228332858927736,8,164,156,8,291,1.774390243902439,8,0.0009988999991037417
470,3,2,16,0.3333333333333333,0.6666666666666667,24,24,-0.32933545576065437,-0.20578014108112408,0.007094326803558112,2,28,28,0,10,0.35714285714285715,2,0.00012349999997240957
470,3,4,16,0.3333333333333333,0.6666666666666667,38,40,-0.19706429703691475,-0.04545210137230733,0.0012977055010940776,3,48,47,1,31,0.6458333333333334,3,0.00020740000036312267
470,3,8,16,0.3333333333333333,0.6666666666666667,66,72,-0.13471934884557293,0.08800225851631632,-0.06478136004605937,5,88,85,3,103,1.1704545454545454,5,0.0004759999992529629
470,3,16,16,0.3333333333333333,0.6666666666666667,122,136,-0.07401188294846035,-0.0003479424199347802,-0.04965814509788169,7,160,151,9,227,1.41875,7,0.0008853999988787109
471,3,2,16,0.3333333333333333,0.6666666666666667,24,24,-0.14459845330696233,0.16864454811940938,-0.292635560364475,2,28,28,0,10,0.35714285714285715,2,0.00011969999832217582
471,3,4,16,0.3333333333333333,0.6666666666666667,38,40,-0.20644700325822735,0.19943333912927427,-0.10202870262210938,4,52,52,0,60,1.1538461538461537,4,0.00026219999926979654
471,3,8,16,0.3333333333333333,0.6666666666666667,66,72,-0.20435840878621017,0.19869452189385095,-0.07104111154864039,4,84,82,2,74,0.8809523809523809,4,0.0003949000001739478
471,3,16,16,0.3333333333333333,0.6666666666666667,122,136,-0.04454127901008949,-0.015879398776755035,-0.07090953663987576,6,156,149,7,181,1.1602564102564104,6,0.0007994999996299157
472,3,2,16,0.3333333333333333,0.6666666666666667,24,24,0.10047800530064213,-0.27436951667033854,-0.13722845145292586,2,28,28,0,10,0.35714285714285715,2,0.0001188000005640788
472,3,4,16,0.3333333333333333,0.6666666666666667,38,40,0.236832625313479,-0.12965948477187736,-0.14897122290378495,4,52,52,0,60,1.1538461538461537,4,0.0002662999995663995
472,3,8,16,0.3333333333333333,0.6666666666666667,66,72,0.1502331116492662,-0.10737597707653089,0.09848659157729363,4,84,80,4,69,0.8214285714285714,4,0.00038529999983438756
472,3,16,16,0.3333333333333333,0.6666666666666667,122,136,-0.029320512923389018,-0.12166846266661134,0.1462839181300393,6,156,146,10,174,1.1153846153846154,6,0.000774799998907838
473,3,2,16,0.3333333333333333,0.6666666666666667,24,24,-0.44753812013605193,-0.18326075951485563,-0.030683450991002562,2,28,28,0,10,0.35714285714285715,2,0.00012369999967631884
473,3,4,16,0.3333333333333333,0.6666666666666667,38,40,-0.34230247906783573,-0.09326095634334286,-0.021525117185778365,4,52,52,0,60,1.1538461538461537,4,0.000262999999904423
473,3,8,16,0.3333333333333333,0.6666666666666667,66,72,-0.20621845416227433,-0.0787739512241492,-0.06293560069148811,6,92,90,2,158,1.7173913043478262,6,0.0005820999995194143
473,3,16,16,0.3333333333333333,0.6666666666666667,122,136,-0.19513158491996666,-0.0796903081337317,0.07102985338757777,8,164,158,6,338,2.0609756097560976,9,0.001068400000804104
474,3,2,16,0.3333333333333333,0.6666666666666667,24,24,-0.30134039817991065,-0.3133936035894826,-0.18907892924754074,2,28,28,0,10,0.35714285714285715,2,0.0001236000007338589
474,3,4,16,0.3333333333333333,0.6666666666666667,38,40,-0.30555256063793623,-0.3322344570478086,0.05057870142573637,3,48,48,0,34,0.7083333333333334,3,0.0002175999998144107
474,3,8,16,0.3333333333333333,0.6666666666666667,66,72,-0.21240434137098782,-0.10936338428092832,-0.13461171151037385,7,96,96,0,214,2.2291666666666665,7,0.0006496999994851649
474,3,16,16,0.3333333333333333,0.6666666666666667,122,136,-0.17322936402005265,-0.13329367991512886,-0.09894727101224969,7,160,153,7,240,1.5,7,0.0009057999996002764
475,3,2,16,0.3333333333333333,0.6666666666666667,24,24,-0.09606868214422574,-0.18841913731703766,0.44835650587112574,2,28,28,0,10,0.35714285714285715,2,0.00011850000009872019
475,3,4,16,0.3333333333333333,0.6666666666666667,38,40,-0.007634141452198926,-0.07743612728999637,0.26152769774691964,4,52,52,0,60,1.1538461538461537,4,0.00026509999952395447
475,3,8,16,0.3333333333333333,0.6666666666666667,66,72,0.08755661532527455,-0.06579172225458357,0.02726166838069797,5,88,86,2,106,1.2045454545454546,5,0.00045839999984309543
475,3,16,16,0.3333333333333333,0.6666666666666667,122,136,0.003441865738914538,-0.06949547919018426,0.09392862730517293,7,160,152,8,234,1.4625,7,0.0008911999993870268
476,3,2,16,0.3333333333333333,0.6666666666666667,24,24,-0.022884909265354546,-0.2660770128738898,-0.25985489637695774,2,28,28,0,10,0.35714285714285715,2,0.00012009999954898376
476,3,4,16,0.3333333333333333,0.6666666666666667,38,40,-0.15272774574571177,-0.1861861816726702,-0.10090343709885662,3,48,47,1,31,0.6458333333333334,3,0.00028170000041427556
476,3,8,16,0.3333333333333333,0.6666666666666667,66,72,-0.0004049080153191576,0.011624971435521918,-0.12955693844219462,4,84,80,4,67,0.7976190476190477,4,0.0004353000003902707
476,3,16,16,0.3333333333333333,0.6666666666666667,122,136,-0.060375643990302784,0.06285247905184797,-0.002393045632864517,2,140,127,13,25,0.17857142857142858,2,0.00048210000022663735
477,3,2,16,0.3333333333333333,0.6666666666666667,24,24,0.2844387121172904,-0.39509638374107847,-0.12479590208728165,2,28,28,0,10,0.35714285714285715,2,0.00012109999988751952
477,3,4,16,0.3333333333333333,0.6666666666666667,38,40,0.01885879999710533,-0.1544183329170386,-0.03860326403896941,3,48,48,0,32,0.6666666666666666,3,0.0002089000008709263
477,3,8,16,0.3333333333333333,0.6666666666666667,66,72,-0.14108440943691683,0.06369198366991831,-0.08722188590635505,4,84,82,2,70,0.8333333333333334,4,0.0003946999986510491
477,3,16,16,0.3333333333333333,0.6666666666666667,122,136,-0.07179134490751177,0.04144429218004314,-0.11845766652070604,7,160,153,7,243,1.51875,7,0.0009061999990080949
478,3,2,16,0.3333333333333333,0.6666666666666667,24,24,0.12358371729472305,-0.2005700229817274,-0.2169101161086366,1,24,23,1,1,0.041666666666666664,1,9.130000034929253e-05
478,3,4,16,0.3333333333333333,0.6666666666666667,38,40,0.06952631420280732,-0.06748774829273704,0.08407796687797281,2,44,42,2,12,0.2727272727272727,2,0.00016700000014679972
478,3,8,16,0.3333333333333333,0.6666666666666667,66,72,0.0625049008936391,-0.1854144674456177,0.07335549585048087,6,92,90,2,153,1.6630434782608696,6,0.0005418000000645407
478,3,16,16,0.3333333333333333,0.6666666666666667,122,136,0.05286679718659923,-0.05486336267206898,-0.016668507810182934,8,164,157,7,309,1.8841463414634145,8,0.0010242000007565366
479,3,2,16,0.3333333333333333,0.6666666666666667,24,24,-0.06769351849433201,-0.2653823853702704,-0.019094320871703263,1,24,23,1,1,0.041666666666666664,1,9.32000002649147e-05
479,3,4,16,0.3333333333333333,0.6666666666666667,38,40,0.015743204026555588,-0.05504992822965124,0.10820527511375824,3,48,47,1,31,0.6458333333333334,3,0.00023460000011255033
479,3,8,16,0.3333333333333333,0.6666666666666667,66,72,0.014301527102180668,0.08519142308572564,0.1456542250860566,6,92,90,2,153,1.6630434782608696,6,0.0005550999994738959
479,3,16,16,0.3333333333333333,0.6666666666666667,122,136,0.05141772347598511,0.01911722628324043,0.17856703908120353,9,168,161,7,371,2.2083333333333335,9,0.0011618999997153878
480,3,2,16,0.3333333333333333,0.6666666666666667,24,24,0.06429955977619221,-0.017748085514050823,0.0009310167765695258,2,28,28,0,10,0.35714285714285715,2,0.00012130000141041819
480,3,4,16,0.3333333333333333,0.6666666666666667,38,40,-0.06427923841723797,0.09055356117587632,-0.09138776552368907,3,48,47,1,32,0.6666666666666666,3,0.00020679999943240546
480,3,8,16,0.3333333333333333,0.6666666666666667,66,72,-0.11185991408997058,0.03290364446185307,-0.0650706461475776,3,80,76,4,48,0.6,3,0.0003424000005907146
480,3,16,16,0.3333333333333333,0.6666666666666667,122,136,0.021545371556390698,-0.05576061304627944,-0.1152889616601277,9,168,161,7,386,2.2976190476190474,9,0.0011573000010685064
481,3,2,16,0.3333333333333333,0.6666666666666667,24,24,-0.17079134788544892,0.1342902600934286,0.37063930182548765,2,28,28,0,10,0.35714285714285715,2,0.00011979999908362515
481,3,4,16,0.3333333333333333,0.6666666666666667,38,40,-0.011858688113044719,0.03559356856420827,0.3412052246539295,3,48,47,1,31,0.6458333333333334,3,0.00021179999930609483
481,3,8,16,0.3333333333333333,0.6666666666666667,66,72,0.15478308538314936,0.05357400356747776,0.13538814196110058,3,80,75,5,38,0.475,3,0.00031800000033399556
481,3,16,16,0.3333333333333333,0.6666666666666667,122,136,-0.02248181269715471,-0.07203227341464943,-0.008294941236154707,5,152,142,10,126,0.8289473684210527,5,0.0006910000010975637
482,3,2,16,0.3333333333333333,0.6666666666666667,24,24,0.19668343166556315,-0.3969969189806472,0.3215073454652231,2,28,28,0,10,0.35714285714285715,2,0.00013790000048174988
482,3,4,16,0.3333333333333333,0.6666666666666667,38,40,0.28841599294444353,-0.2130610583499005,-0.03608476468312911,3,48,47,1,31,0.6458333333333334,3,0.0002058000009128591
482,3,8,16,0.3333333333333333,0.6666666666666667,66,72,0.19517182002271083,-0.18239555605160468,-0.04531536759518041,7,96,95,1,214,2.2291666666666665,7,0.0006735000006301561
482,3,16,16,0.3333333333333333,0.6666666666666667,122,136,0.04529065254065945,-0.16709222179492866,-0.04046472439453052,7,160,151,9,233,1.45625,7,0.0008964999997260747
483,3,2,16,0.3333333333333333,0.6666666666666667,24,24,-0.1517741058525006,-0.4816798227983929,0.20057668653017324,2,28,28,0,10,0.35714285714285715,2,0.0001202000003104331
483,3,4,16,0.3333333333333333,0.6666666666666667,38,40,-0.00904101218722655,-0.2710442036427353,0.16153055591235763,2,44,42,2,12,0.2727272727272727,2,0.0001635999997233739
483,3,8,16,0.3333333333333333,0.6666666666666667,66,72,0.021888202466550058,-0.2655851173514223,0.049135004822702846,3,80,75,5,35,0.4375,3,0.00031239999952958897
483,3,16,16,0.3333333333333333,0.6666666666666667,122,136,0.03605519439718249,-0.12419385770065677,0.0056010225947432605,5,152,141,11,120,0.7894736842105263,5,0.0006754999994882382
484,3,2,16,0.3333333333333333,0.6666666666666667,24,24,-0.42082398858493997,-0.1602220307674892,-0.22009729170690073,2,28,28,0,10,0.35714285714285715,2,0.00012259999857633375
484,3,4,16,0.3333333333333333,0.6666666666666667,38,40,-0.38695691636711377,-0.05343738567345875,-0.4404050648210042,4,52,52,0,60,1.1538461538461537,4,0.0002674999996088445
484,3,8,16,0.3333333333333333,0.6666666666666667,66,72,-0.18246236508676245,-0.1839682420339778,-0.17825601001293553,6,92,90,2,156,1.6956521739130435,6,0.0005622000007861061
484,3,16,16,0.3333333333333333,0.6666666666666667,122,136,-0.059053675979720215,0.011526486906318276,-0.12795584568507892,8,164,157,7,328,2.0,8,0.0010635999988153344
485,3,2,16,0.3333333333333333,0.6666666666666667,24,24,0.054739071548963826,0.1769539881587347,0.1900557588252999,1,24,23,1,1,0.041666666666666664,1,9.160000081465114e-05
485,3,4,16,0.3333333333333333,0.6666666666666667,38,40,-0.1281933427921328,-0.02455278902979624,0.23922061365786146,1,40,37,3,3,0.075,1,0.0001320000010309741
485,3,8,16,0.3333333333333333,0.6666666666666667,66,72,-0.019767206946258085,0.028454354285170746,0.09113167867492553,1,72,66,6,8,0.1111111111111111,1,0.0002461000003677327
485,3,16,16,0.3333333333333333,0.6666666666666667,122,136,-0.0148350455103625,0.06533646382068148,0.023551113261876803,3,144,132,12,58,0.4027777777777778,3,0.0005492000000231201
486,3,2,16,0.3333333333333333,0.6666666666666667,24,24,0.19992011574014684,0.10766685785343105,-0.057381972105316315,2,28,28,0,10,0.35714285714285715,2,0.00011830000039481092
486,3,4,16,0.3333333333333333,0.6666666666666667,38,40,0.2418348397879675,0.025500928915228198,0.018448172822499134,2,44,42,2,14,0.3181818181818182,2,0.00016799999866634607
486,3,8,16,0.3333333333333333,0.6666666666666667,66,72,0.04189085122508476,0.06754942546305645,-0.09364623230462421,5,88,85,3,103,1.1704545454545454,5,0.0004513000003498746
486,3,16,16,0.3333333333333333,0.6666666666666667,122,136,0.05353693553286666,-0.006048892859006514,-0.060509568709080516,6,156,146,10,171,1.0961538461538463,6,0.0007843999992473982
487,3,2,16,0.3333333333333333,0.6666666666666667,24,24,0.11856570374021887,-0.012428895835263713,-0.014407533920984929,2,28,28,0,10,0.35714285714285715,2,0.00013979999857838266
487,3,4,16,0.3333333333333333,0.6666666666666667,38,40,0.0278497130663827,-0.047589215609392006,0.18600188516142316,3,48,47,1,31,0.6458333333333334,3,0.00020679999943240546
487,3,8,16,0.3333333333333333,0.6666666666666667,66,72,-0.1536117241633527,-0.014537945885035847,0.029649311955413062,7,96,95,1,212,2.2083333333333335,7,0.0006486999991466291
487,3,16,16,0.3333333333333333,0.6666666666666667,122,136,-0.1134409639399113,0.03954141595554338,0.04584018176218863,10,172,166,6,462,2.686046511627907,10,0.001301199999943492
488,3,2,16,0.3333333333333333,0.6666666666666667,24,24,-0.20424662177661365,0.07443767361528689,0.215722269066858,2,28,28,0,10,0.35714285714285715,2,0.0001202000003104331
488,3,4,16,0.3333333333333333,0.6666666666666667,38,40,-0.09367461503549766,-0.1227619464901976,0.09801768703825813,4,52,52,0,60,1.1538461538461537,4,0.0002640999991854187
488,3,8,16,0.3333333333333333,0.6666666666666667,66,72,-0.1168687486611799,-0.22387041892825257,0.1769301473682893,7,96,95,1,212,2.2083333333333335,7,0.0006797999994887505
488,3,16,16,0.3333333333333333,0.6666666666666667,122,136,-0.03666037469082733,-0.020624831002436447,0.12488586044079808,10,172,166,6,466,2.7093023255813953,10,0.0012996000004932284
489,3,2,16,0.3333333333333333,0.6666666666666667,24,24,-0.389824860616393,-0.24750124035242355,0.19081769816682423,2,28,28,0,10,0.35714285714285715,2,0.00011970000014116522
489,3,4,16,0.3333333333333333,0.6666666666666667,38,40,-0.18310710688497048,-0.25205767481533337,0.15354480059862788,3,48,47,1,33,0.6875,3,0.00021489999926416203
489,3,8,16,0.3333333333333333,0.6666666666666667,66,72,-0.0014729399938531152,-0.324309837519924,0.16705058352124266,4,84,80,4,69,0.8214285714285714,4,0.0003816999997070525
489,3,16,16,0.3333333333333333,0.6666666666666667,122,136,-0.1326915852220295,-0.1325658168861431,0.09196883437287981,9,168,161,7,392,2.3333333333333335,9,0.001201200000650715
490,3,2,16,0.3333333333333333,0.6666666666666667,24,24,0.04939660605517568,-0.14672066843957016,-0.03274658324011966,2,28,28,0,10,0.35714285714285715,2,0.00013649999891640618
490,3,4,16,0.3333333333333333,0.6666666666666667,38,40,0.10594994082227302,0.029767583836878365,-0.02065262176450871,2,44,42,2,12,0.2727272727272727,2,0.00016229999891947955
490,3,8,16,0.3333333333333333,0.6666666666666667,66,72,0.20121305614131674,0.008941686270447845,-0.08122559058998789,4,84,80,4,64,0.7619047619047619,4,0.00037230000089039095
490,3,16,16,0.3333333333333333,0.6666666666666667,122,136,0.1428168302169004,0.03909951985294765,0.01436506923766475,6,156,146,10,164,1.0512820512820513,6,0.0007673999989492586
491,3,2,16,0.3333333333333333,0.6666666666666667,24,24,-0.19069945991222076,-0.08059825961848592,0.3033561138943534,2,28,28,0,10,0.35714285714285715,2,0.00011869999980262946
491,3,4,16,0.3333333333333333,0.6666666666666667,38,40,-0.12040245518528842,-0.05909841169996598,0.08790331716531498,3,48,47,1,33,0.6875,3,0.00020880000010947697
491,3,8,16,0.3333333333333333,0.6666666666666667,66,72,-0.0011326956672749993,-0.06440100308723212,0.1364929814343595,2,76,70,6,17,0.2236842105263158,2,0.00027120000049762893
491,3,16,16,0.3333333333333333,0.6666666666666667,122,136,-0.10329549264927658,-0.08818641554863851,0.09775523735075377,5,152,141,11,113,0.743421052631579,5,0.0006688000012218254
492,3,2,16,0.3333333333333333,0.6666666666666667,24,24,-0.38221989885767876,0.41604128573344484,-0.4741531148739231,2,28,28,0,10,0.35714285714285715,2,0.00012679999963438604
492,3,4,16,0.3333333333333333,0.6666666666666667,38,40,-0.20754001960644394,0.04016525333895723,-0.24866697987958963,4,52,52,0,60,1.1538461538461537,4,0.0002673999988473952
492,3,8,16,0.3333333333333333,0.6666666666666667,66,72,-0.17535119730829005,-0.05577380791695634,-0.1986546234222969,5,88,87,1,120,1.3636363636363635,5,0.0004817000008188188
492,3,16,16,0.3333333333333333,0.6666666666666667,122,136,-0.07884290733108813,0.013465562561043446,-0.1330986327792853,6,156,148,8,185,1.185897435897436,6,0.0008072000000538537
493,3,2,16,0.3333333333333333,0.6666666666666667,24,24,0.29066411692332284,-0.02356304557640036,0.23711335993431104,2,28,28,0,10,0.35714285714285715,2,0.0001258000011148397
493,3,4,16,0.3333333333333333,0.6666666666666667,38,40,0.18843562239872355,0.08317429747071245,0.12917544918477905,4,52,52,0,60,1.1538461538461537,4,0.00026979999893228523
493,3,8,16,0.3333333333333333,0.6666666666666667,66,72,0.06271034363290584,0.09634443507640315,0.1479046433785159,8,100,100,0,280,2.8,8,0.0007834999996703118
493,3,16,16,0.3333333333333333,0.6666666666666667,122,136,-0.015041098040957313,0.17281012716176766,0.12644128963431678,8,164,156,8,293,1.7865853658536586,8,0.0010114999986399198
494,3,2,16,0.3333333333333333,0.6666666666666667,24,24,-0.1870688505131757,0.047645076361548744,0.22112832262296453,2,28,28,0,10,0.35714285714285715,2,0.00012229999992996454
494,3,4,16,0.3333333333333333,0.6666666666666667,38,40,-0.144166092594013,0.02745291268938389,0.1919932468906074,2,44,42,2,12,0.2727272727272727,2,0.00016510000023117755
494,3,8,16,0.3333333333333333,0.6666666666666667,66,72,-0.08113012341477575,-0.10692517676281804,0.1317764100600113,4,84,80,4,68,0.8095238095238095,4,0.0004260000005160691
494,3,16,16,0.3333333333333333,0.6666666666666667,122,136,-0.12974816657209645,-0.17915165709493636,0.09269202476924848,6,156,146,10,179,1.1474358974358974,6,0.0007879000004322734
495,3,2,16,0.3333333333333333,0.6666666666666667,24,24,0.3039071320050934,-0.09764852495066073,-0.19716894009829813,2,28,28,0,10,0.35714285714285715,2,0.00011910000102943741
495,3,4,16,0.3333333333333333,0.6666666666666667,38,40,0.2734758345727377,-0.10005394014810197,-0.2405972931993735,3,48,47,1,32,0.6666666666666666,3,0.00020709999989776406
495,3,8,16,0.3333333333333333,0.6666666666666667,66,72,0.1942649334146055,-0.043639778036489836,-0.18367707750477816,6,92,90,2,156,1.6956521739130435,6,0.0005481000007421244
495,3,16,16,0.3333333333333333,0.6666666666666667,122,136,0.1613872324361478,0.016419462387563706,-0.06350252001092688,7,160,151,9,225,1.40625,7,0.0008943000011640834
496,3,2,16,0.3333333333333333,0.6666666666666667,24,24,0.06736324810430831,0.08878312547001403,0.19649086396022708,2,28,28,0,10,0.35714285714285715,2,0.00012459999925340526
496,3,4,16,0.3333333333333333,0.6666666666666667,38,40,-0.00168705261584081,0.14146855862390575,0.14950810051144237,2,44,42,2,12,0.2727272727272727,2,0.00015969999913068023
496,3,8,16,0.3333333333333333,0.6666666666666667,66,72,-0.06748689962110087,-0.01223309286677486,0.20433204355165038,5,88,85,3,106,1.2045454545454546,5,0.0004490999999688938
496,3,16,16,0.3333333333333333,0.6666666666666667,122,136,-0.1674909001963275,-0.08307281137246315,0.2149627640310573,7,160,153,7,235,1.46875,7,0.000881600000866456
497,3,2,16,0.3333333333333333,0.6666666666666667,24,24,0.23914374032027885,0.021257515216500603,0.21518158250600955,2,28,28,0,10,0.35714285714285715,2,0.00011999999878753442
497,3,4,16,0.3333333333333333,0.6666666666666667,38,40,0.15268300879435537,0.07321723457451956,0.22224515398361636,2,44,42,2,14,0.3181818181818182,2,0.00016460000006190967
497,3,8,16,0.3333333333333333,0.6666666666666667,66,72,-0.017431337850425284,-0.14345080610464436,0.2501446521125184,5,88,85,3,103,1.1704545454545454,5,0.00046010000005480833
497,3,16,16,0.3333333333333333,0.6666666666666667,122,136,0.0022599669779605432,-0.03220335150243617,0.2029957357143342,9,168,161,7,369,2.1964285714285716,9,0.0011561000010260614
498,3,2,16,0.3333333333333333,0.6666666666666667,24,24,-0.27477289949184175,-0.2859490833063187,0.33149068444387275,2,28,28,0,10,0.35714285714285715,2,0.0001202000003104331
498,3,4,16,0.3333333333333333,0.6666666666666667,38,40,0.02059962934779976,-0.0021047304874046422,0.2894325368563051,3,48,47,1,31,0.6458333333333334,3,0.00020589999985531904
498,3,8,16,0.3333333333333333,0.6666666666666667,66,72,-0.14874710249781184,-0.016013877078823676,0.14608983156575242,5,88,85,3,104,1.1818181818181819,5,0.0004489999992074445
498,3,16,16,0.3333333333333333,0.6666666666666667,122,136,-0.03999464018599432,0.004752568392275353,0.030392086711160834,9,168,161,7,375,2.232142857142857,9,0.0011549999999260763
499,3,2,16,0.3333333333333333,0.6666666666666667,24,24,-0.1834349107372571,-0.028675048573598087,0.17029448037961029,1,24,23,1,1,0.041666666666666664,1,9.840000166150276e-05
499,3,4,16,0.3333333333333333,0.6666666666666667,38,40,-0.20689752733000727,0.052348713843216294,0.13504202969804802,2,44,42,2,12,0.2727272727272727,2,0.00016249999862338882
499,3,8,16,0.3333333333333333,0.6666666666666667,66,72,0.0941328880995818,0.029293669618734103,0.046715345723100446,3,80,75,5,35,0.4375,3,0.0003130000004603062
499,3,16,16,0.3333333333333333,0.6666666666666667,122,136,0.05069990649650906,-0.06568580119831849,0.0706969831884787,5,152,141,11,115,0.756578947368421,5,0.0006835000003775349
