origin,destination,pareto_route_count,fastest_travel_time_minutes,minimum_transfers,minimum_walking_minutes,pareto_time_range_minutes,pareto_transfer_range,pareto_walking_range_minutes
幸福站,南港軟體園區站,5,51.416666666666664,2,8.0,36.166666666666664,2,6.0
新北產業園區站,南港軟體園區站,5,54.05,2,8.0,36.166666666666664,2,6.0
新埔民生站,南港軟體園區站,5,46.86666666666667,2,8.0,35.75,2,6.0
南港軟體園區站,幸福站,5,51.36666666666667,2,8.0,35.733333333333334,2,6.0
南港軟體園區站,新北產業園區站,5,54.0,2,8.0,35.733333333333334,2,6.0
南港軟體園區站,新埔民生站,5,46.4,2,8.0,35.733333333333334,2,6.0
幸福站,東湖站,5,53.25,2,8.0,32.5,2,6.0
新北產業園區站,東湖站,5,55.88333333333333,2,8.0,32.5,2,6.0
新埔民生站,東湖站,5,48.7,2,8.0,32.083333333333336,2,6.0
東湖站,幸福站,5,53.2,2,8.0,32.06666666666667,2,6.0
東湖站,新北產業園區站,5,55.833333333333336,2,8.0,32.06666666666667,2,6.0
東湖站,新埔民生站,5,48.233333333333334,2,8.0,32.06666666666667,2,6.0
中山站,新埔民生站,5,22.683333333333334,1,3.0,24.95,1,8.0
新埔民生站,中山站,5,23.133333333333333,1,3.0,24.95,1,8.0
板新站,南港軟體園區站,5,53.266666666666666,2,8.0,22.533333333333335,2,6.0
南港軟體園區站,板新站,5,53.21666666666667,2,8.0,22.1,2,6.0
中原站,南港軟體園區站,5,53.583333333333336,2,8.0,19.95,2,6.0
中和站,南港軟體園區站,5,49.81666666666667,2,8.0,19.95,2,6.0
橋和站,南港軟體園區站,5,51.96666666666667,2,8.0,19.95,2,6.0
南港軟體園區站,中原站,5,53.666666666666664,2,8.0,19.383333333333333,2,6.0
南港軟體園區站,中和站,5,49.9,2,8.0,19.383333333333333,2,6.0
南港軟體園區站,橋和站,5,52.05,2,8.0,19.383333333333333,2,6.0
板新站,東湖站,5,55.1,2,8.0,18.866666666666667,2,6.0
東湖站,板新站,5,55.05,2,8.0,18.433333333333334,2,6.0
大安站,新埔民生站,5,30.933333333333334,2,5.0,17.55,1,9.0
新埔民生站,大安站,5,31.25,2,5.0,17.55,1,9.0
中原站,東湖站,5,55.416666666666664,2,8.0,16.283333333333335,2,6.0
中和站,東湖站,5,51.65,2,8.0,16.283333333333335,2,6.0
橋和站,東湖站,5,53.8,2,8.0,16.283333333333335,2,6.0
東湖站,中原站,5,55.5,2,8.0,15.716666666666667,2,6.0
東湖站,中和站,5,51.733333333333334,2,8.0,15.716666666666667,2,6.0
東湖站,橋和站,5,53.88333333333333,2,8.0,15.716666666666667,2,6.0
板新站,中山站,5,29.533333333333335,1,3.0,11.733333333333333,1,8.0
中山站,板新站,5,29.5,1,3.0,11.316666666666666,1,8.0
中原站,中山站,5,31.8,1,3.0,7.2,2,8.0
中山站,中原站,5,31.766666666666666,1,3.0,6.783333333333333,2,8.0
板新站,亞東醫院站,4,17.3,1,5.0,35.416666666666664,1,6.0
板新站,土城站,4,22.3,1,5.0,35.416666666666664,1,6.0
板新站,府中站,4,15.133333333333333,1,5.0,35.416666666666664,1,6.0
板新站,永寧站,4,24.316666666666666,1,5.0,35.416666666666664,1,6.0
板新站,海山站,4,20.1,1,5.0,35.416666666666664,1,6.0
板新站,頂埔站,4,27.783333333333335,1,5.0,35.416666666666664,1,6.0
亞東醫院站,板新站,4,17.5,1,5.0,34.75,1,6.0
土城站,板新站,4,22.5,1,5.0,34.75,1,6.0
府中站,板新站,4,15.333333333333334,1,5.0,34.75,1,6.0
永寧站,板新站,4,24.516666666666666,1,5.0,34.75,1,6.0
海山站,板新站,4,20.3,1,5.0,34.75,1,6.0
頂埔站,板新站,4,27.983333333333334,1,5.0,34.75,1,6.0
中原站,亞東醫院站,4,19.566666666666666,1,5.0,30.883333333333333,1,6.0
中原站,土城站,4,24.566666666666666,1,5.0,30.883333333333333,1,6.0
中原站,府中站,4,17.4,1,5.0,30.883333333333333,1,6.0
中原站,永寧站,4,26.583333333333332,1,5.0,30.883333333333333,1,6.0
中原站,海山站,4,22.366666666666667,1,5.0,30.883333333333333,1,6.0
中原站,頂埔站,4,30.05,1,5.0,30.883333333333333,1,6.0
亞東醫院站,中原站,4,19.766666666666666,1,5.0,30.216666666666665,1,6.0
土城站,中原站,4,24.766666666666666,1,5.0,30.216666666666665,1,6.0
府中站,中原站,4,17.6,1,5.0,30.216666666666665,1,6.0
永寧站,中原站,4,26.783333333333335,1,5.0,30.216666666666665,1,6.0
海山站,中原站,4,22.566666666666666,1,5.0,30.216666666666665,1,6.0
頂埔站,中原站,4,30.25,1,5.0,30.216666666666665,1,6.0
幸福站,六張犁站,4,40.65,2,8.0,29.933333333333334,1,6.0
幸福站,動物園站,4,52.016666666666666,2,8.0,29.933333333333334,1,6.0
幸福站,木柵站,4,50.483333333333334,2,8.0,29.933333333333334,1,6.0
幸福站,科技大樓站,4,38.2,2,8.0,29.933333333333334,1,6.0
幸福站,萬芳社區站,4,49.28333333333333,2,8.0,29.933333333333334,1,6.0
幸福站,萬芳醫院站,4,47.21666666666667,2,8.0,29.933333333333334,1,6.0
幸福站,辛亥站,4,45.03333333333333,2,8.0,29.933333333333334,1,6.0
幸福站,麟光站,4,42.266666666666666,2,8.0,29.933333333333334,1,6.0
新北產業園區站,六張犁站,4,43.28333333333333,2,8.0,29.933333333333334,1,6.0
新北產業園區站,動物園站,4,54.65,2,8.0,29.933333333333334,1,6.0
新北產業園區站,木柵站,4,53.11666666666667,2,8.0,29.933333333333334,1,6.0
新北產業園區站,科技大樓站,4,40.833333333333336,2,8.0,29.933333333333334,1,6.0
新北產業園區站,萬芳社區站,4,51.916666666666664,2,8.0,29.933333333333334,1,6.0
新北產業園區站,萬芳醫院站,4,49.85,2,8.0,29.933333333333334,1,6.0
新北產業園區站,辛亥站,4,47.666666666666664,2,8.0,29.933333333333334,1,6.0
新北產業園區站,麟光站,4,44.9,2,8.0,29.933333333333334,1,6.0
六張犁站,幸福站,4,40.516666666666666,2,8.0,29.583333333333332,1,6.0
六張犁站,新北產業園區站,4,43.15,2,8.0,29.583333333333332,1,6.0
六張犁站,新埔民生站,4,35.55,2,8.0,29.583333333333332,1,6.0
動物園站,幸福站,4,51.88333333333333,2,8.0,29.583333333333332,1,6.0
動物園站,新北產業園區站,4,54.516666666666666,2,8.0,29.583333333333332,1,6.0
動物園站,新埔民生站,4,46.916666666666664,2,8.0,29.583333333333332,1,6.0
木柵站,幸福站,4,50.35,2,8.0,29.583333333333332,1,6.0
木柵站,新北產業園區站,4,52.983333333333334,2,8.0,29.583333333333332,1,6.0
木柵站,新埔民生站,4,45.38333333333333,2,8.0,29.583333333333332,1,6.0
科技大樓站,幸福站,4,38.06666666666667,2,8.0,29.583333333333332,1,6.0
科技大樓站,新北產業園區站,4,40.7,2,8.0,29.583333333333332,1,6.0
科技大樓站,新埔民生站,4,33.1,2,8.0,29.583333333333332,1,6.0
萬芳社區站,幸福站,4,49.15,2,8.0,29.583333333333332,1,6.0
萬芳社區站,新北產業園區站,4,51.78333333333333,2,8.0,29.583333333333332,1,6.0
萬芳社區站,新埔民生站,4,44.18333333333333,2,8.0,29.583333333333332,1,6.0
萬芳醫院站,幸福站,4,47.083333333333336,2,8.0,29.583333333333332,1,6.0
萬芳醫院站,新北產業園區站,4,49.71666666666667,2,8.0,29.583333333333332,1,6.0
萬芳醫院站,新埔民生站,4,42.11666666666667,2,8.0,29.583333333333332,1,6.0
辛亥站,幸福站,4,44.9,2,8.0,29.583333333333332,1,6.0
辛亥站,新北產業園區站,4,47.53333333333333,2,8.0,29.583333333333332,1,6.0
辛亥站,新埔民生站,4,39.93333333333333,2,8.0,29.583333333333332,1,6.0
麟光站,幸福站,4,42.13333333333333,2,8.0,29.583333333333332,1,6.0
麟光站,新北產業園區站,4,44.766666666666666,2,8.0,29.583333333333332,1,6.0
麟光站,新埔民生站,4,37.166666666666664,2,8.0,29.583333333333332,1,6.0
新埔民生站,六張犁站,4,36.1,2,8.0,29.516666666666666,1,6.0
新埔民生站,動物園站,4,47.46666666666667,2,8.0,29.516666666666666,1,6.0
新埔民生站,木柵站,4,45.93333333333333,2,8.0,29.516666666666666,1,6.0
新埔民生站,科技大樓站,4,33.65,2,8.0,29.516666666666666,1,6.0
新埔民生站,萬芳社區站,4,44.733333333333334,2,8.0,29.516666666666666,1,6.0
新埔民生站,萬芳醫院站,4,42.666666666666664,2,8.0,29.516666666666666,1,6.0
新埔民生站,辛亥站,4,40.483333333333334,2,8.0,29.516666666666666,1,6.0
新埔民生站,麟光站,4,37.71666666666667,2,8.0,29.516666666666666,1,6.0
幸福站,南港展覽館站,4,45.11666666666667,1,5.0,29.366666666666667,2,4.0
幸福站,南港站,4,42.85,1,5.0,29.366666666666667,2,4.0
幸福站,國父紀念館站,4,33.0,1,5.0,29.366666666666667,2,4.0
幸福站,市政府站,4,34.75,1,5.0,29.366666666666667,2,4.0
幸福站,後山埤站,4,38.35,1,5.0,29.366666666666667,2,4.0
幸福站,忠孝復興站,4,29.6,1,5.0,29.366666666666667,2,4.0
幸福站,忠孝敦化站,4,31.35,1,5.0,29.366666666666667,2,4.0
幸福站,昆陽站,4,40.61666666666667,1,5.0,29.366666666666667,2,4.0
幸福站,永春站,4,36.666666666666664,1,5.0,29.366666666666667,2,4.0
新北產業園區站,南港展覽館站,4,47.75,1,5.0,29.366666666666667,2,4.0
新北產業園區站,南港站,4,45.483333333333334,1,5.0,29.366666666666667,2,4.0
新北產業園區站,國父紀念館站,4,35.63333333333333,1,5.0,29.366666666666667,2,4.0
新北產業園區站,市政府站,4,37.38333333333333,1,5.0,29.366666666666667,2,4.0
新北產業園區站,後山埤站,4,40.983333333333334,1,5.0,29.366666666666667,2,4.0
新北產業園區站,忠孝復興站,4,32.233333333333334,1,5.0,29.366666666666667,2,4.0
新北產業園區站,忠孝敦化站,4,33.983333333333334,1,5.0,29.366666666666667,2,4.0
新北產業園區站,昆陽站,4,43.25,1,5.0,29.366666666666667,2,4.0
新北產業園區站,永春站,4,39.3,1,5.0,29.366666666666667,2,4.0
幸福站,葫洲站,4,54.96666666666667,2,8.0,29.066666666666666,2,6.0
新北產業園區站,葫洲站,4,57.6,2,8.0,29.066666666666666,2,6.0
南港展覽館站,幸福站,4,45.06666666666667,1,5.0,28.95,2,4.0
南港展覽館站,新北產業園區站,4,47.7,1,5.0,28.95,2,4.0
南港展覽館站,新埔民生站,4,40.1,1,5.0,28.95,2,4.0
南港站,幸福站,4,42.8,1,5.0,28.95,2,4.0
南港站,新北產業園區站,4,45.43333333333333,1,5.0,28.95,2,4.0
南港站,新埔民生站,4,37.833333333333336,1,5.0,28.95,2,4.0
國父紀念館站,幸福站,4,32.95,1,5.0,28.95,2,4.0
國父紀念館站,新北產業園區站,4,35.583333333333336,1,5.0,28.95,2,4.0
國父紀念館站,新埔民生站,4,27.983333333333334,1,5.0,28.95,2,4.0
市政府站,幸福站,4,34.7,1,5.0,28.95,2,4.0
市政府站,新北產業園區站,4,37.333333333333336,1,5.0,28.95,2,4.0
市政府站,新埔民生站,4,29.733333333333334,1,5.0,28.95,2,4.0
後山埤站,幸福站,4,38.3,1,5.0,28.95,2,4.0
後山埤站,新北產業園區站,4,40.93333333333333,1,5.0,28.95,2,4.0
後山埤站,新埔民生站,4,33.333333333333336,1,5.0,28.95,2,4.0
忠孝復興站,幸福站,4,29.55,1,5.0,28.95,2,4.0
忠孝復興站,新北產業園區站,4,32.18333333333333,1,5.0,28.95,2,4.0
忠孝復興站,新埔民生站,4,24.583333333333332,1,5.0,28.95,2,4.0
忠孝敦化站,幸福站,4,31.3,1,5.0,28.95,2,4.0
忠孝敦化站,新北產業園區站,4,33.93333333333333,1,5.0,28.95,2,4.0
忠孝敦化站,新埔民生站,4,26.333333333333332,1,5.0,28.95,2,4.0
新埔民生站,南港展覽館站,4,40.56666666666667,1,5.0,28.95,2,4.0
新埔民生站,南港站,4,38.3,1,5.0,28.95,2,4.0
新埔民生站,國父紀念館站,4,28.45,1,5.0,28.95,2,4.0
新埔民生站,市政府站,4,30.2,1,5.0,28.95,2,4.0
新埔民生站,後山埤站,4,33.8,1,5.0,28.95,2,4.0
新埔民生站,忠孝復興站,4,25.05,1,5.0,28.95,2,4.0
新埔民生站,忠孝敦化站,4,26.8,1,5.0,28.95,2,4.0
新埔民生站,昆陽站,4,36.06666666666667,1,5.0,28.95,2,4.0
新埔民生站,永春站,4,32.11666666666667,1,5.0,28.95,2,4.0
昆陽站,幸福站,4,40.56666666666667,1,5.0,28.95,2,4.0
昆陽站,新北產業園區站,4,43.2,1,5.0,28.95,2,4.0
昆陽站,新埔民生站,4,35.6,1,5.0,28.95,2,4.0
永春站,幸福站,4,36.61666666666667,1,5.0,28.95,2,4.0
永春站,新北產業園區站,4,39.25,1,5.0,28.95,2,4.0
永春站,新埔民生站,4,31.65,1,5.0,28.95,2,4.0
新埔民生站,葫洲站,4,50.416666666666664,2,8.0,28.65,2,6.0
葫洲站,幸福站,4,54.916666666666664,2,8.0,28.633333333333333,2,6.0
葫洲站,新北產業園區站,4,57.55,2,8.0,28.633333333333333,2,6.0
葫洲站,新埔民生站,4,49.95,2,8.0,28.633333333333333,2,6.0
橋和站,亞東醫院站,4,21.183333333333334,1,5.0,27.65,1,6.0
橋和站,土城站,4,26.183333333333334,1,5.0,27.65,1,6.0
橋和站,府中站,4,19.016666666666666,1,5.0,27.65,1,6.0
橋和站,永寧站,4,28.2,1,5.0,27.65,1,6.0
橋和站,海山站,4,23.983333333333334,1,5.0,27.65,1,6.0
橋和站,頂埔站,4,31.666666666666668,1,5.0,27.65,1,6.0
亞東醫院站,橋和站,4,21.383333333333333,1,5.0,26.983333333333334,1,6.0
土城站,橋和站,4,26.383333333333333,1,5.0,26.983333333333334,1,6.0
府中站,橋和站,4,19.216666666666665,1,5.0,26.983333333333334,1,6.0
永寧站,橋和站,4,28.4,1,5.0,26.983333333333334,1,6.0
海山站,橋和站,4,24.183333333333334,1,5.0,26.983333333333334,1,6.0
頂埔站,橋和站,4,31.866666666666667,1,5.0,26.983333333333334,1,6.0
幸福站,中山站,4,26.633333333333333,1,3.0,26.416666666666668,1,6.0
新北產業園區站,中山站,4,29.266666666666666,1,3.0,26.416666666666668,1,6.0
中山站,幸福站,4,26.85,1,3.0,25.75,1,6.0
中山站,新北產業園區站,4,29.483333333333334,1,3.0,25.75,1,6.0
新埔民生站,松江南京站,4,25.483333333333334,1,3.0,24.95,1,8.0
松江南京站,新埔民生站,4,25.033333333333335,1,3.0,24.95,1,8.0
中和站,亞東醫院站,4,23.333333333333332,1,5.0,23.35,1,6.0
中和站,土城站,4,28.333333333333332,1,5.0,23.35,1,6.0
中和站,府中站,4,21.166666666666668,1,5.0,23.35,1,6.0
中和站,永寧站,4,30.35,1,5.0,23.35,1,6.0
中和站,海山站,4,26.133333333333333,1,5.0,23.35,1,6.0
中和站,頂埔站,4,33.81666666666667,1,5.0,23.35,1,6.0
亞東醫院站,中和站,4,23.533333333333335,1,5.0,22.683333333333334,1,6.0
土城站,中和站,4,28.533333333333335,1,5.0,22.683333333333334,1,6.0
府中站,中和站,4,21.366666666666667,1,5.0,22.683333333333334,1,6.0
永寧站,中和站,4,30.55,1,5.0,22.683333333333334,1,6.0
海山站,中和站,4,26.333333333333332,1,5.0,22.683333333333334,1,6.0
頂埔站,中和站,4,34.016666666666666,1,5.0,22.683333333333334,1,6.0
幸福站,台大醫院站,4,29.566666666666666,2,5.0,19.433333333333334,0,8.0
新北產業園區站,台大醫院站,4,32.2,2,5.0,19.433333333333334,0,8.0
台大醫院站,幸福站,4,29.633333333333333,2,5.0,19.05,0,8.0
台大醫院站,新北產業園區站,4,32.266666666666666,2,5.0,19.05,0,8.0
台大醫院站,新埔民生站,4,24.666666666666668,2,5.0,19.05,0,8.0
新埔民生站,台大醫院站,4,25.016666666666666,2,5.0,19.016666666666666,0,8.0
南港展覽館站,十四張站,4,43.56666666666667,1,5.0,18.983333333333334,2,4.0
南港站,十四張站,4,41.3,1,5.0,18.983333333333334,2,4.0
國父紀念館站,十四張站,4,31.45,1,5.0,18.983333333333334,2,4.0
市政府站,十四張站,4,33.2,1,5.0,18.983333333333334,2,4.0
後山埤站,十四張站,4,36.8,1,5.0,18.983333333333334,2,4.0
忠孝復興站,十四張站,4,28.05,1,5.0,18.983333333333334,2,4.0
忠孝敦化站,十四張站,4,29.8,1,5.0,18.983333333333334,2,4.0
昆陽站,十四張站,4,39.06666666666667,1,5.0,18.983333333333334,2,4.0
永春站,十四張站,4,35.11666666666667,1,5.0,18.983333333333334,2,4.0
十四張站,南港展覽館站,4,44.05,1,5.0,18.55,2,4.0
十四張站,南港站,4,41.78333333333333,1,5.0,18.55,2,4.0
十四張站,國父紀念館站,4,31.933333333333334,1,5.0,18.55,2,4.0
十四張站,市政府站,4,33.68333333333333,1,5.0,18.55,2,4.0
十四張站,後山埤站,4,37.28333333333333,1,5.0,18.55,2,4.0
十四張站,忠孝復興站,4,28.533333333333335,1,5.0,18.55,2,4.0
十四張站,忠孝敦化站,4,30.283333333333335,1,5.0,18.55,2,4.0
十四張站,昆陽站,4,39.55,1,5.0,18.55,2,4.0
十四張站,永春站,4,35.6,1,5.0,18.55,2,4.0
幸福站,中正紀念堂站,4,26.95,1,3.0,17.966666666666665,1,8.0
幸福站,大安站,4,35.8,2,5.0,17.966666666666665,1,9.0
新北產業園區站,中正紀念堂站,4,29.583333333333332,1,3.0,17.966666666666665,1,8.0
新北產業園區站,大安站,4,38.43333333333333,2,5.0,17.966666666666665,1,9.0
中正紀念堂站,幸福站,4,26.916666666666668,1,3.0,17.55,1,8.0
中正紀念堂站,新北產業園區站,4,29.55,1,3.0,17.55,1,8.0
中正紀念堂站,新埔民生站,4,21.95,1,3.0,17.55,1,8.0
信義安和站,新埔民生站,4,32.93333333333333,2,5.0,17.55,1,8.0
台北101/世貿站,新埔民生站,4,34.766666666666666,2,5.0,17.55,1,8.0
大安森林公園站,新埔民生站,4,29.25,2,5.0,17.55,1,8.0
大安站,幸福站,4,35.9,2,5.0,17.55,1,9.0
大安站,新北產業園區站,4,38.53333333333333,2,5.0,17.55,1,9.0
廣慈/奉天宮站,新埔民生站,4,39.31666666666667,2,5.0,17.55,1,8.0
新埔民生站,中正紀念堂站,4,22.4,1,3.0,17.55,1,8.0
新埔民生站,信義安和站,4,33.25,2,5.0,17.55,1,8.0
新埔民生站,台北101/世貿站,4,35.083333333333336,2,5.0,17.55,1,8.0
新埔民生站,大安森林公園站,4,29.566666666666666,2,5.0,17.55,1,8.0
新埔民生站,廣慈/奉天宮站,4,39.63333333333333,2,5.0,17.55,1,8.0
新埔民生站,象山站,4,36.68333333333333,2,5.0,17.55,1,8.0
象山站,新埔民生站,4,36.36666666666667,2,5.0,17.55,1,8.0
中原站,六張犁站,4,39.4,2,8.0,17.133333333333333,1,6.0
中原站,動物園站,4,50.766666666666666,2,8.0,17.133333333333333,1,6.0
中原站,木柵站,4,49.233333333333334,2,8.0,17.133333333333333,1,6.0
中原站,科技大樓站,4,36.95,2,8.0,17.133333333333333,1,6.0
中原站,萬芳社區站,4,48.03333333333333,2,8.0,17.133333333333333,1,6.0
中原站,萬芳醫院站,4,45.96666666666667,2,8.0,17.133333333333333,1,6.0
中原站,辛亥站,4,43.78333333333333,2,8.0,17.133333333333333,1,6.0
中原站,麟光站,4,41.016666666666666,2,8.0,17.133333333333333,1,6.0
中和站,六張犁站,4,35.63333333333333,2,8.0,17.133333333333333,1,6.0
中和站,動物園站,4,47.0,2,8.0,17.133333333333333,1,6.0
中和站,木柵站,4,45.46666666666667,2,8.0,17.133333333333333,1,6.0
中和站,科技大樓站,4,33.18333333333333,2,8.0,17.133333333333333,1,6.0
中和站,萬芳社區站,4,44.266666666666666,2,8.0,17.133333333333333,1,6.0
中和站,萬芳醫院站,4,42.2,2,8.0,17.133333333333333,1,6.0
中和站,辛亥站,4,40.016666666666666,2,8.0,17.133333333333333,1,6.0
中和站,麟光站,4,37.25,2,8.0,17.133333333333333,1,6.0
板新站,六張犁站,4,41.666666666666664,2,8.0,17.133333333333333,1,6.0
板新站,動物園站,4,53.03333333333333,2,8.0,17.133333333333333,1,6.0
板新站,木柵站,4,51.5,2,8.0,17.133333333333333,1,6.0
板新站,科技大樓站,4,39.21666666666667,2,8.0,17.133333333333333,1,6.0
板新站,萬芳社區站,4,50.3,2,8.0,17.133333333333333,1,6.0
板新站,萬芳醫院站,4,48.233333333333334,2,8.0,17.133333333333333,1,6.0
板新站,辛亥站,4,46.05,2,8.0,17.133333333333333,1,6.0
板新站,麟光站,4,43.28333333333333,2,8.0,17.133333333333333,1,6.0
橋和站,六張犁站,4,37.78333333333333,2,8.0,17.133333333333333,1,6.0
橋和站,動物園站,4,49.15,2,8.0,17.133333333333333,1,6.0
橋和站,木柵站,4,47.61666666666667,2,8.0,17.133333333333333,1,6.0
橋和站,科技大樓站,4,35.333333333333336,2,8.0,17.133333333333333,1,6.0
橋和站,萬芳社區站,4,46.416666666666664,2,8.0,17.133333333333333,1,6.0
橋和站,萬芳醫院站,4,44.35,2,8.0,17.133333333333333,1,6.0
橋和站,辛亥站,4,42.166666666666664,2,8.0,17.133333333333333,1,6.0
橋和站,麟光站,4,39.4,2,8.0,17.133333333333333,1,6.0
景平站,南港展覽館站,4,41.68333333333333,1,5.0,16.95,2,4.0
景平站,南港站,4,39.416666666666664,1,5.0,16.95,2,4.0
景平站,國父紀念館站,4,29.566666666666666,1,5.0,16.95,2,4.0
景平站,市政府站,4,31.316666666666666,1,5.0,16.95,2,4.0
景平站,後山埤站,4,34.916666666666664,1,5.0,16.95,2,4.0
景平站,忠孝復興站,4,26.166666666666668,1,5.0,16.95,2,4.0
景平站,忠孝敦化站,4,27.916666666666668,1,5.0,16.95,2,4.0
景平站,昆陽站,4,37.18333333333333,1,5.0,16.95,2,4.0
景平站,永春站,4,33.233333333333334,1,5.0,16.95,2,4.0
秀朗橋站,南港展覽館站,4,43.416666666666664,1,5.0,16.95,2,4.0
秀朗橋站,南港站,4,41.15,1,5.0,16.95,2,4.0
秀朗橋站,國父紀念館站,4,31.3,1,5.0,16.95,2,4.0
秀朗橋站,市政府站,4,33.05,1,5.0,16.95,2,4.0
秀朗橋站,後山埤站,4,36.65,1,5.0,16.95,2,4.0
秀朗橋站,忠孝復興站,4,27.9,1,5.0,16.95,2,4.0
秀朗橋站,忠孝敦化站,4,29.65,1,5.0,16.95,2,4.0
秀朗橋站,昆陽站,4,38.916666666666664,1,5.0,16.95,2,4.0
秀朗橋站,永春站,4,34.96666666666667,1,5.0,16.95,2,4.0
南港展覽館站,景平站,4,41.766666666666666,1,5.0,16.816666666666666,2,4.0
南港展覽館站,秀朗橋站,4,43.5,1,5.0,16.816666666666666,2,4.0
南港站,景平站,4,39.5,1,5.0,16.816666666666666,2,4.0
南港站,秀朗橋站,4,41.233333333333334,1,5.0,16.816666666666666,2,4.0
國父紀念館站,景平站,4,29.65,1,5.0,16.816666666666666,2,4.0
國父紀念館站,秀朗橋站,4,31.383333333333333,1,5.0,16.816666666666666,2,4.0
市政府站,景平站,4,31.4,1,5.0,16.816666666666666,2,4.0
市政府站,秀朗橋站,4,33.13333333333333,1,5.0,16.816666666666666,2,4.0
後山埤站,景平站,4,35.0,1,5.0,16.816666666666666,2,4.0
後山埤站,秀朗橋站,4,36.733333333333334,1,5.0,16.816666666666666,2,4.0
忠孝復興站,景平站,4,26.25,1,5.0,16.816666666666666,2,4.0
忠孝復興站,秀朗橋站,4,27.983333333333334,1,5.0,16.816666666666666,2,4.0
忠孝敦化站,景平站,4,28.0,1,5.0,16.816666666666666,2,4.0
忠孝敦化站,秀朗橋站,4,29.733333333333334,1,5.0,16.816666666666666,2,4.0
昆陽站,景平站,4,37.266666666666666,1,5.0,16.816666666666666,2,4.0
昆陽站,秀朗橋站,4,39.0,1,5.0,16.816666666666666,2,4.0
永春站,景平站,4,33.31666666666667,1,5.0,16.816666666666666,2,4.0
永春站,秀朗橋站,4,35.05,1,5.0,16.816666666666666,2,4.0
六張犁站,中原站,4,39.483333333333334,2,8.0,16.566666666666666,1,6.0
六張犁站,中和站,4,35.71666666666667,2,8.0,16.566666666666666,1,6.0
六張犁站,板新站,4,41.75,2,8.0,16.566666666666666,1,6.0
六張犁站,橋和站,4,37.86666666666667,2,8.0,16.566666666666666,1,6.0
動物園站,中原站,4,50.85,2,8.0,16.566666666666666,1,6.0
動物園站,中和站,4,47.083333333333336,2,8.0,16.566666666666666,1,6.0
動物園站,板新站,4,53.11666666666667,2,8.0,16.566666666666666,1,6.0
動物園站,橋和站,4,49.233333333333334,2,8.0,16.566666666666666,1,6.0
木柵站,中原站,4,49.31666666666667,2,8.0,16.566666666666666,1,6.0
木柵站,中和站,4,45.55,2,8.0,16.566666666666666,1,6.0
木柵站,板新站,4,51.583333333333336,2,8.0,16.566666666666666,1,6.0
木柵站,橋和站,4,47.7,2,8.0,16.566666666666666,1,6.0
科技大樓站,中原站,4,37.03333333333333,2,8.0,16.566666666666666,1,6.0
科技大樓站,中和站,4,33.266666666666666,2,8.0,16.566666666666666,1,6.0
科技大樓站,板新站,4,39.3,2,8.0,16.566666666666666,1,6.0
科技大樓站,橋和站,4,35.416666666666664,2,8.0,16.566666666666666,1,6.0
萬芳社區站,中原站,4,48.11666666666667,2,8.0,16.566666666666666,1,6.0
萬芳社區站,中和站,4,44.35,2,8.0,16.566666666666666,1,6.0
萬芳社區站,板新站,4,50.38333333333333,2,8.0,16.566666666666666,1,6.0
萬芳社區站,橋和站,4,46.5,2,8.0,16.566666666666666,1,6.0
萬芳醫院站,中原站,4,46.05,2,8.0,16.566666666666666,1,6.0
萬芳醫院站,中和站,4,42.28333333333333,2,8.0,16.566666666666666,1,6.0
萬芳醫院站,板新站,4,48.31666666666667,2,8.0,16.566666666666666,1,6.0
萬芳醫院站,橋和站,4,44.43333333333333,2,8.0,16.566666666666666,1,6.0
辛亥站,中原站,4,43.86666666666667,2,8.0,16.566666666666666,1,6.0
辛亥站,中和站,4,40.1,2,8.0,16.566666666666666,1,6.0
辛亥站,板新站,4,46.13333333333333,2,8.0,16.566666666666666,1,6.0
辛亥站,橋和站,4,42.25,2,8.0,16.566666666666666,1,6.0
麟光站,中原站,4,41.1,2,8.0,16.566666666666666,1,6.0
麟光站,中和站,4,37.333333333333336,2,8.0,16.566666666666666,1,6.0
麟光站,板新站,4,43.36666666666667,2,8.0,16.566666666666666,1,6.0
麟光站,橋和站,4,39.483333333333334,2,8.0,16.566666666666666,1,6.0
景平站,南港軟體園區站,4,47.983333333333334,2,8.0,16.15,2,5.0
板新站,南港展覽館站,4,46.96666666666667,1,5.0,15.733333333333333,2,4.0
板新站,南港站,4,44.7,1,5.0,15.733333333333333,2,4.0
板新站,國父紀念館站,4,34.85,1,5.0,15.733333333333333,2,4.0
板新站,市政府站,4,36.6,1,5.0,15.733333333333333,2,4.0
板新站,後山埤站,4,40.2,1,5.0,15.733333333333333,2,4.0
板新站,忠孝復興站,4,31.45,1,5.0,15.733333333333333,2,4.0
板新站,忠孝敦化站,4,33.2,1,5.0,15.733333333333333,2,4.0
板新站,昆陽站,4,42.46666666666667,1,5.0,15.733333333333333,2,4.0
板新站,永春站,4,38.516666666666666,1,5.0,15.733333333333333,2,4.0
南港軟體園區站,景平站,4,48.06666666666667,2,8.0,15.583333333333334,2,5.0
板新站,葫洲站,4,56.81666666666667,2,8.0,15.433333333333334,2,6.0
南港展覽館站,板新站,4,46.916666666666664,1,5.0,15.316666666666666,2,4.0
南港站,板新站,4,44.65,1,5.0,15.316666666666666,2,4.0
國父紀念館站,板新站,4,34.8,1,5.0,15.316666666666666,2,4.0
市政府站,板新站,4,36.55,1,5.0,15.316666666666666,2,4.0
後山埤站,板新站,4,40.15,1,5.0,15.316666666666666,2,4.0
忠孝復興站,板新站,4,31.4,1,5.0,15.316666666666666,2,4.0
忠孝敦化站,板新站,4,33.15,1,5.0,15.316666666666666,2,4.0
昆陽站,板新站,4,42.416666666666664,1,5.0,15.316666666666666,2,4.0
永春站,板新站,4,38.46666666666667,1,5.0,15.316666666666666,2,4.0
葫洲站,板新站,4,56.766666666666666,2,8.0,15.0,2,6.0
中原站,南港展覽館站,4,47.28333333333333,1,5.0,13.15,2,4.0
中原站,南港站,4,45.016666666666666,1,5.0,13.15,2,4.0
中原站,國父紀念館站,4,35.166666666666664,1,5.0,13.15,2,4.0
中原站,市政府站,4,36.916666666666664,1,5.0,13.15,2,4.0
中原站,後山埤站,4,40.516666666666666,1,5.0,13.15,2,4.0
中原站,忠孝復興站,4,31.766666666666666,1,5.0,13.15,2,4.0
中原站,忠孝敦化站,4,33.516666666666666,1,5.0,13.15,2,4.0
中原站,昆陽站,4,42.78333333333333,1,5.0,13.15,2,4.0
中原站,永春站,4,38.833333333333336,1,5.0,13.15,2,4.0
中和站,南港展覽館站,4,43.516666666666666,1,5.0,13.15,2,4.0
中和站,南港站,4,41.25,1,5.0,13.15,2,4.0
中和站,國父紀念館站,4,31.4,1,5.0,13.15,2,4.0
中和站,市政府站,4,33.15,1,5.0,13.15,2,4.0
中和站,後山埤站,4,36.75,1,5.0,13.15,2,4.0
中和站,忠孝復興站,4,28.0,1,5.0,13.15,2,4.0
中和站,忠孝敦化站,4,29.75,1,5.0,13.15,2,4.0
中和站,昆陽站,4,39.016666666666666,1,5.0,13.15,2,4.0
中和站,永春站,4,35.06666666666667,1,5.0,13.15,2,4.0
橋和站,南港展覽館站,4,45.666666666666664,1,5.0,13.15,2,4.0
橋和站,南港站,4,43.4,1,5.0,13.15,2,4.0
橋和站,國父紀念館站,4,33.55,1,5.0,13.15,2,4.0
橋和站,市政府站,4,35.3,1,5.0,13.15,2,4.0
橋和站,後山埤站,4,38.9,1,5.0,13.15,2,4.0
橋和站,忠孝復興站,4,30.15,1,5.0,13.15,2,4.0
橋和站,忠孝敦化站,4,31.9,1,5.0,13.15,2,4.0
橋和站,昆陽站,4,41.166666666666664,1,5.0,13.15,2,4.0
橋和站,永春站,4,37.21666666666667,1,5.0,13.15,2,4.0
中原站,葫洲站,4,57.13333333333333,2,8.0,12.85,2,6.0
中和站,葫洲站,4,53.36666666666667,2,8.0,12.85,2,6.0
橋和站,葫洲站,4,55.516666666666666,2,8.0,12.85,2,6.0
秀朗橋站,南港軟體園區站,4,49.71666666666667,2,8.0,12.716666666666667,2,5.0
大安站,南京三民站,4,12.4,1,2.0,12.65,1,3.0
大安站,台北小巨蛋站,4,10.25,1,2.0,12.65,1,3.0
大安站,松山站,4,15.15,1,2.0,12.65,1,3.0
南港展覽館站,中原站,4,47.36666666666667,1,5.0,12.6,2,4.0
南港展覽館站,中和站,4,43.6,1,5.0,12.6,2,4.0
南港展覽館站,橋和站,4,45.75,1,5.0,12.6,2,4.0
南港站,中原站,4,45.1,1,5.0,12.6,2,4.0
南港站,中和站,4,41.333333333333336,1,5.0,12.6,2,4.0
南港站,橋和站,4,43.483333333333334,1,5.0,12.6,2,4.0
國父紀念館站,中原站,4,35.25,1,5.0,12.6,2,4.0
國父紀念館站,中和站,4,31.483333333333334,1,5.0,12.6,2,4.0
國父紀念館站,橋和站,4,33.63333333333333,1,5.0,12.6,2,4.0
市政府站,中原站,4,37.0,1,5.0,12.6,2,4.0
市政府站,中和站,4,33.233333333333334,1,5.0,12.6,2,4.0
市政府站,橋和站,4,35.38333333333333,1,5.0,12.6,2,4.0
後山埤站,中原站,4,40.6,1,5.0,12.6,2,4.0
後山埤站,中和站,4,36.833333333333336,1,5.0,12.6,2,4.0
後山埤站,橋和站,4,38.983333333333334,1,5.0,12.6,2,4.0
忠孝復興站,中原站,4,31.85,1,5.0,12.6,2,4.0
忠孝復興站,中和站,4,28.083333333333332,1,5.0,12.6,2,4.0
忠孝復興站,橋和站,4,30.233333333333334,1,5.0,12.6,2,4.0
忠孝敦化站,中原站,4,33.6,1,5.0,12.6,2,4.0
忠孝敦化站,中和站,4,29.833333333333332,1,5.0,12.6,2,4.0
忠孝敦化站,橋和站,4,31.983333333333334,1,5.0,12.6,2,4.0
昆陽站,中原站,4,42.86666666666667,1,5.0,12.6,2,4.0
昆陽站,中和站,4,39.1,1,5.0,12.6,2,4.0
昆陽站,橋和站,4,41.25,1,5.0,12.6,2,4.0
永春站,中原站,4,38.916666666666664,1,5.0,12.6,2,4.0
永春站,中和站,4,35.15,1,5.0,12.6,2,4.0
永春站,橋和站,4,37.3,1,5.0,12.6,2,4.0
信義安和站,南京復興站,4,10.383333333333333,1,2.0,12.566666666666666,1,3.0
台北101/世貿站,南京復興站,4,12.216666666666667,1,2.0,12.566666666666666,1,3.0
廣慈/奉天宮站,南京復興站,4,16.766666666666666,1,2.0,12.566666666666666,1,3.0
象山站,南京復興站,4,13.816666666666666,1,2.0,12.566666666666666,1,3.0
南京復興站,信義安和站,4,10.3,1,2.0,12.516666666666667,1,3.0
南京復興站,台北101/世貿站,4,12.133333333333333,1,2.0,12.516666666666667,1,3.0
南京復興站,廣慈/奉天宮站,4,16.683333333333334,1,2.0,12.516666666666667,1,3.0
南京復興站,象山站,4,13.733333333333333,1,2.0,12.516666666666667,1,3.0
南京三民站,大安站,4,12.433333333333334,1,2.0,12.483333333333333,1,3.0
台北小巨蛋站,大安站,4,10.283333333333333,1,2.0,12.483333333333333,1,3.0
景平站,東湖站,4,49.81666666666667,2,8.0,12.483333333333333,2,5.0
松山站,大安站,4,15.183333333333334,1,2.0,12.483333333333333,1,3.0
葫洲站,中原站,4,57.21666666666667,2,8.0,12.283333333333333,2,6.0
葫洲站,中和站,4,53.45,2,8.0,12.283333333333333,2,6.0
葫洲站,橋和站,4,55.6,2,8.0,12.283333333333333,2,6.0
南港軟體園區站,秀朗橋站,4,49.8,2,8.0,12.15,2,5.0
東湖站,景平站,4,49.9,2,8.0,11.916666666666666,2,5.0
板新站,松江南京站,4,31.883333333333333,1,3.0,11.733333333333333,1,8.0
松江南京站,板新站,4,31.85,1,3.0,11.316666666666666,1,8.0
十四張站,南港軟體園區站,4,50.35,2,8.0,9.85,2,5.0
南港軟體園區站,十四張站,4,49.86666666666667,2,8.0,9.85,2,5.0
景安站,亞東醫院站,4,26.983333333333334,1,2.0,9.233333333333333,1,9.0
景安站,土城站,4,31.983333333333334,1,2.0,9.233333333333333,1,9.0
景安站,府中站,4,24.816666666666666,1,2.0,9.233333333333333,1,9.0
景安站,永寧站,4,34.0,1,2.0,9.233333333333333,1,9.0
景安站,海山站,4,29.783333333333335,1,2.0,9.233333333333333,1,9.0
景安站,頂埔站,4,37.46666666666667,1,2.0,9.233333333333333,1,9.0
大安森林公園站,南京復興站,4,10.116666666666667,1,2.0,9.15,1,3.0
南京復興站,大安森林公園站,4,10.033333333333333,1,2.0,9.1,1,3.0
秀朗橋站,東湖站,4,51.55,2,8.0,9.05,2,5.0
亞東醫院站,景安站,4,27.183333333333334,1,2.0,9.0,1,9.0
土城站,景安站,4,32.18333333333333,1,2.0,9.0,1,9.0
府中站,景安站,4,25.016666666666666,1,2.0,9.0,1,9.0
永寧站,景安站,4,34.2,1,2.0,9.0,1,9.0
海山站,景安站,4,29.983333333333334,1,2.0,9.0,1,9.0
頂埔站,景安站,4,37.666666666666664,1,2.0,9.0,1,9.0
信義安和站,南港展覽館站,4,28.716666666666665,1,4.0,8.533333333333333,1,6.0
台北101/世貿站,南港展覽館站,4,30.55,1,4.0,8.533333333333333,1,6.0
廣慈/奉天宮站,南港展覽館站,4,35.1,1,4.0,8.533333333333333,1,6.0
象山站,南港展覽館站,4,32.15,1,4.0,8.533333333333333,1,6.0
東湖站,秀朗橋站,4,51.63333333333333,2,8.0,8.483333333333333,2,5.0
南港展覽館站,信義安和站,4,28.716666666666665,1,4.0,8.416666666666666,1,6.0
南港展覽館站,台北101/世貿站,4,30.55,1,4.0,8.416666666666666,1,6.0
南港展覽館站,廣慈/奉天宮站,4,35.1,1,4.0,8.416666666666666,1,6.0
南港展覽館站,象山站,4,32.15,1,4.0,8.416666666666666,1,6.0
信義安和站,南京三民站,4,19.483333333333334,1,2.0,7.566666666666666,1,8.0
信義安和站,台北小巨蛋站,4,17.333333333333332,1,2.0,7.566666666666666,1,8.0
信義安和站,松山站,4,22.233333333333334,1,2.0,7.566666666666666,1,8.0
台北101/世貿站,南京三民站,4,21.316666666666666,1,2.0,7.566666666666666,1,8.0
台北101/世貿站,台北小巨蛋站,4,19.166666666666668,1,2.0,7.566666666666666,1,8.0
台北101/世貿站,松山站,4,24.066666666666666,1,2.0,7.566666666666666,1,8.0
廣慈/奉天宮站,南京三民站,4,25.866666666666667,1,2.0,7.566666666666666,1,8.0
廣慈/奉天宮站,台北小巨蛋站,4,23.716666666666665,1,2.0,7.566666666666666,1,8.0
廣慈/奉天宮站,松山站,4,28.616666666666667,1,2.0,7.566666666666666,1,8.0
象山站,南京三民站,4,22.916666666666668,1,2.0,7.566666666666666,1,8.0
象山站,台北小巨蛋站,4,20.766666666666666,1,2.0,7.566666666666666,1,8.0
象山站,松山站,4,25.666666666666668,1,2.0,7.566666666666666,1,8.0
南京三民站,信義安和站,4,19.433333333333334,1,2.0,7.483333333333333,1,8.0
南京三民站,台北101/世貿站,4,21.266666666666666,1,2.0,7.483333333333333,1,8.0
南京三民站,廣慈/奉天宮站,4,25.816666666666666,1,2.0,7.483333333333333,1,8.0
南京三民站,象山站,4,22.866666666666667,1,2.0,7.483333333333333,1,8.0
台北小巨蛋站,信義安和站,4,17.283333333333335,1,2.0,7.483333333333333,1,8.0
台北小巨蛋站,台北101/世貿站,4,19.116666666666667,1,2.0,7.483333333333333,1,8.0
台北小巨蛋站,廣慈/奉天宮站,4,23.666666666666668,1,2.0,7.483333333333333,1,8.0
台北小巨蛋站,象山站,4,20.716666666666665,1,2.0,7.483333333333333,1,8.0
松山站,信義安和站,4,22.183333333333334,1,2.0,7.483333333333333,1,8.0
松山站,台北101/世貿站,4,24.016666666666666,1,2.0,7.483333333333333,1,8.0
松山站,廣慈/奉天宮站,4,28.566666666666666,1,2.0,7.483333333333333,1,8.0
松山站,象山站,4,25.616666666666667,1,2.0,7.483333333333333,1,8.0
中和站,中山站,4,28.366666666666667,1,3.0,6.866666666666666,2,7.0
橋和站,中山站,4,30.516666666666666,1,3.0,6.866666666666666,2,7.0
中正紀念堂站,南港軟體園區站,4,33.71666666666667,1,5.0,6.583333333333333,2,4.0
南港軟體園區站,中正紀念堂站,4,33.63333333333333,1,5.0,6.583333333333333,2,4.0
十四張站,東湖站,4,52.18333333333333,2,8.0,6.183333333333334,2,5.0
東湖站,十四張站,4,51.7,2,8.0,6.183333333333334,2,5.0
中山站,中和站,4,28.616666666666667,1,3.0,6.166666666666667,2,7.0
中山站,橋和站,4,30.766666666666666,1,3.0,6.166666666666667,2,7.0
中原站,雙連站,4,33.666666666666664,2,5.0,6.1,1,5.0
中和站,劍潭站,4,35.75,2,5.0,6.1,1,5.0
中和站,北投站,4,49.1,2,5.0,6.1,1,5.0
中和站,台北車站,4,26.65,1,5.0,6.1,2,5.0
中和站,唭哩岸站,4,45.43333333333333,2,5.0,6.1,1,5.0
中和站,圓山站,4,33.4,2,5.0,6.1,1,5.0
中和站,士林站,4,37.88333333333333,2,5.0,6.1,1,5.0
中和站,奇岩站,4,47.13333333333333,2,5.0,6.1,1,5.0
中和站,復興崗站,4,51.8,2,5.0,6.1,1,5.0
中和站,忠義站,4,54.2,2,5.0,6.1,1,5.0
中和站,新北投站,4,54.71666666666667,3,8.0,6.1,1,5.0
中和站,明德站,4,41.666666666666664,2,5.0,6.1,1,5.0
中和站,淡水站,4,65.11666666666666,2,5.0,6.1,1,5.0
中和站,石牌站,4,43.166666666666664,2,5.0,6.1,1,5.0
中和站,竹圍站,4,58.93333333333333,2,5.0,6.1,1,5.0
中和站,紅樹林站,4,61.75,2,5.0,6.1,1,5.0
中和站,芝山站,4,39.9,2,5.0,6.1,1,5.0
中和站,關渡站,4,55.983333333333334,2,5.0,6.1,1,5.0
板新站,台大醫院站,4,31.116666666666667,2,5.0,6.1,1,8.0
橋和站,劍潭站,4,37.9,2,5.0,6.1,1,5.0
橋和站,北投站,4,51.25,2,5.0,6.1,1,5.0
橋和站,台北車站,4,28.8,1,5.0,6.1,2,5.0
橋和站,唭哩岸站,4,47.583333333333336,2,5.0,6.1,1,5.0
橋和站,圓山站,4,35.55,2,5.0,6.1,1,5.0
橋和站,士林站,4,40.03333333333333,2,5.0,6.1,1,5.0
橋和站,奇岩站,4,49.28333333333333,2,5.0,6.1,1,5.0
橋和站,復興崗站,4,53.95,2,5.0,6.1,1,5.0
橋和站,忠義站,4,56.35,2,5.0,6.1,1,5.0
橋和站,新北投站,4,56.86666666666667,3,8.0,6.1,1,5.0
橋和站,明德站,4,43.81666666666667,2,5.0,6.1,1,5.0
橋和站,淡水站,4,67.26666666666667,2,5.0,6.1,1,5.0
橋和站,石牌站,4,45.31666666666667,2,5.0,6.1,1,5.0
橋和站,竹圍站,4,61.083333333333336,2,5.0,6.1,1,5.0
橋和站,紅樹林站,4,63.9,2,5.0,6.1,1,5.0
橋和站,芝山站,4,42.05,2,5.0,6.1,1,5.0
橋和站,關渡站,4,58.13333333333333,2,5.0,6.1,1,5.0
劍潭站,中和站,4,36.0,2,5.0,5.533333333333333,1,5.0
劍潭站,橋和站,4,38.15,2,5.0,5.533333333333333,1,5.0
北投站,中和站,4,49.35,2,5.0,5.533333333333333,1,5.0
北投站,橋和站,4,51.5,2,5.0,5.533333333333333,1,5.0
台北車站,中和站,4,26.9,1,5.0,5.533333333333333,2,5.0
台北車站,橋和站,4,29.05,1,5.0,5.533333333333333,2,5.0
台大醫院站,板新站,4,31.366666666666667,2,5.0,5.533333333333333,1,8.0
唭哩岸站,中和站,4,45.68333333333333,2,5.0,5.533333333333333,1,5.0
唭哩岸站,橋和站,4,47.833333333333336,2,5.0,5.533333333333333,1,5.0
圓山站,中和站,4,33.65,2,5.0,5.533333333333333,1,5.0
圓山站,橋和站,4,35.8,2,5.0,5.533333333333333,1,5.0
士林站,中和站,4,38.13333333333333,2,5.0,5.533333333333333,1,5.0
士林站,橋和站,4,40.28333333333333,2,5.0,5.533333333333333,1,5.0
奇岩站,中和站,4,47.38333333333333,2,5.0,5.533333333333333,1,5.0
奇岩站,橋和站,4,49.53333333333333,2,5.0,5.533333333333333,1,5.0
復興崗站,中和站,4,52.05,2,5.0,5.533333333333333,1,5.0
復興崗站,橋和站,4,54.2,2,5.0,5.533333333333333,1,5.0
忠義站,中和站,4,54.45,2,5.0,5.533333333333333,1,5.0
忠義站,橋和站,4,56.6,2,5.0,5.533333333333333,1,5.0
新北投站,中和站,4,55.416666666666664,3,8.0,5.533333333333333,1,5.0
新北投站,橋和站,4,57.56666666666667,3,8.0,5.533333333333333,1,5.0
明德站,中和站,4,41.916666666666664,2,5.0,5.533333333333333,1,5.0
明德站,橋和站,4,44.06666666666667,2,5.0,5.533333333333333,1,5.0
淡水站,中和站,4,65.36666666666666,2,5.0,5.533333333333333,1,5.0
淡水站,橋和站,4,67.51666666666667,2,5.0,5.533333333333333,1,5.0
石牌站,中和站,4,43.416666666666664,2,5.0,5.533333333333333,1,5.0
石牌站,橋和站,4,45.56666666666667,2,5.0,5.533333333333333,1,5.0
竹圍站,中和站,4,59.18333333333333,2,5.0,5.533333333333333,1,5.0
竹圍站,橋和站,4,61.333333333333336,2,5.0,5.533333333333333,1,5.0
紅樹林站,中和站,4,62.0,2,5.0,5.533333333333333,1,5.0
紅樹林站,橋和站,4,64.15,2,5.0,5.533333333333333,1,5.0
芝山站,中和站,4,40.15,2,5.0,5.533333333333333,1,5.0
芝山站,橋和站,4,42.3,2,5.0,5.533333333333333,1,5.0
關渡站,中和站,4,56.233333333333334,2,5.0,5.533333333333333,1,5.0
關渡站,橋和站,4,58.38333333333333,2,5.0,5.533333333333333,1,5.0
雙連站,中原站,4,33.916666666666664,2,5.0,5.533333333333333,1,5.0
景平站,中山站,4,26.533333333333335,1,3.0,3.066666666666667,2,7.0
中正紀念堂站,東湖站,4,35.55,1,5.0,2.9166666666666665,2,4.0
東湖站,中正紀念堂站,4,35.46666666666667,1,5.0,2.9166666666666665,2,4.0
頭前庄站,萬隆站,4,33.166666666666664,1,2.0,2.5,1,9.0
中山站,景平站,4,26.783333333333335,1,3.0,2.3666666666666667,2,7.0
幸福站,亞東醫院站,3,19.55,1,5.0,44.95,1,4.0
幸福站,土城站,3,24.55,1,5.0,44.95,1,4.0
幸福站,府中站,3,17.383333333333333,1,5.0,44.95,1,4.0
幸福站,新埔站,3,13.55,1,5.0,44.95,1,4.0
幸福站,永寧站,3,26.566666666666666,1,5.0,44.95,1,4.0
幸福站,海山站,3,22.35,1,5.0,44.95,1,4.0
幸福站,頂埔站,3,30.033333333333335,1,5.0,44.95,1,4.0
新北產業園區站,亞東醫院站,3,22.183333333333334,1,5.0,44.95,1,4.0
新北產業園區站,土城站,3,27.183333333333334,1,5.0,44.95,1,4.0
新北產業園區站,府中站,3,20.016666666666666,1,5.0,44.95,1,4.0
新北產業園區站,新埔站,3,16.183333333333334,1,5.0,44.95,1,4.0
新北產業園區站,永寧站,3,29.2,1,5.0,44.95,1,4.0
新北產業園區站,海山站,3,24.983333333333334,1,5.0,44.95,1,4.0
新北產業園區站,頂埔站,3,32.666666666666664,1,5.0,44.95,1,4.0
亞東醫院站,幸福站,3,19.5,1,5.0,44.53333333333333,1,4.0
亞東醫院站,新北產業園區站,3,22.133333333333333,1,5.0,44.53333333333333,1,4.0
亞東醫院站,新埔民生站,3,14.533333333333333,1,5.0,44.53333333333333,1,4.0
土城站,幸福站,3,24.5,1,5.0,44.53333333333333,1,4.0
土城站,新北產業園區站,3,27.133333333333333,1,5.0,44.53333333333333,1,4.0
土城站,新埔民生站,3,19.533333333333335,1,5.0,44.53333333333333,1,4.0
府中站,幸福站,3,17.333333333333332,1,5.0,44.53333333333333,1,4.0
府中站,新北產業園區站,3,19.966666666666665,1,5.0,44.53333333333333,1,4.0
府中站,新埔民生站,3,12.366666666666667,1,5.0,44.53333333333333,1,4.0
新埔民生站,亞東醫院站,3,15.0,1,5.0,44.53333333333333,1,4.0
新埔民生站,土城站,3,20.0,1,5.0,44.53333333333333,1,4.0
新埔民生站,府中站,3,12.833333333333334,1,5.0,44.53333333333333,1,4.0
新埔民生站,新埔站,3,9.0,1,5.0,44.53333333333333,1,4.0
新埔民生站,永寧站,3,22.016666666666666,1,5.0,44.53333333333333,1,4.0
新埔民生站,海山站,3,17.8,1,5.0,44.53333333333333,1,4.0
新埔民生站,頂埔站,3,25.483333333333334,1,5.0,44.53333333333333,1,4.0
永寧站,幸福站,3,26.516666666666666,1,5.0,44.53333333333333,1,4.0
永寧站,新北產業園區站,3,29.15,1,5.0,44.53333333333333,1,4.0
永寧站,新埔民生站,3,21.55,1,5.0,44.53333333333333,1,4.0
海山站,幸福站,3,22.3,1,5.0,44.53333333333333,1,4.0
海山站,新北產業園區站,3,24.933333333333334,1,5.0,44.53333333333333,1,4.0
海山站,新埔民生站,3,17.333333333333332,1,5.0,44.53333333333333,1,4.0
頂埔站,幸福站,3,29.983333333333334,1,5.0,44.53333333333333,1,4.0
頂埔站,新北產業園區站,3,32.61666666666667,1,5.0,44.53333333333333,1,4.0
頂埔站,新埔民生站,3,25.016666666666666,1,5.0,44.53333333333333,1,4.0
新埔站,幸福站,3,13.966666666666667,1,5.0,44.06666666666667,1,4.0
新埔站,新北產業園區站,3,16.6,1,5.0,44.06666666666667,1,4.0
新埔站,新埔民生站,3,9.0,1,5.0,44.06666666666667,1,4.0
幸福站,三和國中站,3,25.116666666666667,1,5.0,41.46666666666667,1,2.0
幸福站,三民高中站,3,28.85,1,5.0,41.46666666666667,1,2.0
幸福站,三重國小站,3,22.916666666666668,1,5.0,41.46666666666667,1,2.0
幸福站,徐匯中學站,3,26.9,1,5.0,41.46666666666667,1,2.0
幸福站,蘆洲站,3,31.116666666666667,1,5.0,41.46666666666667,1,2.0
新北產業園區站,三和國中站,3,27.75,1,5.0,41.46666666666667,1,2.0
新北產業園區站,三民高中站,3,31.483333333333334,1,5.0,41.46666666666667,1,2.0
新北產業園區站,三重國小站,3,25.55,1,5.0,41.46666666666667,1,2.0
新北產業園區站,徐匯中學站,3,29.533333333333335,1,5.0,41.46666666666667,1,2.0
新北產業園區站,蘆洲站,3,33.75,1,5.0,41.46666666666667,1,2.0
幸福站,江子翠站,3,15.3,1,5.0,41.45,1,4.0
新北產業園區站,江子翠站,3,17.933333333333334,1,5.0,41.45,1,4.0
新埔民生站,江子翠站,3,10.75,1,5.0,41.03333333333333,1,4.0
江子翠站,幸福站,3,15.25,1,5.0,41.03333333333333,1,4.0
江子翠站,新北產業園區站,3,17.883333333333333,1,5.0,41.03333333333333,1,4.0
江子翠站,新埔民生站,3,10.283333333333333,1,5.0,41.03333333333333,1,4.0
三和國中站,幸福站,3,25.283333333333335,1,5.0,40.85,1,2.0
三和國中站,新北產業園區站,3,27.916666666666668,1,5.0,40.85,1,2.0
三民高中站,幸福站,3,29.016666666666666,1,5.0,40.85,1,2.0
三民高中站,新北產業園區站,3,31.65,1,5.0,40.85,1,2.0
三重國小站,幸福站,3,23.083333333333332,1,5.0,40.85,1,2.0
三重國小站,新北產業園區站,3,25.716666666666665,1,5.0,40.85,1,2.0
徐匯中學站,幸福站,3,27.066666666666666,1,5.0,40.85,1,2.0
徐匯中學站,新北產業園區站,3,29.7,1,5.0,40.85,1,2.0
蘆洲站,幸福站,3,31.283333333333335,1,5.0,40.85,1,2.0
蘆洲站,新北產業園區站,3,33.916666666666664,1,5.0,40.85,1,2.0
新埔民生站,三和國中站,3,25.916666666666668,1,5.0,35.7,1,2.0
新埔民生站,三民高中站,3,29.65,1,5.0,35.7,1,2.0
新埔民生站,三重國小站,3,23.716666666666665,1,5.0,35.7,1,2.0
新埔民生站,徐匯中學站,3,27.7,1,5.0,35.7,1,2.0
新埔民生站,蘆洲站,3,31.916666666666668,1,5.0,35.7,1,2.0
三和國中站,新埔民生站,3,26.083333333333332,1,5.0,35.083333333333336,1,2.0
三民高中站,新埔民生站,3,29.816666666666666,1,5.0,35.083333333333336,1,2.0
三重國小站,新埔民生站,3,23.883333333333333,1,5.0,35.083333333333336,1,2.0
徐匯中學站,新埔民生站,3,27.866666666666667,1,5.0,35.083333333333336,1,2.0
蘆洲站,新埔民生站,3,32.083333333333336,1,5.0,35.083333333333336,1,2.0
幸福站,龍山寺站,3,18.966666666666665,1,5.0,34.1,1,4.0
新北產業園區站,龍山寺站,3,21.6,1,5.0,34.1,1,4.0
新埔民生站,龍山寺站,3,14.416666666666666,1,5.0,33.68333333333333,1,4.0
龍山寺站,幸福站,3,18.916666666666668,1,5.0,33.68333333333333,1,4.0
龍山寺站,新北產業園區站,3,21.55,1,5.0,33.68333333333333,1,4.0
龍山寺站,新埔民生站,3,13.95,1,5.0,33.68333333333333,1,4.0
幸福站,劍潭站,3,27.95,2,5.0,31.716666666666665,0,4.0
幸福站,北投站,3,41.3,2,5.0,31.716666666666665,0,4.0
幸福站,唭哩岸站,3,37.63333333333333,2,5.0,31.716666666666665,0,4.0
幸福站,圓山站,3,25.6,2,5.0,31.716666666666665,0,4.0
幸福站,士林站,3,30.083333333333332,2,5.0,31.716666666666665,0,4.0
幸福站,奇岩站,3,39.333333333333336,2,5.0,31.716666666666665,0,4.0
幸福站,復興崗站,3,44.0,2,5.0,31.716666666666665,0,4.0
幸福站,忠義站,3,46.4,2,5.0,31.716666666666665,0,4.0
幸福站,新北投站,3,46.916666666666664,3,8.0,31.716666666666665,0,4.0
幸福站,明德站,3,33.86666666666667,2,5.0,31.716666666666665,0,4.0
幸福站,淡水站,3,57.31666666666667,2,5.0,31.716666666666665,0,4.0
幸福站,石牌站,3,35.36666666666667,2,5.0,31.716666666666665,0,4.0
幸福站,竹圍站,3,51.13333333333333,2,5.0,31.716666666666665,0,4.0
幸福站,紅樹林站,3,53.95,2,5.0,31.716666666666665,0,4.0
幸福站,芝山站,3,32.1,2,5.0,31.716666666666665,0,4.0
幸福站,關渡站,3,48.18333333333333,2,5.0,31.716666666666665,0,4.0
新北產業園區站,劍潭站,3,30.583333333333332,2,5.0,31.716666666666665,0,4.0
新北產業園區站,北投站,3,43.93333333333333,2,5.0,31.716666666666665,0,4.0
新北產業園區站,唭哩岸站,3,40.266666666666666,2,5.0,31.716666666666665,0,4.0
新北產業園區站,圓山站,3,28.233333333333334,2,5.0,31.716666666666665,0,4.0
新北產業園區站,士林站,3,32.71666666666667,2,5.0,31.716666666666665,0,4.0
新北產業園區站,奇岩站,3,41.96666666666667,2,5.0,31.716666666666665,0,4.0
新北產業園區站,復興崗站,3,46.63333333333333,2,5.0,31.716666666666665,0,4.0
新北產業園區站,忠義站,3,49.03333333333333,2,5.0,31.716666666666665,0,4.0
新北產業園區站,新北投站,3,49.55,3,8.0,31.716666666666665,0,4.0
新北產業園區站,明德站,3,36.5,2,5.0,31.716666666666665,0,4.0
新北產業園區站,淡水站,3,59.95,2,5.0,31.716666666666665,0,4.0
新北產業園區站,石牌站,3,38.0,2,5.0,31.716666666666665,0,4.0
新北產業園區站,竹圍站,3,53.766666666666666,2,5.0,31.716666666666665,0,4.0
新北產業園區站,紅樹林站,3,56.583333333333336,2,5.0,31.716666666666665,0,4.0
新北產業園區站,芝山站,3,34.733333333333334,2,5.0,31.716666666666665,0,4.0
新北產業園區站,關渡站,3,50.81666666666667,2,5.0,31.716666666666665,0,4.0
板新站,新埔站,3,15.4,1,5.0,31.316666666666666,1,4.0
劍潭站,幸福站,3,28.166666666666668,2,5.0,31.183333333333334,0,4.0
劍潭站,新北產業園區站,3,30.8,2,5.0,31.183333333333334,0,4.0
北投站,幸福站,3,41.516666666666666,2,5.0,31.183333333333334,0,4.0
北投站,新北產業園區站,3,44.15,2,5.0,31.183333333333334,0,4.0
唭哩岸站,幸福站,3,37.85,2,5.0,31.183333333333334,0,4.0
唭哩岸站,新北產業園區站,3,40.483333333333334,2,5.0,31.183333333333334,0,4.0
圓山站,幸福站,3,25.816666666666666,2,5.0,31.183333333333334,0,4.0
圓山站,新北產業園區站,3,28.45,2,5.0,31.183333333333334,0,4.0
士林站,幸福站,3,30.3,2,5.0,31.183333333333334,0,4.0
士林站,新北產業園區站,3,32.93333333333333,2,5.0,31.183333333333334,0,4.0
奇岩站,幸福站,3,39.55,2,5.0,31.183333333333334,0,4.0
奇岩站,新北產業園區站,3,42.18333333333333,2,5.0,31.183333333333334,0,4.0
復興崗站,幸福站,3,44.21666666666667,2,5.0,31.183333333333334,0,4.0
復興崗站,新北產業園區站,3,46.85,2,5.0,31.183333333333334,0,4.0
忠義站,幸福站,3,46.61666666666667,2,5.0,31.183333333333334,0,4.0
忠義站,新北產業園區站,3,49.25,2,5.0,31.183333333333334,0,4.0
新北投站,幸福站,3,47.583333333333336,3,8.0,31.183333333333334,0,4.0
新北投站,新北產業園區站,3,50.21666666666667,3,8.0,31.183333333333334,0,4.0
明德站,幸福站,3,34.083333333333336,2,5.0,31.183333333333334,0,4.0
明德站,新北產業園區站,3,36.71666666666667,2,5.0,31.183333333333334,0,4.0
淡水站,幸福站,3,57.53333333333333,2,5.0,31.183333333333334,0,4.0
淡水站,新北產業園區站,3,60.166666666666664,2,5.0,31.183333333333334,0,4.0
石牌站,幸福站,3,35.583333333333336,2,5.0,31.183333333333334,0,4.0
石牌站,新北產業園區站,3,38.21666666666667,2,5.0,31.183333333333334,0,4.0
竹圍站,幸福站,3,51.35,2,5.0,31.183333333333334,0,4.0
竹圍站,新北產業園區站,3,53.983333333333334,2,5.0,31.183333333333334,0,4.0
紅樹林站,幸福站,3,54.166666666666664,2,5.0,31.183333333333334,0,4.0
紅樹林站,新北產業園區站,3,56.8,2,5.0,31.183333333333334,0,4.0
芝山站,幸福站,3,32.31666666666667,2,5.0,31.183333333333334,0,4.0
芝山站,新北產業園區站,3,34.95,2,5.0,31.183333333333334,0,4.0
關渡站,幸福站,3,48.4,2,5.0,31.183333333333334,0,4.0
關渡站,新北產業園區站,3,51.03333333333333,2,5.0,31.183333333333334,0,4.0
新埔站,板新站,3,15.816666666666666,1,5.0,30.433333333333334,1,4.0
幸福站,善導寺站,3,25.666666666666668,1,5.0,29.366666666666667,1,4.0
新北產業園區站,善導寺站,3,28.3,1,5.0,29.366666666666667,1,4.0
幸福站,松江南京站,3,26.25,1,3.0,29.15,1,3.0
新北產業園區站,松江南京站,3,28.883333333333333,1,3.0,29.15,1,3.0
善導寺站,幸福站,3,25.616666666666667,1,5.0,28.95,1,4.0
善導寺站,新北產業園區站,3,28.25,1,5.0,28.95,1,4.0
善導寺站,新埔民生站,3,20.65,1,5.0,28.95,1,4.0
新埔民生站,善導寺站,3,21.116666666666667,1,5.0,28.95,1,4.0
幸福站,雙連站,3,25.1,2,5.0,28.716666666666665,0,4.0
新北產業園區站,雙連站,3,27.733333333333334,2,5.0,28.716666666666665,0,4.0
松江南京站,幸福站,3,26.416666666666668,1,3.0,28.533333333333335,1,3.0
松江南京站,新北產業園區站,3,29.05,1,3.0,28.533333333333335,1,3.0
雙連站,幸福站,3,25.316666666666666,2,5.0,28.183333333333334,0,4.0
雙連站,新北產業園區站,3,27.95,2,5.0,28.183333333333334,0,4.0
板新站,江子翠站,3,17.15,1,5.0,27.816666666666666,1,4.0
江子翠站,板新站,3,17.1,1,5.0,27.4,1,4.0
幸福站,西門站,3,21.283333333333335,1,3.0,27.366666666666667,1,6.0
新北產業園區站,西門站,3,23.916666666666668,1,3.0,27.366666666666667,1,6.0
幸福站,中山國中站,3,37.05,2,8.0,27.15,1,6.0
幸福站,內湖站,3,52.85,2,8.0,27.15,1,6.0
幸福站,劍南路站,3,45.766666666666666,2,8.0,27.15,1,6.0
幸福站,大湖公園站,3,54.45,2,8.0,27.15,1,6.0
幸福站,大直站,3,43.61666666666667,2,8.0,27.15,1,6.0
幸福站,文德站,3,51.13333333333333,2,8.0,27.15,1,6.0
幸福站,松山機場站,3,40.25,2,8.0,27.15,1,6.0
幸福站,港墘站,3,49.516666666666666,2,8.0,27.15,1,6.0
幸福站,西湖站,3,48.016666666666666,2,8.0,27.15,1,6.0
新北產業園區站,中山國中站,3,39.68333333333333,2,8.0,27.15,1,6.0
新北產業園區站,內湖站,3,55.483333333333334,2,8.0,27.15,1,6.0
新北產業園區站,劍南路站,3,48.4,2,8.0,27.15,1,6.0
新北產業園區站,大湖公園站,3,57.083333333333336,2,8.0,27.15,1,6.0
新北產業園區站,大直站,3,46.25,2,8.0,27.15,1,6.0
新北產業園區站,文德站,3,53.766666666666666,2,8.0,27.15,1,6.0
新北產業園區站,松山機場站,3,42.88333333333333,2,8.0,27.15,1,6.0
新北產業園區站,港墘站,3,52.15,2,8.0,27.15,1,6.0
新北產業園區站,西湖站,3,50.65,2,8.0,27.15,1,6.0
西門站,幸福站,3,21.233333333333334,1,3.0,26.966666666666665,1,6.0
西門站,新北產業園區站,3,23.866666666666667,1,3.0,26.966666666666665,1,6.0
西門站,新埔民生站,3,16.266666666666666,1,3.0,26.966666666666665,1,6.0
新埔民生站,西門站,3,16.733333333333334,1,3.0,26.95,1,6.0
中原站,新埔站,3,17.666666666666668,1,5.0,26.783333333333335,1,4.0
幸福站,台北車站,3,23.866666666666667,1,5.0,26.7,1,4.0
新北產業園區站,台北車站,3,26.5,1,5.0,26.7,1,4.0
中山國中站,幸福站,3,37.1,2,8.0,26.616666666666667,1,6.0
中山國中站,新北產業園區站,3,39.733333333333334,2,8.0,26.616666666666667,1,6.0
內湖站,幸福站,3,52.9,2,8.0,26.616666666666667,1,6.0
內湖站,新北產業園區站,3,55.53333333333333,2,8.0,26.616666666666667,1,6.0
劍南路站,幸福站,3,45.81666666666667,2,8.0,26.616666666666667,1,6.0
劍南路站,新北產業園區站,3,48.45,2,8.0,26.616666666666667,1,6.0
大湖公園站,幸福站,3,54.5,2,8.0,26.616666666666667,1,6.0
大湖公園站,新北產業園區站,3,57.13333333333333,2,8.0,26.616666666666667,1,6.0
大直站,幸福站,3,43.666666666666664,2,8.0,26.616666666666667,1,6.0
大直站,新北產業園區站,3,46.3,2,8.0,26.616666666666667,1,6.0
文德站,幸福站,3,51.18333333333333,2,8.0,26.616666666666667,1,6.0
文德站,新北產業園區站,3,53.81666666666667,2,8.0,26.616666666666667,1,6.0
松山機場站,幸福站,3,40.3,2,8.0,26.616666666666667,1,6.0
松山機場站,新北產業園區站,3,42.93333333333333,2,8.0,26.616666666666667,1,6.0
港墘站,幸福站,3,49.56666666666667,2,8.0,26.616666666666667,1,6.0
港墘站,新北產業園區站,3,52.2,2,8.0,26.616666666666667,1,6.0
西湖站,幸福站,3,48.06666666666667,2,8.0,26.616666666666667,1,6.0
西湖站,新北產業園區站,3,50.7,2,8.0,26.616666666666667,1,6.0
台北車站,幸福站,3,23.816666666666666,1,5.0,26.433333333333334,1,4.0
台北車站,新北產業園區站,3,26.45,1,5.0,26.433333333333334,1,4.0
台北車站,新埔民生站,3,18.85,1,5.0,26.433333333333334,1,4.0
新埔民生站,台北車站,3,19.316666666666666,1,5.0,26.283333333333335,1,4.0
新埔民生站,劍潭站,3,28.75,2,5.0,25.95,0,4.0
新埔民生站,北投站,3,42.1,2,5.0,25.95,0,4.0
新埔民生站,唭哩岸站,3,38.43333333333333,2,5.0,25.95,0,4.0
新埔民生站,圓山站,3,26.4,2,5.0,25.95,0,4.0
新埔民生站,士林站,3,30.883333333333333,2,5.0,25.95,0,4.0
新埔民生站,奇岩站,3,40.13333333333333,2,5.0,25.95,0,4.0
新埔民生站,復興崗站,3,44.8,2,5.0,25.95,0,4.0
新埔民生站,忠義站,3,47.2,2,5.0,25.95,0,4.0
新埔民生站,新北投站,3,47.71666666666667,3,8.0,25.95,0,4.0
新埔民生站,明德站,3,34.666666666666664,2,5.0,25.95,0,4.0
新埔民生站,淡水站,3,58.11666666666667,2,5.0,25.95,0,4.0
新埔民生站,石牌站,3,36.166666666666664,2,5.0,25.95,0,4.0
新埔民生站,竹圍站,3,51.93333333333333,2,5.0,25.95,0,4.0
新埔民生站,紅樹林站,3,54.75,2,5.0,25.95,0,4.0
新埔民生站,芝山站,3,32.9,2,5.0,25.95,0,4.0
新埔民生站,關渡站,3,48.983333333333334,2,5.0,25.95,0,4.0
新埔站,中原站,3,18.083333333333332,1,5.0,25.9,1,4.0
劍潭站,新埔民生站,3,28.966666666666665,2,5.0,25.416666666666668,0,4.0
北投站,新埔民生站,3,42.31666666666667,2,5.0,25.416666666666668,0,4.0
唭哩岸站,新埔民生站,3,38.65,2,5.0,25.416666666666668,0,4.0
圓山站,新埔民生站,3,26.616666666666667,2,5.0,25.416666666666668,0,4.0
士林站,新埔民生站,3,31.1,2,5.0,25.416666666666668,0,4.0
奇岩站,新埔民生站,3,40.35,2,5.0,25.416666666666668,0,4.0
復興崗站,新埔民生站,3,45.016666666666666,2,5.0,25.416666666666668,0,4.0
忠義站,新埔民生站,3,47.416666666666664,2,5.0,25.416666666666668,0,4.0
新北投站,新埔民生站,3,48.38333333333333,3,8.0,25.416666666666668,0,4.0
明德站,新埔民生站,3,34.88333333333333,2,5.0,25.416666666666668,0,4.0
淡水站,新埔民生站,3,58.333333333333336,2,5.0,25.416666666666668,0,4.0
石牌站,新埔民生站,3,36.38333333333333,2,5.0,25.416666666666668,0,4.0
竹圍站,新埔民生站,3,52.15,2,5.0,25.416666666666668,0,4.0
紅樹林站,新埔民生站,3,54.96666666666667,2,5.0,25.416666666666668,0,4.0
芝山站,新埔民生站,3,33.11666666666667,2,5.0,25.416666666666668,0,4.0
關渡站,新埔民生站,3,49.2,2,5.0,25.416666666666668,0,4.0
中山國中站,新埔民生站,3,33.36666666666667,2,8.0,25.383333333333333,1,6.0
內湖站,新埔民生站,3,49.166666666666664,2,8.0,25.383333333333333,1,6.0
劍南路站,新埔民生站,3,42.083333333333336,2,8.0,25.383333333333333,1,6.0
大湖公園站,新埔民生站,3,50.766666666666666,2,8.0,25.383333333333333,1,6.0
大直站,新埔民生站,3,39.93333333333333,2,8.0,25.383333333333333,1,6.0
文德站,新埔民生站,3,47.45,2,8.0,25.383333333333333,1,6.0
松山機場站,新埔民生站,3,36.56666666666667,2,8.0,25.383333333333333,1,6.0
港墘站,新埔民生站,3,45.833333333333336,2,8.0,25.383333333333333,1,6.0
西湖站,新埔民生站,3,44.333333333333336,2,8.0,25.383333333333333,1,6.0
幸福站,北門站,3,25.283333333333335,1,3.0,25.366666666666667,1,8.0
新北產業園區站,北門站,3,27.916666666666668,1,3.0,25.366666666666667,1,8.0
新埔民生站,中山國中站,3,33.916666666666664,2,8.0,25.316666666666666,1,6.0
新埔民生站,內湖站,3,49.71666666666667,2,8.0,25.316666666666666,1,6.0
新埔民生站,劍南路站,3,42.63333333333333,2,8.0,25.316666666666666,1,6.0
新埔民生站,大湖公園站,3,51.31666666666667,2,8.0,25.316666666666666,1,6.0
新埔民生站,大直站,3,40.483333333333334,2,8.0,25.316666666666666,1,6.0
新埔民生站,文德站,3,48.0,2,8.0,25.316666666666666,1,6.0
新埔民生站,松山機場站,3,37.11666666666667,2,8.0,25.316666666666666,1,6.0
新埔民生站,港墘站,3,46.38333333333333,2,8.0,25.316666666666666,1,6.0
新埔民生站,西湖站,3,44.88333333333333,2,8.0,25.316666666666666,1,6.0
亞東醫院站,頭前庄站,3,17.333333333333332,1,2.0,25.166666666666668,1,7.0
土城站,頭前庄站,3,22.333333333333332,1,2.0,25.166666666666668,1,7.0
府中站,頭前庄站,3,15.166666666666666,1,2.0,25.166666666666668,1,7.0
永寧站,頭前庄站,3,24.35,1,2.0,25.166666666666668,1,7.0
海山站,頭前庄站,3,20.133333333333333,1,2.0,25.166666666666668,1,7.0
頂埔站,頭前庄站,3,27.816666666666666,1,2.0,25.166666666666668,1,7.0
頭前庄站,亞東醫院站,3,17.383333333333333,1,2.0,25.15,1,7.0
頭前庄站,土城站,3,22.383333333333333,1,2.0,25.15,1,7.0
頭前庄站,府中站,3,15.216666666666667,1,2.0,25.15,1,7.0
頭前庄站,新埔站,3,11.383333333333333,1,2.0,25.15,1,7.0
頭前庄站,永寧站,3,24.4,1,2.0,25.15,1,7.0
頭前庄站,海山站,3,20.183333333333334,1,2.0,25.15,1,7.0
頭前庄站,頂埔站,3,27.866666666666667,1,2.0,25.15,1,7.0
北門站,幸福站,3,25.25,1,3.0,24.95,1,8.0
北門站,新北產業園區站,3,27.883333333333333,1,3.0,24.95,1,8.0
北門站,新埔民生站,3,20.283333333333335,1,3.0,24.95,1,8.0
南京三民站,新埔民生站,3,31.25,1,3.0,24.95,1,8.0
南京復興站,新埔民生站,3,27.15,1,3.0,24.95,1,8.0
台北小巨蛋站,新埔民生站,3,29.1,1,3.0,24.95,1,8.0
新埔民生站,北門站,3,20.733333333333334,1,3.0,24.95,1,8.0
新埔民生站,南京三民站,3,31.7,1,3.0,24.95,1,8.0
新埔民生站,南京復興站,3,27.6,1,3.0,24.95,1,8.0
新埔民生站,台北小巨蛋站,3,29.55,1,3.0,24.95,1,8.0
新埔民生站,松山站,3,34.45,1,3.0,24.95,1,8.0
松山站,新埔民生站,3,34.0,1,3.0,24.95,1,8.0
新埔站,頭前庄站,3,11.8,1,2.0,24.7,1,7.0
幸福站,忠孝新生站,3,27.433333333333334,1,5.0,24.316666666666666,1,4.0
新北產業園區站,忠孝新生站,3,30.066666666666666,1,5.0,24.316666666666666,1,4.0
忠孝新生站,幸福站,3,27.383333333333333,1,5.0,23.916666666666668,1,4.0
忠孝新生站,新北產業園區站,3,30.016666666666666,1,5.0,23.916666666666668,1,4.0
忠孝新生站,新埔民生站,3,22.416666666666668,1,5.0,23.916666666666668,1,4.0
新埔民生站,忠孝新生站,3,22.883333333333333,1,5.0,23.9,1,4.0
橋和站,新埔站,3,19.283333333333335,1,5.0,23.55,1,4.0
中原站,江子翠站,3,19.416666666666668,1,5.0,23.283333333333335,1,4.0
新埔民生站,雙連站,3,25.9,2,5.0,22.95,0,4.0
江子翠站,中原站,3,19.366666666666667,1,5.0,22.866666666666667,1,4.0
新埔站,橋和站,3,19.7,1,5.0,22.666666666666668,1,4.0
雙連站,新埔民生站,3,26.116666666666667,2,5.0,22.416666666666668,0,4.0
板新站,三和國中站,3,32.733333333333334,1,5.0,22.066666666666666,1,2.0
板新站,三民高中站,3,36.46666666666667,1,5.0,22.066666666666666,1,2.0
板新站,三重國小站,3,30.533333333333335,1,5.0,22.066666666666666,1,2.0
板新站,徐匯中學站,3,34.516666666666666,1,5.0,22.066666666666666,1,2.0
板新站,蘆洲站,3,38.733333333333334,1,5.0,22.066666666666666,1,2.0
江子翠站,頭前庄站,3,13.083333333333334,1,2.0,21.666666666666668,1,7.0
頭前庄站,江子翠站,3,13.133333333333333,1,2.0,21.65,1,7.0
幸福站,小南門站,3,25.233333333333334,1,3.0,21.583333333333332,1,8.0
新北產業園區站,小南門站,3,27.866666666666667,1,3.0,21.583333333333332,1,8.0
三和國中站,板新站,3,32.9,1,5.0,21.45,1,2.0
三民高中站,板新站,3,36.63333333333333,1,5.0,21.45,1,2.0
三重國小站,板新站,3,30.7,1,5.0,21.45,1,2.0
徐匯中學站,板新站,3,34.68333333333333,1,5.0,21.45,1,2.0
蘆洲站,板新站,3,38.9,1,5.0,21.45,1,2.0
小南門站,幸福站,3,25.2,1,3.0,21.166666666666668,1,8.0
小南門站,新北產業園區站,3,27.833333333333332,1,3.0,21.166666666666668,1,8.0
小南門站,新埔民生站,3,20.233333333333334,1,3.0,21.166666666666668,1,8.0
新埔民生站,小南門站,3,20.683333333333334,1,3.0,21.166666666666668,1,8.0
板新站,龍山寺站,3,20.816666666666666,1,5.0,20.466666666666665,1,4.0
橋和站,江子翠站,3,21.033333333333335,1,5.0,20.05,1,4.0
龍山寺站,板新站,3,20.766666666666666,1,5.0,20.05,1,4.0
江子翠站,橋和站,3,20.983333333333334,1,5.0,19.633333333333333,1,4.0
中和站,新埔站,3,21.433333333333334,1,5.0,19.25,1,4.0
亞東醫院站,丹鳳站,3,30.316666666666666,1,2.0,19.166666666666668,1,13.0
亞東醫院站,新莊站,3,25.316666666666666,1,2.0,19.166666666666668,1,13.0
亞東醫院站,輔大站,3,28.016666666666666,1,2.0,19.166666666666668,1,13.0
亞東醫院站,迴龍站,3,33.53333333333333,1,2.0,19.166666666666668,1,13.0
土城站,丹鳳站,3,35.31666666666667,1,2.0,19.166666666666668,1,13.0
土城站,新莊站,3,30.316666666666666,1,2.0,19.166666666666668,1,13.0
土城站,輔大站,3,33.016666666666666,1,2.0,19.166666666666668,1,13.0
土城站,迴龍站,3,38.53333333333333,1,2.0,19.166666666666668,1,13.0
府中站,丹鳳站,3,28.15,1,2.0,19.166666666666668,1,13.0
府中站,新莊站,3,23.15,1,2.0,19.166666666666668,1,13.0
府中站,輔大站,3,25.85,1,2.0,19.166666666666668,1,13.0
府中站,迴龍站,3,31.366666666666667,1,2.0,19.166666666666668,1,13.0
永寧站,丹鳳站,3,37.333333333333336,1,2.0,19.166666666666668,1,13.0
永寧站,新莊站,3,32.333333333333336,1,2.0,19.166666666666668,1,13.0
永寧站,輔大站,3,35.03333333333333,1,2.0,19.166666666666668,1,13.0
永寧站,迴龍站,3,40.55,1,2.0,19.166666666666668,1,13.0
海山站,丹鳳站,3,33.11666666666667,1,2.0,19.166666666666668,1,13.0
海山站,新莊站,3,28.116666666666667,1,2.0,19.166666666666668,1,13.0
海山站,輔大站,3,30.816666666666666,1,2.0,19.166666666666668,1,13.0
海山站,迴龍站,3,36.333333333333336,1,2.0,19.166666666666668,1,13.0
頂埔站,丹鳳站,3,40.8,1,2.0,19.166666666666668,1,13.0
頂埔站,新莊站,3,35.8,1,2.0,19.166666666666668,1,13.0
頂埔站,輔大站,3,38.5,1,2.0,19.166666666666668,1,13.0
頂埔站,迴龍站,3,44.016666666666666,1,2.0,19.166666666666668,1,13.0
丹鳳站,亞東醫院站,3,30.533333333333335,1,2.0,18.983333333333334,1,13.0
丹鳳站,土城站,3,35.53333333333333,1,2.0,18.983333333333334,1,13.0
丹鳳站,府中站,3,28.366666666666667,1,2.0,18.983333333333334,1,13.0
丹鳳站,新埔站,3,24.533333333333335,1,2.0,18.983333333333334,1,13.0
丹鳳站,永寧站,3,37.55,1,2.0,18.983333333333334,1,13.0
丹鳳站,海山站,3,33.333333333333336,1,2.0,18.983333333333334,1,13.0
丹鳳站,頂埔站,3,41.016666666666666,1,2.0,18.983333333333334,1,13.0
新莊站,亞東醫院站,3,25.533333333333335,1,2.0,18.983333333333334,1,13.0
新莊站,土城站,3,30.533333333333335,1,2.0,18.983333333333334,1,13.0
新莊站,府中站,3,23.366666666666667,1,2.0,18.983333333333334,1,13.0
新莊站,新埔站,3,19.533333333333335,1,2.0,18.983333333333334,1,13.0
新莊站,永寧站,3,32.55,1,2.0,18.983333333333334,1,13.0
新莊站,海山站,3,28.333333333333332,1,2.0,18.983333333333334,1,13.0
新莊站,頂埔站,3,36.016666666666666,1,2.0,18.983333333333334,1,13.0
輔大站,亞東醫院站,3,28.233333333333334,1,2.0,18.983333333333334,1,13.0
輔大站,土城站,3,33.233333333333334,1,2.0,18.983333333333334,1,13.0
輔大站,府中站,3,26.066666666666666,1,2.0,18.983333333333334,1,13.0
輔大站,新埔站,3,22.233333333333334,1,2.0,18.983333333333334,1,13.0
輔大站,永寧站,3,35.25,1,2.0,18.983333333333334,1,13.0
輔大站,海山站,3,31.033333333333335,1,2.0,18.983333333333334,1,13.0
輔大站,頂埔站,3,38.71666666666667,1,2.0,18.983333333333334,1,13.0
迴龍站,亞東醫院站,3,33.75,1,2.0,18.983333333333334,1,13.0
迴龍站,土城站,3,38.75,1,2.0,18.983333333333334,1,13.0
迴龍站,府中站,3,31.583333333333332,1,2.0,18.983333333333334,1,13.0
迴龍站,新埔站,3,27.75,1,2.0,18.983333333333334,1,13.0
迴龍站,永寧站,3,40.766666666666666,1,2.0,18.983333333333334,1,13.0
迴龍站,海山站,3,36.55,1,2.0,18.983333333333334,1,13.0
迴龍站,頂埔站,3,44.233333333333334,1,2.0,18.983333333333334,1,13.0
新埔站,丹鳳站,3,24.783333333333335,1,2.0,18.7,1,13.0
新埔站,新莊站,3,19.783333333333335,1,2.0,18.7,1,13.0
新埔站,輔大站,3,22.483333333333334,1,2.0,18.7,1,13.0
新埔站,迴龍站,3,28.0,1,2.0,18.7,1,13.0
新埔站,中和站,3,21.85,1,5.0,18.366666666666667,1,4.0
幸福站,信義安和站,3,37.8,2,5.0,17.966666666666665,1,8.0
幸福站,台北101/世貿站,3,39.63333333333333,2,5.0,17.966666666666665,1,8.0
幸福站,大安森林公園站,3,34.11666666666667,2,5.0,17.966666666666665,1,8.0
幸福站,廣慈/奉天宮站,3,44.18333333333333,2,5.0,17.966666666666665,1,8.0
幸福站,象山站,3,41.233333333333334,2,5.0,17.966666666666665,1,8.0
新北產業園區站,信義安和站,3,40.43333333333333,2,5.0,17.966666666666665,1,8.0
新北產業園區站,台北101/世貿站,3,42.266666666666666,2,5.0,17.966666666666665,1,8.0
新北產業園區站,大安森林公園站,3,36.75,2,5.0,17.966666666666665,1,8.0
新北產業園區站,廣慈/奉天宮站,3,46.81666666666667,2,5.0,17.966666666666665,1,8.0
新北產業園區站,象山站,3,43.86666666666667,2,5.0,17.966666666666665,1,8.0
信義安和站,幸福站,3,37.9,2,5.0,17.55,1,8.0
信義安和站,新北產業園區站,3,40.53333333333333,2,5.0,17.55,1,8.0
台北101/世貿站,幸福站,3,39.733333333333334,2,5.0,17.55,1,8.0
台北101/世貿站,新北產業園區站,3,42.36666666666667,2,5.0,17.55,1,8.0
大安森林公園站,幸福站,3,34.21666666666667,2,5.0,17.55,1,8.0
大安森林公園站,新北產業園區站,3,36.85,2,5.0,17.55,1,8.0
廣慈/奉天宮站,幸福站,3,44.28333333333333,2,5.0,17.55,1,8.0
廣慈/奉天宮站,新北產業園區站,3,46.916666666666664,2,5.0,17.55,1,8.0
象山站,幸福站,3,41.333333333333336,2,5.0,17.55,1,8.0
象山站,新北產業園區站,3,43.96666666666667,2,5.0,17.55,1,8.0
中原站,三和國中站,3,35.0,1,5.0,17.533333333333335,1,2.0
中原站,三民高中站,3,38.733333333333334,1,5.0,17.533333333333335,1,2.0
中原站,三重國小站,3,32.8,1,5.0,17.533333333333335,1,2.0
中原站,徐匯中學站,3,36.78333333333333,1,5.0,17.533333333333335,1,2.0
中原站,蘆洲站,3,41.0,1,5.0,17.533333333333335,1,2.0
三和國中站,中原站,3,35.166666666666664,1,5.0,16.916666666666668,1,2.0
三民高中站,中原站,3,38.9,1,5.0,16.916666666666668,1,2.0
三重國小站,中原站,3,32.96666666666667,1,5.0,16.916666666666668,1,2.0
徐匯中學站,中原站,3,36.95,1,5.0,16.916666666666668,1,2.0
蘆洲站,中原站,3,41.166666666666664,1,5.0,16.916666666666668,1,2.0
新埔民生站,東門站,3,27.783333333333335,1,5.0,16.183333333333334,1,6.0
東門站,新埔民生站,3,27.35,1,5.0,16.166666666666668,1,6.0
中原站,龍山寺站,3,23.083333333333332,1,5.0,15.933333333333334,1,4.0
中和站,江子翠站,3,23.183333333333334,1,5.0,15.75,1,4.0
板新站,善導寺站,3,27.516666666666666,1,5.0,15.733333333333333,1,4.0
江子翠站,丹鳳站,3,26.066666666666666,1,2.0,15.666666666666666,1,13.0
江子翠站,新莊站,3,21.066666666666666,1,2.0,15.666666666666666,1,13.0
江子翠站,輔大站,3,23.766666666666666,1,2.0,15.666666666666666,1,13.0
江子翠站,迴龍站,3,29.283333333333335,1,2.0,15.666666666666666,1,13.0
龍山寺站,中原站,3,23.033333333333335,1,5.0,15.516666666666667,1,4.0
丹鳳站,江子翠站,3,26.283333333333335,1,2.0,15.483333333333333,1,13.0
新莊站,江子翠站,3,21.283333333333335,1,2.0,15.483333333333333,1,13.0
輔大站,江子翠站,3,23.983333333333334,1,2.0,15.483333333333333,1,13.0
迴龍站,江子翠站,3,29.5,1,2.0,15.483333333333333,1,13.0
江子翠站,中和站,3,23.133333333333333,1,5.0,15.333333333333334,1,4.0
善導寺站,板新站,3,27.466666666666665,1,5.0,15.316666666666666,1,4.0
亞東醫院站,先嗇宮站,3,25.55,1,2.0,14.733333333333333,1,13.0
土城站,先嗇宮站,3,30.55,1,2.0,14.733333333333333,1,13.0
府中站,先嗇宮站,3,23.383333333333333,1,2.0,14.733333333333333,1,13.0
永寧站,先嗇宮站,3,32.56666666666667,1,2.0,14.733333333333333,1,13.0
海山站,先嗇宮站,3,28.35,1,2.0,14.733333333333333,1,13.0
頂埔站,先嗇宮站,3,36.03333333333333,1,2.0,14.733333333333333,1,13.0
先嗇宮站,亞東醫院站,3,25.766666666666666,1,2.0,14.55,1,13.0
先嗇宮站,土城站,3,30.766666666666666,1,2.0,14.55,1,13.0
先嗇宮站,府中站,3,23.6,1,2.0,14.55,1,13.0
先嗇宮站,新埔站,3,19.766666666666666,1,2.0,14.55,1,13.0
先嗇宮站,永寧站,3,32.78333333333333,1,2.0,14.55,1,13.0
先嗇宮站,海山站,3,28.566666666666666,1,2.0,14.55,1,13.0
先嗇宮站,頂埔站,3,36.25,1,2.0,14.55,1,13.0
龍山寺站,頭前庄站,3,16.75,1,2.0,14.316666666666666,1,7.0
橋和站,三和國中站,3,36.61666666666667,1,5.0,14.3,1,2.0
橋和站,三民高中站,3,40.35,1,5.0,14.3,1,2.0
橋和站,三重國小站,3,34.416666666666664,1,5.0,14.3,1,2.0
橋和站,徐匯中學站,3,38.4,1,5.0,14.3,1,2.0
橋和站,蘆洲站,3,42.61666666666667,1,5.0,14.3,1,2.0
頭前庄站,龍山寺站,3,16.8,1,2.0,14.3,1,7.0
新埔站,先嗇宮站,3,20.016666666666666,1,2.0,14.266666666666667,1,13.0
板橋站,南勢角站,3,20.316666666666666,1,2.0,14.2,1,4.0
南勢角站,板橋站,3,20.433333333333334,1,2.0,14.116666666666667,1,4.0
幸福站,古亭站,3,29.033333333333335,1,3.0,13.883333333333333,1,8.0
新北產業園區站,古亭站,3,31.666666666666668,1,3.0,13.883333333333333,1,8.0
板新站,西門站,3,23.133333333333333,1,3.0,13.733333333333333,1,6.0
三和國中站,橋和站,3,36.78333333333333,1,5.0,13.683333333333334,1,2.0
三民高中站,橋和站,3,40.516666666666666,1,5.0,13.683333333333334,1,2.0
三重國小站,橋和站,3,34.583333333333336,1,5.0,13.683333333333334,1,2.0
徐匯中學站,橋和站,3,38.56666666666667,1,5.0,13.683333333333334,1,2.0
蘆洲站,橋和站,3,42.78333333333333,1,5.0,13.683333333333334,1,2.0
大安站,南港站,3,19.366666666666667,1,4.0,13.616666666666667,1,1.0
大安站,國父紀念館站,3,9.516666666666667,1,4.0,13.616666666666667,1,1.0
大安站,市政府站,3,11.266666666666667,1,4.0,13.616666666666667,1,1.0
大安站,後山埤站,3,14.866666666666667,1,4.0,13.616666666666667,1,1.0
大安站,忠孝敦化站,3,7.866666666666666,1,4.0,13.616666666666667,1,1.0
大安站,昆陽站,3,17.133333333333333,1,4.0,13.616666666666667,1,1.0
大安站,永春站,3,13.183333333333334,1,4.0,13.616666666666667,1,1.0
信義安和站,忠孝復興站,3,8.2,1,4.0,13.533333333333333,1,1.0
台北101/世貿站,忠孝復興站,3,10.033333333333333,1,4.0,13.533333333333333,1,1.0
廣慈/奉天宮站,忠孝復興站,3,14.583333333333334,1,4.0,13.533333333333333,1,1.0
象山站,忠孝復興站,3,11.633333333333333,1,4.0,13.533333333333333,1,1.0
忠孝復興站,信義安和站,3,8.116666666666667,1,4.0,13.5,1,1.0
忠孝復興站,台北101/世貿站,3,9.95,1,4.0,13.5,1,1.0
忠孝復興站,廣慈/奉天宮站,3,14.5,1,4.0,13.5,1,1.0
忠孝復興站,象山站,3,11.55,1,4.0,13.5,1,1.0
古亭站,幸福站,3,29.0,1,3.0,13.466666666666667,1,8.0
古亭站,新北產業園區站,3,31.633333333333333,1,3.0,13.466666666666667,1,8.0
古亭站,新埔民生站,3,24.033333333333335,1,3.0,13.466666666666667,1,8.0
新埔民生站,古亭站,3,24.483333333333334,1,3.0,13.466666666666667,1,8.0
南港站,大安站,3,19.45,1,4.0,13.416666666666666,1,1.0
國父紀念館站,大安站,3,9.6,1,4.0,13.416666666666666,1,1.0
市政府站,大安站,3,11.35,1,4.0,13.416666666666666,1,1.0
後山埤站,大安站,3,14.95,1,4.0,13.416666666666666,1,1.0
忠孝敦化站,大安站,3,7.95,1,4.0,13.416666666666666,1,1.0
昆陽站,大安站,3,17.216666666666665,1,4.0,13.416666666666666,1,1.0
永春站,大安站,3,13.266666666666667,1,4.0,13.416666666666666,1,1.0
景平站,六張犁站,3,33.8,2,8.0,13.333333333333334,1,5.0
景平站,動物園站,3,45.166666666666664,2,8.0,13.333333333333334,1,5.0
景平站,木柵站,3,43.63333333333333,2,8.0,13.333333333333334,1,5.0
景平站,科技大樓站,3,31.35,2,8.0,13.333333333333334,1,5.0
景平站,萬芳社區站,3,42.43333333333333,2,8.0,13.333333333333334,1,5.0
景平站,萬芳醫院站,3,40.36666666666667,2,8.0,13.333333333333334,1,5.0
景平站,辛亥站,3,38.18333333333333,2,8.0,13.333333333333334,1,5.0
景平站,麟光站,3,35.416666666666664,2,8.0,13.333333333333334,1,5.0
西門站,板新站,3,23.083333333333332,1,3.0,13.333333333333334,1,6.0
景平站,善導寺站,3,26.016666666666666,1,5.0,13.166666666666666,1,4.0
秀朗橋站,善導寺站,3,27.75,1,5.0,13.166666666666666,1,4.0
板新站,台北車站,3,25.716666666666665,1,5.0,13.066666666666666,1,4.0
善導寺站,景平站,3,26.1,1,5.0,13.033333333333333,1,4.0
善導寺站,秀朗橋站,3,27.833333333333332,1,5.0,13.033333333333333,1,4.0
南港軟體園區站,劍潭站,3,39.95,1,5.0,13.016666666666667,1,4.0
南港軟體園區站,北投站,3,53.3,1,5.0,13.016666666666667,1,4.0
南港軟體園區站,唭哩岸站,3,49.63333333333333,1,5.0,13.016666666666667,1,4.0
南港軟體園區站,圓山站,3,37.6,1,5.0,13.016666666666667,1,4.0
南港軟體園區站,士林站,3,42.083333333333336,1,5.0,13.016666666666667,1,4.0
南港軟體園區站,奇岩站,3,51.333333333333336,1,5.0,13.016666666666667,1,4.0
南港軟體園區站,復興崗站,3,56.0,1,5.0,13.016666666666667,1,4.0
南港軟體園區站,忠義站,3,58.4,1,5.0,13.016666666666667,1,4.0
南港軟體園區站,新北投站,3,58.916666666666664,2,8.0,13.016666666666667,1,4.0
南港軟體園區站,明德站,3,45.86666666666667,1,5.0,13.016666666666667,1,4.0
南港軟體園區站,淡水站,3,69.31666666666666,1,5.0,13.016666666666667,1,4.0
南港軟體園區站,石牌站,3,47.36666666666667,1,5.0,13.016666666666667,1,4.0
南港軟體園區站,竹圍站,3,63.13333333333333,1,5.0,13.016666666666667,1,4.0
南港軟體園區站,紅樹林站,3,65.95,1,5.0,13.016666666666667,1,4.0
南港軟體園區站,芝山站,3,44.1,1,5.0,13.016666666666667,1,4.0
南港軟體園區站,關渡站,3,60.18333333333333,1,5.0,13.016666666666667,1,4.0
南港軟體園區站,雙連站,3,34.1,1,5.0,13.016666666666667,1,4.0
劍潭站,南港軟體園區站,3,40.06666666666667,1,5.0,12.983333333333333,1,4.0
北投站,南港軟體園區站,3,53.416666666666664,1,5.0,12.983333333333333,1,4.0
唭哩岸站,南港軟體園區站,3,49.75,1,5.0,12.983333333333333,1,4.0
圓山站,南港軟體園區站,3,37.71666666666667,1,5.0,12.983333333333333,1,4.0
士林站,南港軟體園區站,3,42.2,1,5.0,12.983333333333333,1,4.0
奇岩站,南港軟體園區站,3,51.45,1,5.0,12.983333333333333,1,4.0
復興崗站,南港軟體園區站,3,56.11666666666667,1,5.0,12.983333333333333,1,4.0
忠義站,南港軟體園區站,3,58.516666666666666,1,5.0,12.983333333333333,1,4.0
新北投站,南港軟體園區站,3,59.483333333333334,2,8.0,12.983333333333333,1,4.0
明德站,南港軟體園區站,3,45.983333333333334,1,5.0,12.983333333333333,1,4.0
淡水站,南港軟體園區站,3,69.43333333333334,1,5.0,12.983333333333333,1,4.0
石牌站,南港軟體園區站,3,47.483333333333334,1,5.0,12.983333333333333,1,4.0
竹圍站,南港軟體園區站,3,63.25,1,5.0,12.983333333333333,1,4.0
紅樹林站,南港軟體園區站,3,66.06666666666666,1,5.0,12.983333333333333,1,4.0
芝山站,南港軟體園區站,3,44.21666666666667,1,5.0,12.983333333333333,1,4.0
關渡站,南港軟體園區站,3,60.3,1,5.0,12.983333333333333,1,4.0
雙連站,南港軟體園區站,3,34.21666666666667,1,5.0,12.983333333333333,1,4.0
台北車站,板新站,3,25.666666666666668,1,5.0,12.8,1,4.0
六張犁站,景平站,3,33.88333333333333,2,8.0,12.766666666666667,1,5.0
動物園站,景平站,3,45.25,2,8.0,12.766666666666667,1,5.0
木柵站,景平站,3,43.71666666666667,2,8.0,12.766666666666667,1,5.0
科技大樓站,景平站,3,31.433333333333334,2,8.0,12.766666666666667,1,5.0
萬芳社區站,景平站,3,42.516666666666666,2,8.0,12.766666666666667,1,5.0
萬芳醫院站,景平站,3,40.45,2,8.0,12.766666666666667,1,5.0
辛亥站,景平站,3,38.266666666666666,2,8.0,12.766666666666667,1,5.0
麟光站,景平站,3,35.5,2,8.0,12.766666666666667,1,5.0
橋和站,龍山寺站,3,24.7,1,5.0,12.7,1,4.0
景平站,台北車站,3,24.816666666666666,1,5.0,12.566666666666666,2,5.0
板新站,劍潭站,3,35.56666666666667,2,5.0,12.316666666666666,0,4.0
板新站,北投站,3,48.916666666666664,2,5.0,12.316666666666666,0,4.0
板新站,唭哩岸站,3,45.25,2,5.0,12.316666666666666,0,4.0
板新站,圓山站,3,33.21666666666667,2,5.0,12.316666666666666,0,4.0
板新站,士林站,3,37.7,2,5.0,12.316666666666666,0,4.0
板新站,奇岩站,3,46.95,2,5.0,12.316666666666666,0,4.0
板新站,復興崗站,3,51.61666666666667,2,5.0,12.316666666666666,0,4.0
板新站,忠義站,3,54.016666666666666,2,5.0,12.316666666666666,0,4.0
板新站,新北投站,3,54.53333333333333,3,8.0,12.316666666666666,0,4.0
板新站,明德站,3,41.483333333333334,2,5.0,12.316666666666666,0,4.0
板新站,淡水站,3,64.93333333333334,2,5.0,12.316666666666666,0,4.0
板新站,石牌站,3,42.983333333333334,2,5.0,12.316666666666666,0,4.0
板新站,竹圍站,3,58.75,2,5.0,12.316666666666666,0,4.0
板新站,紅樹林站,3,61.56666666666667,2,5.0,12.316666666666666,0,4.0
板新站,芝山站,3,39.71666666666667,2,5.0,12.316666666666666,0,4.0
板新站,關渡站,3,55.8,2,5.0,12.316666666666666,0,4.0
龍山寺站,橋和站,3,24.65,1,5.0,12.283333333333333,1,4.0
台北車站,景平站,3,25.066666666666666,1,5.0,12.266666666666667,2,5.0
南京復興站,南港站,3,19.683333333333334,1,2.0,12.183333333333334,1,3.0
南京復興站,國父紀念館站,3,9.833333333333334,1,2.0,12.183333333333334,1,3.0
南京復興站,市政府站,3,11.583333333333334,1,2.0,12.183333333333334,1,3.0
南京復興站,後山埤站,3,15.183333333333334,1,2.0,12.183333333333334,1,3.0
南京復興站,忠孝敦化站,3,8.183333333333334,1,2.0,12.183333333333334,1,3.0
南京復興站,昆陽站,3,17.45,1,2.0,12.183333333333334,1,3.0
南京復興站,永春站,3,13.5,1,2.0,12.183333333333334,1,3.0
忠孝復興站,南京三民站,3,10.533333333333333,1,2.0,12.166666666666666,1,3.0
忠孝復興站,台北小巨蛋站,3,8.383333333333333,1,2.0,12.166666666666666,1,3.0
忠孝復興站,松山站,3,13.283333333333333,1,2.0,12.166666666666666,1,3.0
南京三民站,忠孝復興站,3,10.566666666666666,1,2.0,12.15,1,3.0
台北小巨蛋站,忠孝復興站,3,8.416666666666666,1,2.0,12.15,1,3.0
松山站,忠孝復興站,3,13.316666666666666,1,2.0,12.15,1,3.0
板新站,中山國中站,3,40.31666666666667,2,8.0,12.1,1,6.0
板新站,內湖站,3,56.11666666666667,2,8.0,12.1,1,6.0
板新站,劍南路站,3,49.03333333333333,2,8.0,12.1,1,6.0
板新站,大湖公園站,3,57.71666666666667,2,8.0,12.1,1,6.0
板新站,大直站,3,46.88333333333333,2,8.0,12.1,1,6.0
板新站,文德站,3,54.4,2,8.0,12.1,1,6.0
板新站,松山機場站,3,43.516666666666666,2,8.0,12.1,1,6.0
板新站,港墘站,3,52.78333333333333,2,8.0,12.1,1,6.0
板新站,西湖站,3,51.28333333333333,2,8.0,12.1,1,6.0
南港站,南京復興站,3,19.766666666666666,1,2.0,12.083333333333334,1,3.0
國父紀念館站,南京復興站,3,9.916666666666666,1,2.0,12.083333333333334,1,3.0
市政府站,南京復興站,3,11.666666666666666,1,2.0,12.083333333333334,1,3.0
後山埤站,南京復興站,3,15.266666666666667,1,2.0,12.083333333333334,1,3.0
忠孝敦化站,南京復興站,3,8.266666666666667,1,2.0,12.083333333333334,1,3.0
昆陽站,南京復興站,3,17.533333333333335,1,2.0,12.083333333333334,1,3.0
景平站,亞東醫院站,3,28.966666666666665,1,5.0,12.083333333333334,1,6.0
景平站,土城站,3,33.96666666666667,1,5.0,12.083333333333334,1,6.0
景平站,府中站,3,26.8,1,5.0,12.083333333333334,1,6.0
景平站,永寧站,3,35.983333333333334,1,5.0,12.083333333333334,1,6.0
景平站,海山站,3,31.766666666666666,1,5.0,12.083333333333334,1,6.0
景平站,頂埔站,3,39.45,1,5.0,12.083333333333334,1,6.0
永春站,南京復興站,3,13.583333333333334,1,2.0,12.083333333333334,1,3.0
劍潭站,板新站,3,35.78333333333333,2,5.0,11.783333333333333,0,4.0
北投站,板新站,3,49.13333333333333,2,5.0,11.783333333333333,0,4.0
唭哩岸站,板新站,3,45.46666666666667,2,5.0,11.783333333333333,0,4.0
圓山站,板新站,3,33.43333333333333,2,5.0,11.783333333333333,0,4.0
士林站,板新站,3,37.916666666666664,2,5.0,11.783333333333333,0,4.0
奇岩站,板新站,3,47.166666666666664,2,5.0,11.783333333333333,0,4.0
復興崗站,板新站,3,51.833333333333336,2,5.0,11.783333333333333,0,4.0
忠義站,板新站,3,54.233333333333334,2,5.0,11.783333333333333,0,4.0
新北投站,板新站,3,55.2,3,8.0,11.783333333333333,0,4.0
明德站,板新站,3,41.7,2,5.0,11.783333333333333,0,4.0
淡水站,板新站,3,65.15,2,5.0,11.783333333333333,0,4.0
石牌站,板新站,3,43.2,2,5.0,11.783333333333333,0,4.0
竹圍站,板新站,3,58.96666666666667,2,5.0,11.783333333333333,0,4.0
紅樹林站,板新站,3,61.78333333333333,2,5.0,11.783333333333333,0,4.0
芝山站,板新站,3,39.93333333333333,2,5.0,11.783333333333333,0,4.0
關渡站,板新站,3,56.016666666666666,2,5.0,11.783333333333333,0,4.0
中山國中站,板新站,3,40.18333333333333,2,8.0,11.75,1,6.0
內湖站,板新站,3,55.983333333333334,2,8.0,11.75,1,6.0
劍南路站,板新站,3,48.9,2,8.0,11.75,1,6.0
大湖公園站,板新站,3,57.583333333333336,2,8.0,11.75,1,6.0
大直站,板新站,3,46.75,2,8.0,11.75,1,6.0
文德站,板新站,3,54.266666666666666,2,8.0,11.75,1,6.0
松山機場站,板新站,3,43.38333333333333,2,8.0,11.75,1,6.0
港墘站,板新站,3,52.65,2,8.0,11.75,1,6.0
西湖站,板新站,3,51.15,2,8.0,11.75,1,6.0
板新站,北門站,3,27.133333333333333,1,3.0,11.733333333333333,1,8.0
板新站,南京三民站,3,38.1,1,3.0,11.733333333333333,1,8.0
板新站,南京復興站,3,34.0,1,3.0,11.733333333333333,1,8.0
板新站,台北小巨蛋站,3,35.95,1,3.0,11.733333333333333,1,8.0
板新站,松山站,3,40.85,1,3.0,11.733333333333333,1,8.0
中原站,松江南京站,3,29.933333333333334,1,3.0,11.416666666666666,1,3.0
中和站,松江南京站,3,26.166666666666668,1,3.0,11.416666666666666,1,3.0
亞東醫院站,景平站,3,29.166666666666668,1,5.0,11.416666666666666,1,6.0
土城站,景平站,3,34.166666666666664,1,5.0,11.416666666666666,1,6.0
府中站,景平站,3,27.0,1,5.0,11.416666666666666,1,6.0
橋和站,松江南京站,3,28.316666666666666,1,3.0,11.416666666666666,1,3.0
永寧站,景平站,3,36.18333333333333,1,5.0,11.416666666666666,1,6.0
海山站,景平站,3,31.966666666666665,1,5.0,11.416666666666666,1,6.0
頂埔站,景平站,3,39.65,1,5.0,11.416666666666666,1,6.0
北門站,板新站,3,27.1,1,3.0,11.316666666666666,1,8.0
南京三民站,板新站,3,38.06666666666667,1,3.0,11.316666666666666,1,8.0
南京復興站,板新站,3,33.96666666666667,1,3.0,11.316666666666666,1,8.0
台北小巨蛋站,板新站,3,35.916666666666664,1,3.0,11.316666666666666,1,8.0
松山站,板新站,3,40.81666666666667,1,3.0,11.316666666666666,1,8.0
江子翠站,先嗇宮站,3,21.3,1,2.0,11.233333333333333,1,13.0
中原站,善導寺站,3,29.783333333333335,1,5.0,11.2,1,4.0
先嗇宮站,江子翠站,3,21.516666666666666,1,2.0,11.05,1,13.0
松江南京站,中原站,3,30.05,1,3.0,10.85,1,3.0
松江南京站,中和站,3,26.283333333333335,1,3.0,10.85,1,3.0
松江南京站,橋和站,3,28.433333333333334,1,3.0,10.85,1,3.0
善導寺站,中原站,3,29.733333333333334,1,5.0,10.783333333333333,1,4.0
板新站,忠孝新生站,3,29.283333333333335,1,5.0,10.683333333333334,1,4.0
忠孝新生站,板新站,3,29.233333333333334,1,5.0,10.283333333333333,1,4.0
板橋站,永安市場站,3,20.2,1,2.0,10.25,1,4.0
永安市場站,板橋站,3,20.316666666666666,1,2.0,10.166666666666666,1,4.0
大安森林公園站,忠孝復興站,3,7.933333333333334,1,4.0,10.116666666666667,1,1.0
忠孝復興站,大安森林公園站,3,7.85,1,4.0,10.083333333333334,1,1.0
幸福站,台電大樓站,3,31.0,1,3.0,10.0,1,8.0
新北產業園區站,台電大樓站,3,33.63333333333333,1,3.0,10.0,1,8.0
秀朗橋站,六張犁站,3,35.53333333333333,2,8.0,9.9,1,5.0
秀朗橋站,動物園站,3,46.9,2,8.0,9.9,1,5.0
秀朗橋站,木柵站,3,45.36666666666667,2,8.0,9.9,1,5.0
秀朗橋站,科技大樓站,3,33.083333333333336,2,8.0,9.9,1,5.0
秀朗橋站,萬芳社區站,3,44.166666666666664,2,8.0,9.9,1,5.0
秀朗橋站,萬芳醫院站,3,42.1,2,8.0,9.9,1,5.0
秀朗橋站,辛亥站,3,39.916666666666664,2,8.0,9.9,1,5.0
秀朗橋站,麟光站,3,37.15,2,8.0,9.9,1,5.0
七張站,南港軟體園區站,3,46.233333333333334,1,5.0,9.85,2,4.0
公館站,南港軟體園區站,3,38.05,1,5.0,9.85,2,4.0
南港軟體園區站,七張站,3,46.2,1,5.0,9.85,2,4.0
南港軟體園區站,公館站,3,38.016666666666666,1,5.0,9.85,2,4.0
南港軟體園區站,台電大樓站,3,36.2,1,5.0,9.85,2,4.0
南港軟體園區站,大坪林站,3,44.45,1,5.0,9.85,2,4.0
南港軟體園區站,小碧潭站,3,52.583333333333336,2,8.0,9.85,2,4.0
南港軟體園區站,新店區公所站,3,47.95,1,5.0,9.85,2,4.0
南港軟體園區站,新店站,3,50.21666666666667,1,5.0,9.85,2,4.0
南港軟體園區站,景美站,3,42.46666666666667,1,5.0,9.85,2,4.0
南港軟體園區站,萬隆站,3,40.53333333333333,1,5.0,9.85,2,4.0
台電大樓站,南港軟體園區站,3,36.233333333333334,1,5.0,9.85,2,4.0
大坪林站,南港軟體園區站,3,44.483333333333334,1,5.0,9.85,2,4.0
小碧潭站,南港軟體園區站,3,53.016666666666666,2,8.0,9.85,2,4.0
新店區公所站,南港軟體園區站,3,47.983333333333334,1,5.0,9.85,2,4.0
新店站,南港軟體園區站,3,50.25,1,5.0,9.85,2,4.0
景美站,南港軟體園區站,3,42.5,1,5.0,9.85,2,4.0
萬隆站,南港軟體園區站,3,40.56666666666667,1,5.0,9.85,2,4.0
南港軟體園區站,台大醫院站,3,32.55,1,5.0,9.75,1,4.0
台大醫院站,南港軟體園區站,3,32.666666666666664,1,5.0,9.716666666666667,1,4.0
台電大樓站,幸福站,3,30.966666666666665,1,3.0,9.583333333333334,1,8.0
台電大樓站,新北產業園區站,3,33.6,1,3.0,9.583333333333334,1,8.0
台電大樓站,新埔民生站,3,26.0,1,3.0,9.583333333333334,1,8.0
新埔民生站,台電大樓站,3,26.45,1,3.0,9.583333333333334,1,8.0
中原站,中山國中站,3,40.63333333333333,2,8.0,9.516666666666667,1,6.0
中原站,內湖站,3,56.43333333333333,2,8.0,9.516666666666667,1,6.0
中原站,劍南路站,3,49.35,2,8.0,9.516666666666667,1,6.0
中原站,大湖公園站,3,58.03333333333333,2,8.0,9.516666666666667,1,6.0
中原站,大直站,3,47.2,2,8.0,9.516666666666667,1,6.0
中原站,文德站,3,54.71666666666667,2,8.0,9.516666666666667,1,6.0
中原站,松山機場站,3,43.833333333333336,2,8.0,9.516666666666667,1,6.0
中原站,港墘站,3,53.1,2,8.0,9.516666666666667,1,6.0
中原站,西湖站,3,51.6,2,8.0,9.516666666666667,1,6.0
中和站,中山國中站,3,36.86666666666667,2,8.0,9.516666666666667,1,6.0
中和站,內湖站,3,52.666666666666664,2,8.0,9.516666666666667,1,6.0
中和站,劍南路站,3,45.583333333333336,2,8.0,9.516666666666667,1,6.0
中和站,大湖公園站,3,54.266666666666666,2,8.0,9.516666666666667,1,6.0
中和站,大直站,3,43.43333333333333,2,8.0,9.516666666666667,1,6.0
中和站,文德站,3,50.95,2,8.0,9.516666666666667,1,6.0
中和站,松山機場站,3,40.06666666666667,2,8.0,9.516666666666667,1,6.0
中和站,港墘站,3,49.333333333333336,2,8.0,9.516666666666667,1,6.0
中和站,西湖站,3,47.833333333333336,2,8.0,9.516666666666667,1,6.0
橋和站,中山國中站,3,39.016666666666666,2,8.0,9.516666666666667,1,6.0
橋和站,內湖站,3,54.81666666666667,2,8.0,9.516666666666667,1,6.0
橋和站,劍南路站,3,47.733333333333334,2,8.0,9.516666666666667,1,6.0
橋和站,大湖公園站,3,56.416666666666664,2,8.0,9.516666666666667,1,6.0
橋和站,大直站,3,45.583333333333336,2,8.0,9.516666666666667,1,6.0
橋和站,文德站,3,53.1,2,8.0,9.516666666666667,1,6.0
橋和站,松山機場站,3,42.21666666666667,2,8.0,9.516666666666667,1,6.0
橋和站,港墘站,3,51.483333333333334,2,8.0,9.516666666666667,1,6.0
橋和站,西湖站,3,49.983333333333334,2,8.0,9.516666666666667,1,6.0
中和站,善導寺站,3,27.85,1,5.0,9.366666666666667,1,4.0
橋和站,善導寺站,3,30.0,1,5.0,9.366666666666667,1,4.0
東湖站,劍潭站,3,41.78333333333333,1,5.0,9.35,1,4.0
東湖站,北投站,3,55.13333333333333,1,5.0,9.35,1,4.0
東湖站,唭哩岸站,3,51.46666666666667,1,5.0,9.35,1,4.0
東湖站,圓山站,3,39.43333333333333,1,5.0,9.35,1,4.0
東湖站,士林站,3,43.916666666666664,1,5.0,9.35,1,4.0
東湖站,奇岩站,3,53.166666666666664,1,5.0,9.35,1,4.0
東湖站,復興崗站,3,57.833333333333336,1,5.0,9.35,1,4.0
東湖站,忠義站,3,60.233333333333334,1,5.0,9.35,1,4.0
東湖站,新北投站,3,60.75,2,8.0,9.35,1,4.0
東湖站,明德站,3,47.7,1,5.0,9.35,1,4.0
東湖站,淡水站,3,71.15,1,5.0,9.35,1,4.0
東湖站,石牌站,3,49.2,1,5.0,9.35,1,4.0
東湖站,竹圍站,3,64.96666666666667,1,5.0,9.35,1,4.0
東湖站,紅樹林站,3,67.78333333333333,1,5.0,9.35,1,4.0
東湖站,芝山站,3,45.93333333333333,1,5.0,9.35,1,4.0
東湖站,關渡站,3,62.016666666666666,1,5.0,9.35,1,4.0
東湖站,雙連站,3,35.93333333333333,1,5.0,9.35,1,4.0
六張犁站,秀朗橋站,3,35.61666666666667,2,8.0,9.333333333333334,1,5.0
動物園站,秀朗橋站,3,46.983333333333334,2,8.0,9.333333333333334,1,5.0
木柵站,秀朗橋站,3,45.45,2,8.0,9.333333333333334,1,5.0
科技大樓站,秀朗橋站,3,33.166666666666664,2,8.0,9.333333333333334,1,5.0
萬芳社區站,秀朗橋站,3,44.25,2,8.0,9.333333333333334,1,5.0
萬芳醫院站,秀朗橋站,3,42.18333333333333,2,8.0,9.333333333333334,1,5.0
辛亥站,秀朗橋站,3,40.0,2,8.0,9.333333333333334,1,5.0
麟光站,秀朗橋站,3,37.233333333333334,2,8.0,9.333333333333334,1,5.0
劍潭站,東湖站,3,41.9,1,5.0,9.316666666666666,1,4.0
北投站,東湖站,3,55.25,1,5.0,9.316666666666666,1,4.0
唭哩岸站,東湖站,3,51.583333333333336,1,5.0,9.316666666666666,1,4.0
圓山站,東湖站,3,39.55,1,5.0,9.316666666666666,1,4.0
士林站,東湖站,3,44.03333333333333,1,5.0,9.316666666666666,1,4.0
奇岩站,東湖站,3,53.28333333333333,1,5.0,9.316666666666666,1,4.0
復興崗站,東湖站,3,57.95,1,5.0,9.316666666666666,1,4.0
忠義站,東湖站,3,60.35,1,5.0,9.316666666666666,1,4.0
新北投站,東湖站,3,61.31666666666667,2,8.0,9.316666666666666,1,4.0
明德站,東湖站,3,47.81666666666667,1,5.0,9.316666666666666,1,4.0
板新站,雙連站,3,32.71666666666667,2,5.0,9.316666666666666,0,4.0
淡水站,東湖站,3,71.26666666666667,1,5.0,9.316666666666666,1,4.0
石牌站,東湖站,3,49.31666666666667,1,5.0,9.316666666666666,1,4.0
竹圍站,東湖站,3,65.08333333333333,1,5.0,9.316666666666666,1,4.0
紅樹林站,東湖站,3,67.9,1,5.0,9.316666666666666,1,4.0
芝山站,東湖站,3,46.05,1,5.0,9.316666666666666,1,4.0
關渡站,東湖站,3,62.13333333333333,1,5.0,9.316666666666666,1,4.0
雙連站,東湖站,3,36.05,1,5.0,9.316666666666666,1,4.0
中原站,西門站,3,25.4,1,3.0,9.2,1,6.0
亞東醫院站,三重站,3,28.333333333333332,1,2.0,9.166666666666666,1,13.0
土城站,三重站,3,33.333333333333336,1,2.0,9.166666666666666,1,13.0
府中站,三重站,3,26.166666666666668,1,2.0,9.166666666666666,1,13.0
永寧站,三重站,3,35.35,1,2.0,9.166666666666666,1,13.0
海山站,三重站,3,31.133333333333333,1,2.0,9.166666666666666,1,13.0
頂埔站,三重站,3,38.81666666666667,1,2.0,9.166666666666666,1,13.0
景平站,葫洲站,3,51.53333333333333,2,8.0,9.05,2,5.0
中山國中站,中原站,3,40.63333333333333,2,8.0,9.033333333333333,1,6.0
中山國中站,橋和站,3,39.016666666666666,2,8.0,9.033333333333333,1,6.0
內湖站,中原站,3,56.43333333333333,2,8.0,9.033333333333333,1,6.0
內湖站,橋和站,3,54.81666666666667,2,8.0,9.033333333333333,1,6.0
劍南路站,中原站,3,49.35,2,8.0,9.033333333333333,1,6.0
劍南路站,橋和站,3,47.733333333333334,2,8.0,9.033333333333333,1,6.0
大湖公園站,中原站,3,58.03333333333333,2,8.0,9.033333333333333,1,6.0
大湖公園站,橋和站,3,56.416666666666664,2,8.0,9.033333333333333,1,6.0
大直站,中原站,3,47.2,2,8.0,9.033333333333333,1,6.0
大直站,橋和站,3,45.583333333333336,2,8.0,9.033333333333333,1,6.0
文德站,中原站,3,54.71666666666667,2,8.0,9.033333333333333,1,6.0
文德站,橋和站,3,53.1,2,8.0,9.033333333333333,1,6.0
松山機場站,中原站,3,43.833333333333336,2,8.0,9.033333333333333,1,6.0
松山機場站,橋和站,3,42.21666666666667,2,8.0,9.033333333333333,1,6.0
港墘站,中原站,3,53.1,2,8.0,9.033333333333333,1,6.0
港墘站,橋和站,3,51.483333333333334,2,8.0,9.033333333333333,1,6.0
西湖站,中原站,3,51.6,2,8.0,9.033333333333333,1,6.0
西湖站,橋和站,3,49.983333333333334,2,8.0,9.033333333333333,1,6.0
三重站,亞東醫院站,3,28.55,1,2.0,8.983333333333333,1,13.0
三重站,土城站,3,33.55,1,2.0,8.983333333333333,1,13.0
三重站,府中站,3,26.383333333333333,1,2.0,8.983333333333333,1,13.0
三重站,新埔站,3,22.55,1,2.0,8.983333333333333,1,13.0
三重站,永寧站,3,35.56666666666667,1,2.0,8.983333333333333,1,13.0
三重站,海山站,3,31.35,1,2.0,8.983333333333333,1,13.0
三重站,頂埔站,3,39.03333333333333,1,2.0,8.983333333333333,1,13.0
善導寺站,中和站,3,27.933333333333334,1,5.0,8.816666666666666,1,4.0
善導寺站,橋和站,3,30.083333333333332,1,5.0,8.816666666666666,1,4.0
西門站,中原站,3,25.35,1,3.0,8.8,1,6.0
雙連站,板新站,3,32.93333333333333,2,5.0,8.783333333333333,0,4.0
南京三民站,南港展覽館站,3,29.516666666666666,1,2.0,8.716666666666667,1,3.0
台北小巨蛋站,南港展覽館站,3,27.366666666666667,1,2.0,8.716666666666667,1,3.0
松山站,南港展覽館站,3,32.266666666666666,1,2.0,8.716666666666667,1,3.0
新埔站,三重站,3,22.8,1,2.0,8.7,1,13.0
南港展覽館站,南京三民站,3,29.566666666666666,1,2.0,8.65,1,3.0
南港展覽館站,台北小巨蛋站,3,27.416666666666668,1,2.0,8.65,1,3.0
南港展覽館站,松山站,3,32.31666666666667,1,2.0,8.65,1,3.0
秀朗橋站,亞東醫院站,3,30.7,1,5.0,8.65,1,6.0
秀朗橋站,土城站,3,35.7,1,5.0,8.65,1,6.0
秀朗橋站,府中站,3,28.533333333333335,1,5.0,8.65,1,6.0
秀朗橋站,永寧站,3,37.71666666666667,1,5.0,8.65,1,6.0
秀朗橋站,海山站,3,33.5,1,5.0,8.65,1,6.0
秀朗橋站,頂埔站,3,41.18333333333333,1,5.0,8.65,1,6.0
中原站,台北車站,3,27.983333333333334,1,5.0,8.533333333333333,1,4.0
信義安和站,南港站,3,26.45,1,4.0,8.533333333333333,1,6.0
信義安和站,國父紀念館站,3,16.6,1,4.0,8.533333333333333,1,6.0
信義安和站,市政府站,3,18.35,1,4.0,8.533333333333333,1,6.0
信義安和站,後山埤站,3,21.95,1,4.0,8.533333333333333,1,6.0
信義安和站,忠孝敦化站,3,14.95,1,4.0,8.533333333333333,1,6.0
信義安和站,昆陽站,3,24.216666666666665,1,4.0,8.533333333333333,1,6.0
信義安和站,永春站,3,20.266666666666666,1,4.0,8.533333333333333,1,6.0
台北101/世貿站,南港站,3,28.283333333333335,1,4.0,8.533333333333333,1,6.0
台北101/世貿站,國父紀念館站,3,18.433333333333334,1,4.0,8.533333333333333,1,6.0
台北101/世貿站,市政府站,3,20.183333333333334,1,4.0,8.533333333333333,1,6.0
台北101/世貿站,後山埤站,3,23.783333333333335,1,4.0,8.533333333333333,1,6.0
台北101/世貿站,忠孝敦化站,3,16.783333333333335,1,4.0,8.533333333333333,1,6.0
台北101/世貿站,昆陽站,3,26.05,1,4.0,8.533333333333333,1,6.0
台北101/世貿站,永春站,3,22.1,1,4.0,8.533333333333333,1,6.0
廣慈/奉天宮站,南港站,3,32.833333333333336,1,4.0,8.533333333333333,1,6.0
廣慈/奉天宮站,國父紀念館站,3,22.983333333333334,1,4.0,8.533333333333333,1,6.0
廣慈/奉天宮站,市政府站,3,24.733333333333334,1,4.0,8.533333333333333,1,6.0
廣慈/奉天宮站,後山埤站,3,28.333333333333332,1,4.0,8.533333333333333,1,6.0
廣慈/奉天宮站,忠孝敦化站,3,21.333333333333332,1,4.0,8.533333333333333,1,6.0
廣慈/奉天宮站,昆陽站,3,30.6,1,4.0,8.533333333333333,1,6.0
廣慈/奉天宮站,永春站,3,26.65,1,4.0,8.533333333333333,1,6.0
象山站,南港站,3,29.883333333333333,1,4.0,8.533333333333333,1,6.0
象山站,國父紀念館站,3,20.033333333333335,1,4.0,8.533333333333333,1,6.0
象山站,市政府站,3,21.783333333333335,1,4.0,8.533333333333333,1,6.0
象山站,後山埤站,3,25.383333333333333,1,4.0,8.533333333333333,1,6.0
象山站,忠孝敦化站,3,18.383333333333333,1,4.0,8.533333333333333,1,6.0
象山站,昆陽站,3,27.65,1,4.0,8.533333333333333,1,6.0
象山站,永春站,3,23.7,1,4.0,8.533333333333333,1,6.0
葫洲站,景平站,3,51.61666666666667,2,8.0,8.483333333333333,2,5.0
大安站,南港展覽館站,3,21.633333333333333,0,0.0,8.45,2,5.0
南港站,信義安和站,3,26.45,1,4.0,8.416666666666666,1,6.0
南港站,台北101/世貿站,3,28.283333333333335,1,4.0,8.416666666666666,1,6.0
南港站,廣慈/奉天宮站,3,32.833333333333336,1,4.0,8.416666666666666,1,6.0
南港站,象山站,3,29.883333333333333,1,4.0,8.416666666666666,1,6.0
國父紀念館站,信義安和站,3,16.6,1,4.0,8.416666666666666,1,6.0
國父紀念館站,台北101/世貿站,3,18.433333333333334,1,4.0,8.416666666666666,1,6.0
國父紀念館站,廣慈/奉天宮站,3,22.983333333333334,1,4.0,8.416666666666666,1,6.0
國父紀念館站,象山站,3,20.033333333333335,1,4.0,8.416666666666666,1,6.0
市政府站,信義安和站,3,18.35,1,4.0,8.416666666666666,1,6.0
市政府站,台北101/世貿站,3,20.183333333333334,1,4.0,8.416666666666666,1,6.0
市政府站,廣慈/奉天宮站,3,24.733333333333334,1,4.0,8.416666666666666,1,6.0
市政府站,象山站,3,21.783333333333335,1,4.0,8.416666666666666,1,6.0
後山埤站,信義安和站,3,21.95,1,4.0,8.416666666666666,1,6.0
後山埤站,台北101/世貿站,3,23.783333333333335,1,4.0,8.416666666666666,1,6.0
後山埤站,廣慈/奉天宮站,3,28.333333333333332,1,4.0,8.416666666666666,1,6.0
後山埤站,象山站,3,25.383333333333333,1,4.0,8.416666666666666,1,6.0
忠孝敦化站,信義安和站,3,14.95,1,4.0,8.416666666666666,1,6.0
忠孝敦化站,台北101/世貿站,3,16.783333333333335,1,4.0,8.416666666666666,1,6.0
忠孝敦化站,廣慈/奉天宮站,3,21.333333333333332,1,4.0,8.416666666666666,1,6.0
忠孝敦化站,象山站,3,18.383333333333333,1,4.0,8.416666666666666,1,6.0
昆陽站,信義安和站,3,24.216666666666665,1,4.0,8.416666666666666,1,6.0
昆陽站,台北101/世貿站,3,26.05,1,4.0,8.416666666666666,1,6.0
昆陽站,廣慈/奉天宮站,3,30.6,1,4.0,8.416666666666666,1,6.0
昆陽站,象山站,3,27.65,1,4.0,8.416666666666666,1,6.0
永春站,信義安和站,3,20.266666666666666,1,4.0,8.416666666666666,1,6.0
永春站,台北101/世貿站,3,22.1,1,4.0,8.416666666666666,1,6.0
永春站,廣慈/奉天宮站,3,26.65,1,4.0,8.416666666666666,1,6.0
永春站,象山站,3,23.7,1,4.0,8.416666666666666,1,6.0
中和站,龍山寺站,3,26.85,1,5.0,8.4,1,4.0
南港展覽館站,大安站,3,21.716666666666665,0,0.0,8.366666666666667,2,5.0
龍山寺站,丹鳳站,3,29.733333333333334,1,2.0,8.316666666666666,1,13.0
龍山寺站,新莊站,3,24.733333333333334,1,2.0,8.316666666666666,1,13.0
龍山寺站,輔大站,3,27.433333333333334,1,2.0,8.316666666666666,1,13.0
龍山寺站,迴龍站,3,32.95,1,2.0,8.316666666666666,1,13.0
台北車站,中原站,3,27.933333333333334,1,5.0,8.266666666666667,1,4.0
丹鳳站,龍山寺站,3,29.95,1,2.0,8.133333333333333,1,13.0
新莊站,龍山寺站,3,24.95,1,2.0,8.133333333333333,1,13.0
輔大站,龍山寺站,3,27.65,1,2.0,8.133333333333333,1,13.0
迴龍站,龍山寺站,3,33.166666666666664,1,2.0,8.133333333333333,1,13.0
亞東醫院站,秀朗橋站,3,30.9,1,5.0,7.983333333333333,1,6.0
土城站,秀朗橋站,3,35.9,1,5.0,7.983333333333333,1,6.0
府中站,秀朗橋站,3,28.733333333333334,1,5.0,7.983333333333333,1,6.0
永寧站,秀朗橋站,3,37.916666666666664,1,5.0,7.983333333333333,1,6.0
海山站,秀朗橋站,3,33.7,1,5.0,7.983333333333333,1,6.0
頂埔站,秀朗橋站,3,41.38333333333333,1,5.0,7.983333333333333,1,6.0
龍山寺站,中和站,3,26.8,1,5.0,7.983333333333333,1,4.0
板新站,小南門站,3,27.083333333333332,1,3.0,7.95,1,8.0
頭前庄站,西門站,3,19.116666666666667,1,2.0,7.9,1,7.0
西門站,頭前庄站,3,19.066666666666666,1,2.0,7.866666666666666,1,7.0
中原站,劍潭站,3,37.833333333333336,2,5.0,7.783333333333333,0,4.0
中原站,北投站,3,51.18333333333333,2,5.0,7.783333333333333,0,4.0
中原站,唭哩岸站,3,47.516666666666666,2,5.0,7.783333333333333,0,4.0
中原站,圓山站,3,35.483333333333334,2,5.0,7.783333333333333,0,4.0
中原站,士林站,3,39.96666666666667,2,5.0,7.783333333333333,0,4.0
中原站,奇岩站,3,49.21666666666667,2,5.0,7.783333333333333,0,4.0
中原站,復興崗站,3,53.88333333333333,2,5.0,7.783333333333333,0,4.0
中原站,忠義站,3,56.28333333333333,2,5.0,7.783333333333333,0,4.0
中原站,新北投站,3,56.8,3,8.0,7.783333333333333,0,4.0
中原站,明德站,3,43.75,2,5.0,7.783333333333333,0,4.0
中原站,淡水站,3,67.2,2,5.0,7.783333333333333,0,4.0
中原站,石牌站,3,45.25,2,5.0,7.783333333333333,0,4.0
中原站,竹圍站,3,61.016666666666666,2,5.0,7.783333333333333,0,4.0
中原站,紅樹林站,3,63.833333333333336,2,5.0,7.783333333333333,0,4.0
中原站,芝山站,3,41.983333333333334,2,5.0,7.783333333333333,0,4.0
中原站,關渡站,3,58.06666666666667,2,5.0,7.783333333333333,0,4.0
景平站,松江南京站,3,24.333333333333332,1,3.0,7.616666666666666,1,3.0
小南門站,板新站,3,27.05,1,3.0,7.533333333333333,1,8.0
劍潭站,中原站,3,38.05,2,5.0,7.25,0,4.0
北投站,中原站,3,51.4,2,5.0,7.25,0,4.0
唭哩岸站,中原站,3,47.733333333333334,2,5.0,7.25,0,4.0
圓山站,中原站,3,35.7,2,5.0,7.25,0,4.0
士林站,中原站,3,40.18333333333333,2,5.0,7.25,0,4.0
奇岩站,中原站,3,49.43333333333333,2,5.0,7.25,0,4.0
復興崗站,中原站,3,54.1,2,5.0,7.25,0,4.0
忠義站,中原站,3,56.5,2,5.0,7.25,0,4.0
新北投站,中原站,3,57.46666666666667,3,8.0,7.25,0,4.0
明德站,中原站,3,43.96666666666667,2,5.0,7.25,0,4.0
淡水站,中原站,3,67.41666666666667,2,5.0,7.25,0,4.0
石牌站,中原站,3,45.46666666666667,2,5.0,7.25,0,4.0
竹圍站,中原站,3,61.233333333333334,2,5.0,7.25,0,4.0
紅樹林站,中原站,3,64.05,2,5.0,7.25,0,4.0
芝山站,中原站,3,42.2,2,5.0,7.25,0,4.0
關渡站,中原站,3,58.28333333333333,2,5.0,7.25,0,4.0
中原站,北門站,3,29.4,1,3.0,7.2,1,8.0
松江南京站,景平站,3,24.45,1,3.0,7.05,1,3.0
北門站,中原站,3,29.366666666666667,1,3.0,6.783333333333333,1,8.0
南京三民站,大安森林公園站,3,16.483333333333334,1,2.0,6.75,1,2.0
台北小巨蛋站,大安森林公園站,3,14.333333333333334,1,2.0,6.75,1,2.0
大安森林公園站,南京三民站,3,16.616666666666667,1,2.0,6.75,1,2.0
大安森林公園站,台北小巨蛋站,3,14.466666666666667,1,2.0,6.75,1,2.0
大安森林公園站,松山站,3,19.366666666666667,1,2.0,6.75,1,2.0
松山站,大安森林公園站,3,19.233333333333334,1,2.0,6.75,1,2.0
七張站,東湖站,3,48.06666666666667,1,5.0,6.183333333333334,2,4.0
公館站,東湖站,3,39.88333333333333,1,5.0,6.183333333333334,2,4.0
台電大樓站,東湖站,3,38.06666666666667,1,5.0,6.183333333333334,2,4.0
大坪林站,東湖站,3,46.31666666666667,1,5.0,6.183333333333334,2,4.0
小碧潭站,東湖站,3,54.85,2,8.0,6.183333333333334,2,4.0
新店區公所站,東湖站,3,49.81666666666667,1,5.0,6.183333333333334,2,4.0
新店站,東湖站,3,52.083333333333336,1,5.0,6.183333333333334,2,4.0
景美站,東湖站,3,44.333333333333336,1,5.0,6.183333333333334,2,4.0
東湖站,七張站,3,48.03333333333333,1,5.0,6.183333333333334,2,4.0
東湖站,公館站,3,39.85,1,5.0,6.183333333333334,2,4.0
東湖站,台電大樓站,3,38.03333333333333,1,5.0,6.183333333333334,2,4.0
東湖站,大坪林站,3,46.28333333333333,1,5.0,6.183333333333334,2,4.0
東湖站,小碧潭站,3,54.416666666666664,2,8.0,6.183333333333334,2,4.0
東湖站,新店區公所站,3,49.78333333333333,1,5.0,6.183333333333334,2,4.0
東湖站,新店站,3,52.05,1,5.0,6.183333333333334,2,4.0
東湖站,景美站,3,44.3,1,5.0,6.183333333333334,2,4.0
東湖站,萬隆站,3,42.36666666666667,1,5.0,6.183333333333334,2,4.0
萬隆站,東湖站,3,42.4,1,5.0,6.183333333333334,2,4.0
中原站,台大醫院站,3,28.85,2,5.0,6.1,1,5.0
中和站,台大醫院站,3,25.083333333333332,2,5.0,6.1,1,5.0
中和站,民權西路站,3,31.4,1,5.0,6.1,2,5.0
中和站,西門站,3,24.733333333333334,1,3.0,6.1,1,6.0
中和站,雙連站,3,29.9,2,5.0,6.1,1,5.0
橋和站,台大醫院站,3,27.233333333333334,2,5.0,6.1,1,5.0
橋和站,西門站,3,26.883333333333333,1,3.0,6.1,1,6.0
橋和站,雙連站,3,32.05,2,5.0,6.1,1,5.0
東湖站,台大醫院站,3,34.38333333333333,1,5.0,6.083333333333333,1,4.0
台大醫院站,東湖站,3,34.5,1,5.0,6.05,1,4.0
大坪林站,丹鳳站,3,40.61666666666667,1,2.0,5.95,1,4.0
大坪林站,新莊站,3,35.61666666666667,1,2.0,5.95,1,4.0
大坪林站,輔大站,3,38.31666666666667,1,2.0,5.95,1,4.0
大坪林站,迴龍站,3,43.833333333333336,1,2.0,5.95,1,4.0
頭前庄站,小南門站,3,23.066666666666666,1,2.0,5.9,1,9.0
小南門站,頭前庄站,3,23.033333333333335,1,2.0,5.85,1,9.0
板橋站,頂溪站,3,22.4,1,2.0,5.85,1,4.0
丹鳳站,大坪林站,3,40.78333333333333,1,2.0,5.783333333333333,1,4.0
新莊站,大坪林站,3,35.78333333333333,1,2.0,5.783333333333333,1,4.0
輔大站,大坪林站,3,38.483333333333334,1,2.0,5.783333333333333,1,4.0
迴龍站,大坪林站,3,44.0,1,2.0,5.783333333333333,1,4.0
頂溪站,板橋站,3,22.516666666666666,1,2.0,5.766666666666667,1,4.0
江子翠站,三重站,3,24.083333333333332,1,2.0,5.666666666666667,1,13.0
秀朗橋站,葫洲站,3,53.266666666666666,2,8.0,5.616666666666666,2,5.0
西門站,橋和站,3,26.966666666666665,1,3.0,5.566666666666666,1,6.0
亞東醫院站,菜寮站,3,30.15,1,2.0,5.533333333333333,1,13.0
台大醫院站,中原站,3,29.1,2,5.0,5.533333333333333,1,5.0
台大醫院站,中和站,3,25.333333333333332,2,5.0,5.533333333333333,1,5.0
台大醫院站,橋和站,3,27.483333333333334,2,5.0,5.533333333333333,1,5.0
土城站,菜寮站,3,35.15,1,2.0,5.533333333333333,1,13.0
府中站,菜寮站,3,27.983333333333334,1,2.0,5.533333333333333,1,13.0
民權西路站,中和站,3,31.65,1,5.0,5.533333333333333,2,5.0
永寧站,菜寮站,3,37.166666666666664,1,2.0,5.533333333333333,1,13.0
海山站,菜寮站,3,32.95,1,2.0,5.533333333333333,1,13.0
西門站,中和站,3,24.85,1,3.0,5.533333333333333,1,6.0
雙連站,中和站,3,30.15,2,5.0,5.533333333333333,1,5.0
雙連站,橋和站,3,32.3,2,5.0,5.533333333333333,1,5.0
頂埔站,菜寮站,3,40.63333333333333,1,2.0,5.533333333333333,1,13.0
大安站,善導寺站,3,10.3,1,4.0,5.5,1,1.0
三重站,江子翠站,3,24.3,1,2.0,5.483333333333333,1,13.0
菜寮站,亞東醫院站,3,30.366666666666667,1,2.0,5.35,1,13.0
菜寮站,土城站,3,35.36666666666667,1,2.0,5.35,1,13.0
菜寮站,府中站,3,28.2,1,2.0,5.35,1,13.0
菜寮站,新埔站,3,24.366666666666667,1,2.0,5.35,1,13.0
菜寮站,永寧站,3,37.38333333333333,1,2.0,5.35,1,13.0
菜寮站,海山站,3,33.166666666666664,1,2.0,5.35,1,13.0
菜寮站,頂埔站,3,40.85,1,2.0,5.35,1,13.0
景安站,新埔站,3,24.883333333333333,1,2.0,5.333333333333333,1,7.0
景安站,江子翠站,3,23.133333333333333,1,2.0,5.333333333333333,1,7.0
新埔站,景安站,3,24.866666666666667,1,2.0,5.316666666666666,1,7.0
江子翠站,景安站,3,23.116666666666667,1,2.0,5.316666666666666,1,7.0
善導寺站,大安站,3,10.383333333333333,1,4.0,5.3,1,1.0
景平站,龍山寺站,3,27.316666666666666,1,5.0,5.166666666666667,2,5.0
新埔站,菜寮站,3,24.616666666666667,1,2.0,5.066666666666666,1,13.0
葫洲站,秀朗橋站,3,53.35,2,8.0,5.05,2,5.0
龍山寺站,景平站,3,27.416666666666668,1,5.0,5.016666666666667,2,5.0
南京復興站,善導寺站,3,9.75,1,2.0,4.933333333333334,1,3.0
善導寺站,南京復興站,3,9.8,1,2.0,4.866666666666666,1,3.0
忠孝新生站,雙連站,3,10.116666666666667,1,2.0,4.466666666666667,0,2.0
雙連站,忠孝新生站,3,10.233333333333333,1,2.0,4.4,0,2.0
南京復興站,南港展覽館站,3,21.95,0,0.0,4.25,2,5.0
十四張站,亞東醫院站,3,32.93333333333333,1,5.0,4.183333333333334,1,6.0
十四張站,土城站,3,37.93333333333333,1,5.0,4.183333333333334,1,6.0
十四張站,府中站,3,30.766666666666666,1,5.0,4.183333333333334,1,6.0
十四張站,永寧站,3,39.95,1,5.0,4.183333333333334,1,6.0
十四張站,海山站,3,35.733333333333334,1,5.0,4.183333333333334,1,6.0
十四張站,頂埔站,3,43.416666666666664,1,5.0,4.183333333333334,1,6.0
秀朗橋站,松江南京站,3,26.066666666666666,1,3.0,4.183333333333334,1,3.0
南港展覽館站,南京復興站,3,22.033333333333335,0,0.0,4.166666666666667,2,5.0
中山站,南港展覽館站,3,25.65,1,2.0,4.016666666666667,1,2.0
中山站,南港站,3,23.383333333333333,1,2.0,4.016666666666667,1,2.0
中山站,國父紀念館站,3,13.533333333333333,1,2.0,4.016666666666667,1,2.0
中山站,市政府站,3,15.283333333333333,1,2.0,4.016666666666667,1,2.0
中山站,後山埤站,3,18.883333333333333,1,2.0,4.016666666666667,1,2.0
中山站,忠孝復興站,3,10.133333333333333,1,2.0,4.016666666666667,1,2.0
中山站,忠孝敦化站,3,11.883333333333333,1,2.0,4.016666666666667,1,2.0
中山站,昆陽站,3,21.15,1,2.0,4.016666666666667,1,2.0
中山站,永春站,3,17.2,1,2.0,4.016666666666667,1,2.0
南港展覽館站,中山站,3,25.7,1,2.0,3.95,1,2.0
南港站,中山站,3,23.433333333333334,1,2.0,3.95,1,2.0
國父紀念館站,中山站,3,13.583333333333334,1,2.0,3.95,1,2.0
市政府站,中山站,3,15.333333333333334,1,2.0,3.95,1,2.0
後山埤站,中山站,3,18.933333333333334,1,2.0,3.95,1,2.0
忠孝復興站,中山站,3,10.183333333333334,1,2.0,3.95,1,2.0
忠孝敦化站,中山站,3,11.933333333333334,1,2.0,3.95,1,2.0
昆陽站,中山站,3,21.2,1,2.0,3.95,1,2.0
永春站,中山站,3,17.25,1,2.0,3.95,1,2.0
龍山寺站,先嗇宮站,3,24.966666666666665,1,2.0,3.8833333333333333,1,13.0
亞東醫院站,十四張站,3,33.13333333333333,1,5.0,3.85,1,6.0
土城站,十四張站,3,38.13333333333333,1,5.0,3.85,1,6.0
府中站,十四張站,3,30.966666666666665,1,5.0,3.85,1,6.0
永寧站,十四張站,3,40.15,1,5.0,3.85,1,6.0
海山站,十四張站,3,35.93333333333333,1,5.0,3.85,1,6.0
頂埔站,十四張站,3,43.61666666666667,1,5.0,3.85,1,6.0
先嗇宮站,龍山寺站,3,25.183333333333334,1,2.0,3.7,1,13.0
松江南京站,秀朗橋站,3,26.183333333333334,1,3.0,3.6166666666666667,1,3.0
三和國中站,十四張站,3,37.46666666666667,1,5.0,3.45,2,3.0
三民高中站,十四張站,3,41.2,1,5.0,3.45,2,3.0
三重國小站,十四張站,3,35.266666666666666,1,5.0,3.45,2,3.0
台北橋站,十四張站,3,34.86666666666667,1,5.0,3.45,2,3.0
大橋頭站,十四張站,3,32.31666666666667,1,5.0,3.45,2,3.0
徐匯中學站,十四張站,3,39.25,1,5.0,3.45,2,3.0
蘆洲站,十四張站,3,43.46666666666667,1,5.0,3.45,2,3.0
南勢角站,劍潭站,3,28.133333333333333,1,2.0,3.433333333333333,1,2.0
南勢角站,北投站,3,41.483333333333334,1,2.0,3.433333333333333,1,2.0
南勢角站,唭哩岸站,3,37.81666666666667,1,2.0,3.433333333333333,1,2.0
南勢角站,圓山站,3,25.783333333333335,1,2.0,3.433333333333333,1,2.0
南勢角站,士林站,3,30.266666666666666,1,2.0,3.433333333333333,1,2.0
南勢角站,奇岩站,3,39.516666666666666,1,2.0,3.433333333333333,1,2.0
南勢角站,復興崗站,3,44.18333333333333,1,2.0,3.433333333333333,1,2.0
南勢角站,忠義站,3,46.583333333333336,1,2.0,3.433333333333333,1,2.0
南勢角站,新北投站,3,47.1,2,5.0,3.433333333333333,1,2.0
南勢角站,明德站,3,34.05,1,2.0,3.433333333333333,1,2.0
南勢角站,淡水站,3,57.5,1,2.0,3.433333333333333,1,2.0
南勢角站,石牌站,3,35.55,1,2.0,3.433333333333333,1,2.0
南勢角站,竹圍站,3,51.31666666666667,1,2.0,3.433333333333333,1,2.0
南勢角站,紅樹林站,3,54.13333333333333,1,2.0,3.433333333333333,1,2.0
南勢角站,芝山站,3,32.28333333333333,1,2.0,3.433333333333333,1,2.0
南勢角站,關渡站,3,48.36666666666667,1,2.0,3.433333333333333,1,2.0
景安站,劍潭站,3,26.05,1,2.0,3.433333333333333,1,2.0
景安站,北投站,3,39.4,1,2.0,3.433333333333333,1,2.0
景安站,唭哩岸站,3,35.733333333333334,1,2.0,3.433333333333333,1,2.0
景安站,圓山站,3,23.7,1,2.0,3.433333333333333,1,2.0
景安站,士林站,3,28.183333333333334,1,2.0,3.433333333333333,1,2.0
景安站,奇岩站,3,37.43333333333333,1,2.0,3.433333333333333,1,2.0
景安站,復興崗站,3,42.1,1,2.0,3.433333333333333,1,2.0
景安站,忠義站,3,44.5,1,2.0,3.433333333333333,1,2.0
景安站,新北投站,3,45.016666666666666,2,5.0,3.433333333333333,1,2.0
景安站,明德站,3,31.966666666666665,1,2.0,3.433333333333333,1,2.0
景安站,淡水站,3,55.416666666666664,1,2.0,3.433333333333333,1,2.0
景安站,石牌站,3,33.46666666666667,1,2.0,3.433333333333333,1,2.0
景安站,竹圍站,3,49.233333333333334,1,2.0,3.433333333333333,1,2.0
景安站,紅樹林站,3,52.05,1,2.0,3.433333333333333,1,2.0
景安站,芝山站,3,30.2,1,2.0,3.433333333333333,1,2.0
景安站,關渡站,3,46.28333333333333,1,2.0,3.433333333333333,1,2.0
永安市場站,劍潭站,3,24.066666666666666,1,2.0,3.433333333333333,1,2.0
永安市場站,北投站,3,37.416666666666664,1,2.0,3.433333333333333,1,2.0
永安市場站,唭哩岸站,3,33.75,1,2.0,3.433333333333333,1,2.0
永安市場站,圓山站,3,21.716666666666665,1,2.0,3.433333333333333,1,2.0
永安市場站,士林站,3,26.2,1,2.0,3.433333333333333,1,2.0
永安市場站,奇岩站,3,35.45,1,2.0,3.433333333333333,1,2.0
永安市場站,復興崗站,3,40.11666666666667,1,2.0,3.433333333333333,1,2.0
永安市場站,忠義站,3,42.516666666666666,1,2.0,3.433333333333333,1,2.0
永安市場站,新北投站,3,43.03333333333333,2,5.0,3.433333333333333,1,2.0
永安市場站,明德站,3,29.983333333333334,1,2.0,3.433333333333333,1,2.0
永安市場站,淡水站,3,53.43333333333333,1,2.0,3.433333333333333,1,2.0
永安市場站,石牌站,3,31.483333333333334,1,2.0,3.433333333333333,1,2.0
永安市場站,竹圍站,3,47.25,1,2.0,3.433333333333333,1,2.0
永安市場站,紅樹林站,3,50.06666666666667,1,2.0,3.433333333333333,1,2.0
永安市場站,芝山站,3,28.216666666666665,1,2.0,3.433333333333333,1,2.0
永安市場站,關渡站,3,44.3,1,2.0,3.433333333333333,1,2.0
頂溪站,劍潭站,3,21.866666666666667,1,2.0,3.433333333333333,1,2.0
頂溪站,北投站,3,35.21666666666667,1,2.0,3.433333333333333,1,2.0
頂溪站,唭哩岸站,3,31.55,1,2.0,3.433333333333333,1,2.0
頂溪站,圓山站,3,19.516666666666666,1,2.0,3.433333333333333,1,2.0
頂溪站,士林站,3,24.0,1,2.0,3.433333333333333,1,2.0
頂溪站,奇岩站,3,33.25,1,2.0,3.433333333333333,1,2.0
頂溪站,復興崗站,3,37.916666666666664,1,2.0,3.433333333333333,1,2.0
頂溪站,忠義站,3,40.31666666666667,1,2.0,3.433333333333333,1,2.0
頂溪站,新北投站,3,40.833333333333336,2,5.0,3.433333333333333,1,2.0
頂溪站,明德站,3,27.783333333333335,1,2.0,3.433333333333333,1,2.0
頂溪站,淡水站,3,51.233333333333334,1,2.0,3.433333333333333,1,2.0
頂溪站,石牌站,3,29.283333333333335,1,2.0,3.433333333333333,1,2.0
頂溪站,竹圍站,3,45.05,1,2.0,3.433333333333333,1,2.0
頂溪站,紅樹林站,3,47.86666666666667,1,2.0,3.433333333333333,1,2.0
頂溪站,芝山站,3,26.016666666666666,1,2.0,3.433333333333333,1,2.0
頂溪站,關渡站,3,42.1,1,2.0,3.433333333333333,1,2.0
七張站,丹鳳站,3,44.916666666666664,1,2.0,3.4,1,7.0
七張站,新莊站,3,39.916666666666664,1,2.0,3.4,1,7.0
七張站,輔大站,3,42.61666666666667,1,2.0,3.4,1,7.0
七張站,迴龍站,3,48.13333333333333,1,2.0,3.4,1,7.0
小碧潭站,丹鳳站,3,51.7,2,5.0,3.4,1,7.0
小碧潭站,新莊站,3,46.7,2,5.0,3.4,1,7.0
小碧潭站,輔大站,3,49.4,2,5.0,3.4,1,7.0
小碧潭站,迴龍站,3,54.916666666666664,2,5.0,3.4,1,7.0
新店區公所站,丹鳳站,3,46.666666666666664,1,2.0,3.4,1,7.0
新店區公所站,新莊站,3,41.666666666666664,1,2.0,3.4,1,7.0
新店區公所站,輔大站,3,44.36666666666667,1,2.0,3.4,1,7.0
新店區公所站,迴龍站,3,49.88333333333333,1,2.0,3.4,1,7.0
新店站,丹鳳站,3,48.93333333333333,1,2.0,3.4,1,7.0
新店站,新莊站,3,43.93333333333333,1,2.0,3.4,1,7.0
新店站,輔大站,3,46.63333333333333,1,2.0,3.4,1,7.0
新店站,迴龍站,3,52.15,1,2.0,3.4,1,7.0
劍潭站,南勢角站,3,28.266666666666666,1,2.0,3.35,1,2.0
劍潭站,景安站,3,26.183333333333334,1,2.0,3.35,1,2.0
劍潭站,永安市場站,3,24.2,1,2.0,3.35,1,2.0
劍潭站,頂溪站,3,22.0,1,2.0,3.35,1,2.0
北投站,南勢角站,3,41.61666666666667,1,2.0,3.35,1,2.0
北投站,景安站,3,39.53333333333333,1,2.0,3.35,1,2.0
北投站,永安市場站,3,37.55,1,2.0,3.35,1,2.0
北投站,頂溪站,3,35.35,1,2.0,3.35,1,2.0
唭哩岸站,南勢角站,3,37.95,1,2.0,3.35,1,2.0
唭哩岸站,景安站,3,35.86666666666667,1,2.0,3.35,1,2.0
唭哩岸站,永安市場站,3,33.88333333333333,1,2.0,3.35,1,2.0
唭哩岸站,頂溪站,3,31.683333333333334,1,2.0,3.35,1,2.0
圓山站,南勢角站,3,25.916666666666668,1,2.0,3.35,1,2.0
圓山站,景安站,3,23.833333333333332,1,2.0,3.35,1,2.0
圓山站,永安市場站,3,21.85,1,2.0,3.35,1,2.0
圓山站,頂溪站,3,19.65,1,2.0,3.35,1,2.0
士林站,南勢角站,3,30.4,1,2.0,3.35,1,2.0
士林站,景安站,3,28.316666666666666,1,2.0,3.35,1,2.0
士林站,永安市場站,3,26.333333333333332,1,2.0,3.35,1,2.0
士林站,頂溪站,3,24.133333333333333,1,2.0,3.35,1,2.0
奇岩站,南勢角站,3,39.65,1,2.0,3.35,1,2.0
奇岩站,景安站,3,37.56666666666667,1,2.0,3.35,1,2.0
奇岩站,永安市場站,3,35.583333333333336,1,2.0,3.35,1,2.0
奇岩站,頂溪站,3,33.38333333333333,1,2.0,3.35,1,2.0
復興崗站,南勢角站,3,44.31666666666667,1,2.0,3.35,1,2.0
復興崗站,景安站,3,42.233333333333334,1,2.0,3.35,1,2.0
復興崗站,永安市場站,3,40.25,1,2.0,3.35,1,2.0
復興崗站,頂溪站,3,38.05,1,2.0,3.35,1,2.0
忠義站,南勢角站,3,46.71666666666667,1,2.0,3.35,1,2.0
忠義站,景安站,3,44.63333333333333,1,2.0,3.35,1,2.0
忠義站,永安市場站,3,42.65,1,2.0,3.35,1,2.0
忠義站,頂溪站,3,40.45,1,2.0,3.35,1,2.0
新北投站,南勢角站,3,47.68333333333333,2,5.0,3.35,1,2.0
新北投站,景安站,3,45.6,2,5.0,3.35,1,2.0
新北投站,永安市場站,3,43.61666666666667,2,5.0,3.35,1,2.0
新北投站,頂溪站,3,41.416666666666664,2,5.0,3.35,1,2.0
明德站,南勢角站,3,34.18333333333333,1,2.0,3.35,1,2.0
明德站,景安站,3,32.1,1,2.0,3.35,1,2.0
明德站,永安市場站,3,30.116666666666667,1,2.0,3.35,1,2.0
明德站,頂溪站,3,27.916666666666668,1,2.0,3.35,1,2.0
淡水站,南勢角站,3,57.63333333333333,1,2.0,3.35,1,2.0
淡水站,景安站,3,55.55,1,2.0,3.35,1,2.0
淡水站,永安市場站,3,53.56666666666667,1,2.0,3.35,1,2.0
淡水站,頂溪站,3,51.36666666666667,1,2.0,3.35,1,2.0
石牌站,南勢角站,3,35.68333333333333,1,2.0,3.35,1,2.0
石牌站,景安站,3,33.6,1,2.0,3.35,1,2.0
石牌站,永安市場站,3,31.616666666666667,1,2.0,3.35,1,2.0
石牌站,頂溪站,3,29.416666666666668,1,2.0,3.35,1,2.0
竹圍站,南勢角站,3,51.45,1,2.0,3.35,1,2.0
竹圍站,景安站,3,49.36666666666667,1,2.0,3.35,1,2.0
竹圍站,永安市場站,3,47.38333333333333,1,2.0,3.35,1,2.0
竹圍站,頂溪站,3,45.18333333333333,1,2.0,3.35,1,2.0
紅樹林站,南勢角站,3,54.266666666666666,1,2.0,3.35,1,2.0
紅樹林站,景安站,3,52.18333333333333,1,2.0,3.35,1,2.0
紅樹林站,永安市場站,3,50.2,1,2.0,3.35,1,2.0
紅樹林站,頂溪站,3,48.0,1,2.0,3.35,1,2.0
芝山站,南勢角站,3,32.416666666666664,1,2.0,3.35,1,2.0
芝山站,景安站,3,30.333333333333332,1,2.0,3.35,1,2.0
芝山站,永安市場站,3,28.35,1,2.0,3.35,1,2.0
芝山站,頂溪站,3,26.15,1,2.0,3.35,1,2.0
關渡站,南勢角站,3,48.5,1,2.0,3.35,1,2.0
關渡站,景安站,3,46.416666666666664,1,2.0,3.35,1,2.0
關渡站,永安市場站,3,44.43333333333333,1,2.0,3.35,1,2.0
關渡站,頂溪站,3,42.233333333333334,1,2.0,3.35,1,2.0
十四張站,三和國中站,3,37.833333333333336,1,5.0,2.966666666666667,2,3.0
十四張站,三民高中站,3,41.56666666666667,1,5.0,2.966666666666667,2,3.0
十四張站,三重國小站,3,35.63333333333333,1,5.0,2.966666666666667,2,3.0
十四張站,台北橋站,3,35.233333333333334,1,5.0,2.966666666666667,2,3.0
十四張站,大橋頭站,3,32.68333333333333,1,5.0,2.966666666666667,2,3.0
十四張站,徐匯中學站,3,39.61666666666667,1,5.0,2.966666666666667,2,3.0
十四張站,蘆洲站,3,43.833333333333336,1,5.0,2.966666666666667,2,3.0
丹鳳站,七張站,3,45.53333333333333,1,2.0,2.783333333333333,1,7.0
丹鳳站,小碧潭站,3,51.916666666666664,2,5.0,2.783333333333333,1,7.0
丹鳳站,新店區公所站,3,47.28333333333333,1,2.0,2.783333333333333,1,7.0
丹鳳站,新店站,3,49.55,1,2.0,2.783333333333333,1,7.0
新莊站,七張站,3,40.53333333333333,1,2.0,2.783333333333333,1,7.0
新莊站,小碧潭站,3,46.916666666666664,2,5.0,2.783333333333333,1,7.0
新莊站,新店區公所站,3,42.28333333333333,1,2.0,2.783333333333333,1,7.0
新莊站,新店站,3,44.55,1,2.0,2.783333333333333,1,7.0
輔大站,七張站,3,43.233333333333334,1,2.0,2.783333333333333,1,7.0
輔大站,小碧潭站,3,49.61666666666667,2,5.0,2.783333333333333,1,7.0
輔大站,新店區公所站,3,44.983333333333334,1,2.0,2.783333333333333,1,7.0
輔大站,新店站,3,47.25,1,2.0,2.783333333333333,1,7.0
迴龍站,七張站,3,48.75,1,2.0,2.783333333333333,1,7.0
迴龍站,小碧潭站,3,55.13333333333333,2,5.0,2.783333333333333,1,7.0
迴龍站,新店區公所站,3,50.5,1,2.0,2.783333333333333,1,7.0
迴龍站,新店站,3,52.766666666666666,1,2.0,2.783333333333333,1,7.0
十四張站,葫洲站,3,53.9,2,8.0,2.75,2,5.0
葫洲站,十四張站,3,53.416666666666664,2,8.0,2.75,2,5.0
亞東醫院站,大安站,3,27.783333333333335,1,4.0,2.65,1,1.0
土城站,大安站,3,32.78333333333333,1,4.0,2.65,1,1.0
府中站,大安站,3,25.616666666666667,1,4.0,2.65,1,1.0
新埔站,大安站,3,21.783333333333335,1,4.0,2.65,1,1.0
板橋站,大安站,3,24.033333333333335,1,4.0,2.65,1,1.0
永寧站,大安站,3,34.8,1,4.0,2.65,1,1.0
江子翠站,大安站,3,20.033333333333335,1,4.0,2.65,1,1.0
海山站,大安站,3,30.583333333333332,1,4.0,2.65,1,1.0
葫洲站,台大醫院站,3,36.1,1,5.0,2.65,1,4.0
頂埔站,大安站,3,38.266666666666666,1,4.0,2.65,1,1.0
龍山寺站,大安站,3,16.35,1,4.0,2.65,1,1.0
台大醫院站,葫洲站,3,36.21666666666667,1,5.0,2.6166666666666667,1,4.0
大安站,亞東醫院站,3,27.933333333333334,1,4.0,2.6166666666666667,1,1.0
大安站,土城站,3,32.93333333333333,1,4.0,2.6166666666666667,1,1.0
大安站,府中站,3,25.766666666666666,1,4.0,2.6166666666666667,1,1.0
大安站,新埔站,3,21.933333333333334,1,4.0,2.6166666666666667,1,1.0
大安站,板橋站,3,24.183333333333334,1,4.0,2.6166666666666667,1,1.0
大安站,永寧站,3,34.95,1,4.0,2.6166666666666667,1,1.0
大安站,江子翠站,3,20.183333333333334,1,4.0,2.6166666666666667,1,1.0
大安站,海山站,3,30.733333333333334,1,4.0,2.6166666666666667,1,1.0
大安站,頂埔站,3,38.416666666666664,1,4.0,2.6166666666666667,1,1.0
大安站,龍山寺站,3,16.5,1,4.0,2.6166666666666667,1,1.0
公館站,頭前庄站,3,30.616666666666667,1,2.0,2.533333333333333,1,9.0
台電大樓站,頭前庄站,3,28.8,1,2.0,2.533333333333333,1,9.0
萬隆站,頭前庄站,3,33.13333333333333,1,2.0,2.533333333333333,1,9.0
頭前庄站,公館站,3,30.65,1,2.0,2.5,1,9.0
頭前庄站,台電大樓站,3,28.833333333333332,1,2.0,2.5,1,9.0
景平站,民權西路站,3,29.566666666666666,1,5.0,2.3,2,5.0
江子翠站,菜寮站,3,25.9,1,2.0,2.033333333333333,1,13.0
中山站,南港軟體園區站,3,31.95,1,5.0,2.0,2,4.0
頭前庄站,北門站,3,23.116666666666667,1,2.0,2.0,1,9.0
台大醫院站,行天宮站,3,11.983333333333333,1,2.0,1.9666666666666666,1,3.0
北門站,頭前庄站,3,23.083333333333332,1,2.0,1.95,1,9.0
南港軟體園區站,中山站,3,32.0,1,5.0,1.9166666666666667,2,4.0
行天宮站,台大醫院站,3,11.983333333333333,1,2.0,1.9166666666666667,1,3.0
西門站,丹鳳站,3,32.05,1,2.0,1.8666666666666667,1,13.0
西門站,新莊站,3,27.05,1,2.0,1.8666666666666667,1,13.0
西門站,輔大站,3,29.75,1,2.0,1.8666666666666667,1,13.0
西門站,迴龍站,3,35.266666666666666,1,2.0,1.8666666666666667,1,13.0
菜寮站,江子翠站,3,26.116666666666667,1,2.0,1.85,1,13.0
丹鳳站,西門站,3,32.266666666666666,1,2.0,1.7333333333333334,1,13.0
新莊站,西門站,3,27.266666666666666,1,2.0,1.7333333333333334,1,13.0
民權西路站,景平站,3,29.816666666666666,1,5.0,1.7333333333333334,2,5.0
輔大站,西門站,3,29.966666666666665,1,2.0,1.7333333333333334,1,13.0
迴龍站,西門站,3,35.483333333333334,1,2.0,1.7333333333333334,1,13.0
南港展覽館站,中正紀念堂站,3,27.333333333333332,1,2.0,1.5833333333333333,1,2.0
南港站,中正紀念堂站,3,25.066666666666666,1,2.0,1.5833333333333333,1,2.0
國父紀念館站,中正紀念堂站,3,15.216666666666667,1,2.0,1.5833333333333333,1,2.0
市政府站,中正紀念堂站,3,16.966666666666665,1,2.0,1.5833333333333333,1,2.0
後山埤站,中正紀念堂站,3,20.566666666666666,1,2.0,1.5833333333333333,1,2.0
忠孝復興站,中正紀念堂站,3,11.816666666666666,1,2.0,1.5833333333333333,1,2.0
忠孝敦化站,中正紀念堂站,3,13.566666666666666,1,2.0,1.5833333333333333,1,2.0
昆陽站,中正紀念堂站,3,22.833333333333332,1,2.0,1.5833333333333333,1,2.0
永春站,中正紀念堂站,3,18.883333333333333,1,2.0,1.5833333333333333,1,2.0
中正紀念堂站,南港展覽館站,3,27.416666666666668,1,2.0,1.5166666666666666,1,2.0
中正紀念堂站,南港站,3,25.15,1,2.0,1.5166666666666666,1,2.0
中正紀念堂站,國父紀念館站,3,15.3,1,2.0,1.5166666666666666,1,2.0
中正紀念堂站,市政府站,3,17.05,1,2.0,1.5166666666666666,1,2.0
中正紀念堂站,後山埤站,3,20.65,1,2.0,1.5166666666666666,1,2.0
中正紀念堂站,忠孝復興站,3,11.9,1,2.0,1.5166666666666666,1,2.0
中正紀念堂站,忠孝敦化站,3,13.65,1,2.0,1.5166666666666666,1,2.0
中正紀念堂站,昆陽站,3,22.916666666666668,1,2.0,1.5166666666666666,1,2.0
中正紀念堂站,永春站,3,18.966666666666665,1,2.0,1.5166666666666666,1,2.0
大坪林站,先嗇宮站,3,35.85,1,2.0,1.5166666666666666,1,4.0
十四張站,菜寮站,3,37.266666666666666,1,5.0,1.3666666666666667,2,3.0
先嗇宮站,大坪林站,3,36.016666666666666,1,2.0,1.35,1,4.0
菜寮站,十四張站,3,36.9,1,5.0,1.2833333333333334,2,3.0
幸福站,丹鳳站,2,14.566666666666666,1,5.0,65.25,1,1.0
幸福站,新莊站,2,9.566666666666666,1,5.0,65.25,1,1.0
幸福站,輔大站,2,12.266666666666667,1,5.0,65.25,1,1.0
幸福站,迴龍站,2,17.783333333333335,1,5.0,65.25,1,1.0
新北產業園區站,丹鳳站,2,17.2,1,5.0,65.25,1,1.0
新北產業園區站,新莊站,2,12.2,1,5.0,65.25,1,1.0
新北產業園區站,輔大站,2,14.9,1,5.0,65.25,1,1.0
新北產業園區站,迴龍站,2,20.416666666666668,1,5.0,65.25,1,1.0
丹鳳站,幸福站,2,14.733333333333333,1,5.0,64.63333333333334,1,1.0
丹鳳站,新北產業園區站,2,17.366666666666667,1,5.0,64.63333333333334,1,1.0
新莊站,幸福站,2,9.733333333333333,1,5.0,64.63333333333334,1,1.0
新莊站,新北產業園區站,2,12.366666666666667,1,5.0,64.63333333333334,1,1.0
輔大站,幸福站,2,12.433333333333334,1,5.0,64.63333333333334,1,1.0
輔大站,新北產業園區站,2,15.066666666666666,1,5.0,64.63333333333334,1,1.0
迴龍站,幸福站,2,17.95,1,5.0,64.63333333333334,1,1.0
迴龍站,新北產業園區站,2,20.583333333333332,1,5.0,64.63333333333334,1,1.0
幸福站,先嗇宮站,2,9.8,1,5.0,60.81666666666667,1,1.0
新北產業園區站,先嗇宮站,2,12.433333333333334,1,5.0,60.81666666666667,1,1.0
先嗇宮站,幸福站,2,9.966666666666667,1,5.0,60.2,1,1.0
先嗇宮站,新北產業園區站,2,12.6,1,5.0,60.2,1,1.0
新埔民生站,丹鳳站,2,15.366666666666667,1,5.0,59.483333333333334,1,1.0
新埔民生站,新莊站,2,10.366666666666667,1,5.0,59.483333333333334,1,1.0
新埔民生站,輔大站,2,13.066666666666666,1,5.0,59.483333333333334,1,1.0
新埔民生站,迴龍站,2,18.583333333333332,1,5.0,59.483333333333334,1,1.0
丹鳳站,新埔民生站,2,15.533333333333333,1,5.0,58.86666666666667,1,1.0
新莊站,新埔民生站,2,10.533333333333333,1,5.0,58.86666666666667,1,1.0
輔大站,新埔民生站,2,13.233333333333333,1,5.0,58.86666666666667,1,1.0
迴龍站,新埔民生站,2,18.75,1,5.0,58.86666666666667,1,1.0
幸福站,三重站,2,12.583333333333334,1,5.0,55.25,1,1.0
新北產業園區站,三重站,2,15.216666666666667,1,5.0,55.25,1,1.0
新埔民生站,先嗇宮站,2,10.6,1,5.0,55.05,1,1.0
三重站,幸福站,2,12.75,1,5.0,54.63333333333333,1,1.0
三重站,新北產業園區站,2,15.383333333333333,1,5.0,54.63333333333333,1,1.0
先嗇宮站,新埔民生站,2,10.766666666666667,1,5.0,54.43333333333333,1,1.0
幸福站,菜寮站,2,14.4,1,5.0,51.61666666666667,1,1.0
新北產業園區站,菜寮站,2,17.033333333333335,1,5.0,51.61666666666667,1,1.0
菜寮站,幸福站,2,14.566666666666666,1,5.0,51.0,1,1.0
菜寮站,新北產業園區站,2,17.2,1,5.0,51.0,1,1.0
新埔民生站,三重站,2,13.383333333333333,1,5.0,49.483333333333334,1,1.0
三重站,新埔民生站,2,13.55,1,5.0,48.86666666666667,1,1.0
幸福站,台北橋站,2,16.433333333333334,1,5.0,47.55,1,1.0
新北產業園區站,台北橋站,2,19.066666666666666,1,5.0,47.55,1,1.0
台北橋站,幸福站,2,16.6,1,5.0,46.93333333333333,1,1.0
台北橋站,新北產業園區站,2,19.233333333333334,1,5.0,46.93333333333333,1,1.0
新埔民生站,菜寮站,2,15.2,1,5.0,45.85,1,1.0
板新站,丹鳳站,2,22.183333333333334,1,5.0,45.85,1,1.0
板新站,新莊站,2,17.183333333333334,1,5.0,45.85,1,1.0
板新站,輔大站,2,19.883333333333333,1,5.0,45.85,1,1.0
板新站,迴龍站,2,25.4,1,5.0,45.85,1,1.0
丹鳳站,板新站,2,22.35,1,5.0,45.233333333333334,1,1.0
新莊站,板新站,2,17.35,1,5.0,45.233333333333334,1,1.0
菜寮站,新埔民生站,2,15.366666666666667,1,5.0,45.233333333333334,1,1.0
輔大站,板新站,2,20.05,1,5.0,45.233333333333334,1,1.0
迴龍站,板新站,2,25.566666666666666,1,5.0,45.233333333333334,1,1.0
幸福站,大橋頭站,2,18.966666666666665,1,5.0,42.46666666666667,1,1.0
新北產業園區站,大橋頭站,2,21.6,1,5.0,42.46666666666667,1,1.0
大橋頭站,幸福站,2,19.133333333333333,1,5.0,41.85,1,1.0
大橋頭站,新北產業園區站,2,21.766666666666666,1,5.0,41.85,1,1.0
新埔民生站,台北橋站,2,17.233333333333334,1,5.0,41.78333333333333,1,1.0
板新站,先嗇宮站,2,17.416666666666668,1,5.0,41.416666666666664,1,1.0
中原站,丹鳳站,2,24.45,1,5.0,41.31666666666667,1,1.0
中原站,新莊站,2,19.45,1,5.0,41.31666666666667,1,1.0
中原站,輔大站,2,22.15,1,5.0,41.31666666666667,1,1.0
中原站,迴龍站,2,27.666666666666668,1,5.0,41.31666666666667,1,1.0
台北橋站,新埔民生站,2,17.4,1,5.0,41.166666666666664,1,1.0
先嗇宮站,板新站,2,17.583333333333332,1,5.0,40.8,1,1.0
丹鳳站,中原站,2,24.616666666666667,1,5.0,40.7,1,1.0
新莊站,中原站,2,19.616666666666667,1,5.0,40.7,1,1.0
輔大站,中原站,2,22.316666666666666,1,5.0,40.7,1,1.0
迴龍站,中原站,2,27.833333333333332,1,5.0,40.7,1,1.0
橋和站,丹鳳站,2,26.066666666666666,1,5.0,38.083333333333336,1,1.0
橋和站,新莊站,2,21.066666666666666,1,5.0,38.083333333333336,1,1.0
橋和站,輔大站,2,23.766666666666666,1,5.0,38.083333333333336,1,1.0
橋和站,迴龍站,2,29.283333333333335,1,5.0,38.083333333333336,1,1.0
丹鳳站,橋和站,2,26.233333333333334,1,5.0,37.46666666666667,1,1.0
新莊站,橋和站,2,21.233333333333334,1,5.0,37.46666666666667,1,1.0
輔大站,橋和站,2,23.933333333333334,1,5.0,37.46666666666667,1,1.0
迴龍站,橋和站,2,29.45,1,5.0,37.46666666666667,1,1.0
中原站,先嗇宮站,2,19.683333333333334,1,5.0,36.88333333333333,1,1.0
新埔民生站,大橋頭站,2,19.766666666666666,1,5.0,36.7,1,1.0
先嗇宮站,中原站,2,19.85,1,5.0,36.266666666666666,1,1.0
大橋頭站,新埔民生站,2,19.933333333333334,1,5.0,36.083333333333336,1,1.0
板新站,三重站,2,20.2,1,5.0,35.85,1,1.0
幸福站,中山國小站,2,22.35,1,5.0,35.63333333333333,1,1.0
新北產業園區站,中山國小站,2,24.983333333333334,1,5.0,35.63333333333333,1,1.0
三重站,板新站,2,20.366666666666667,1,5.0,35.233333333333334,1,1.0
中山國小站,幸福站,2,22.516666666666666,1,5.0,35.016666666666666,1,1.0
中山國小站,新北產業園區站,2,25.15,1,5.0,35.016666666666666,1,1.0
幸福站,民權西路站,2,20.6,1,5.0,34.71666666666667,1,1.0
新北產業園區站,民權西路站,2,23.233333333333334,1,5.0,34.71666666666667,1,1.0
民權西路站,幸福站,2,20.766666666666666,1,5.0,34.233333333333334,1,1.0
民權西路站,新北產業園區站,2,23.4,1,5.0,34.233333333333334,1,1.0
中和站,丹鳳站,2,28.216666666666665,1,5.0,33.78333333333333,1,1.0
中和站,新莊站,2,23.216666666666665,1,5.0,33.78333333333333,1,1.0
中和站,輔大站,2,25.916666666666668,1,5.0,33.78333333333333,1,1.0
中和站,迴龍站,2,31.433333333333334,1,5.0,33.78333333333333,1,1.0
橋和站,先嗇宮站,2,21.3,1,5.0,33.65,1,1.0
丹鳳站,中和站,2,28.383333333333333,1,5.0,33.166666666666664,1,1.0
新莊站,中和站,2,23.383333333333333,1,5.0,33.166666666666664,1,1.0
輔大站,中和站,2,26.083333333333332,1,5.0,33.166666666666664,1,1.0
迴龍站,中和站,2,31.6,1,5.0,33.166666666666664,1,1.0
先嗇宮站,橋和站,2,21.466666666666665,1,5.0,33.03333333333333,1,1.0
板新站,菜寮站,2,22.016666666666666,1,5.0,32.21666666666667,1,1.0
菜寮站,板新站,2,22.183333333333334,1,5.0,31.6,1,1.0
幸福站,行天宮站,2,24.45,1,5.0,31.433333333333334,1,1.0
新北產業園區站,行天宮站,2,27.083333333333332,1,5.0,31.433333333333334,1,1.0
中原站,三重站,2,22.466666666666665,1,5.0,31.316666666666666,1,1.0
行天宮站,幸福站,2,24.616666666666667,1,5.0,30.816666666666666,1,1.0
行天宮站,新北產業園區站,2,27.25,1,5.0,30.816666666666666,1,1.0
三重站,中原站,2,22.633333333333333,1,5.0,30.7,1,1.0
新埔民生站,中山國小站,2,23.15,1,5.0,29.866666666666667,1,1.0
中和站,先嗇宮站,2,23.45,1,5.0,29.35,1,1.0
中山國小站,新埔民生站,2,23.316666666666666,1,5.0,29.25,1,1.0
新埔民生站,民權西路站,2,21.4,1,5.0,28.95,1,1.0
先嗇宮站,中和站,2,23.616666666666667,1,5.0,28.733333333333334,1,1.0
民權西路站,新埔民生站,2,21.566666666666666,1,5.0,28.466666666666665,1,1.0
板新站,台北橋站,2,24.05,1,5.0,28.15,1,1.0
橋和站,三重站,2,24.083333333333332,1,5.0,28.083333333333332,1,1.0
中原站,菜寮站,2,24.283333333333335,1,5.0,27.683333333333334,1,1.0
台北橋站,板新站,2,24.216666666666665,1,5.0,27.533333333333335,1,1.0
三重站,橋和站,2,24.25,1,5.0,27.466666666666665,1,1.0
幸福站,南京三民站,2,34.46666666666667,1,3.0,27.15,1,5.0
幸福站,南京復興站,2,30.366666666666667,1,3.0,27.15,1,5.0
幸福站,台北小巨蛋站,2,32.31666666666667,1,3.0,27.15,1,5.0
幸福站,松山站,2,37.21666666666667,1,3.0,27.15,1,5.0
新北產業園區站,南京三民站,2,37.1,1,3.0,27.15,1,5.0
新北產業園區站,南京復興站,2,33.0,1,3.0,27.15,1,5.0
新北產業園區站,台北小巨蛋站,2,34.95,1,3.0,27.15,1,5.0
新北產業園區站,松山站,2,39.85,1,3.0,27.15,1,5.0
菜寮站,中原站,2,24.45,1,5.0,27.066666666666666,1,1.0
板橋站,丹鳳站,2,18.966666666666665,1,2.0,26.766666666666666,0,4.0
板橋站,新莊站,2,13.966666666666667,1,2.0,26.766666666666666,0,4.0
板橋站,輔大站,2,16.666666666666668,1,2.0,26.766666666666666,0,4.0
板橋站,迴龍站,2,22.183333333333334,1,2.0,26.766666666666666,0,4.0
丹鳳站,板橋站,2,19.133333333333333,1,2.0,26.633333333333333,0,4.0
新莊站,板橋站,2,14.133333333333333,1,2.0,26.633333333333333,0,4.0
輔大站,板橋站,2,16.833333333333332,1,2.0,26.633333333333333,0,4.0
迴龍站,板橋站,2,22.35,1,2.0,26.633333333333333,0,4.0
南京三民站,幸福站,2,34.55,1,3.0,26.616666666666667,1,5.0
南京三民站,新北產業園區站,2,37.18333333333333,1,3.0,26.616666666666667,1,5.0
南京復興站,幸福站,2,30.45,1,3.0,26.616666666666667,1,5.0
南京復興站,新北產業園區站,2,33.083333333333336,1,3.0,26.616666666666667,1,5.0
台北小巨蛋站,幸福站,2,32.4,1,3.0,26.616666666666667,1,5.0
台北小巨蛋站,新北產業園區站,2,35.03333333333333,1,3.0,26.616666666666667,1,5.0
松山站,幸福站,2,37.3,1,3.0,26.616666666666667,1,5.0
松山站,新北產業園區站,2,39.93333333333333,1,3.0,26.616666666666667,1,5.0
中原站,南勢角站,2,15.083333333333334,1,5.0,25.716666666666665,1,1.0
中和站,南勢角站,2,11.316666666666666,1,5.0,25.716666666666665,1,1.0
幸福站,南勢角站,2,29.133333333333333,1,5.0,25.716666666666665,1,1.0
新北產業園區站,南勢角站,2,31.766666666666666,1,5.0,25.716666666666665,1,1.0
新埔民生站,南勢角站,2,24.166666666666668,1,5.0,25.716666666666665,1,1.0
板新站,南勢角站,2,17.35,1,5.0,25.716666666666665,1,1.0
橋和站,南勢角站,2,13.466666666666667,1,5.0,25.716666666666665,1,1.0
新埔民生站,行天宮站,2,25.25,1,5.0,25.666666666666668,1,1.0
南勢角站,中原站,2,15.2,1,5.0,25.15,1,1.0
南勢角站,中和站,2,11.433333333333334,1,5.0,25.15,1,1.0
南勢角站,幸福站,2,29.25,1,5.0,25.15,1,1.0
南勢角站,新北產業園區站,2,31.883333333333333,1,5.0,25.15,1,1.0
南勢角站,新埔民生站,2,24.283333333333335,1,5.0,25.15,1,1.0
南勢角站,板新站,2,17.466666666666665,1,5.0,25.15,1,1.0
南勢角站,橋和站,2,13.583333333333334,1,5.0,25.15,1,1.0
行天宮站,新埔民生站,2,25.416666666666668,1,5.0,25.05,1,1.0
橋和站,菜寮站,2,25.9,1,5.0,24.45,1,1.0
菜寮站,橋和站,2,26.066666666666666,1,5.0,23.833333333333332,1,1.0
中和站,三重站,2,26.233333333333334,1,5.0,23.783333333333335,1,1.0
中原站,台北橋站,2,26.316666666666666,1,5.0,23.616666666666667,1,1.0
三重站,中和站,2,26.4,1,5.0,23.166666666666668,1,1.0
板新站,大橋頭站,2,26.583333333333332,1,5.0,23.066666666666666,1,1.0
台北橋站,中原站,2,26.483333333333334,1,5.0,23.0,1,1.0
景平站,丹鳳站,2,33.85,1,5.0,22.516666666666666,1,1.0
景平站,新莊站,2,28.85,1,5.0,22.516666666666666,1,1.0
景平站,輔大站,2,31.55,1,5.0,22.516666666666666,1,1.0
景平站,迴龍站,2,37.06666666666667,1,5.0,22.516666666666666,1,1.0
大橋頭站,板新站,2,26.75,1,5.0,22.45,1,1.0
板橋站,先嗇宮站,2,14.2,1,2.0,22.333333333333332,0,4.0
先嗇宮站,板橋站,2,14.366666666666667,1,2.0,22.2,0,4.0
景平站,南勢角站,2,9.483333333333333,1,5.0,21.916666666666668,1,1.0
丹鳳站,景平站,2,34.016666666666666,1,5.0,21.9,1,1.0
新莊站,景平站,2,29.016666666666666,1,5.0,21.9,1,1.0
輔大站,景平站,2,31.716666666666665,1,5.0,21.9,1,1.0
迴龍站,景平站,2,37.233333333333334,1,5.0,21.9,1,1.0
中原站,永安市場站,2,14.966666666666667,1,5.0,21.766666666666666,1,1.0
中和站,永安市場站,2,11.2,1,5.0,21.766666666666666,1,1.0
幸福站,永安市場站,2,29.016666666666666,1,5.0,21.766666666666666,1,1.0
新北產業園區站,永安市場站,2,31.65,1,5.0,21.766666666666666,1,1.0
新埔民生站,永安市場站,2,24.05,1,5.0,21.766666666666666,1,1.0
板新站,永安市場站,2,17.233333333333334,1,5.0,21.766666666666666,1,1.0
橋和站,永安市場站,2,13.35,1,5.0,21.766666666666666,1,1.0
三和國中站,劍潭站,2,13.7,1,2.0,21.566666666666666,0,1.0
三和國中站,北投站,2,27.05,1,2.0,21.566666666666666,0,1.0
三和國中站,唭哩岸站,2,23.383333333333333,1,2.0,21.566666666666666,0,1.0
三和國中站,圓山站,2,11.35,1,2.0,21.566666666666666,0,1.0
三和國中站,士林站,2,15.833333333333334,1,2.0,21.566666666666666,0,1.0
三和國中站,奇岩站,2,25.083333333333332,1,2.0,21.566666666666666,0,1.0
三和國中站,復興崗站,2,29.75,1,2.0,21.566666666666666,0,1.0
三和國中站,忠義站,2,32.15,1,2.0,21.566666666666666,0,1.0
三和國中站,新北投站,2,32.666666666666664,2,5.0,21.566666666666666,0,1.0
三和國中站,明德站,2,19.616666666666667,1,2.0,21.566666666666666,0,1.0
三和國中站,淡水站,2,43.06666666666667,1,2.0,21.566666666666666,0,1.0
三和國中站,石牌站,2,21.116666666666667,1,2.0,21.566666666666666,0,1.0
三和國中站,竹圍站,2,36.88333333333333,1,2.0,21.566666666666666,0,1.0
三和國中站,紅樹林站,2,39.7,1,2.0,21.566666666666666,0,1.0
三和國中站,芝山站,2,17.85,1,2.0,21.566666666666666,0,1.0
三和國中站,關渡站,2,33.93333333333333,1,2.0,21.566666666666666,0,1.0
三民高中站,劍潭站,2,17.433333333333334,1,2.0,21.566666666666666,0,1.0
三民高中站,北投站,2,30.783333333333335,1,2.0,21.566666666666666,0,1.0
三民高中站,唭哩岸站,2,27.116666666666667,1,2.0,21.566666666666666,0,1.0
三民高中站,圓山站,2,15.083333333333334,1,2.0,21.566666666666666,0,1.0
三民高中站,士林站,2,19.566666666666666,1,2.0,21.566666666666666,0,1.0
三民高中站,奇岩站,2,28.816666666666666,1,2.0,21.566666666666666,0,1.0
三民高中站,復興崗站,2,33.483333333333334,1,2.0,21.566666666666666,0,1.0
三民高中站,忠義站,2,35.88333333333333,1,2.0,21.566666666666666,0,1.0
三民高中站,新北投站,2,36.4,2,5.0,21.566666666666666,0,1.0
三民高中站,明德站,2,23.35,1,2.0,21.566666666666666,0,1.0
三民高中站,淡水站,2,46.8,1,2.0,21.566666666666666,0,1.0
三民高中站,石牌站,2,24.85,1,2.0,21.566666666666666,0,1.0
三民高中站,竹圍站,2,40.61666666666667,1,2.0,21.566666666666666,0,1.0
三民高中站,紅樹林站,2,43.43333333333333,1,2.0,21.566666666666666,0,1.0
三民高中站,芝山站,2,21.583333333333332,1,2.0,21.566666666666666,0,1.0
三民高中站,關渡站,2,37.666666666666664,1,2.0,21.566666666666666,0,1.0
三重國小站,劍潭站,2,11.5,1,2.0,21.566666666666666,0,1.0
三重國小站,北投站,2,24.85,1,2.0,21.566666666666666,0,1.0
三重國小站,唭哩岸站,2,21.183333333333334,1,2.0,21.566666666666666,0,1.0
三重國小站,圓山站,2,9.15,1,2.0,21.566666666666666,0,1.0
三重國小站,士林站,2,13.633333333333333,1,2.0,21.566666666666666,0,1.0
三重國小站,奇岩站,2,22.883333333333333,1,2.0,21.566666666666666,0,1.0
三重國小站,復興崗站,2,27.55,1,2.0,21.566666666666666,0,1.0
三重國小站,忠義站,2,29.95,1,2.0,21.566666666666666,0,1.0
三重國小站,新北投站,2,30.466666666666665,2,5.0,21.566666666666666,0,1.0
三重國小站,明德站,2,17.416666666666668,1,2.0,21.566666666666666,0,1.0
三重國小站,淡水站,2,40.86666666666667,1,2.0,21.566666666666666,0,1.0
三重國小站,石牌站,2,18.916666666666668,1,2.0,21.566666666666666,0,1.0
三重國小站,竹圍站,2,34.68333333333333,1,2.0,21.566666666666666,0,1.0
三重國小站,紅樹林站,2,37.5,1,2.0,21.566666666666666,0,1.0
三重國小站,芝山站,2,15.65,1,2.0,21.566666666666666,0,1.0
三重國小站,關渡站,2,31.733333333333334,1,2.0,21.566666666666666,0,1.0
三重站,劍潭站,2,14.95,1,2.0,21.566666666666666,0,1.0
三重站,北投站,2,28.3,1,2.0,21.566666666666666,0,1.0
三重站,唭哩岸站,2,24.633333333333333,1,2.0,21.566666666666666,0,1.0
三重站,圓山站,2,12.6,1,2.0,21.566666666666666,0,1.0
三重站,士林站,2,17.083333333333332,1,2.0,21.566666666666666,0,1.0
三重站,奇岩站,2,26.333333333333332,1,2.0,21.566666666666666,0,1.0
三重站,復興崗站,2,31.0,1,2.0,21.566666666666666,0,1.0
三重站,忠義站,2,33.4,1,2.0,21.566666666666666,0,1.0
三重站,新北投站,2,33.916666666666664,2,5.0,21.566666666666666,0,1.0
三重站,明德站,2,20.866666666666667,1,2.0,21.566666666666666,0,1.0
三重站,淡水站,2,44.31666666666667,1,2.0,21.566666666666666,0,1.0
三重站,石牌站,2,22.366666666666667,1,2.0,21.566666666666666,0,1.0
三重站,竹圍站,2,38.13333333333333,1,2.0,21.566666666666666,0,1.0
三重站,紅樹林站,2,40.95,1,2.0,21.566666666666666,0,1.0
三重站,芝山站,2,19.1,1,2.0,21.566666666666666,0,1.0
三重站,關渡站,2,35.18333333333333,1,2.0,21.566666666666666,0,1.0
丹鳳站,劍潭站,2,26.933333333333334,1,2.0,21.566666666666666,0,1.0
丹鳳站,北投站,2,40.28333333333333,1,2.0,21.566666666666666,0,1.0
丹鳳站,唭哩岸站,2,36.61666666666667,1,2.0,21.566666666666666,0,1.0
丹鳳站,圓山站,2,24.583333333333332,1,2.0,21.566666666666666,0,1.0
丹鳳站,士林站,2,29.066666666666666,1,2.0,21.566666666666666,0,1.0
丹鳳站,奇岩站,2,38.31666666666667,1,2.0,21.566666666666666,0,1.0
丹鳳站,復興崗站,2,42.983333333333334,1,2.0,21.566666666666666,0,1.0
丹鳳站,忠義站,2,45.38333333333333,1,2.0,21.566666666666666,0,1.0
丹鳳站,新北投站,2,45.9,2,5.0,21.566666666666666,0,1.0
丹鳳站,明德站,2,32.85,1,2.0,21.566666666666666,0,1.0
丹鳳站,淡水站,2,56.3,1,2.0,21.566666666666666,0,1.0
丹鳳站,石牌站,2,34.35,1,2.0,21.566666666666666,0,1.0
丹鳳站,竹圍站,2,50.11666666666667,1,2.0,21.566666666666666,0,1.0
丹鳳站,紅樹林站,2,52.93333333333333,1,2.0,21.566666666666666,0,1.0
丹鳳站,芝山站,2,31.083333333333332,1,2.0,21.566666666666666,0,1.0
丹鳳站,關渡站,2,47.166666666666664,1,2.0,21.566666666666666,0,1.0
先嗇宮站,劍潭站,2,17.733333333333334,1,2.0,21.566666666666666,0,1.0
先嗇宮站,北投站,2,31.083333333333332,1,2.0,21.566666666666666,0,1.0
先嗇宮站,唭哩岸站,2,27.416666666666668,1,2.0,21.566666666666666,0,1.0
先嗇宮站,圓山站,2,15.383333333333333,1,2.0,21.566666666666666,0,1.0
先嗇宮站,士林站,2,19.866666666666667,1,2.0,21.566666666666666,0,1.0
先嗇宮站,奇岩站,2,29.116666666666667,1,2.0,21.566666666666666,0,1.0
先嗇宮站,復興崗站,2,33.78333333333333,1,2.0,21.566666666666666,0,1.0
先嗇宮站,忠義站,2,36.18333333333333,1,2.0,21.566666666666666,0,1.0
先嗇宮站,新北投站,2,36.7,2,5.0,21.566666666666666,0,1.0
先嗇宮站,明德站,2,23.65,1,2.0,21.566666666666666,0,1.0
先嗇宮站,淡水站,2,47.1,1,2.0,21.566666666666666,0,1.0
先嗇宮站,石牌站,2,25.15,1,2.0,21.566666666666666,0,1.0
先嗇宮站,竹圍站,2,40.916666666666664,1,2.0,21.566666666666666,0,1.0
先嗇宮站,紅樹林站,2,43.733333333333334,1,2.0,21.566666666666666,0,1.0
先嗇宮站,芝山站,2,21.883333333333333,1,2.0,21.566666666666666,0,1.0
先嗇宮站,關渡站,2,37.96666666666667,1,2.0,21.566666666666666,0,1.0
劍潭站,三和國中站,2,13.75,1,2.0,21.566666666666666,0,1.0
劍潭站,三民高中站,2,17.483333333333334,1,2.0,21.566666666666666,0,1.0
劍潭站,三重國小站,2,11.55,1,2.0,21.566666666666666,0,1.0
劍潭站,三重站,2,15.0,1,2.0,21.566666666666666,0,1.0
劍潭站,丹鳳站,2,26.983333333333334,1,2.0,21.566666666666666,0,1.0
劍潭站,先嗇宮站,2,17.783333333333335,1,2.0,21.566666666666666,0,1.0
劍潭站,台北橋站,2,11.15,1,2.0,21.566666666666666,0,1.0
劍潭站,大橋頭站,2,8.6,1,2.0,21.566666666666666,0,1.0
劍潭站,徐匯中學站,2,15.533333333333333,1,2.0,21.566666666666666,0,1.0
劍潭站,新莊站,2,21.983333333333334,1,2.0,21.566666666666666,0,1.0
劍潭站,菜寮站,2,13.183333333333334,1,2.0,21.566666666666666,0,1.0
劍潭站,蘆洲站,2,19.75,1,2.0,21.566666666666666,0,1.0
劍潭站,輔大站,2,24.683333333333334,1,2.0,21.566666666666666,0,1.0
劍潭站,迴龍站,2,30.2,1,2.0,21.566666666666666,0,1.0
劍潭站,頭前庄站,2,20.0,1,2.0,21.566666666666666,0,1.0
北投站,三和國中站,2,27.1,1,2.0,21.566666666666666,0,1.0
北投站,三民高中站,2,30.833333333333332,1,2.0,21.566666666666666,0,1.0
北投站,三重國小站,2,24.9,1,2.0,21.566666666666666,0,1.0
北投站,三重站,2,28.35,1,2.0,21.566666666666666,0,1.0
北投站,丹鳳站,2,40.333333333333336,1,2.0,21.566666666666666,0,1.0
北投站,先嗇宮站,2,31.133333333333333,1,2.0,21.566666666666666,0,1.0
北投站,台北橋站,2,24.5,1,2.0,21.566666666666666,0,1.0
北投站,大橋頭站,2,21.95,1,2.0,21.566666666666666,0,1.0
北投站,徐匯中學站,2,28.883333333333333,1,2.0,21.566666666666666,0,1.0
北投站,新莊站,2,35.333333333333336,1,2.0,21.566666666666666,0,1.0
北投站,菜寮站,2,26.533333333333335,1,2.0,21.566666666666666,0,1.0
北投站,蘆洲站,2,33.1,1,2.0,21.566666666666666,0,1.0
北投站,輔大站,2,38.03333333333333,1,2.0,21.566666666666666,0,1.0
北投站,迴龍站,2,43.55,1,2.0,21.566666666666666,0,1.0
北投站,頭前庄站,2,33.35,1,2.0,21.566666666666666,0,1.0
台北橋站,劍潭站,2,11.1,1,2.0,21.566666666666666,0,1.0
台北橋站,北投站,2,24.45,1,2.0,21.566666666666666,0,1.0
台北橋站,唭哩岸站,2,20.783333333333335,1,2.0,21.566666666666666,0,1.0
台北橋站,圓山站,2,8.75,1,2.0,21.566666666666666,0,1.0
台北橋站,士林站,2,13.233333333333333,1,2.0,21.566666666666666,0,1.0
台北橋站,奇岩站,2,22.483333333333334,1,2.0,21.566666666666666,0,1.0
台北橋站,復興崗站,2,27.15,1,2.0,21.566666666666666,0,1.0
台北橋站,忠義站,2,29.55,1,2.0,21.566666666666666,0,1.0
台北橋站,新北投站,2,30.066666666666666,2,5.0,21.566666666666666,0,1.0
台北橋站,明德站,2,17.016666666666666,1,2.0,21.566666666666666,0,1.0
台北橋站,淡水站,2,40.46666666666667,1,2.0,21.566666666666666,0,1.0
台北橋站,石牌站,2,18.516666666666666,1,2.0,21.566666666666666,0,1.0
台北橋站,竹圍站,2,34.28333333333333,1,2.0,21.566666666666666,0,1.0
台北橋站,紅樹林站,2,37.1,1,2.0,21.566666666666666,0,1.0
台北橋站,芝山站,2,15.25,1,2.0,21.566666666666666,0,1.0
台北橋站,關渡站,2,31.333333333333332,1,2.0,21.566666666666666,0,1.0
唭哩岸站,三和國中站,2,23.433333333333334,1,2.0,21.566666666666666,0,1.0
唭哩岸站,三民高中站,2,27.166666666666668,1,2.0,21.566666666666666,0,1.0
唭哩岸站,三重國小站,2,21.233333333333334,1,2.0,21.566666666666666,0,1.0
唭哩岸站,三重站,2,24.683333333333334,1,2.0,21.566666666666666,0,1.0
唭哩岸站,丹鳳站,2,36.666666666666664,1,2.0,21.566666666666666,0,1.0
唭哩岸站,先嗇宮站,2,27.466666666666665,1,2.0,21.566666666666666,0,1.0
唭哩岸站,台北橋站,2,20.833333333333332,1,2.0,21.566666666666666,0,1.0
唭哩岸站,大橋頭站,2,18.283333333333335,1,2.0,21.566666666666666,0,1.0
唭哩岸站,徐匯中學站,2,25.216666666666665,1,2.0,21.566666666666666,0,1.0
唭哩岸站,新莊站,2,31.666666666666668,1,2.0,21.566666666666666,0,1.0
唭哩岸站,菜寮站,2,22.866666666666667,1,2.0,21.566666666666666,0,1.0
唭哩岸站,蘆洲站,2,29.433333333333334,1,2.0,21.566666666666666,0,1.0
唭哩岸站,輔大站,2,34.36666666666667,1,2.0,21.566666666666666,0,1.0
唭哩岸站,迴龍站,2,39.88333333333333,1,2.0,21.566666666666666,0,1.0
唭哩岸站,頭前庄站,2,29.683333333333334,1,2.0,21.566666666666666,0,1.0
圓山站,三和國中站,2,11.4,1,2.0,21.566666666666666,0,1.0
圓山站,三民高中站,2,15.133333333333333,1,2.0,21.566666666666666,0,1.0
圓山站,三重國小站,2,9.2,1,2.0,21.566666666666666,0,1.0
圓山站,三重站,2,12.65,1,2.0,21.566666666666666,0,1.0
圓山站,丹鳳站,2,24.633333333333333,1,2.0,21.566666666666666,0,1.0
圓山站,先嗇宮站,2,15.433333333333334,1,2.0,21.566666666666666,0,1.0
圓山站,台北橋站,2,8.8,1,2.0,21.566666666666666,0,1.0
圓山站,大橋頭站,2,6.25,1,2.0,21.566666666666666,0,1.0
圓山站,徐匯中學站,2,13.183333333333334,1,2.0,21.566666666666666,0,1.0
圓山站,新莊站,2,19.633333333333333,1,2.0,21.566666666666666,0,1.0
圓山站,菜寮站,2,10.833333333333334,1,2.0,21.566666666666666,0,1.0
圓山站,蘆洲站,2,17.4,1,2.0,21.566666666666666,0,1.0
圓山站,輔大站,2,22.333333333333332,1,2.0,21.566666666666666,0,1.0
圓山站,迴龍站,2,27.85,1,2.0,21.566666666666666,0,1.0
圓山站,頭前庄站,2,17.65,1,2.0,21.566666666666666,0,1.0
士林站,三和國中站,2,15.883333333333333,1,2.0,21.566666666666666,0,1.0
士林站,三民高中站,2,19.616666666666667,1,2.0,21.566666666666666,0,1.0
士林站,三重國小站,2,13.683333333333334,1,2.0,21.566666666666666,0,1.0
士林站,三重站,2,17.133333333333333,1,2.0,21.566666666666666,0,1.0
士林站,丹鳳站,2,29.116666666666667,1,2.0,21.566666666666666,0,1.0
士林站,先嗇宮站,2,19.916666666666668,1,2.0,21.566666666666666,0,1.0
士林站,台北橋站,2,13.283333333333333,1,2.0,21.566666666666666,0,1.0
士林站,大橋頭站,2,10.733333333333333,1,2.0,21.566666666666666,0,1.0
士林站,徐匯中學站,2,17.666666666666668,1,2.0,21.566666666666666,0,1.0
士林站,新莊站,2,24.116666666666667,1,2.0,21.566666666666666,0,1.0
士林站,菜寮站,2,15.316666666666666,1,2.0,21.566666666666666,0,1.0
士林站,蘆洲站,2,21.883333333333333,1,2.0,21.566666666666666,0,1.0
士林站,輔大站,2,26.816666666666666,1,2.0,21.566666666666666,0,1.0
士林站,迴龍站,2,32.333333333333336,1,2.0,21.566666666666666,0,1.0
士林站,頭前庄站,2,22.133333333333333,1,2.0,21.566666666666666,0,1.0
大橋頭站,劍潭站,2,8.55,1,2.0,21.566666666666666,0,1.0
大橋頭站,北投站,2,21.9,1,2.0,21.566666666666666,0,1.0
大橋頭站,唭哩岸站,2,18.233333333333334,1,2.0,21.566666666666666,0,1.0
大橋頭站,圓山站,2,6.2,1,2.0,21.566666666666666,0,1.0
大橋頭站,士林站,2,10.683333333333334,1,2.0,21.566666666666666,0,1.0
大橋頭站,奇岩站,2,19.933333333333334,1,2.0,21.566666666666666,0,1.0
大橋頭站,復興崗站,2,24.6,1,2.0,21.566666666666666,0,1.0
大橋頭站,忠義站,2,27.0,1,2.0,21.566666666666666,0,1.0
大橋頭站,新北投站,2,27.516666666666666,2,5.0,21.566666666666666,0,1.0
大橋頭站,明德站,2,14.466666666666667,1,2.0,21.566666666666666,0,1.0
大橋頭站,淡水站,2,37.916666666666664,1,2.0,21.566666666666666,0,1.0
大橋頭站,石牌站,2,15.966666666666667,1,2.0,21.566666666666666,0,1.0
大橋頭站,竹圍站,2,31.733333333333334,1,2.0,21.566666666666666,0,1.0
大橋頭站,紅樹林站,2,34.55,1,2.0,21.566666666666666,0,1.0
大橋頭站,芝山站,2,12.7,1,2.0,21.566666666666666,0,1.0
大橋頭站,關渡站,2,28.783333333333335,1,2.0,21.566666666666666,0,1.0
奇岩站,三和國中站,2,25.133333333333333,1,2.0,21.566666666666666,0,1.0
奇岩站,三民高中站,2,28.866666666666667,1,2.0,21.566666666666666,0,1.0
奇岩站,三重國小站,2,22.933333333333334,1,2.0,21.566666666666666,0,1.0
奇岩站,三重站,2,26.383333333333333,1,2.0,21.566666666666666,0,1.0
奇岩站,丹鳳站,2,38.36666666666667,1,2.0,21.566666666666666,0,1.0
奇岩站,先嗇宮站,2,29.166666666666668,1,2.0,21.566666666666666,0,1.0
奇岩站,台北橋站,2,22.533333333333335,1,2.0,21.566666666666666,0,1.0
奇岩站,大橋頭站,2,19.983333333333334,1,2.0,21.566666666666666,0,1.0
奇岩站,徐匯中學站,2,26.916666666666668,1,2.0,21.566666666666666,0,1.0
奇岩站,新莊站,2,33.36666666666667,1,2.0,21.566666666666666,0,1.0
奇岩站,菜寮站,2,24.566666666666666,1,2.0,21.566666666666666,0,1.0
奇岩站,蘆洲站,2,31.133333333333333,1,2.0,21.566666666666666,0,1.0
奇岩站,輔大站,2,36.06666666666667,1,2.0,21.566666666666666,0,1.0
奇岩站,迴龍站,2,41.583333333333336,1,2.0,21.566666666666666,0,1.0
奇岩站,頭前庄站,2,31.383333333333333,1,2.0,21.566666666666666,0,1.0
徐匯中學站,劍潭站,2,15.483333333333333,1,2.0,21.566666666666666,0,1.0
徐匯中學站,北投站,2,28.833333333333332,1,2.0,21.566666666666666,0,1.0
徐匯中學站,唭哩岸站,2,25.166666666666668,1,2.0,21.566666666666666,0,1.0
徐匯中學站,圓山站,2,13.133333333333333,1,2.0,21.566666666666666,0,1.0
徐匯中學站,士林站,2,17.616666666666667,1,2.0,21.566666666666666,0,1.0
徐匯中學站,奇岩站,2,26.866666666666667,1,2.0,21.566666666666666,0,1.0
徐匯中學站,復興崗站,2,31.533333333333335,1,2.0,21.566666666666666,0,1.0
徐匯中學站,忠義站,2,33.93333333333333,1,2.0,21.566666666666666,0,1.0
徐匯中學站,新北投站,2,34.45,2,5.0,21.566666666666666,0,1.0
徐匯中學站,明德站,2,21.4,1,2.0,21.566666666666666,0,1.0
徐匯中學站,淡水站,2,44.85,1,2.0,21.566666666666666,0,1.0
徐匯中學站,石牌站,2,22.9,1,2.0,21.566666666666666,0,1.0
徐匯中學站,竹圍站,2,38.666666666666664,1,2.0,21.566666666666666,0,1.0
徐匯中學站,紅樹林站,2,41.483333333333334,1,2.0,21.566666666666666,0,1.0
徐匯中學站,芝山站,2,19.633333333333333,1,2.0,21.566666666666666,0,1.0
徐匯中學站,關渡站,2,35.71666666666667,1,2.0,21.566666666666666,0,1.0
復興崗站,三和國中站,2,29.8,1,2.0,21.566666666666666,0,1.0
復興崗站,三民高中站,2,33.53333333333333,1,2.0,21.566666666666666,0,1.0
復興崗站,三重國小站,2,27.6,1,2.0,21.566666666666666,0,1.0
復興崗站,三重站,2,31.05,1,2.0,21.566666666666666,0,1.0
復興崗站,丹鳳站,2,43.03333333333333,1,2.0,21.566666666666666,0,1.0
復興崗站,先嗇宮站,2,33.833333333333336,1,2.0,21.566666666666666,0,1.0
復興崗站,台北橋站,2,27.2,1,2.0,21.566666666666666,0,1.0
復興崗站,大橋頭站,2,24.65,1,2.0,21.566666666666666,0,1.0
復興崗站,徐匯中學站,2,31.583333333333332,1,2.0,21.566666666666666,0,1.0
復興崗站,新莊站,2,38.03333333333333,1,2.0,21.566666666666666,0,1.0
復興崗站,菜寮站,2,29.233333333333334,1,2.0,21.566666666666666,0,1.0
復興崗站,蘆洲站,2,35.8,1,2.0,21.566666666666666,0,1.0
復興崗站,輔大站,2,40.733333333333334,1,2.0,21.566666666666666,0,1.0
復興崗站,迴龍站,2,46.25,1,2.0,21.566666666666666,0,1.0
復興崗站,頭前庄站,2,36.05,1,2.0,21.566666666666666,0,1.0
忠義站,三和國中站,2,32.2,1,2.0,21.566666666666666,0,1.0
忠義站,三民高中站,2,35.93333333333333,1,2.0,21.566666666666666,0,1.0
忠義站,三重國小站,2,30.0,1,2.0,21.566666666666666,0,1.0
忠義站,三重站,2,33.45,1,2.0,21.566666666666666,0,1.0
忠義站,丹鳳站,2,45.43333333333333,1,2.0,21.566666666666666,0,1.0
忠義站,先嗇宮站,2,36.233333333333334,1,2.0,21.566666666666666,0,1.0
忠義站,台北橋站,2,29.6,1,2.0,21.566666666666666,0,1.0
忠義站,大橋頭站,2,27.05,1,2.0,21.566666666666666,0,1.0
忠義站,徐匯中學站,2,33.983333333333334,1,2.0,21.566666666666666,0,1.0
忠義站,新莊站,2,40.43333333333333,1,2.0,21.566666666666666,0,1.0
忠義站,菜寮站,2,31.633333333333333,1,2.0,21.566666666666666,0,1.0
忠義站,蘆洲站,2,38.2,1,2.0,21.566666666666666,0,1.0
忠義站,輔大站,2,43.13333333333333,1,2.0,21.566666666666666,0,1.0
忠義站,迴龍站,2,48.65,1,2.0,21.566666666666666,0,1.0
忠義站,頭前庄站,2,38.45,1,2.0,21.566666666666666,0,1.0
新北投站,三和國中站,2,33.166666666666664,2,5.0,21.566666666666666,0,1.0
新北投站,三民高中站,2,36.9,2,5.0,21.566666666666666,0,1.0
新北投站,三重國小站,2,30.966666666666665,2,5.0,21.566666666666666,0,1.0
新北投站,三重站,2,34.416666666666664,2,5.0,21.566666666666666,0,1.0
新北投站,丹鳳站,2,46.4,2,5.0,21.566666666666666,0,1.0
新北投站,先嗇宮站,2,37.2,2,5.0,21.566666666666666,0,1.0
新北投站,台北橋站,2,30.566666666666666,2,5.0,21.566666666666666,0,1.0
新北投站,大橋頭站,2,28.016666666666666,2,5.0,21.566666666666666,0,1.0
新北投站,徐匯中學站,2,34.95,2,5.0,21.566666666666666,0,1.0
新北投站,新莊站,2,41.4,2,5.0,21.566666666666666,0,1.0
新北投站,菜寮站,2,32.6,2,5.0,21.566666666666666,0,1.0
新北投站,蘆洲站,2,39.166666666666664,2,5.0,21.566666666666666,0,1.0
新北投站,輔大站,2,44.1,2,5.0,21.566666666666666,0,1.0
新北投站,迴龍站,2,49.61666666666667,2,5.0,21.566666666666666,0,1.0
新北投站,頭前庄站,2,39.416666666666664,2,5.0,21.566666666666666,0,1.0
新莊站,劍潭站,2,21.933333333333334,1,2.0,21.566666666666666,0,1.0
新莊站,北投站,2,35.28333333333333,1,2.0,21.566666666666666,0,1.0
新莊站,唭哩岸站,2,31.616666666666667,1,2.0,21.566666666666666,0,1.0
新莊站,圓山站,2,19.583333333333332,1,2.0,21.566666666666666,0,1.0
新莊站,士林站,2,24.066666666666666,1,2.0,21.566666666666666,0,1.0
新莊站,奇岩站,2,33.31666666666667,1,2.0,21.566666666666666,0,1.0
新莊站,復興崗站,2,37.983333333333334,1,2.0,21.566666666666666,0,1.0
新莊站,忠義站,2,40.38333333333333,1,2.0,21.566666666666666,0,1.0
新莊站,新北投站,2,40.9,2,5.0,21.566666666666666,0,1.0
新莊站,明德站,2,27.85,1,2.0,21.566666666666666,0,1.0
新莊站,淡水站,2,51.3,1,2.0,21.566666666666666,0,1.0
新莊站,石牌站,2,29.35,1,2.0,21.566666666666666,0,1.0
新莊站,竹圍站,2,45.11666666666667,1,2.0,21.566666666666666,0,1.0
新莊站,紅樹林站,2,47.93333333333333,1,2.0,21.566666666666666,0,1.0
新莊站,芝山站,2,26.083333333333332,1,2.0,21.566666666666666,0,1.0
新莊站,關渡站,2,42.166666666666664,1,2.0,21.566666666666666,0,1.0
明德站,三和國中站,2,19.666666666666668,1,2.0,21.566666666666666,0,1.0
明德站,三民高中站,2,23.4,1,2.0,21.566666666666666,0,1.0
明德站,三重國小站,2,17.466666666666665,1,2.0,21.566666666666666,0,1.0
明德站,三重站,2,20.916666666666668,1,2.0,21.566666666666666,0,1.0
明德站,丹鳳站,2,32.9,1,2.0,21.566666666666666,0,1.0
明德站,先嗇宮站,2,23.7,1,2.0,21.566666666666666,0,1.0
明德站,台北橋站,2,17.066666666666666,1,2.0,21.566666666666666,0,1.0
明德站,大橋頭站,2,14.516666666666667,1,2.0,21.566666666666666,0,1.0
明德站,徐匯中學站,2,21.45,1,2.0,21.566666666666666,0,1.0
明德站,新莊站,2,27.9,1,2.0,21.566666666666666,0,1.0
明德站,菜寮站,2,19.1,1,2.0,21.566666666666666,0,1.0
明德站,蘆洲站,2,25.666666666666668,1,2.0,21.566666666666666,0,1.0
明德站,輔大站,2,30.6,1,2.0,21.566666666666666,0,1.0
明德站,迴龍站,2,36.11666666666667,1,2.0,21.566666666666666,0,1.0
明德站,頭前庄站,2,25.916666666666668,1,2.0,21.566666666666666,0,1.0
淡水站,三和國中站,2,43.11666666666667,1,2.0,21.566666666666666,0,1.0
淡水站,三民高中站,2,46.85,1,2.0,21.566666666666666,0,1.0
淡水站,三重國小站,2,40.916666666666664,1,2.0,21.566666666666666,0,1.0
淡水站,三重站,2,44.36666666666667,1,2.0,21.566666666666666,0,1.0
淡水站,丹鳳站,2,56.35,1,2.0,21.566666666666666,0,1.0
淡水站,先嗇宮站,2,47.15,1,2.0,21.566666666666666,0,1.0
淡水站,台北橋站,2,40.516666666666666,1,2.0,21.566666666666666,0,1.0
淡水站,大橋頭站,2,37.96666666666667,1,2.0,21.566666666666666,0,1.0
淡水站,徐匯中學站,2,44.9,1,2.0,21.566666666666666,0,1.0
淡水站,新莊站,2,51.35,1,2.0,21.566666666666666,0,1.0
淡水站,菜寮站,2,42.55,1,2.0,21.566666666666666,0,1.0
淡水站,蘆洲站,2,49.11666666666667,1,2.0,21.566666666666666,0,1.0
淡水站,輔大站,2,54.05,1,2.0,21.566666666666666,0,1.0
淡水站,迴龍站,2,59.56666666666667,1,2.0,21.566666666666666,0,1.0
淡水站,頭前庄站,2,49.36666666666667,1,2.0,21.566666666666666,0,1.0
石牌站,三和國中站,2,21.166666666666668,1,2.0,21.566666666666666,0,1.0
石牌站,三民高中站,2,24.9,1,2.0,21.566666666666666,0,1.0
石牌站,三重國小站,2,18.966666666666665,1,2.0,21.566666666666666,0,1.0
石牌站,三重站,2,22.416666666666668,1,2.0,21.566666666666666,0,1.0
石牌站,丹鳳站,2,34.4,1,2.0,21.566666666666666,0,1.0
石牌站,先嗇宮站,2,25.2,1,2.0,21.566666666666666,0,1.0
石牌站,台北橋站,2,18.566666666666666,1,2.0,21.566666666666666,0,1.0
石牌站,大橋頭站,2,16.016666666666666,1,2.0,21.566666666666666,0,1.0
石牌站,徐匯中學站,2,22.95,1,2.0,21.566666666666666,0,1.0
石牌站,新莊站,2,29.4,1,2.0,21.566666666666666,0,1.0
石牌站,菜寮站,2,20.6,1,2.0,21.566666666666666,0,1.0
石牌站,蘆洲站,2,27.166666666666668,1,2.0,21.566666666666666,0,1.0
石牌站,輔大站,2,32.1,1,2.0,21.566666666666666,0,1.0
石牌站,迴龍站,2,37.61666666666667,1,2.0,21.566666666666666,0,1.0
石牌站,頭前庄站,2,27.416666666666668,1,2.0,21.566666666666666,0,1.0
竹圍站,三和國中站,2,36.93333333333333,1,2.0,21.566666666666666,0,1.0
竹圍站,三民高中站,2,40.666666666666664,1,2.0,21.566666666666666,0,1.0
竹圍站,三重國小站,2,34.733333333333334,1,2.0,21.566666666666666,0,1.0
竹圍站,三重站,2,38.18333333333333,1,2.0,21.566666666666666,0,1.0
竹圍站,丹鳳站,2,50.166666666666664,1,2.0,21.566666666666666,0,1.0
竹圍站,先嗇宮站,2,40.96666666666667,1,2.0,21.566666666666666,0,1.0
竹圍站,台北橋站,2,34.333333333333336,1,2.0,21.566666666666666,0,1.0
竹圍站,大橋頭站,2,31.783333333333335,1,2.0,21.566666666666666,0,1.0
竹圍站,徐匯中學站,2,38.71666666666667,1,2.0,21.566666666666666,0,1.0
竹圍站,新莊站,2,45.166666666666664,1,2.0,21.566666666666666,0,1.0
竹圍站,菜寮站,2,36.36666666666667,1,2.0,21.566666666666666,0,1.0
竹圍站,蘆洲站,2,42.93333333333333,1,2.0,21.566666666666666,0,1.0
竹圍站,輔大站,2,47.86666666666667,1,2.0,21.566666666666666,0,1.0
竹圍站,迴龍站,2,53.38333333333333,1,2.0,21.566666666666666,0,1.0
竹圍站,頭前庄站,2,43.18333333333333,1,2.0,21.566666666666666,0,1.0
紅樹林站,三和國中站,2,39.75,1,2.0,21.566666666666666,0,1.0
紅樹林站,三民高中站,2,43.483333333333334,1,2.0,21.566666666666666,0,1.0
紅樹林站,三重國小站,2,37.55,1,2.0,21.566666666666666,0,1.0
紅樹林站,三重站,2,41.0,1,2.0,21.566666666666666,0,1.0
紅樹林站,丹鳳站,2,52.983333333333334,1,2.0,21.566666666666666,0,1.0
紅樹林站,先嗇宮站,2,43.78333333333333,1,2.0,21.566666666666666,0,1.0
紅樹林站,台北橋站,2,37.15,1,2.0,21.566666666666666,0,1.0
紅樹林站,大橋頭站,2,34.6,1,2.0,21.566666666666666,0,1.0
紅樹林站,徐匯中學站,2,41.53333333333333,1,2.0,21.566666666666666,0,1.0
紅樹林站,新莊站,2,47.983333333333334,1,2.0,21.566666666666666,0,1.0
紅樹林站,菜寮站,2,39.18333333333333,1,2.0,21.566666666666666,0,1.0
紅樹林站,蘆洲站,2,45.75,1,2.0,21.566666666666666,0,1.0
紅樹林站,輔大站,2,50.68333333333333,1,2.0,21.566666666666666,0,1.0
紅樹林站,迴龍站,2,56.2,1,2.0,21.566666666666666,0,1.0
紅樹林站,頭前庄站,2,46.0,1,2.0,21.566666666666666,0,1.0
芝山站,三和國中站,2,17.9,1,2.0,21.566666666666666,0,1.0
芝山站,三民高中站,2,21.633333333333333,1,2.0,21.566666666666666,0,1.0
芝山站,三重國小站,2,15.7,1,2.0,21.566666666666666,0,1.0
芝山站,三重站,2,19.15,1,2.0,21.566666666666666,0,1.0
芝山站,丹鳳站,2,31.133333333333333,1,2.0,21.566666666666666,0,1.0
芝山站,先嗇宮站,2,21.933333333333334,1,2.0,21.566666666666666,0,1.0
芝山站,台北橋站,2,15.3,1,2.0,21.566666666666666,0,1.0
芝山站,大橋頭站,2,12.75,1,2.0,21.566666666666666,0,1.0
芝山站,徐匯中學站,2,19.683333333333334,1,2.0,21.566666666666666,0,1.0
芝山站,新莊站,2,26.133333333333333,1,2.0,21.566666666666666,0,1.0
芝山站,菜寮站,2,17.333333333333332,1,2.0,21.566666666666666,0,1.0
芝山站,蘆洲站,2,23.9,1,2.0,21.566666666666666,0,1.0
芝山站,輔大站,2,28.833333333333332,1,2.0,21.566666666666666,0,1.0
芝山站,迴龍站,2,34.35,1,2.0,21.566666666666666,0,1.0
芝山站,頭前庄站,2,24.15,1,2.0,21.566666666666666,0,1.0
菜寮站,劍潭站,2,13.133333333333333,1,2.0,21.566666666666666,0,1.0
菜寮站,北投站,2,26.483333333333334,1,2.0,21.566666666666666,0,1.0
菜寮站,唭哩岸站,2,22.816666666666666,1,2.0,21.566666666666666,0,1.0
菜寮站,圓山站,2,10.783333333333333,1,2.0,21.566666666666666,0,1.0
菜寮站,士林站,2,15.266666666666667,1,2.0,21.566666666666666,0,1.0
菜寮站,奇岩站,2,24.516666666666666,1,2.0,21.566666666666666,0,1.0
菜寮站,復興崗站,2,29.183333333333334,1,2.0,21.566666666666666,0,1.0
菜寮站,忠義站,2,31.583333333333332,1,2.0,21.566666666666666,0,1.0
菜寮站,新北投站,2,32.1,2,5.0,21.566666666666666,0,1.0
菜寮站,明德站,2,19.05,1,2.0,21.566666666666666,0,1.0
菜寮站,淡水站,2,42.5,1,2.0,21.566666666666666,0,1.0
菜寮站,石牌站,2,20.55,1,2.0,21.566666666666666,0,1.0
菜寮站,竹圍站,2,36.31666666666667,1,2.0,21.566666666666666,0,1.0
菜寮站,紅樹林站,2,39.13333333333333,1,2.0,21.566666666666666,0,1.0
菜寮站,芝山站,2,17.283333333333335,1,2.0,21.566666666666666,0,1.0
菜寮站,關渡站,2,33.36666666666667,1,2.0,21.566666666666666,0,1.0
蘆洲站,劍潭站,2,19.7,1,2.0,21.566666666666666,0,1.0
蘆洲站,北投站,2,33.05,1,2.0,21.566666666666666,0,1.0
蘆洲站,唭哩岸站,2,29.383333333333333,1,2.0,21.566666666666666,0,1.0
蘆洲站,圓山站,2,17.35,1,2.0,21.566666666666666,0,1.0
蘆洲站,士林站,2,21.833333333333332,1,2.0,21.566666666666666,0,1.0
蘆洲站,奇岩站,2,31.083333333333332,1,2.0,21.566666666666666,0,1.0
蘆洲站,復興崗站,2,35.75,1,2.0,21.566666666666666,0,1.0
蘆洲站,忠義站,2,38.15,1,2.0,21.566666666666666,0,1.0
蘆洲站,新北投站,2,38.666666666666664,2,5.0,21.566666666666666,0,1.0
蘆洲站,明德站,2,25.616666666666667,1,2.0,21.566666666666666,0,1.0
蘆洲站,淡水站,2,49.06666666666667,1,2.0,21.566666666666666,0,1.0
蘆洲站,石牌站,2,27.116666666666667,1,2.0,21.566666666666666,0,1.0
蘆洲站,竹圍站,2,42.88333333333333,1,2.0,21.566666666666666,0,1.0
蘆洲站,紅樹林站,2,45.7,1,2.0,21.566666666666666,0,1.0
蘆洲站,芝山站,2,23.85,1,2.0,21.566666666666666,0,1.0
蘆洲站,關渡站,2,39.93333333333333,1,2.0,21.566666666666666,0,1.0
輔大站,劍潭站,2,24.633333333333333,1,2.0,21.566666666666666,0,1.0
輔大站,北投站,2,37.983333333333334,1,2.0,21.566666666666666,0,1.0
輔大站,唭哩岸站,2,34.31666666666667,1,2.0,21.566666666666666,0,1.0
輔大站,圓山站,2,22.283333333333335,1,2.0,21.566666666666666,0,1.0
輔大站,士林站,2,26.766666666666666,1,2.0,21.566666666666666,0,1.0
輔大站,奇岩站,2,36.016666666666666,1,2.0,21.566666666666666,0,1.0
輔大站,復興崗站,2,40.68333333333333,1,2.0,21.566666666666666,0,1.0
輔大站,忠義站,2,43.083333333333336,1,2.0,21.566666666666666,0,1.0
輔大站,新北投站,2,43.6,2,5.0,21.566666666666666,0,1.0
輔大站,明德站,2,30.55,1,2.0,21.566666666666666,0,1.0
輔大站,淡水站,2,54.0,1,2.0,21.566666666666666,0,1.0
輔大站,石牌站,2,32.05,1,2.0,21.566666666666666,0,1.0
輔大站,竹圍站,2,47.81666666666667,1,2.0,21.566666666666666,0,1.0
輔大站,紅樹林站,2,50.63333333333333,1,2.0,21.566666666666666,0,1.0
輔大站,芝山站,2,28.783333333333335,1,2.0,21.566666666666666,0,1.0
輔大站,關渡站,2,44.86666666666667,1,2.0,21.566666666666666,0,1.0
迴龍站,劍潭站,2,30.15,1,2.0,21.566666666666666,0,1.0
迴龍站,北投站,2,43.5,1,2.0,21.566666666666666,0,1.0
迴龍站,唭哩岸站,2,39.833333333333336,1,2.0,21.566666666666666,0,1.0
迴龍站,圓山站,2,27.8,1,2.0,21.566666666666666,0,1.0
迴龍站,士林站,2,32.28333333333333,1,2.0,21.566666666666666,0,1.0
迴龍站,奇岩站,2,41.53333333333333,1,2.0,21.566666666666666,0,1.0
迴龍站,復興崗站,2,46.2,1,2.0,21.566666666666666,0,1.0
迴龍站,忠義站,2,48.6,1,2.0,21.566666666666666,0,1.0
迴龍站,新北投站,2,49.11666666666667,2,5.0,21.566666666666666,0,1.0
迴龍站,明德站,2,36.06666666666667,1,2.0,21.566666666666666,0,1.0
迴龍站,淡水站,2,59.516666666666666,1,2.0,21.566666666666666,0,1.0
迴龍站,石牌站,2,37.56666666666667,1,2.0,21.566666666666666,0,1.0
迴龍站,竹圍站,2,53.333333333333336,1,2.0,21.566666666666666,0,1.0
迴龍站,紅樹林站,2,56.15,1,2.0,21.566666666666666,0,1.0
迴龍站,芝山站,2,34.3,1,2.0,21.566666666666666,0,1.0
迴龍站,關渡站,2,50.38333333333333,1,2.0,21.566666666666666,0,1.0
關渡站,三和國中站,2,33.983333333333334,1,2.0,21.566666666666666,0,1.0
關渡站,三民高中站,2,37.71666666666667,1,2.0,21.566666666666666,0,1.0
關渡站,三重國小站,2,31.783333333333335,1,2.0,21.566666666666666,0,1.0
關渡站,三重站,2,35.233333333333334,1,2.0,21.566666666666666,0,1.0
關渡站,丹鳳站,2,47.21666666666667,1,2.0,21.566666666666666,0,1.0
關渡站,先嗇宮站,2,38.016666666666666,1,2.0,21.566666666666666,0,1.0
關渡站,台北橋站,2,31.383333333333333,1,2.0,21.566666666666666,0,1.0
關渡站,大橋頭站,2,28.833333333333332,1,2.0,21.566666666666666,0,1.0
關渡站,徐匯中學站,2,35.766666666666666,1,2.0,21.566666666666666,0,1.0
關渡站,新莊站,2,42.21666666666667,1,2.0,21.566666666666666,0,1.0
關渡站,菜寮站,2,33.416666666666664,1,2.0,21.566666666666666,0,1.0
關渡站,蘆洲站,2,39.983333333333334,1,2.0,21.566666666666666,0,1.0
關渡站,輔大站,2,44.916666666666664,1,2.0,21.566666666666666,0,1.0
關渡站,迴龍站,2,50.43333333333333,1,2.0,21.566666666666666,0,1.0
關渡站,頭前庄站,2,40.233333333333334,1,2.0,21.566666666666666,0,1.0
頭前庄站,劍潭站,2,19.95,1,2.0,21.566666666666666,0,1.0
頭前庄站,北投站,2,33.3,1,2.0,21.566666666666666,0,1.0
頭前庄站,唭哩岸站,2,29.633333333333333,1,2.0,21.566666666666666,0,1.0
頭前庄站,圓山站,2,17.6,1,2.0,21.566666666666666,0,1.0
頭前庄站,士林站,2,22.083333333333332,1,2.0,21.566666666666666,0,1.0
頭前庄站,奇岩站,2,31.333333333333332,1,2.0,21.566666666666666,0,1.0
頭前庄站,復興崗站,2,36.0,1,2.0,21.566666666666666,0,1.0
頭前庄站,忠義站,2,38.4,1,2.0,21.566666666666666,0,1.0
頭前庄站,新北投站,2,38.916666666666664,2,5.0,21.566666666666666,0,1.0
頭前庄站,明德站,2,25.866666666666667,1,2.0,21.566666666666666,0,1.0
頭前庄站,淡水站,2,49.31666666666667,1,2.0,21.566666666666666,0,1.0
頭前庄站,石牌站,2,27.366666666666667,1,2.0,21.566666666666666,0,1.0
頭前庄站,竹圍站,2,43.13333333333333,1,2.0,21.566666666666666,0,1.0
頭前庄站,紅樹林站,2,45.95,1,2.0,21.566666666666666,0,1.0
頭前庄站,芝山站,2,24.1,1,2.0,21.566666666666666,0,1.0
頭前庄站,關渡站,2,40.18333333333333,1,2.0,21.566666666666666,0,1.0
南勢角站,景平站,2,9.6,1,5.0,21.35,1,1.0
永安市場站,中原站,2,15.083333333333334,1,5.0,21.2,1,1.0
永安市場站,中和站,2,11.316666666666666,1,5.0,21.2,1,1.0
永安市場站,幸福站,2,29.133333333333333,1,5.0,21.2,1,1.0
永安市場站,新北產業園區站,2,31.766666666666666,1,5.0,21.2,1,1.0
永安市場站,新埔民生站,2,24.166666666666668,1,5.0,21.2,1,1.0
永安市場站,板新站,2,17.35,1,5.0,21.2,1,1.0
永安市場站,橋和站,2,13.466666666666667,1,5.0,21.2,1,1.0
橋和站,台北橋站,2,27.933333333333334,1,5.0,20.383333333333333,1,1.0
中和站,菜寮站,2,28.05,1,5.0,20.15,1,1.0
台北橋站,橋和站,2,28.1,1,5.0,19.766666666666666,1,1.0
菜寮站,中和站,2,28.216666666666665,1,5.0,19.533333333333335,1,1.0
秀朗橋站,丹鳳站,2,35.583333333333336,1,5.0,19.083333333333332,1,1.0
秀朗橋站,新莊站,2,30.583333333333332,1,5.0,19.083333333333332,1,1.0
秀朗橋站,輔大站,2,33.28333333333333,1,5.0,19.083333333333332,1,1.0
秀朗橋站,迴龍站,2,38.8,1,5.0,19.083333333333332,1,1.0
三和國中站,雙連站,2,10.85,1,2.0,18.566666666666666,0,1.0
三民高中站,雙連站,2,14.583333333333334,1,2.0,18.566666666666666,0,1.0
三重國小站,雙連站,2,8.65,1,2.0,18.566666666666666,0,1.0
三重站,雙連站,2,12.1,1,2.0,18.566666666666666,0,1.0
丹鳳站,雙連站,2,24.083333333333332,1,2.0,18.566666666666666,0,1.0
先嗇宮站,雙連站,2,14.883333333333333,1,2.0,18.566666666666666,0,1.0
台北橋站,雙連站,2,8.25,1,2.0,18.566666666666666,0,1.0
大橋頭站,雙連站,2,5.7,1,2.0,18.566666666666666,0,1.0
徐匯中學站,雙連站,2,12.633333333333333,1,2.0,18.566666666666666,0,1.0
新莊站,雙連站,2,19.083333333333332,1,2.0,18.566666666666666,0,1.0
菜寮站,雙連站,2,10.283333333333333,1,2.0,18.566666666666666,0,1.0
蘆洲站,雙連站,2,16.85,1,2.0,18.566666666666666,0,1.0
輔大站,雙連站,2,21.783333333333335,1,2.0,18.566666666666666,0,1.0
迴龍站,雙連站,2,27.3,1,2.0,18.566666666666666,0,1.0
雙連站,三和國中站,2,10.9,1,2.0,18.566666666666666,0,1.0
雙連站,三民高中站,2,14.633333333333333,1,2.0,18.566666666666666,0,1.0
雙連站,三重國小站,2,8.7,1,2.0,18.566666666666666,0,1.0
雙連站,三重站,2,12.15,1,2.0,18.566666666666666,0,1.0
雙連站,丹鳳站,2,24.133333333333333,1,2.0,18.566666666666666,0,1.0
雙連站,先嗇宮站,2,14.933333333333334,1,2.0,18.566666666666666,0,1.0
雙連站,台北橋站,2,8.3,1,2.0,18.566666666666666,0,1.0
雙連站,大橋頭站,2,5.75,1,2.0,18.566666666666666,0,1.0
雙連站,徐匯中學站,2,12.683333333333334,1,2.0,18.566666666666666,0,1.0
雙連站,新莊站,2,19.133333333333333,1,2.0,18.566666666666666,0,1.0
雙連站,菜寮站,2,10.333333333333334,1,2.0,18.566666666666666,0,1.0
雙連站,蘆洲站,2,16.9,1,2.0,18.566666666666666,0,1.0
雙連站,輔大站,2,21.833333333333332,1,2.0,18.566666666666666,0,1.0
雙連站,迴龍站,2,27.35,1,2.0,18.566666666666666,0,1.0
雙連站,頭前庄站,2,17.15,1,2.0,18.566666666666666,0,1.0
頭前庄站,雙連站,2,17.1,1,2.0,18.566666666666666,0,1.0
中原站,大橋頭站,2,28.85,1,5.0,18.533333333333335,1,1.0
秀朗橋站,南勢角站,2,11.216666666666667,1,5.0,18.483333333333334,1,1.0
丹鳳站,秀朗橋站,2,35.75,1,5.0,18.466666666666665,1,1.0
新莊站,秀朗橋站,2,30.75,1,5.0,18.466666666666665,1,1.0
輔大站,秀朗橋站,2,33.45,1,5.0,18.466666666666665,1,1.0
迴龍站,秀朗橋站,2,38.96666666666667,1,5.0,18.466666666666665,1,1.0
台北車站,十四張站,2,22.866666666666667,1,5.0,18.433333333333334,1,4.0
十四張站,台北車站,2,23.183333333333334,1,5.0,18.166666666666668,1,4.0
中山國小站,劍潭站,2,8.55,1,2.0,18.116666666666667,0,1.0
中山國小站,北投站,2,21.9,1,2.0,18.116666666666667,0,1.0
中山國小站,唭哩岸站,2,18.233333333333334,1,2.0,18.116666666666667,0,1.0
中山國小站,圓山站,2,6.2,1,2.0,18.116666666666667,0,1.0
中山國小站,士林站,2,10.683333333333334,1,2.0,18.116666666666667,0,1.0
中山國小站,奇岩站,2,19.933333333333334,1,2.0,18.116666666666667,0,1.0
中山國小站,復興崗站,2,24.6,1,2.0,18.116666666666667,0,1.0
中山國小站,忠義站,2,27.0,1,2.0,18.116666666666667,0,1.0
中山國小站,新北投站,2,27.516666666666666,2,5.0,18.116666666666667,0,1.0
中山國小站,明德站,2,14.466666666666667,1,2.0,18.116666666666667,0,1.0
中山國小站,淡水站,2,37.916666666666664,1,2.0,18.116666666666667,0,1.0
中山國小站,石牌站,2,15.966666666666667,1,2.0,18.116666666666667,0,1.0
中山國小站,竹圍站,2,31.733333333333334,1,2.0,18.116666666666667,0,1.0
中山國小站,紅樹林站,2,34.55,1,2.0,18.116666666666667,0,1.0
中山國小站,芝山站,2,12.7,1,2.0,18.116666666666667,0,1.0
中山國小站,關渡站,2,28.783333333333335,1,2.0,18.116666666666667,0,1.0
劍潭站,中山國小站,2,8.6,1,2.0,18.116666666666667,0,1.0
北投站,中山國小站,2,21.95,1,2.0,18.116666666666667,0,1.0
唭哩岸站,中山國小站,2,18.283333333333335,1,2.0,18.116666666666667,0,1.0
圓山站,中山國小站,2,6.25,1,2.0,18.116666666666667,0,1.0
士林站,中山國小站,2,10.733333333333333,1,2.0,18.116666666666667,0,1.0
奇岩站,中山國小站,2,19.983333333333334,1,2.0,18.116666666666667,0,1.0
復興崗站,中山國小站,2,24.65,1,2.0,18.116666666666667,0,1.0
忠義站,中山國小站,2,27.05,1,2.0,18.116666666666667,0,1.0
新北投站,中山國小站,2,28.016666666666666,2,5.0,18.116666666666667,0,1.0
明德站,中山國小站,2,14.516666666666667,1,2.0,18.116666666666667,0,1.0
淡水站,中山國小站,2,37.96666666666667,1,2.0,18.116666666666667,0,1.0
石牌站,中山國小站,2,16.016666666666666,1,2.0,18.116666666666667,0,1.0
竹圍站,中山國小站,2,31.783333333333335,1,2.0,18.116666666666667,0,1.0
紅樹林站,中山國小站,2,34.6,1,2.0,18.116666666666667,0,1.0
芝山站,中山國小站,2,12.75,1,2.0,18.116666666666667,0,1.0
關渡站,中山國小站,2,28.833333333333332,1,2.0,18.116666666666667,0,1.0
景平站,先嗇宮站,2,29.083333333333332,1,5.0,18.083333333333332,1,1.0
景平站,永安市場站,2,9.366666666666667,1,5.0,17.966666666666665,1,1.0
南勢角站,秀朗橋站,2,11.333333333333334,1,5.0,17.916666666666668,1,1.0
大橋頭站,中原站,2,29.016666666666666,1,5.0,17.916666666666668,1,1.0
幸福站,東門站,2,31.35,1,5.0,17.583333333333332,1,1.0
新北產業園區站,東門站,2,33.983333333333334,1,5.0,17.583333333333332,1,1.0
先嗇宮站,景平站,2,29.25,1,5.0,17.466666666666665,1,1.0
永安市場站,景平站,2,9.483333333333333,1,5.0,17.4,1,1.0
中原站,頂溪站,2,17.166666666666668,1,5.0,17.366666666666667,1,1.0
中和站,頂溪站,2,13.4,1,5.0,17.366666666666667,1,1.0
幸福站,頂溪站,2,31.216666666666665,1,5.0,17.366666666666667,1,1.0
新北產業園區站,頂溪站,2,33.85,1,5.0,17.366666666666667,1,1.0
新埔民生站,頂溪站,2,26.25,1,5.0,17.366666666666667,1,1.0
板新站,頂溪站,2,19.433333333333334,1,5.0,17.366666666666667,1,1.0
橋和站,頂溪站,2,15.55,1,5.0,17.366666666666667,1,1.0
東門站,幸福站,2,31.516666666666666,1,5.0,16.966666666666665,1,1.0
東門站,新北產業園區站,2,34.15,1,5.0,16.966666666666665,1,1.0
頂溪站,中原站,2,17.283333333333335,1,5.0,16.8,1,1.0
頂溪站,中和站,2,13.516666666666667,1,5.0,16.8,1,1.0
頂溪站,幸福站,2,31.333333333333332,1,5.0,16.8,1,1.0
頂溪站,新北產業園區站,2,33.96666666666667,1,5.0,16.8,1,1.0
頂溪站,新埔民生站,2,26.366666666666667,1,5.0,16.8,1,1.0
頂溪站,板新站,2,19.55,1,5.0,16.8,1,1.0
頂溪站,橋和站,2,15.666666666666666,1,5.0,16.8,1,1.0
板橋站,三重站,2,16.983333333333334,1,2.0,16.766666666666666,0,4.0
三重站,板橋站,2,17.15,1,2.0,16.633333333333333,0,4.0
板新站,中山國小站,2,29.966666666666665,1,5.0,16.233333333333334,1,1.0
中和站,台北橋站,2,30.083333333333332,1,5.0,16.083333333333332,1,1.0
善導寺站,十四張站,2,27.183333333333334,1,5.0,15.916666666666666,1,4.0
中山國小站,板新站,2,30.133333333333333,1,5.0,15.616666666666667,1,1.0
十四張站,善導寺站,2,27.65,1,5.0,15.5,1,4.0
台北橋站,中和站,2,30.25,1,5.0,15.466666666666667,1,1.0
民權西路站,南港軟體園區站,2,33.28333333333333,1,5.0,15.416666666666666,1,2.0
南港軟體園區站,民權西路站,2,33.25,1,5.0,15.366666666666667,1,2.0
板新站,民權西路站,2,28.216666666666665,1,5.0,15.316666666666666,1,1.0
橋和站,大橋頭站,2,30.466666666666665,1,5.0,15.3,1,1.0
中山國小站,雙連站,2,5.7,1,2.0,15.116666666666667,0,1.0
雙連站,中山國小站,2,5.75,1,2.0,15.116666666666667,0,1.0
民權西路站,板新站,2,28.383333333333333,1,5.0,14.833333333333334,1,1.0
大橋頭站,橋和站,2,30.633333333333333,1,5.0,14.683333333333334,1,1.0
秀朗橋站,先嗇宮站,2,30.816666666666666,1,5.0,14.65,1,1.0
十四張站,丹鳳站,2,37.81666666666667,1,5.0,14.616666666666667,1,1.0
十四張站,新莊站,2,32.81666666666667,1,5.0,14.616666666666667,1,1.0
十四張站,輔大站,2,35.516666666666666,1,5.0,14.616666666666667,1,1.0
十四張站,迴龍站,2,41.03333333333333,1,5.0,14.616666666666667,1,1.0
秀朗橋站,永安市場站,2,11.1,1,5.0,14.533333333333333,1,1.0
先嗇宮站,秀朗橋站,2,30.983333333333334,1,5.0,14.033333333333333,1,1.0
十四張站,南勢角站,2,13.45,1,5.0,14.016666666666667,1,1.0
丹鳳站,十四張站,2,37.983333333333334,1,5.0,14.0,1,1.0
新莊站,十四張站,2,32.983333333333334,1,5.0,14.0,1,1.0
輔大站,十四張站,2,35.68333333333333,1,5.0,14.0,1,1.0
迴龍站,十四張站,2,41.2,1,5.0,14.0,1,1.0
台北車站,秀朗橋站,2,25.1,1,5.0,13.966666666666667,1,4.0
永安市場站,秀朗橋站,2,11.216666666666667,1,5.0,13.966666666666667,1,1.0
劍潭站,行天宮站,2,10.7,1,2.0,13.916666666666666,0,1.0
北投站,行天宮站,2,24.05,1,2.0,13.916666666666666,0,1.0
唭哩岸站,行天宮站,2,20.383333333333333,1,2.0,13.916666666666666,0,1.0
圓山站,行天宮站,2,8.35,1,2.0,13.916666666666666,0,1.0
士林站,行天宮站,2,12.833333333333334,1,2.0,13.916666666666666,0,1.0
奇岩站,行天宮站,2,22.083333333333332,1,2.0,13.916666666666666,0,1.0
復興崗站,行天宮站,2,26.75,1,2.0,13.916666666666666,0,1.0
忠義站,行天宮站,2,29.15,1,2.0,13.916666666666666,0,1.0
新北投站,行天宮站,2,30.116666666666667,2,5.0,13.916666666666666,0,1.0
明德站,行天宮站,2,16.616666666666667,1,2.0,13.916666666666666,0,1.0
淡水站,行天宮站,2,40.06666666666667,1,2.0,13.916666666666666,0,1.0
石牌站,行天宮站,2,18.116666666666667,1,2.0,13.916666666666666,0,1.0
竹圍站,行天宮站,2,33.88333333333333,1,2.0,13.916666666666666,0,1.0
紅樹林站,行天宮站,2,36.7,1,2.0,13.916666666666666,0,1.0
芝山站,行天宮站,2,14.85,1,2.0,13.916666666666666,0,1.0
行天宮站,劍潭站,2,10.65,1,2.0,13.916666666666666,0,1.0
行天宮站,北投站,2,24.0,1,2.0,13.916666666666666,0,1.0
行天宮站,唭哩岸站,2,20.333333333333332,1,2.0,13.916666666666666,0,1.0
行天宮站,圓山站,2,8.3,1,2.0,13.916666666666666,0,1.0
行天宮站,士林站,2,12.783333333333333,1,2.0,13.916666666666666,0,1.0
行天宮站,奇岩站,2,22.033333333333335,1,2.0,13.916666666666666,0,1.0
行天宮站,復興崗站,2,26.7,1,2.0,13.916666666666666,0,1.0
行天宮站,忠義站,2,29.1,1,2.0,13.916666666666666,0,1.0
行天宮站,新北投站,2,29.616666666666667,2,5.0,13.916666666666666,0,1.0
行天宮站,明德站,2,16.566666666666666,1,2.0,13.916666666666666,0,1.0
行天宮站,淡水站,2,40.016666666666666,1,2.0,13.916666666666666,0,1.0
行天宮站,石牌站,2,18.066666666666666,1,2.0,13.916666666666666,0,1.0
行天宮站,竹圍站,2,33.833333333333336,1,2.0,13.916666666666666,0,1.0
行天宮站,紅樹林站,2,36.65,1,2.0,13.916666666666666,0,1.0
行天宮站,芝山站,2,14.8,1,2.0,13.916666666666666,0,1.0
行天宮站,關渡站,2,30.883333333333333,1,2.0,13.916666666666666,0,1.0
關渡站,行天宮站,2,30.933333333333334,1,2.0,13.916666666666666,0,1.0
秀朗橋站,台北車站,2,25.416666666666668,1,5.0,13.7,1,4.0
景平站,頂溪站,2,11.566666666666666,1,5.0,13.566666666666666,1,1.0
南勢角站,十四張站,2,13.566666666666666,1,5.0,13.45,1,1.0
板橋站,菜寮站,2,18.8,1,2.0,13.133333333333333,0,4.0
菜寮站,板橋站,2,18.966666666666665,1,2.0,13.0,0,4.0
頂溪站,景平站,2,11.683333333333334,1,5.0,13.0,1,1.0
景平站,三重站,2,31.866666666666667,1,5.0,12.516666666666667,1,1.0
劍潭站,南京三民站,2,18.45,1,2.0,12.5,0,1.0
劍潭站,南京復興站,2,14.35,1,2.0,12.5,0,1.0
劍潭站,台北小巨蛋站,2,16.3,1,2.0,12.5,0,1.0
劍潭站,松山站,2,21.2,1,2.0,12.5,0,1.0
北投站,南京三民站,2,31.8,1,2.0,12.5,0,1.0
北投站,南京復興站,2,27.7,1,2.0,12.5,0,1.0
北投站,台北小巨蛋站,2,29.65,1,2.0,12.5,0,1.0
北投站,松山站,2,34.55,1,2.0,12.5,0,1.0
唭哩岸站,南京三民站,2,28.133333333333333,1,2.0,12.5,0,1.0
唭哩岸站,南京復興站,2,24.033333333333335,1,2.0,12.5,0,1.0
唭哩岸站,台北小巨蛋站,2,25.983333333333334,1,2.0,12.5,0,1.0
唭哩岸站,松山站,2,30.883333333333333,1,2.0,12.5,0,1.0
圓山站,南京三民站,2,16.1,1,2.0,12.5,0,1.0
圓山站,南京復興站,2,12.0,1,2.0,12.5,0,1.0
圓山站,台北小巨蛋站,2,13.95,1,2.0,12.5,0,1.0
圓山站,松山站,2,18.85,1,2.0,12.5,0,1.0
士林站,南京三民站,2,20.583333333333332,1,2.0,12.5,0,1.0
士林站,南京復興站,2,16.483333333333334,1,2.0,12.5,0,1.0
士林站,台北小巨蛋站,2,18.433333333333334,1,2.0,12.5,0,1.0
士林站,松山站,2,23.333333333333332,1,2.0,12.5,0,1.0
奇岩站,南京三民站,2,29.833333333333332,1,2.0,12.5,0,1.0
奇岩站,南京復興站,2,25.733333333333334,1,2.0,12.5,0,1.0
奇岩站,台北小巨蛋站,2,27.683333333333334,1,2.0,12.5,0,1.0
奇岩站,松山站,2,32.583333333333336,1,2.0,12.5,0,1.0
復興崗站,南京三民站,2,34.5,1,2.0,12.5,0,1.0
復興崗站,南京復興站,2,30.4,1,2.0,12.5,0,1.0
復興崗站,台北小巨蛋站,2,32.35,1,2.0,12.5,0,1.0
復興崗站,松山站,2,37.25,1,2.0,12.5,0,1.0
忠義站,南京三民站,2,36.9,1,2.0,12.5,0,1.0
忠義站,南京復興站,2,32.8,1,2.0,12.5,0,1.0
忠義站,台北小巨蛋站,2,34.75,1,2.0,12.5,0,1.0
忠義站,松山站,2,39.65,1,2.0,12.5,0,1.0
新北投站,南京三民站,2,37.86666666666667,2,5.0,12.5,0,1.0
新北投站,南京復興站,2,33.766666666666666,2,5.0,12.5,0,1.0
新北投站,台北小巨蛋站,2,35.71666666666667,2,5.0,12.5,0,1.0
新北投站,松山站,2,40.61666666666667,2,5.0,12.5,0,1.0
明德站,南京三民站,2,24.366666666666667,1,2.0,12.5,0,1.0
明德站,南京復興站,2,20.266666666666666,1,2.0,12.5,0,1.0
明德站,台北小巨蛋站,2,22.216666666666665,1,2.0,12.5,0,1.0
明德站,松山站,2,27.116666666666667,1,2.0,12.5,0,1.0
淡水站,南京三民站,2,47.81666666666667,1,2.0,12.5,0,1.0
淡水站,南京復興站,2,43.71666666666667,1,2.0,12.5,0,1.0
淡水站,台北小巨蛋站,2,45.666666666666664,1,2.0,12.5,0,1.0
淡水站,松山站,2,50.56666666666667,1,2.0,12.5,0,1.0
石牌站,南京三民站,2,25.866666666666667,1,2.0,12.5,0,1.0
石牌站,南京復興站,2,21.766666666666666,1,2.0,12.5,0,1.0
石牌站,台北小巨蛋站,2,23.716666666666665,1,2.0,12.5,0,1.0
石牌站,松山站,2,28.616666666666667,1,2.0,12.5,0,1.0
竹圍站,南京三民站,2,41.63333333333333,1,2.0,12.5,0,1.0
竹圍站,南京復興站,2,37.53333333333333,1,2.0,12.5,0,1.0
竹圍站,台北小巨蛋站,2,39.483333333333334,1,2.0,12.5,0,1.0
竹圍站,松山站,2,44.38333333333333,1,2.0,12.5,0,1.0
紅樹林站,南京三民站,2,44.45,1,2.0,12.5,0,1.0
紅樹林站,南京復興站,2,40.35,1,2.0,12.5,0,1.0
紅樹林站,台北小巨蛋站,2,42.3,1,2.0,12.5,0,1.0
紅樹林站,松山站,2,47.2,1,2.0,12.5,0,1.0
芝山站,南京三民站,2,22.6,1,2.0,12.5,0,1.0
芝山站,南京復興站,2,18.5,1,2.0,12.5,0,1.0
芝山站,台北小巨蛋站,2,20.45,1,2.0,12.5,0,1.0
芝山站,松山站,2,25.35,1,2.0,12.5,0,1.0
關渡站,南京三民站,2,38.68333333333333,1,2.0,12.5,0,1.0
關渡站,南京復興站,2,34.583333333333336,1,2.0,12.5,0,1.0
關渡站,台北小巨蛋站,2,36.53333333333333,1,2.0,12.5,0,1.0
關渡站,松山站,2,41.43333333333333,1,2.0,12.5,0,1.0
雙連站,南京三民站,2,12.6,1,2.0,12.5,0,1.0
雙連站,南京復興站,2,8.5,1,2.0,12.5,0,1.0
雙連站,台北小巨蛋站,2,10.45,1,2.0,12.5,0,1.0
雙連站,松山站,2,15.35,1,2.0,12.5,0,1.0
南京三民站,劍潭站,2,18.366666666666667,1,2.0,12.45,0,1.0
南京三民站,北投站,2,31.716666666666665,1,2.0,12.45,0,1.0
南京三民站,唭哩岸站,2,28.05,1,2.0,12.45,0,1.0
南京三民站,圓山站,2,16.016666666666666,1,2.0,12.45,0,1.0
南京三民站,士林站,2,20.5,1,2.0,12.45,0,1.0
南京三民站,奇岩站,2,29.75,1,2.0,12.45,0,1.0
南京三民站,復興崗站,2,34.416666666666664,1,2.0,12.45,0,1.0
南京三民站,忠義站,2,36.81666666666667,1,2.0,12.45,0,1.0
南京三民站,新北投站,2,37.333333333333336,2,5.0,12.45,0,1.0
南京三民站,明德站,2,24.283333333333335,1,2.0,12.45,0,1.0
南京三民站,淡水站,2,47.733333333333334,1,2.0,12.45,0,1.0
南京三民站,石牌站,2,25.783333333333335,1,2.0,12.45,0,1.0
南京三民站,竹圍站,2,41.55,1,2.0,12.45,0,1.0
南京三民站,紅樹林站,2,44.36666666666667,1,2.0,12.45,0,1.0
南京三民站,芝山站,2,22.516666666666666,1,2.0,12.45,0,1.0
南京三民站,關渡站,2,38.6,1,2.0,12.45,0,1.0
南京三民站,雙連站,2,12.516666666666667,1,2.0,12.45,0,1.0
南京復興站,劍潭站,2,14.266666666666667,1,2.0,12.45,0,1.0
南京復興站,北投站,2,27.616666666666667,1,2.0,12.45,0,1.0
南京復興站,唭哩岸站,2,23.95,1,2.0,12.45,0,1.0
南京復興站,圓山站,2,11.916666666666666,1,2.0,12.45,0,1.0
南京復興站,士林站,2,16.4,1,2.0,12.45,0,1.0
南京復興站,奇岩站,2,25.65,1,2.0,12.45,0,1.0
南京復興站,復興崗站,2,30.316666666666666,1,2.0,12.45,0,1.0
南京復興站,忠義站,2,32.71666666666667,1,2.0,12.45,0,1.0
南京復興站,新北投站,2,33.233333333333334,2,5.0,12.45,0,1.0
南京復興站,明德站,2,20.183333333333334,1,2.0,12.45,0,1.0
南京復興站,淡水站,2,43.63333333333333,1,2.0,12.45,0,1.0
南京復興站,石牌站,2,21.683333333333334,1,2.0,12.45,0,1.0
南京復興站,竹圍站,2,37.45,1,2.0,12.45,0,1.0
南京復興站,紅樹林站,2,40.266666666666666,1,2.0,12.45,0,1.0
南京復興站,芝山站,2,18.416666666666668,1,2.0,12.45,0,1.0
南京復興站,關渡站,2,34.5,1,2.0,12.45,0,1.0
南京復興站,雙連站,2,8.416666666666666,1,2.0,12.45,0,1.0
台北小巨蛋站,劍潭站,2,16.216666666666665,1,2.0,12.45,0,1.0
台北小巨蛋站,北投站,2,29.566666666666666,1,2.0,12.45,0,1.0
台北小巨蛋站,唭哩岸站,2,25.9,1,2.0,12.45,0,1.0
台北小巨蛋站,圓山站,2,13.866666666666667,1,2.0,12.45,0,1.0
台北小巨蛋站,士林站,2,18.35,1,2.0,12.45,0,1.0
台北小巨蛋站,奇岩站,2,27.6,1,2.0,12.45,0,1.0
台北小巨蛋站,復興崗站,2,32.266666666666666,1,2.0,12.45,0,1.0
台北小巨蛋站,忠義站,2,34.666666666666664,1,2.0,12.45,0,1.0
台北小巨蛋站,新北投站,2,35.18333333333333,2,5.0,12.45,0,1.0
台北小巨蛋站,明德站,2,22.133333333333333,1,2.0,12.45,0,1.0
台北小巨蛋站,淡水站,2,45.583333333333336,1,2.0,12.45,0,1.0
台北小巨蛋站,石牌站,2,23.633333333333333,1,2.0,12.45,0,1.0
台北小巨蛋站,竹圍站,2,39.4,1,2.0,12.45,0,1.0
台北小巨蛋站,紅樹林站,2,42.21666666666667,1,2.0,12.45,0,1.0
台北小巨蛋站,芝山站,2,20.366666666666667,1,2.0,12.45,0,1.0
台北小巨蛋站,關渡站,2,36.45,1,2.0,12.45,0,1.0
台北小巨蛋站,雙連站,2,10.366666666666667,1,2.0,12.45,0,1.0
松山站,劍潭站,2,21.116666666666667,1,2.0,12.45,0,1.0
松山站,北投站,2,34.46666666666667,1,2.0,12.45,0,1.0
松山站,唭哩岸站,2,30.8,1,2.0,12.45,0,1.0
松山站,圓山站,2,18.766666666666666,1,2.0,12.45,0,1.0
松山站,士林站,2,23.25,1,2.0,12.45,0,1.0
松山站,奇岩站,2,32.5,1,2.0,12.45,0,1.0
松山站,復興崗站,2,37.166666666666664,1,2.0,12.45,0,1.0
松山站,忠義站,2,39.56666666666667,1,2.0,12.45,0,1.0
松山站,新北投站,2,40.083333333333336,2,5.0,12.45,0,1.0
松山站,明德站,2,27.033333333333335,1,2.0,12.45,0,1.0
松山站,淡水站,2,50.483333333333334,1,2.0,12.45,0,1.0
松山站,石牌站,2,28.533333333333335,1,2.0,12.45,0,1.0
松山站,竹圍站,2,44.3,1,2.0,12.45,0,1.0
松山站,紅樹林站,2,47.11666666666667,1,2.0,12.45,0,1.0
松山站,芝山站,2,25.266666666666666,1,2.0,12.45,0,1.0
松山站,關渡站,2,41.35,1,2.0,12.45,0,1.0
松山站,雙連站,2,15.266666666666667,1,2.0,12.45,0,1.0
板新站,行天宮站,2,32.06666666666667,1,5.0,12.033333333333333,1,1.0
三重站,景平站,2,32.03333333333333,1,5.0,11.9,1,1.0
南港軟體園區站,古亭站,2,32.233333333333334,1,5.0,11.85,1,2.0
古亭站,南港軟體園區站,2,32.266666666666666,1,5.0,11.85,1,2.0
民權西路站,東湖站,2,35.11666666666667,1,5.0,11.75,1,2.0
中原站,中山國小站,2,32.233333333333334,1,5.0,11.7,1,1.0
東湖站,民權西路站,2,35.083333333333336,1,5.0,11.7,1,2.0
行天宮站,板新站,2,32.233333333333334,1,5.0,11.416666666666666,1,1.0
龍山寺站,十四張站,2,25.216666666666665,1,5.0,11.183333333333334,1,4.0
中山國小站,中原站,2,32.4,1,5.0,11.083333333333334,1,1.0
中和站,大橋頭站,2,32.61666666666667,1,5.0,11.0,1,1.0
行天宮站,雙連站,2,7.8,1,2.0,10.916666666666666,0,1.0
雙連站,行天宮站,2,7.85,1,2.0,10.916666666666666,0,1.0
中原站,民權西路站,2,30.483333333333334,1,5.0,10.783333333333333,1,1.0
十四張站,龍山寺站,2,25.683333333333334,1,5.0,10.766666666666667,1,4.0
松江南京站,劍潭站,2,12.15,1,2.0,10.616666666666667,0,1.0
松江南京站,北投站,2,25.5,1,2.0,10.616666666666667,0,1.0
松江南京站,唭哩岸站,2,21.833333333333332,1,2.0,10.616666666666667,0,1.0
松江南京站,圓山站,2,9.8,1,2.0,10.616666666666667,0,1.0
松江南京站,士林站,2,14.283333333333333,1,2.0,10.616666666666667,0,1.0
松江南京站,奇岩站,2,23.533333333333335,1,2.0,10.616666666666667,0,1.0
松江南京站,復興崗站,2,28.2,1,2.0,10.616666666666667,0,1.0
松江南京站,忠義站,2,30.6,1,2.0,10.616666666666667,0,1.0
松江南京站,新北投站,2,31.116666666666667,2,5.0,10.616666666666667,0,1.0
松江南京站,明德站,2,18.066666666666666,1,2.0,10.616666666666667,0,1.0
松江南京站,淡水站,2,41.516666666666666,1,2.0,10.616666666666667,0,1.0
松江南京站,石牌站,2,19.566666666666666,1,2.0,10.616666666666667,0,1.0
松江南京站,竹圍站,2,35.333333333333336,1,2.0,10.616666666666667,0,1.0
松江南京站,紅樹林站,2,38.15,1,2.0,10.616666666666667,0,1.0
松江南京站,芝山站,2,16.3,1,2.0,10.616666666666667,0,1.0
松江南京站,關渡站,2,32.38333333333333,1,2.0,10.616666666666667,0,1.0
松江南京站,雙連站,2,6.3,1,2.0,10.616666666666667,0,1.0
劍潭站,松江南京站,2,12.233333333333333,1,2.0,10.583333333333334,0,1.0
北投站,松江南京站,2,25.583333333333332,1,2.0,10.583333333333334,0,1.0
唭哩岸站,松江南京站,2,21.916666666666668,1,2.0,10.583333333333334,0,1.0
圓山站,松江南京站,2,9.883333333333333,1,2.0,10.583333333333334,0,1.0
士林站,松江南京站,2,14.366666666666667,1,2.0,10.583333333333334,0,1.0
奇岩站,松江南京站,2,23.616666666666667,1,2.0,10.583333333333334,0,1.0
復興崗站,松江南京站,2,28.283333333333335,1,2.0,10.583333333333334,0,1.0
忠義站,松江南京站,2,30.683333333333334,1,2.0,10.583333333333334,0,1.0
新北投站,松江南京站,2,31.65,2,5.0,10.583333333333334,0,1.0
明德站,松江南京站,2,18.15,1,2.0,10.583333333333334,0,1.0
淡水站,松江南京站,2,41.6,1,2.0,10.583333333333334,0,1.0
石牌站,松江南京站,2,19.65,1,2.0,10.583333333333334,0,1.0
竹圍站,松江南京站,2,35.416666666666664,1,2.0,10.583333333333334,0,1.0
紅樹林站,松江南京站,2,38.233333333333334,1,2.0,10.583333333333334,0,1.0
芝山站,松江南京站,2,16.383333333333333,1,2.0,10.583333333333334,0,1.0
關渡站,松江南京站,2,32.46666666666667,1,2.0,10.583333333333334,0,1.0
雙連站,松江南京站,2,6.383333333333334,1,2.0,10.583333333333334,0,1.0
大橋頭站,中和站,2,32.78333333333333,1,5.0,10.383333333333333,1,1.0
景安站,丹鳳站,2,31.866666666666667,0,0.0,10.333333333333334,1,6.0
景安站,新莊站,2,26.866666666666667,0,0.0,10.333333333333334,1,6.0
景安站,輔大站,2,29.566666666666666,0,0.0,10.333333333333334,1,6.0
景安站,迴龍站,2,35.083333333333336,0,0.0,10.333333333333334,1,6.0
頭前庄站,南勢角站,2,26.966666666666665,0,0.0,10.333333333333334,1,6.0
民權西路站,中原站,2,30.65,1,5.0,10.3,1,1.0
南勢角站,頭前庄站,2,27.083333333333332,0,0.0,10.216666666666667,1,6.0
十四張站,先嗇宮站,2,33.05,1,5.0,10.183333333333334,1,1.0
丹鳳站,景安站,2,32.03333333333333,0,0.0,10.166666666666666,1,6.0
新莊站,景安站,2,27.033333333333335,0,0.0,10.166666666666666,1,6.0
輔大站,景安站,2,29.733333333333334,0,0.0,10.166666666666666,1,6.0
迴龍站,景安站,2,35.25,0,0.0,10.166666666666666,1,6.0
秀朗橋站,頂溪站,2,13.3,1,5.0,10.133333333333333,1,1.0
中原站,忠孝新生站,2,27.6,1,5.0,10.1,1,1.0
中原站,東門站,2,24.783333333333335,1,5.0,10.1,1,1.0
中原站,行天宮站,2,31.733333333333334,1,5.0,10.1,1,1.0
中和站,三和國中站,2,38.666666666666664,1,5.0,10.1,1,1.0
中和站,三民高中站,2,42.4,1,5.0,10.1,1,1.0
中和站,三重國小站,2,36.46666666666667,1,5.0,10.1,1,1.0
中和站,中山國小站,2,30.066666666666666,1,5.0,10.1,1,1.0
中和站,徐匯中學站,2,40.45,1,5.0,10.1,1,1.0
中和站,忠孝新生站,2,23.833333333333332,1,5.0,10.1,1,1.0
中和站,東門站,2,21.016666666666666,1,5.0,10.1,1,1.0
中和站,蘆洲站,2,44.666666666666664,1,5.0,10.1,1,1.0
中和站,行天宮站,2,27.966666666666665,1,5.0,10.1,1,1.0
板新站,東門站,2,27.05,1,5.0,10.1,1,1.0
橋和站,中山國小站,2,32.21666666666667,1,5.0,10.1,1,1.0
橋和站,忠孝新生站,2,25.983333333333334,1,5.0,10.1,1,1.0
橋和站,東門站,2,23.166666666666668,1,5.0,10.1,1,1.0
橋和站,行天宮站,2,30.116666666666667,1,5.0,10.1,1,1.0
十四張站,永安市場站,2,13.333333333333334,1,5.0,10.066666666666666,1,1.0
先嗇宮站,十四張站,2,33.21666666666667,1,5.0,9.566666666666666,1,1.0
頂溪站,秀朗橋站,2,13.416666666666666,1,5.0,9.566666666666666,1,1.0
三和國中站,中和站,2,38.78333333333333,1,5.0,9.533333333333333,1,1.0
三民高中站,中和站,2,42.516666666666666,1,5.0,9.533333333333333,1,1.0
三重國小站,中和站,2,36.583333333333336,1,5.0,9.533333333333333,1,1.0
中山國小站,中和站,2,30.183333333333334,1,5.0,9.533333333333333,1,1.0
中山國小站,橋和站,2,32.333333333333336,1,5.0,9.533333333333333,1,1.0
徐匯中學站,中和站,2,40.56666666666667,1,5.0,9.533333333333333,1,1.0
忠孝新生站,中原站,2,27.716666666666665,1,5.0,9.533333333333333,1,1.0
忠孝新生站,中和站,2,23.95,1,5.0,9.533333333333333,1,1.0
忠孝新生站,橋和站,2,26.1,1,5.0,9.533333333333333,1,1.0
東門站,中原站,2,24.9,1,5.0,9.533333333333333,1,1.0
東門站,中和站,2,21.133333333333333,1,5.0,9.533333333333333,1,1.0
東門站,板新站,2,27.166666666666668,1,5.0,9.533333333333333,1,1.0
東門站,橋和站,2,23.283333333333335,1,5.0,9.533333333333333,1,1.0
蘆洲站,中和站,2,44.78333333333333,1,5.0,9.533333333333333,1,1.0
行天宮站,中原站,2,31.85,1,5.0,9.533333333333333,1,1.0
行天宮站,中和站,2,28.083333333333332,1,5.0,9.533333333333333,1,1.0
行天宮站,橋和站,2,30.233333333333334,1,5.0,9.533333333333333,1,1.0
中原站,信義安和站,2,32.21666666666667,2,5.0,9.5,0,3.0
中原站,台北101/世貿站,2,34.05,2,5.0,9.5,0,3.0
中原站,大安森林公園站,2,28.533333333333335,2,5.0,9.5,0,3.0
中原站,大安站,2,30.216666666666665,2,5.0,9.5,0,3.0
中原站,廣慈/奉天宮站,2,38.6,2,5.0,9.5,0,3.0
中原站,象山站,2,35.65,2,5.0,9.5,0,3.0
中和站,信義安和站,2,28.45,2,5.0,9.5,0,3.0
中和站,台北101/世貿站,2,30.283333333333335,2,5.0,9.5,0,3.0
中和站,大安森林公園站,2,24.766666666666666,2,5.0,9.5,0,3.0
中和站,大安站,2,26.45,2,5.0,9.5,0,3.0
中和站,廣慈/奉天宮站,2,34.833333333333336,2,5.0,9.5,0,3.0
中和站,象山站,2,31.883333333333333,2,5.0,9.5,0,3.0
板新站,信義安和站,2,34.483333333333334,2,5.0,9.5,0,3.0
板新站,台北101/世貿站,2,36.31666666666667,2,5.0,9.5,0,3.0
板新站,大安森林公園站,2,30.8,2,5.0,9.5,0,3.0
板新站,大安站,2,32.483333333333334,2,5.0,9.5,0,3.0
板新站,廣慈/奉天宮站,2,40.86666666666667,2,5.0,9.5,0,3.0
板新站,象山站,2,37.916666666666664,2,5.0,9.5,0,3.0
橋和站,信義安和站,2,30.6,2,5.0,9.5,0,3.0
橋和站,台北101/世貿站,2,32.43333333333333,2,5.0,9.5,0,3.0
橋和站,大安森林公園站,2,26.916666666666668,2,5.0,9.5,0,3.0
橋和站,大安站,2,28.6,2,5.0,9.5,0,3.0
橋和站,廣慈/奉天宮站,2,36.983333333333334,2,5.0,9.5,0,3.0
橋和站,象山站,2,34.03333333333333,2,5.0,9.5,0,3.0
永安市場站,十四張站,2,13.45,1,5.0,9.5,1,1.0
中山國中站,民權西路站,2,15.783333333333333,1,5.0,9.45,1,2.0
內湖站,民權西路站,2,31.583333333333332,1,5.0,9.45,1,2.0
劍南路站,民權西路站,2,24.5,1,5.0,9.45,1,2.0
大湖公園站,民權西路站,2,33.18333333333333,1,5.0,9.45,1,2.0
大直站,民權西路站,2,22.35,1,5.0,9.45,1,2.0
文德站,民權西路站,2,29.866666666666667,1,5.0,9.45,1,2.0
松山機場站,民權西路站,2,18.983333333333334,1,5.0,9.45,1,2.0
港墘站,民權西路站,2,28.25,1,5.0,9.45,1,2.0
葫洲站,民權西路站,2,35.61666666666667,1,5.0,9.45,1,2.0
西湖站,民權西路站,2,26.75,1,5.0,9.45,1,2.0
中原站,南京三民站,2,38.15,1,3.0,9.416666666666666,1,5.0
中原站,南京復興站,2,34.05,1,3.0,9.416666666666666,1,5.0
中原站,台北小巨蛋站,2,36.0,1,3.0,9.416666666666666,1,5.0
中原站,松山站,2,40.9,1,3.0,9.416666666666666,1,5.0
中和站,南京三民站,2,34.38333333333333,1,3.0,9.416666666666666,1,5.0
中和站,南京復興站,2,30.283333333333335,1,3.0,9.416666666666666,1,5.0
中和站,台北小巨蛋站,2,32.233333333333334,1,3.0,9.416666666666666,1,5.0
中和站,松山站,2,37.13333333333333,1,3.0,9.416666666666666,1,5.0
橋和站,南京三民站,2,36.53333333333333,1,3.0,9.416666666666666,1,5.0
橋和站,南京復興站,2,32.43333333333333,1,3.0,9.416666666666666,1,5.0
橋和站,台北小巨蛋站,2,34.38333333333333,1,3.0,9.416666666666666,1,5.0
橋和站,松山站,2,39.28333333333333,1,3.0,9.416666666666666,1,5.0
民權西路站,中山國中站,2,15.9,1,5.0,9.416666666666666,1,2.0
民權西路站,內湖站,2,31.7,1,5.0,9.416666666666666,1,2.0
民權西路站,劍南路站,2,24.616666666666667,1,5.0,9.416666666666666,1,2.0
民權西路站,大湖公園站,2,33.3,1,5.0,9.416666666666666,1,2.0
民權西路站,大直站,2,22.466666666666665,1,5.0,9.416666666666666,1,2.0
民權西路站,文德站,2,29.983333333333334,1,5.0,9.416666666666666,1,2.0
民權西路站,松山機場站,2,19.1,1,5.0,9.416666666666666,1,2.0
民權西路站,港墘站,2,28.366666666666667,1,5.0,9.416666666666666,1,2.0
民權西路站,葫洲站,2,35.733333333333334,1,5.0,9.416666666666666,1,2.0
民權西路站,西湖站,2,26.866666666666667,1,5.0,9.416666666666666,1,2.0
七張站,頭前庄站,2,31.933333333333334,1,2.0,9.4,0,1.0
小碧潭站,頭前庄站,2,38.71666666666667,2,5.0,9.4,0,1.0
新店區公所站,頭前庄站,2,33.68333333333333,1,2.0,9.4,0,1.0
新店站,頭前庄站,2,35.95,1,2.0,9.4,0,1.0
秀朗橋站,三重站,2,33.6,1,5.0,9.083333333333334,1,1.0
板橋站,台北橋站,2,20.833333333333332,1,2.0,9.066666666666666,0,4.0
中山國中站,中和站,2,36.86666666666667,2,8.0,9.033333333333333,1,5.0
內湖站,中和站,2,52.666666666666664,2,8.0,9.033333333333333,1,5.0
六張犁站,古亭站,2,18.05,1,5.0,9.033333333333333,1,2.0
劍南路站,中和站,2,45.583333333333336,2,8.0,9.033333333333333,1,5.0
動物園站,古亭站,2,29.416666666666668,1,5.0,9.033333333333333,1,2.0
古亭站,六張犁站,2,18.083333333333332,1,5.0,9.033333333333333,1,2.0
古亭站,動物園站,2,29.45,1,5.0,9.033333333333333,1,2.0
古亭站,木柵站,2,27.916666666666668,1,5.0,9.033333333333333,1,2.0
古亭站,科技大樓站,2,15.633333333333333,1,5.0,9.033333333333333,1,2.0
古亭站,萬芳社區站,2,26.716666666666665,1,5.0,9.033333333333333,1,2.0
古亭站,萬芳醫院站,2,24.65,1,5.0,9.033333333333333,1,2.0
古亭站,辛亥站,2,22.466666666666665,1,5.0,9.033333333333333,1,2.0
古亭站,麟光站,2,19.7,1,5.0,9.033333333333333,1,2.0
大湖公園站,中和站,2,54.266666666666666,2,8.0,9.033333333333333,1,5.0
大直站,中和站,2,43.43333333333333,2,8.0,9.033333333333333,1,5.0
文德站,中和站,2,50.95,2,8.0,9.033333333333333,1,5.0
木柵站,古亭站,2,27.883333333333333,1,5.0,9.033333333333333,1,2.0
松山機場站,中和站,2,40.06666666666667,2,8.0,9.033333333333333,1,5.0
港墘站,中和站,2,49.333333333333336,2,8.0,9.033333333333333,1,5.0
科技大樓站,古亭站,2,15.6,1,5.0,9.033333333333333,1,2.0
萬芳社區站,古亭站,2,26.683333333333334,1,5.0,9.033333333333333,1,2.0
萬芳醫院站,古亭站,2,24.616666666666667,1,5.0,9.033333333333333,1,2.0
西湖站,中和站,2,47.833333333333336,2,8.0,9.033333333333333,1,5.0
辛亥站,古亭站,2,22.433333333333334,1,5.0,9.033333333333333,1,2.0
麟光站,古亭站,2,19.666666666666668,1,5.0,9.033333333333333,1,2.0
信義安和站,中原站,2,32.38333333333333,2,5.0,9.016666666666667,0,3.0
信義安和站,中和站,2,28.616666666666667,2,5.0,9.016666666666667,0,3.0
信義安和站,板新站,2,34.65,2,5.0,9.016666666666667,0,3.0
信義安和站,橋和站,2,30.766666666666666,2,5.0,9.016666666666667,0,3.0
台北101/世貿站,中原站,2,34.21666666666667,2,5.0,9.016666666666667,0,3.0
台北101/世貿站,中和站,2,30.45,2,5.0,9.016666666666667,0,3.0
台北101/世貿站,板新站,2,36.483333333333334,2,5.0,9.016666666666667,0,3.0
台北101/世貿站,橋和站,2,32.6,2,5.0,9.016666666666667,0,3.0
大安森林公園站,中原站,2,28.7,2,5.0,9.016666666666667,0,3.0
大安森林公園站,中和站,2,24.933333333333334,2,5.0,9.016666666666667,0,3.0
大安森林公園站,板新站,2,30.966666666666665,2,5.0,9.016666666666667,0,3.0
大安森林公園站,橋和站,2,27.083333333333332,2,5.0,9.016666666666667,0,3.0
大安站,中原站,2,30.383333333333333,2,5.0,9.016666666666667,0,3.0
大安站,中和站,2,26.616666666666667,2,5.0,9.016666666666667,0,3.0
大安站,板新站,2,32.65,2,5.0,9.016666666666667,0,3.0
大安站,橋和站,2,28.766666666666666,2,5.0,9.016666666666667,0,3.0
廣慈/奉天宮站,中原站,2,38.766666666666666,2,5.0,9.016666666666667,0,3.0
廣慈/奉天宮站,中和站,2,35.0,2,5.0,9.016666666666667,0,3.0
廣慈/奉天宮站,板新站,2,41.03333333333333,2,5.0,9.016666666666667,0,3.0
廣慈/奉天宮站,橋和站,2,37.15,2,5.0,9.016666666666667,0,3.0
象山站,中原站,2,35.81666666666667,2,5.0,9.016666666666667,0,3.0
象山站,中和站,2,32.05,2,5.0,9.016666666666667,0,3.0
象山站,板新站,2,38.083333333333336,2,5.0,9.016666666666667,0,3.0
象山站,橋和站,2,34.2,2,5.0,9.016666666666667,0,3.0
頭前庄站,七張站,2,32.38333333333333,1,2.0,8.95,0,1.0
頭前庄站,小碧潭站,2,38.766666666666666,2,5.0,8.95,0,1.0
頭前庄站,新店區公所站,2,34.13333333333333,1,2.0,8.95,0,1.0
頭前庄站,新店站,2,36.4,1,2.0,8.95,0,1.0
南京三民站,中原站,2,38.18333333333333,1,3.0,8.933333333333334,1,5.0
南京三民站,中和站,2,34.416666666666664,1,3.0,8.933333333333334,1,5.0
南京三民站,橋和站,2,36.56666666666667,1,3.0,8.933333333333334,1,5.0
南京復興站,中原站,2,34.083333333333336,1,3.0,8.933333333333334,1,5.0
南京復興站,中和站,2,30.316666666666666,1,3.0,8.933333333333334,1,5.0
南京復興站,橋和站,2,32.46666666666667,1,3.0,8.933333333333334,1,5.0
台北小巨蛋站,中原站,2,36.03333333333333,1,3.0,8.933333333333334,1,5.0
台北小巨蛋站,中和站,2,32.266666666666666,1,3.0,8.933333333333334,1,5.0
台北小巨蛋站,橋和站,2,34.416666666666664,1,3.0,8.933333333333334,1,5.0
台北橋站,板橋站,2,21.0,1,2.0,8.933333333333334,0,4.0
松山站,中原站,2,40.93333333333333,1,3.0,8.933333333333334,1,5.0
松山站,中和站,2,37.166666666666664,1,3.0,8.933333333333334,1,5.0
松山站,橋和站,2,39.31666666666667,1,3.0,8.933333333333334,1,5.0
三和國中站,台大醫院站,2,15.716666666666667,1,2.0,8.883333333333333,0,1.0
三民高中站,台大醫院站,2,19.45,1,2.0,8.883333333333333,0,1.0
三重國小站,台大醫院站,2,13.516666666666667,1,2.0,8.883333333333333,0,1.0
三重站,台大醫院站,2,16.966666666666665,1,2.0,8.883333333333333,0,1.0
丹鳳站,台大醫院站,2,28.95,1,2.0,8.883333333333333,0,1.0
先嗇宮站,台大醫院站,2,19.75,1,2.0,8.883333333333333,0,1.0
台北橋站,台大醫院站,2,13.116666666666667,1,2.0,8.883333333333333,0,1.0
台大醫院站,三和國中站,2,15.766666666666667,1,2.0,8.883333333333333,0,1.0
台大醫院站,三民高中站,2,19.5,1,2.0,8.883333333333333,0,1.0
台大醫院站,三重國小站,2,13.566666666666666,1,2.0,8.883333333333333,0,1.0
台大醫院站,三重站,2,17.016666666666666,1,2.0,8.883333333333333,0,1.0
台大醫院站,丹鳳站,2,29.0,1,2.0,8.883333333333333,0,1.0
台大醫院站,先嗇宮站,2,19.8,1,2.0,8.883333333333333,0,1.0
台大醫院站,台北橋站,2,13.166666666666666,1,2.0,8.883333333333333,0,1.0
台大醫院站,大橋頭站,2,10.616666666666667,1,2.0,8.883333333333333,0,1.0
台大醫院站,徐匯中學站,2,17.55,1,2.0,8.883333333333333,0,1.0
台大醫院站,新莊站,2,24.0,1,2.0,8.883333333333333,0,1.0
台大醫院站,菜寮站,2,15.2,1,2.0,8.883333333333333,0,1.0
台大醫院站,蘆洲站,2,21.766666666666666,1,2.0,8.883333333333333,0,1.0
台大醫院站,輔大站,2,26.7,1,2.0,8.883333333333333,0,1.0
台大醫院站,迴龍站,2,32.21666666666667,1,2.0,8.883333333333333,0,1.0
台大醫院站,頭前庄站,2,22.016666666666666,1,2.0,8.883333333333333,0,1.0
大橋頭站,台大醫院站,2,10.566666666666666,1,2.0,8.883333333333333,0,1.0
徐匯中學站,台大醫院站,2,17.5,1,2.0,8.883333333333333,0,1.0
新莊站,台大醫院站,2,23.95,1,2.0,8.883333333333333,0,1.0
景平站,菜寮站,2,33.68333333333333,1,5.0,8.883333333333333,1,1.0
菜寮站,台大醫院站,2,15.15,1,2.0,8.883333333333333,0,1.0
蘆洲站,台大醫院站,2,21.716666666666665,1,2.0,8.883333333333333,0,1.0
輔大站,台大醫院站,2,26.65,1,2.0,8.883333333333333,0,1.0
迴龍站,台大醫院站,2,32.166666666666664,1,2.0,8.883333333333333,0,1.0
頭前庄站,台大醫院站,2,21.966666666666665,1,2.0,8.883333333333333,0,1.0
七張站,景安站,2,12.466666666666667,1,2.0,8.8,0,1.0
小碧潭站,景安站,2,19.25,2,5.0,8.8,0,1.0
新店區公所站,景安站,2,14.216666666666667,1,2.0,8.8,0,1.0
新店站,景安站,2,16.483333333333334,1,2.0,8.8,0,1.0
南京三民站,南港站,2,27.25,1,2.0,8.716666666666667,1,2.0
南京三民站,國父紀念館站,2,17.4,1,2.0,8.716666666666667,1,2.0
南京三民站,市政府站,2,19.15,1,2.0,8.716666666666667,1,2.0
南京三民站,後山埤站,2,22.75,1,2.0,8.716666666666667,1,2.0
南京三民站,忠孝敦化站,2,15.75,1,2.0,8.716666666666667,1,2.0
南京三民站,昆陽站,2,25.016666666666666,1,2.0,8.716666666666667,1,2.0
南京三民站,永春站,2,21.066666666666666,1,2.0,8.716666666666667,1,2.0
台北小巨蛋站,南港站,2,25.1,1,2.0,8.716666666666667,1,2.0
台北小巨蛋站,國父紀念館站,2,15.25,1,2.0,8.716666666666667,1,2.0
台北小巨蛋站,市政府站,2,17.0,1,2.0,8.716666666666667,1,2.0
台北小巨蛋站,後山埤站,2,20.6,1,2.0,8.716666666666667,1,2.0
台北小巨蛋站,忠孝敦化站,2,13.6,1,2.0,8.716666666666667,1,2.0
台北小巨蛋站,昆陽站,2,22.866666666666667,1,2.0,8.716666666666667,1,2.0
台北小巨蛋站,永春站,2,18.916666666666668,1,2.0,8.716666666666667,1,2.0
松山站,南港站,2,30.0,1,2.0,8.716666666666667,1,2.0
松山站,國父紀念館站,2,20.15,1,2.0,8.716666666666667,1,2.0
松山站,市政府站,2,21.9,1,2.0,8.716666666666667,1,2.0
松山站,後山埤站,2,25.5,1,2.0,8.716666666666667,1,2.0
松山站,忠孝敦化站,2,18.5,1,2.0,8.716666666666667,1,2.0
松山站,昆陽站,2,27.766666666666666,1,2.0,8.716666666666667,1,2.0
松山站,永春站,2,23.816666666666666,1,2.0,8.716666666666667,1,2.0
中山國中站,劍潭站,2,20.916666666666668,1,5.0,8.666666666666666,1,3.0
中山國中站,北投站,2,34.266666666666666,1,5.0,8.666666666666666,1,3.0
中山國中站,唭哩岸站,2,30.6,1,5.0,8.666666666666666,1,3.0
中山國中站,圓山站,2,18.566666666666666,1,5.0,8.666666666666666,1,3.0
中山國中站,士林站,2,23.05,1,5.0,8.666666666666666,1,3.0
中山國中站,奇岩站,2,32.3,1,5.0,8.666666666666666,1,3.0
中山國中站,復興崗站,2,36.96666666666667,1,5.0,8.666666666666666,1,3.0
中山國中站,忠義站,2,39.36666666666667,1,5.0,8.666666666666666,1,3.0
中山國中站,新北投站,2,39.88333333333333,2,8.0,8.666666666666666,1,3.0
中山國中站,明德站,2,26.833333333333332,1,5.0,8.666666666666666,1,3.0
中山國中站,淡水站,2,50.28333333333333,1,5.0,8.666666666666666,1,3.0
中山國中站,石牌站,2,28.333333333333332,1,5.0,8.666666666666666,1,3.0
中山國中站,竹圍站,2,44.1,1,5.0,8.666666666666666,1,3.0
中山國中站,紅樹林站,2,46.916666666666664,1,5.0,8.666666666666666,1,3.0
中山國中站,芝山站,2,25.066666666666666,1,5.0,8.666666666666666,1,3.0
中山國中站,關渡站,2,41.15,1,5.0,8.666666666666666,1,3.0
中山國中站,雙連站,2,15.066666666666666,1,5.0,8.666666666666666,1,3.0
內湖站,劍潭站,2,36.71666666666667,1,5.0,8.666666666666666,1,3.0
內湖站,北投站,2,50.06666666666667,1,5.0,8.666666666666666,1,3.0
內湖站,唭哩岸站,2,46.4,1,5.0,8.666666666666666,1,3.0
內湖站,圓山站,2,34.36666666666667,1,5.0,8.666666666666666,1,3.0
內湖站,士林站,2,38.85,1,5.0,8.666666666666666,1,3.0
內湖站,奇岩站,2,48.1,1,5.0,8.666666666666666,1,3.0
內湖站,復興崗站,2,52.766666666666666,1,5.0,8.666666666666666,1,3.0
內湖站,忠義站,2,55.166666666666664,1,5.0,8.666666666666666,1,3.0
內湖站,新北投站,2,55.68333333333333,2,8.0,8.666666666666666,1,3.0
內湖站,明德站,2,42.63333333333333,1,5.0,8.666666666666666,1,3.0
內湖站,淡水站,2,66.08333333333333,1,5.0,8.666666666666666,1,3.0
內湖站,石牌站,2,44.13333333333333,1,5.0,8.666666666666666,1,3.0
內湖站,竹圍站,2,59.9,1,5.0,8.666666666666666,1,3.0
內湖站,紅樹林站,2,62.71666666666667,1,5.0,8.666666666666666,1,3.0
內湖站,芝山站,2,40.86666666666667,1,5.0,8.666666666666666,1,3.0
內湖站,關渡站,2,56.95,1,5.0,8.666666666666666,1,3.0
內湖站,雙連站,2,30.866666666666667,1,5.0,8.666666666666666,1,3.0
劍南路站,劍潭站,2,29.633333333333333,1,5.0,8.666666666666666,1,3.0
劍南路站,北投站,2,42.983333333333334,1,5.0,8.666666666666666,1,3.0
劍南路站,唭哩岸站,2,39.31666666666667,1,5.0,8.666666666666666,1,3.0
劍南路站,圓山站,2,27.283333333333335,1,5.0,8.666666666666666,1,3.0
劍南路站,士林站,2,31.766666666666666,1,5.0,8.666666666666666,1,3.0
劍南路站,奇岩站,2,41.016666666666666,1,5.0,8.666666666666666,1,3.0
劍南路站,復興崗站,2,45.68333333333333,1,5.0,8.666666666666666,1,3.0
劍南路站,忠義站,2,48.083333333333336,1,5.0,8.666666666666666,1,3.0
劍南路站,新北投站,2,48.6,2,8.0,8.666666666666666,1,3.0
劍南路站,明德站,2,35.55,1,5.0,8.666666666666666,1,3.0
劍南路站,淡水站,2,59.0,1,5.0,8.666666666666666,1,3.0
劍南路站,石牌站,2,37.05,1,5.0,8.666666666666666,1,3.0
劍南路站,竹圍站,2,52.81666666666667,1,5.0,8.666666666666666,1,3.0
劍南路站,紅樹林站,2,55.63333333333333,1,5.0,8.666666666666666,1,3.0
劍南路站,芝山站,2,33.78333333333333,1,5.0,8.666666666666666,1,3.0
劍南路站,關渡站,2,49.86666666666667,1,5.0,8.666666666666666,1,3.0
劍南路站,雙連站,2,23.783333333333335,1,5.0,8.666666666666666,1,3.0
大湖公園站,劍潭站,2,38.31666666666667,1,5.0,8.666666666666666,1,3.0
大湖公園站,北投站,2,51.666666666666664,1,5.0,8.666666666666666,1,3.0
大湖公園站,唭哩岸站,2,48.0,1,5.0,8.666666666666666,1,3.0
大湖公園站,圓山站,2,35.96666666666667,1,5.0,8.666666666666666,1,3.0
大湖公園站,士林站,2,40.45,1,5.0,8.666666666666666,1,3.0
大湖公園站,奇岩站,2,49.7,1,5.0,8.666666666666666,1,3.0
大湖公園站,復興崗站,2,54.36666666666667,1,5.0,8.666666666666666,1,3.0
大湖公園站,忠義站,2,56.766666666666666,1,5.0,8.666666666666666,1,3.0
大湖公園站,新北投站,2,57.28333333333333,2,8.0,8.666666666666666,1,3.0
大湖公園站,明德站,2,44.233333333333334,1,5.0,8.666666666666666,1,3.0
大湖公園站,淡水站,2,67.68333333333334,1,5.0,8.666666666666666,1,3.0
大湖公園站,石牌站,2,45.733333333333334,1,5.0,8.666666666666666,1,3.0
大湖公園站,竹圍站,2,61.5,1,5.0,8.666666666666666,1,3.0
大湖公園站,紅樹林站,2,64.31666666666666,1,5.0,8.666666666666666,1,3.0
大湖公園站,芝山站,2,42.46666666666667,1,5.0,8.666666666666666,1,3.0
大湖公園站,關渡站,2,58.55,1,5.0,8.666666666666666,1,3.0
大湖公園站,雙連站,2,32.46666666666667,1,5.0,8.666666666666666,1,3.0
大直站,劍潭站,2,27.483333333333334,1,5.0,8.666666666666666,1,3.0
大直站,北投站,2,40.833333333333336,1,5.0,8.666666666666666,1,3.0
大直站,唭哩岸站,2,37.166666666666664,1,5.0,8.666666666666666,1,3.0
大直站,圓山站,2,25.133333333333333,1,5.0,8.666666666666666,1,3.0
大直站,士林站,2,29.616666666666667,1,5.0,8.666666666666666,1,3.0
大直站,奇岩站,2,38.86666666666667,1,5.0,8.666666666666666,1,3.0
大直站,復興崗站,2,43.53333333333333,1,5.0,8.666666666666666,1,3.0
大直站,忠義站,2,45.93333333333333,1,5.0,8.666666666666666,1,3.0
大直站,新北投站,2,46.45,2,8.0,8.666666666666666,1,3.0
大直站,明德站,2,33.4,1,5.0,8.666666666666666,1,3.0
大直站,淡水站,2,56.85,1,5.0,8.666666666666666,1,3.0
大直站,石牌站,2,34.9,1,5.0,8.666666666666666,1,3.0
大直站,竹圍站,2,50.666666666666664,1,5.0,8.666666666666666,1,3.0
大直站,紅樹林站,2,53.483333333333334,1,5.0,8.666666666666666,1,3.0
大直站,芝山站,2,31.633333333333333,1,5.0,8.666666666666666,1,3.0
大直站,關渡站,2,47.71666666666667,1,5.0,8.666666666666666,1,3.0
大直站,雙連站,2,21.633333333333333,1,5.0,8.666666666666666,1,3.0
文德站,劍潭站,2,35.0,1,5.0,8.666666666666666,1,3.0
文德站,北投站,2,48.35,1,5.0,8.666666666666666,1,3.0
文德站,唭哩岸站,2,44.68333333333333,1,5.0,8.666666666666666,1,3.0
文德站,圓山站,2,32.65,1,5.0,8.666666666666666,1,3.0
文德站,士林站,2,37.13333333333333,1,5.0,8.666666666666666,1,3.0
文德站,奇岩站,2,46.38333333333333,1,5.0,8.666666666666666,1,3.0
文德站,復興崗站,2,51.05,1,5.0,8.666666666666666,1,3.0
文德站,忠義站,2,53.45,1,5.0,8.666666666666666,1,3.0
文德站,新北投站,2,53.96666666666667,2,8.0,8.666666666666666,1,3.0
文德站,明德站,2,40.916666666666664,1,5.0,8.666666666666666,1,3.0
文德站,淡水站,2,64.36666666666666,1,5.0,8.666666666666666,1,3.0
文德站,石牌站,2,42.416666666666664,1,5.0,8.666666666666666,1,3.0
文德站,竹圍站,2,58.18333333333333,1,5.0,8.666666666666666,1,3.0
文德站,紅樹林站,2,61.0,1,5.0,8.666666666666666,1,3.0
文德站,芝山站,2,39.15,1,5.0,8.666666666666666,1,3.0
文德站,關渡站,2,55.233333333333334,1,5.0,8.666666666666666,1,3.0
文德站,雙連站,2,29.15,1,5.0,8.666666666666666,1,3.0
松山機場站,劍潭站,2,24.116666666666667,1,5.0,8.666666666666666,1,3.0
松山機場站,北投站,2,37.46666666666667,1,5.0,8.666666666666666,1,3.0
松山機場站,唭哩岸站,2,33.8,1,5.0,8.666666666666666,1,3.0
松山機場站,圓山站,2,21.766666666666666,1,5.0,8.666666666666666,1,3.0
松山機場站,士林站,2,26.25,1,5.0,8.666666666666666,1,3.0
松山機場站,奇岩站,2,35.5,1,5.0,8.666666666666666,1,3.0
松山機場站,復興崗站,2,40.166666666666664,1,5.0,8.666666666666666,1,3.0
松山機場站,忠義站,2,42.56666666666667,1,5.0,8.666666666666666,1,3.0
松山機場站,新北投站,2,43.083333333333336,2,8.0,8.666666666666666,1,3.0
松山機場站,明德站,2,30.033333333333335,1,5.0,8.666666666666666,1,3.0
松山機場站,淡水站,2,53.483333333333334,1,5.0,8.666666666666666,1,3.0
松山機場站,石牌站,2,31.533333333333335,1,5.0,8.666666666666666,1,3.0
松山機場站,竹圍站,2,47.3,1,5.0,8.666666666666666,1,3.0
松山機場站,紅樹林站,2,50.11666666666667,1,5.0,8.666666666666666,1,3.0
松山機場站,芝山站,2,28.266666666666666,1,5.0,8.666666666666666,1,3.0
松山機場站,關渡站,2,44.35,1,5.0,8.666666666666666,1,3.0
松山機場站,雙連站,2,18.266666666666666,1,5.0,8.666666666666666,1,3.0
港墘站,劍潭站,2,33.38333333333333,1,5.0,8.666666666666666,1,3.0
港墘站,北投站,2,46.733333333333334,1,5.0,8.666666666666666,1,3.0
港墘站,唭哩岸站,2,43.06666666666667,1,5.0,8.666666666666666,1,3.0
港墘站,圓山站,2,31.033333333333335,1,5.0,8.666666666666666,1,3.0
港墘站,士林站,2,35.516666666666666,1,5.0,8.666666666666666,1,3.0
港墘站,奇岩站,2,44.766666666666666,1,5.0,8.666666666666666,1,3.0
港墘站,復興崗站,2,49.43333333333333,1,5.0,8.666666666666666,1,3.0
港墘站,忠義站,2,51.833333333333336,1,5.0,8.666666666666666,1,3.0
港墘站,新北投站,2,52.35,2,8.0,8.666666666666666,1,3.0
港墘站,明德站,2,39.3,1,5.0,8.666666666666666,1,3.0
港墘站,淡水站,2,62.75,1,5.0,8.666666666666666,1,3.0
港墘站,石牌站,2,40.8,1,5.0,8.666666666666666,1,3.0
港墘站,竹圍站,2,56.56666666666667,1,5.0,8.666666666666666,1,3.0
港墘站,紅樹林站,2,59.38333333333333,1,5.0,8.666666666666666,1,3.0
港墘站,芝山站,2,37.53333333333333,1,5.0,8.666666666666666,1,3.0
港墘站,關渡站,2,53.61666666666667,1,5.0,8.666666666666666,1,3.0
港墘站,雙連站,2,27.533333333333335,1,5.0,8.666666666666666,1,3.0
葫洲站,劍潭站,2,40.75,1,5.0,8.666666666666666,1,3.0
葫洲站,北投站,2,54.1,1,5.0,8.666666666666666,1,3.0
葫洲站,唭哩岸站,2,50.43333333333333,1,5.0,8.666666666666666,1,3.0
葫洲站,圓山站,2,38.4,1,5.0,8.666666666666666,1,3.0
葫洲站,士林站,2,42.88333333333333,1,5.0,8.666666666666666,1,3.0
葫洲站,奇岩站,2,52.13333333333333,1,5.0,8.666666666666666,1,3.0
葫洲站,復興崗站,2,56.8,1,5.0,8.666666666666666,1,3.0
葫洲站,忠義站,2,59.2,1,5.0,8.666666666666666,1,3.0
葫洲站,新北投站,2,59.71666666666667,2,8.0,8.666666666666666,1,3.0
葫洲站,明德站,2,46.666666666666664,1,5.0,8.666666666666666,1,3.0
葫洲站,淡水站,2,70.11666666666666,1,5.0,8.666666666666666,1,3.0
葫洲站,石牌站,2,48.166666666666664,1,5.0,8.666666666666666,1,3.0
葫洲站,竹圍站,2,63.93333333333333,1,5.0,8.666666666666666,1,3.0
葫洲站,紅樹林站,2,66.75,1,5.0,8.666666666666666,1,3.0
葫洲站,芝山站,2,44.9,1,5.0,8.666666666666666,1,3.0
葫洲站,關渡站,2,60.983333333333334,1,5.0,8.666666666666666,1,3.0
葫洲站,雙連站,2,34.9,1,5.0,8.666666666666666,1,3.0
西湖站,劍潭站,2,31.883333333333333,1,5.0,8.666666666666666,1,3.0
西湖站,北投站,2,45.233333333333334,1,5.0,8.666666666666666,1,3.0
西湖站,唭哩岸站,2,41.56666666666667,1,5.0,8.666666666666666,1,3.0
西湖站,圓山站,2,29.533333333333335,1,5.0,8.666666666666666,1,3.0
西湖站,士林站,2,34.016666666666666,1,5.0,8.666666666666666,1,3.0
西湖站,奇岩站,2,43.266666666666666,1,5.0,8.666666666666666,1,3.0
西湖站,復興崗站,2,47.93333333333333,1,5.0,8.666666666666666,1,3.0
西湖站,忠義站,2,50.333333333333336,1,5.0,8.666666666666666,1,3.0
西湖站,新北投站,2,50.85,2,8.0,8.666666666666666,1,3.0
西湖站,明德站,2,37.8,1,5.0,8.666666666666666,1,3.0
西湖站,淡水站,2,61.25,1,5.0,8.666666666666666,1,3.0
西湖站,石牌站,2,39.3,1,5.0,8.666666666666666,1,3.0
西湖站,竹圍站,2,55.06666666666667,1,5.0,8.666666666666666,1,3.0
西湖站,紅樹林站,2,57.88333333333333,1,5.0,8.666666666666666,1,3.0
西湖站,芝山站,2,36.03333333333333,1,5.0,8.666666666666666,1,3.0
西湖站,關渡站,2,52.11666666666667,1,5.0,8.666666666666666,1,3.0
西湖站,雙連站,2,26.033333333333335,1,5.0,8.666666666666666,1,3.0
南港站,南京三民站,2,27.3,1,2.0,8.65,1,2.0
南港站,台北小巨蛋站,2,25.15,1,2.0,8.65,1,2.0
南港站,松山站,2,30.05,1,2.0,8.65,1,2.0
國父紀念館站,南京三民站,2,17.45,1,2.0,8.65,1,2.0
國父紀念館站,台北小巨蛋站,2,15.3,1,2.0,8.65,1,2.0
國父紀念館站,松山站,2,20.2,1,2.0,8.65,1,2.0
市政府站,南京三民站,2,19.2,1,2.0,8.65,1,2.0
市政府站,台北小巨蛋站,2,17.05,1,2.0,8.65,1,2.0
市政府站,松山站,2,21.95,1,2.0,8.65,1,2.0
後山埤站,南京三民站,2,22.8,1,2.0,8.65,1,2.0
後山埤站,台北小巨蛋站,2,20.65,1,2.0,8.65,1,2.0
後山埤站,松山站,2,25.55,1,2.0,8.65,1,2.0
忠孝敦化站,南京三民站,2,15.8,1,2.0,8.65,1,2.0
忠孝敦化站,台北小巨蛋站,2,13.65,1,2.0,8.65,1,2.0
忠孝敦化站,松山站,2,18.55,1,2.0,8.65,1,2.0
昆陽站,南京三民站,2,25.066666666666666,1,2.0,8.65,1,2.0
昆陽站,台北小巨蛋站,2,22.916666666666668,1,2.0,8.65,1,2.0
昆陽站,松山站,2,27.816666666666666,1,2.0,8.65,1,2.0
永春站,南京三民站,2,21.116666666666667,1,2.0,8.65,1,2.0
永春站,台北小巨蛋站,2,18.966666666666665,1,2.0,8.65,1,2.0
永春站,松山站,2,23.866666666666667,1,2.0,8.65,1,2.0
劍潭站,中山國中站,2,21.033333333333335,1,5.0,8.633333333333333,1,3.0
劍潭站,內湖站,2,36.833333333333336,1,5.0,8.633333333333333,1,3.0
劍潭站,劍南路站,2,29.75,1,5.0,8.633333333333333,1,3.0
劍潭站,大湖公園站,2,38.43333333333333,1,5.0,8.633333333333333,1,3.0
劍潭站,大直站,2,27.6,1,5.0,8.633333333333333,1,3.0
劍潭站,文德站,2,35.11666666666667,1,5.0,8.633333333333333,1,3.0
劍潭站,松山機場站,2,24.233333333333334,1,5.0,8.633333333333333,1,3.0
劍潭站,港墘站,2,33.5,1,5.0,8.633333333333333,1,3.0
劍潭站,葫洲站,2,40.86666666666667,1,5.0,8.633333333333333,1,3.0
劍潭站,西湖站,2,32.0,1,5.0,8.633333333333333,1,3.0
北投站,中山國中站,2,34.38333333333333,1,5.0,8.633333333333333,1,3.0
北投站,內湖站,2,50.18333333333333,1,5.0,8.633333333333333,1,3.0
北投站,劍南路站,2,43.1,1,5.0,8.633333333333333,1,3.0
北投站,大湖公園站,2,51.78333333333333,1,5.0,8.633333333333333,1,3.0
北投站,大直站,2,40.95,1,5.0,8.633333333333333,1,3.0
北投站,文德站,2,48.46666666666667,1,5.0,8.633333333333333,1,3.0
北投站,松山機場站,2,37.583333333333336,1,5.0,8.633333333333333,1,3.0
北投站,港墘站,2,46.85,1,5.0,8.633333333333333,1,3.0
北投站,葫洲站,2,54.21666666666667,1,5.0,8.633333333333333,1,3.0
北投站,西湖站,2,45.35,1,5.0,8.633333333333333,1,3.0
唭哩岸站,中山國中站,2,30.716666666666665,1,5.0,8.633333333333333,1,3.0
唭哩岸站,內湖站,2,46.516666666666666,1,5.0,8.633333333333333,1,3.0
唭哩岸站,劍南路站,2,39.43333333333333,1,5.0,8.633333333333333,1,3.0
唭哩岸站,大湖公園站,2,48.11666666666667,1,5.0,8.633333333333333,1,3.0
唭哩岸站,大直站,2,37.28333333333333,1,5.0,8.633333333333333,1,3.0
唭哩岸站,文德站,2,44.8,1,5.0,8.633333333333333,1,3.0
唭哩岸站,松山機場站,2,33.916666666666664,1,5.0,8.633333333333333,1,3.0
唭哩岸站,港墘站,2,43.18333333333333,1,5.0,8.633333333333333,1,3.0
唭哩岸站,葫洲站,2,50.55,1,5.0,8.633333333333333,1,3.0
唭哩岸站,西湖站,2,41.68333333333333,1,5.0,8.633333333333333,1,3.0
圓山站,中山國中站,2,18.683333333333334,1,5.0,8.633333333333333,1,3.0
圓山站,內湖站,2,34.483333333333334,1,5.0,8.633333333333333,1,3.0
圓山站,劍南路站,2,27.4,1,5.0,8.633333333333333,1,3.0
圓山站,大湖公園站,2,36.083333333333336,1,5.0,8.633333333333333,1,3.0
圓山站,大直站,2,25.25,1,5.0,8.633333333333333,1,3.0
圓山站,文德站,2,32.766666666666666,1,5.0,8.633333333333333,1,3.0
圓山站,松山機場站,2,21.883333333333333,1,5.0,8.633333333333333,1,3.0
圓山站,港墘站,2,31.15,1,5.0,8.633333333333333,1,3.0
圓山站,葫洲站,2,38.516666666666666,1,5.0,8.633333333333333,1,3.0
圓山站,西湖站,2,29.65,1,5.0,8.633333333333333,1,3.0
士林站,中山國中站,2,23.166666666666668,1,5.0,8.633333333333333,1,3.0
士林站,內湖站,2,38.96666666666667,1,5.0,8.633333333333333,1,3.0
士林站,劍南路站,2,31.883333333333333,1,5.0,8.633333333333333,1,3.0
士林站,大湖公園站,2,40.56666666666667,1,5.0,8.633333333333333,1,3.0
士林站,大直站,2,29.733333333333334,1,5.0,8.633333333333333,1,3.0
士林站,文德站,2,37.25,1,5.0,8.633333333333333,1,3.0
士林站,松山機場站,2,26.366666666666667,1,5.0,8.633333333333333,1,3.0
士林站,港墘站,2,35.63333333333333,1,5.0,8.633333333333333,1,3.0
士林站,葫洲站,2,43.0,1,5.0,8.633333333333333,1,3.0
士林站,西湖站,2,34.13333333333333,1,5.0,8.633333333333333,1,3.0
奇岩站,中山國中站,2,32.416666666666664,1,5.0,8.633333333333333,1,3.0
奇岩站,內湖站,2,48.21666666666667,1,5.0,8.633333333333333,1,3.0
奇岩站,劍南路站,2,41.13333333333333,1,5.0,8.633333333333333,1,3.0
奇岩站,大湖公園站,2,49.81666666666667,1,5.0,8.633333333333333,1,3.0
奇岩站,大直站,2,38.983333333333334,1,5.0,8.633333333333333,1,3.0
奇岩站,文德站,2,46.5,1,5.0,8.633333333333333,1,3.0
奇岩站,松山機場站,2,35.61666666666667,1,5.0,8.633333333333333,1,3.0
奇岩站,港墘站,2,44.88333333333333,1,5.0,8.633333333333333,1,3.0
奇岩站,葫洲站,2,52.25,1,5.0,8.633333333333333,1,3.0
奇岩站,西湖站,2,43.38333333333333,1,5.0,8.633333333333333,1,3.0
復興崗站,中山國中站,2,37.083333333333336,1,5.0,8.633333333333333,1,3.0
復興崗站,內湖站,2,52.88333333333333,1,5.0,8.633333333333333,1,3.0
復興崗站,劍南路站,2,45.8,1,5.0,8.633333333333333,1,3.0
復興崗站,大湖公園站,2,54.483333333333334,1,5.0,8.633333333333333,1,3.0
復興崗站,大直站,2,43.65,1,5.0,8.633333333333333,1,3.0
復興崗站,文德站,2,51.166666666666664,1,5.0,8.633333333333333,1,3.0
復興崗站,松山機場站,2,40.28333333333333,1,5.0,8.633333333333333,1,3.0
復興崗站,港墘站,2,49.55,1,5.0,8.633333333333333,1,3.0
復興崗站,葫洲站,2,56.916666666666664,1,5.0,8.633333333333333,1,3.0
復興崗站,西湖站,2,48.05,1,5.0,8.633333333333333,1,3.0
忠義站,中山國中站,2,39.483333333333334,1,5.0,8.633333333333333,1,3.0
忠義站,內湖站,2,55.28333333333333,1,5.0,8.633333333333333,1,3.0
忠義站,劍南路站,2,48.2,1,5.0,8.633333333333333,1,3.0
忠義站,大湖公園站,2,56.88333333333333,1,5.0,8.633333333333333,1,3.0
忠義站,大直站,2,46.05,1,5.0,8.633333333333333,1,3.0
忠義站,文德站,2,53.56666666666667,1,5.0,8.633333333333333,1,3.0
忠義站,松山機場站,2,42.68333333333333,1,5.0,8.633333333333333,1,3.0
忠義站,港墘站,2,51.95,1,5.0,8.633333333333333,1,3.0
忠義站,葫洲站,2,59.31666666666667,1,5.0,8.633333333333333,1,3.0
忠義站,西湖站,2,50.45,1,5.0,8.633333333333333,1,3.0
新北投站,中山國中站,2,40.45,2,8.0,8.633333333333333,1,3.0
新北投站,內湖站,2,56.25,2,8.0,8.633333333333333,1,3.0
新北投站,劍南路站,2,49.166666666666664,2,8.0,8.633333333333333,1,3.0
新北投站,大湖公園站,2,57.85,2,8.0,8.633333333333333,1,3.0
新北投站,大直站,2,47.016666666666666,2,8.0,8.633333333333333,1,3.0
新北投站,文德站,2,54.53333333333333,2,8.0,8.633333333333333,1,3.0
新北投站,松山機場站,2,43.65,2,8.0,8.633333333333333,1,3.0
新北投站,港墘站,2,52.916666666666664,2,8.0,8.633333333333333,1,3.0
新北投站,葫洲站,2,60.28333333333333,2,8.0,8.633333333333333,1,3.0
新北投站,西湖站,2,51.416666666666664,2,8.0,8.633333333333333,1,3.0
明德站,中山國中站,2,26.95,1,5.0,8.633333333333333,1,3.0
明德站,內湖站,2,42.75,1,5.0,8.633333333333333,1,3.0
明德站,劍南路站,2,35.666666666666664,1,5.0,8.633333333333333,1,3.0
明德站,大湖公園站,2,44.35,1,5.0,8.633333333333333,1,3.0
明德站,大直站,2,33.516666666666666,1,5.0,8.633333333333333,1,3.0
明德站,文德站,2,41.03333333333333,1,5.0,8.633333333333333,1,3.0
明德站,松山機場站,2,30.15,1,5.0,8.633333333333333,1,3.0
明德站,港墘站,2,39.416666666666664,1,5.0,8.633333333333333,1,3.0
明德站,葫洲站,2,46.78333333333333,1,5.0,8.633333333333333,1,3.0
明德站,西湖站,2,37.916666666666664,1,5.0,8.633333333333333,1,3.0
東門站,南港軟體園區站,2,28.25,1,5.0,8.633333333333333,1,2.0
淡水站,中山國中站,2,50.4,1,5.0,8.633333333333333,1,3.0
淡水站,內湖站,2,66.2,1,5.0,8.633333333333333,1,3.0
淡水站,劍南路站,2,59.11666666666667,1,5.0,8.633333333333333,1,3.0
淡水站,大湖公園站,2,67.8,1,5.0,8.633333333333333,1,3.0
淡水站,大直站,2,56.96666666666667,1,5.0,8.633333333333333,1,3.0
淡水站,文德站,2,64.48333333333333,1,5.0,8.633333333333333,1,3.0
淡水站,松山機場站,2,53.6,1,5.0,8.633333333333333,1,3.0
淡水站,港墘站,2,62.86666666666667,1,5.0,8.633333333333333,1,3.0
淡水站,葫洲站,2,70.23333333333333,1,5.0,8.633333333333333,1,3.0
淡水站,西湖站,2,61.36666666666667,1,5.0,8.633333333333333,1,3.0
石牌站,中山國中站,2,28.45,1,5.0,8.633333333333333,1,3.0
石牌站,內湖站,2,44.25,1,5.0,8.633333333333333,1,3.0
石牌站,劍南路站,2,37.166666666666664,1,5.0,8.633333333333333,1,3.0
石牌站,大湖公園站,2,45.85,1,5.0,8.633333333333333,1,3.0
石牌站,大直站,2,35.016666666666666,1,5.0,8.633333333333333,1,3.0
石牌站,文德站,2,42.53333333333333,1,5.0,8.633333333333333,1,3.0
石牌站,松山機場站,2,31.65,1,5.0,8.633333333333333,1,3.0
石牌站,港墘站,2,40.916666666666664,1,5.0,8.633333333333333,1,3.0
石牌站,葫洲站,2,48.28333333333333,1,5.0,8.633333333333333,1,3.0
石牌站,西湖站,2,39.416666666666664,1,5.0,8.633333333333333,1,3.0
竹圍站,中山國中站,2,44.21666666666667,1,5.0,8.633333333333333,1,3.0
竹圍站,內湖站,2,60.016666666666666,1,5.0,8.633333333333333,1,3.0
竹圍站,劍南路站,2,52.93333333333333,1,5.0,8.633333333333333,1,3.0
竹圍站,大湖公園站,2,61.61666666666667,1,5.0,8.633333333333333,1,3.0
竹圍站,大直站,2,50.78333333333333,1,5.0,8.633333333333333,1,3.0
竹圍站,文德站,2,58.3,1,5.0,8.633333333333333,1,3.0
竹圍站,松山機場站,2,47.416666666666664,1,5.0,8.633333333333333,1,3.0
竹圍站,港墘站,2,56.68333333333333,1,5.0,8.633333333333333,1,3.0
竹圍站,葫洲站,2,64.05,1,5.0,8.633333333333333,1,3.0
竹圍站,西湖站,2,55.18333333333333,1,5.0,8.633333333333333,1,3.0
紅樹林站,中山國中站,2,47.03333333333333,1,5.0,8.633333333333333,1,3.0
紅樹林站,內湖站,2,62.833333333333336,1,5.0,8.633333333333333,1,3.0
紅樹林站,劍南路站,2,55.75,1,5.0,8.633333333333333,1,3.0
紅樹林站,大湖公園站,2,64.43333333333334,1,5.0,8.633333333333333,1,3.0
紅樹林站,大直站,2,53.6,1,5.0,8.633333333333333,1,3.0
紅樹林站,文德站,2,61.11666666666667,1,5.0,8.633333333333333,1,3.0
紅樹林站,松山機場站,2,50.233333333333334,1,5.0,8.633333333333333,1,3.0
紅樹林站,港墘站,2,59.5,1,5.0,8.633333333333333,1,3.0
紅樹林站,葫洲站,2,66.86666666666666,1,5.0,8.633333333333333,1,3.0
紅樹林站,西湖站,2,58.0,1,5.0,8.633333333333333,1,3.0
芝山站,中山國中站,2,25.183333333333334,1,5.0,8.633333333333333,1,3.0
芝山站,內湖站,2,40.983333333333334,1,5.0,8.633333333333333,1,3.0
芝山站,劍南路站,2,33.9,1,5.0,8.633333333333333,1,3.0
芝山站,大湖公園站,2,42.583333333333336,1,5.0,8.633333333333333,1,3.0
芝山站,大直站,2,31.75,1,5.0,8.633333333333333,1,3.0
芝山站,文德站,2,39.266666666666666,1,5.0,8.633333333333333,1,3.0
芝山站,松山機場站,2,28.383333333333333,1,5.0,8.633333333333333,1,3.0
芝山站,港墘站,2,37.65,1,5.0,8.633333333333333,1,3.0
芝山站,葫洲站,2,45.016666666666666,1,5.0,8.633333333333333,1,3.0
芝山站,西湖站,2,36.15,1,5.0,8.633333333333333,1,3.0
關渡站,中山國中站,2,41.266666666666666,1,5.0,8.633333333333333,1,3.0
關渡站,內湖站,2,57.06666666666667,1,5.0,8.633333333333333,1,3.0
關渡站,劍南路站,2,49.983333333333334,1,5.0,8.633333333333333,1,3.0
關渡站,大湖公園站,2,58.666666666666664,1,5.0,8.633333333333333,1,3.0
關渡站,大直站,2,47.833333333333336,1,5.0,8.633333333333333,1,3.0
關渡站,文德站,2,55.35,1,5.0,8.633333333333333,1,3.0
關渡站,松山機場站,2,44.46666666666667,1,5.0,8.633333333333333,1,3.0
關渡站,港墘站,2,53.733333333333334,1,5.0,8.633333333333333,1,3.0
關渡站,葫洲站,2,61.1,1,5.0,8.633333333333333,1,3.0
關渡站,西湖站,2,52.233333333333334,1,5.0,8.633333333333333,1,3.0
雙連站,中山國中站,2,15.183333333333334,1,5.0,8.633333333333333,1,3.0
雙連站,內湖站,2,30.983333333333334,1,5.0,8.633333333333333,1,3.0
雙連站,劍南路站,2,23.9,1,5.0,8.633333333333333,1,3.0
雙連站,大湖公園站,2,32.583333333333336,1,5.0,8.633333333333333,1,3.0
雙連站,大直站,2,21.75,1,5.0,8.633333333333333,1,3.0
雙連站,文德站,2,29.266666666666666,1,5.0,8.633333333333333,1,3.0
雙連站,松山機場站,2,18.383333333333333,1,5.0,8.633333333333333,1,3.0
雙連站,港墘站,2,27.65,1,5.0,8.633333333333333,1,3.0
雙連站,葫洲站,2,35.016666666666666,1,5.0,8.633333333333333,1,3.0
雙連站,西湖站,2,26.15,1,5.0,8.633333333333333,1,3.0
南港軟體園區站,東門站,2,28.216666666666665,1,5.0,8.583333333333334,1,2.0
三重站,秀朗橋站,2,33.766666666666666,1,5.0,8.466666666666667,1,1.0
六張犁站,南港展覽館站,2,25.816666666666666,0,0.0,8.45,1,5.0
動物園站,南港展覽館站,2,37.18333333333333,0,0.0,8.45,1,5.0
木柵站,南港展覽館站,2,35.65,0,0.0,8.45,1,5.0
科技大樓站,南港展覽館站,2,23.366666666666667,0,0.0,8.45,1,5.0
萬芳社區站,南港展覽館站,2,34.45,0,0.0,8.45,1,5.0
萬芳醫院站,南港展覽館站,2,32.38333333333333,0,0.0,8.45,1,5.0
辛亥站,南港展覽館站,2,30.2,0,0.0,8.45,1,5.0
麟光站,南港展覽館站,2,27.433333333333334,0,0.0,8.45,1,5.0
南港展覽館站,六張犁站,2,25.9,0,0.0,8.366666666666667,1,5.0
南港展覽館站,動物園站,2,37.266666666666666,0,0.0,8.366666666666667,1,5.0
南港展覽館站,木柵站,2,35.733333333333334,0,0.0,8.366666666666667,1,5.0
南港展覽館站,科技大樓站,2,23.45,0,0.0,8.366666666666667,1,5.0
南港展覽館站,萬芳社區站,2,34.53333333333333,0,0.0,8.366666666666667,1,5.0
南港展覽館站,萬芳醫院站,2,32.46666666666667,0,0.0,8.366666666666667,1,5.0
南港展覽館站,辛亥站,2,30.283333333333335,0,0.0,8.366666666666667,1,5.0
南港展覽館站,麟光站,2,27.516666666666666,0,0.0,8.366666666666667,1,5.0
景安站,七張站,2,12.916666666666666,1,2.0,8.35,0,1.0
景安站,小碧潭站,2,19.3,2,5.0,8.35,0,1.0
景安站,新店區公所站,2,14.666666666666666,1,2.0,8.35,0,1.0
景安站,新店站,2,16.933333333333334,1,2.0,8.35,0,1.0
菜寮站,景平站,2,33.85,1,5.0,8.266666666666667,1,1.0
古亭站,東湖站,2,34.1,1,5.0,8.183333333333334,1,2.0
東湖站,古亭站,2,34.06666666666667,1,5.0,8.183333333333334,1,2.0
中原站,古亭站,2,20.766666666666666,1,3.0,8.1,0,3.0
中和站,古亭站,2,17.0,1,3.0,8.1,0,3.0
板新站,古亭站,2,23.033333333333335,1,3.0,8.1,0,3.0
橋和站,古亭站,2,19.15,1,3.0,8.1,0,3.0
景平站,新埔站,2,27.066666666666666,1,5.0,7.983333333333333,1,4.0
大安森林公園站,南港展覽館站,2,25.75,1,4.0,7.816666666666666,1,0.0
大安森林公園站,南港站,2,23.483333333333334,1,4.0,7.816666666666666,1,0.0
大安森林公園站,國父紀念館站,2,13.633333333333333,1,4.0,7.816666666666666,1,0.0
大安森林公園站,市政府站,2,15.383333333333333,1,4.0,7.816666666666666,1,0.0
大安森林公園站,後山埤站,2,18.983333333333334,1,4.0,7.816666666666666,1,0.0
大安森林公園站,忠孝敦化站,2,11.983333333333333,1,4.0,7.816666666666666,1,0.0
大安森林公園站,昆陽站,2,21.25,1,4.0,7.816666666666666,1,0.0
大安森林公園站,永春站,2,17.3,1,4.0,7.816666666666666,1,0.0
南港展覽館站,大安森林公園站,2,25.666666666666668,1,4.0,7.783333333333333,1,0.0
南港站,大安森林公園站,2,23.4,1,4.0,7.783333333333333,1,0.0
國父紀念館站,大安森林公園站,2,13.55,1,4.0,7.783333333333333,1,0.0
市政府站,大安森林公園站,2,15.3,1,4.0,7.783333333333333,1,0.0
後山埤站,大安森林公園站,2,18.9,1,4.0,7.783333333333333,1,0.0
忠孝敦化站,大安森林公園站,2,11.9,1,4.0,7.783333333333333,1,0.0
昆陽站,大安森林公園站,2,21.166666666666668,1,4.0,7.783333333333333,1,0.0
永春站,大安森林公園站,2,17.216666666666665,1,4.0,7.783333333333333,1,0.0
七張站,六張犁站,2,31.45,1,5.0,7.633333333333334,1,2.0
七張站,動物園站,2,42.81666666666667,1,5.0,7.633333333333334,1,2.0
七張站,木柵站,2,41.28333333333333,1,5.0,7.633333333333334,1,2.0
七張站,科技大樓站,2,29.0,1,5.0,7.633333333333334,1,2.0
七張站,萬芳社區站,2,40.083333333333336,1,5.0,7.633333333333334,1,2.0
七張站,萬芳醫院站,2,38.016666666666666,1,5.0,7.633333333333334,1,2.0
七張站,辛亥站,2,35.833333333333336,1,5.0,7.633333333333334,1,2.0
七張站,麟光站,2,33.06666666666667,1,5.0,7.633333333333334,1,2.0
公館站,六張犁站,2,23.266666666666666,1,5.0,7.633333333333334,1,2.0
公館站,動物園站,2,34.63333333333333,1,5.0,7.633333333333334,1,2.0
公館站,木柵站,2,33.1,1,5.0,7.633333333333334,1,2.0
公館站,科技大樓站,2,20.816666666666666,1,5.0,7.633333333333334,1,2.0
公館站,萬芳社區站,2,31.9,1,5.0,7.633333333333334,1,2.0
公館站,萬芳醫院站,2,29.833333333333332,1,5.0,7.633333333333334,1,2.0
公館站,辛亥站,2,27.65,1,5.0,7.633333333333334,1,2.0
公館站,麟光站,2,24.883333333333333,1,5.0,7.633333333333334,1,2.0
十四張站,六張犁站,2,35.56666666666667,2,8.0,7.633333333333334,1,2.0
十四張站,動物園站,2,46.93333333333333,2,8.0,7.633333333333334,1,2.0
十四張站,木柵站,2,45.4,2,8.0,7.633333333333334,1,2.0
十四張站,科技大樓站,2,33.11666666666667,2,8.0,7.633333333333334,1,2.0
十四張站,萬芳社區站,2,44.2,2,8.0,7.633333333333334,1,2.0
十四張站,萬芳醫院站,2,42.13333333333333,2,8.0,7.633333333333334,1,2.0
十四張站,辛亥站,2,39.95,2,8.0,7.633333333333334,1,2.0
十四張站,麟光站,2,37.18333333333333,2,8.0,7.633333333333334,1,2.0
台電大樓站,六張犁站,2,21.45,1,5.0,7.633333333333334,1,2.0
台電大樓站,動物園站,2,32.81666666666667,1,5.0,7.633333333333334,1,2.0
台電大樓站,木柵站,2,31.283333333333335,1,5.0,7.633333333333334,1,2.0
台電大樓站,科技大樓站,2,19.0,1,5.0,7.633333333333334,1,2.0
台電大樓站,萬芳社區站,2,30.083333333333332,1,5.0,7.633333333333334,1,2.0
台電大樓站,萬芳醫院站,2,28.016666666666666,1,5.0,7.633333333333334,1,2.0
台電大樓站,辛亥站,2,25.833333333333332,1,5.0,7.633333333333334,1,2.0
台電大樓站,麟光站,2,23.066666666666666,1,5.0,7.633333333333334,1,2.0
大坪林站,六張犁站,2,29.7,1,5.0,7.633333333333334,1,2.0
大坪林站,動物園站,2,41.06666666666667,1,5.0,7.633333333333334,1,2.0
大坪林站,木柵站,2,39.53333333333333,1,5.0,7.633333333333334,1,2.0
大坪林站,科技大樓站,2,27.25,1,5.0,7.633333333333334,1,2.0
大坪林站,萬芳社區站,2,38.333333333333336,1,5.0,7.633333333333334,1,2.0
大坪林站,萬芳醫院站,2,36.266666666666666,1,5.0,7.633333333333334,1,2.0
大坪林站,辛亥站,2,34.083333333333336,1,5.0,7.633333333333334,1,2.0
大坪林站,麟光站,2,31.316666666666666,1,5.0,7.633333333333334,1,2.0
小碧潭站,六張犁站,2,38.233333333333334,2,8.0,7.633333333333334,1,2.0
小碧潭站,動物園站,2,49.6,2,8.0,7.633333333333334,1,2.0
小碧潭站,木柵站,2,48.06666666666667,2,8.0,7.633333333333334,1,2.0
小碧潭站,科技大樓站,2,35.78333333333333,2,8.0,7.633333333333334,1,2.0
小碧潭站,萬芳社區站,2,46.86666666666667,2,8.0,7.633333333333334,1,2.0
小碧潭站,萬芳醫院站,2,44.8,2,8.0,7.633333333333334,1,2.0
小碧潭站,辛亥站,2,42.61666666666667,2,8.0,7.633333333333334,1,2.0
小碧潭站,麟光站,2,39.85,2,8.0,7.633333333333334,1,2.0
新店區公所站,六張犁站,2,33.2,1,5.0,7.633333333333334,1,2.0
新店區公所站,動物園站,2,44.56666666666667,1,5.0,7.633333333333334,1,2.0
新店區公所站,木柵站,2,43.03333333333333,1,5.0,7.633333333333334,1,2.0
新店區公所站,科技大樓站,2,30.75,1,5.0,7.633333333333334,1,2.0
新店區公所站,萬芳社區站,2,41.833333333333336,1,5.0,7.633333333333334,1,2.0
新店區公所站,萬芳醫院站,2,39.766666666666666,1,5.0,7.633333333333334,1,2.0
新店區公所站,辛亥站,2,37.583333333333336,1,5.0,7.633333333333334,1,2.0
新店區公所站,麟光站,2,34.81666666666667,1,5.0,7.633333333333334,1,2.0
新店站,六張犁站,2,35.46666666666667,1,5.0,7.633333333333334,1,2.0
新店站,動物園站,2,46.833333333333336,1,5.0,7.633333333333334,1,2.0
新店站,木柵站,2,45.3,1,5.0,7.633333333333334,1,2.0
新店站,科技大樓站,2,33.016666666666666,1,5.0,7.633333333333334,1,2.0
新店站,萬芳社區站,2,44.1,1,5.0,7.633333333333334,1,2.0
新店站,萬芳醫院站,2,42.03333333333333,1,5.0,7.633333333333334,1,2.0
新店站,辛亥站,2,39.85,1,5.0,7.633333333333334,1,2.0
新店站,麟光站,2,37.083333333333336,1,5.0,7.633333333333334,1,2.0
景美站,六張犁站,2,27.716666666666665,1,5.0,7.633333333333334,1,2.0
景美站,動物園站,2,39.083333333333336,1,5.0,7.633333333333334,1,2.0
景美站,木柵站,2,37.55,1,5.0,7.633333333333334,1,2.0
景美站,科技大樓站,2,25.266666666666666,1,5.0,7.633333333333334,1,2.0
景美站,萬芳社區站,2,36.35,1,5.0,7.633333333333334,1,2.0
景美站,萬芳醫院站,2,34.28333333333333,1,5.0,7.633333333333334,1,2.0
景美站,辛亥站,2,32.1,1,5.0,7.633333333333334,1,2.0
景美站,麟光站,2,29.333333333333332,1,5.0,7.633333333333334,1,2.0
萬隆站,六張犁站,2,25.783333333333335,1,5.0,7.633333333333334,1,2.0
萬隆站,動物園站,2,37.15,1,5.0,7.633333333333334,1,2.0
萬隆站,木柵站,2,35.61666666666667,1,5.0,7.633333333333334,1,2.0
萬隆站,科技大樓站,2,23.333333333333332,1,5.0,7.633333333333334,1,2.0
萬隆站,萬芳社區站,2,34.416666666666664,1,5.0,7.633333333333334,1,2.0
萬隆站,萬芳醫院站,2,32.35,1,5.0,7.633333333333334,1,2.0
萬隆站,辛亥站,2,30.166666666666668,1,5.0,7.633333333333334,1,2.0
萬隆站,麟光站,2,27.4,1,5.0,7.633333333333334,1,2.0
劍潭站,北門站,2,12.4,1,2.0,7.583333333333333,0,1.0
北投站,北門站,2,25.75,1,2.0,7.583333333333333,0,1.0
唭哩岸站,北門站,2,22.083333333333332,1,2.0,7.583333333333333,0,1.0
圓山站,北門站,2,10.05,1,2.0,7.583333333333333,0,1.0
士林站,北門站,2,14.533333333333333,1,2.0,7.583333333333333,0,1.0
奇岩站,北門站,2,23.783333333333335,1,2.0,7.583333333333333,0,1.0
復興崗站,北門站,2,28.45,1,2.0,7.583333333333333,0,1.0
忠義站,北門站,2,30.85,1,2.0,7.583333333333333,0,1.0
新北投站,北門站,2,31.816666666666666,2,5.0,7.583333333333333,0,1.0
明德站,北門站,2,18.316666666666666,1,2.0,7.583333333333333,0,1.0
淡水站,北門站,2,41.766666666666666,1,2.0,7.583333333333333,0,1.0
石牌站,北門站,2,19.816666666666666,1,2.0,7.583333333333333,0,1.0
竹圍站,北門站,2,35.583333333333336,1,2.0,7.583333333333333,0,1.0
紅樹林站,北門站,2,38.4,1,2.0,7.583333333333333,0,1.0
芝山站,北門站,2,16.55,1,2.0,7.583333333333333,0,1.0
關渡站,北門站,2,32.63333333333333,1,2.0,7.583333333333333,0,1.0
雙連站,北門站,2,6.55,1,2.0,7.583333333333333,0,1.0
六張犁站,七張站,2,31.5,1,5.0,7.55,1,2.0
六張犁站,公館站,2,23.316666666666666,1,5.0,7.55,1,2.0
六張犁站,十四張站,2,35.166666666666664,2,8.0,7.55,1,2.0
六張犁站,台電大樓站,2,21.5,1,5.0,7.55,1,2.0
六張犁站,大坪林站,2,29.75,1,5.0,7.55,1,2.0
六張犁站,小碧潭站,2,37.88333333333333,2,8.0,7.55,1,2.0
六張犁站,新店區公所站,2,33.25,1,5.0,7.55,1,2.0
六張犁站,新店站,2,35.516666666666666,1,5.0,7.55,1,2.0
六張犁站,景美站,2,27.766666666666666,1,5.0,7.55,1,2.0
六張犁站,萬隆站,2,25.833333333333332,1,5.0,7.55,1,2.0
動物園站,七張站,2,42.86666666666667,1,5.0,7.55,1,2.0
動物園站,公館站,2,34.68333333333333,1,5.0,7.55,1,2.0
動物園站,十四張站,2,46.53333333333333,2,8.0,7.55,1,2.0
動物園站,台電大樓站,2,32.86666666666667,1,5.0,7.55,1,2.0
動物園站,大坪林站,2,41.11666666666667,1,5.0,7.55,1,2.0
動物園站,小碧潭站,2,49.25,2,8.0,7.55,1,2.0
動物園站,新店區公所站,2,44.61666666666667,1,5.0,7.55,1,2.0
動物園站,新店站,2,46.88333333333333,1,5.0,7.55,1,2.0
動物園站,景美站,2,39.13333333333333,1,5.0,7.55,1,2.0
動物園站,萬隆站,2,37.2,1,5.0,7.55,1,2.0
木柵站,七張站,2,41.333333333333336,1,5.0,7.55,1,2.0
木柵站,公館站,2,33.15,1,5.0,7.55,1,2.0
木柵站,十四張站,2,45.0,2,8.0,7.55,1,2.0
木柵站,台電大樓站,2,31.333333333333332,1,5.0,7.55,1,2.0
木柵站,大坪林站,2,39.583333333333336,1,5.0,7.55,1,2.0
木柵站,小碧潭站,2,47.71666666666667,2,8.0,7.55,1,2.0
木柵站,新店區公所站,2,43.083333333333336,1,5.0,7.55,1,2.0
木柵站,新店站,2,45.35,1,5.0,7.55,1,2.0
木柵站,景美站,2,37.6,1,5.0,7.55,1,2.0
木柵站,萬隆站,2,35.666666666666664,1,5.0,7.55,1,2.0
橋和站,民權西路站,2,32.1,1,5.0,7.55,1,1.0
科技大樓站,七張站,2,29.05,1,5.0,7.55,1,2.0
科技大樓站,公館站,2,20.866666666666667,1,5.0,7.55,1,2.0
科技大樓站,十四張站,2,32.71666666666667,2,8.0,7.55,1,2.0
科技大樓站,台電大樓站,2,19.05,1,5.0,7.55,1,2.0
科技大樓站,大坪林站,2,27.3,1,5.0,7.55,1,2.0
科技大樓站,小碧潭站,2,35.43333333333333,2,8.0,7.55,1,2.0
科技大樓站,新店區公所站,2,30.8,1,5.0,7.55,1,2.0
科技大樓站,新店站,2,33.06666666666667,1,5.0,7.55,1,2.0
科技大樓站,景美站,2,25.316666666666666,1,5.0,7.55,1,2.0
科技大樓站,萬隆站,2,23.383333333333333,1,5.0,7.55,1,2.0
萬芳社區站,七張站,2,40.13333333333333,1,5.0,7.55,1,2.0
萬芳社區站,公館站,2,31.95,1,5.0,7.55,1,2.0
萬芳社區站,十四張站,2,43.8,2,8.0,7.55,1,2.0
萬芳社區站,台電大樓站,2,30.133333333333333,1,5.0,7.55,1,2.0
萬芳社區站,大坪林站,2,38.38333333333333,1,5.0,7.55,1,2.0
萬芳社區站,小碧潭站,2,46.516666666666666,2,8.0,7.55,1,2.0
萬芳社區站,新店區公所站,2,41.88333333333333,1,5.0,7.55,1,2.0
萬芳社區站,新店站,2,44.15,1,5.0,7.55,1,2.0
萬芳社區站,景美站,2,36.4,1,5.0,7.55,1,2.0
萬芳社區站,萬隆站,2,34.46666666666667,1,5.0,7.55,1,2.0
萬芳醫院站,七張站,2,38.06666666666667,1,5.0,7.55,1,2.0
萬芳醫院站,公館站,2,29.883333333333333,1,5.0,7.55,1,2.0
萬芳醫院站,十四張站,2,41.733333333333334,2,8.0,7.55,1,2.0
萬芳醫院站,台電大樓站,2,28.066666666666666,1,5.0,7.55,1,2.0
萬芳醫院站,大坪林站,2,36.31666666666667,1,5.0,7.55,1,2.0
萬芳醫院站,小碧潭站,2,44.45,2,8.0,7.55,1,2.0
萬芳醫院站,新店區公所站,2,39.81666666666667,1,5.0,7.55,1,2.0
萬芳醫院站,新店站,2,42.083333333333336,1,5.0,7.55,1,2.0
萬芳醫院站,景美站,2,34.333333333333336,1,5.0,7.55,1,2.0
萬芳醫院站,萬隆站,2,32.4,1,5.0,7.55,1,2.0
辛亥站,七張站,2,35.88333333333333,1,5.0,7.55,1,2.0
辛亥站,公館站,2,27.7,1,5.0,7.55,1,2.0
辛亥站,十四張站,2,39.55,2,8.0,7.55,1,2.0
辛亥站,台電大樓站,2,25.883333333333333,1,5.0,7.55,1,2.0
辛亥站,大坪林站,2,34.13333333333333,1,5.0,7.55,1,2.0
辛亥站,小碧潭站,2,42.266666666666666,2,8.0,7.55,1,2.0
辛亥站,新店區公所站,2,37.63333333333333,1,5.0,7.55,1,2.0
辛亥站,新店站,2,39.9,1,5.0,7.55,1,2.0
辛亥站,景美站,2,32.15,1,5.0,7.55,1,2.0
辛亥站,萬隆站,2,30.216666666666665,1,5.0,7.55,1,2.0
麟光站,七張站,2,33.11666666666667,1,5.0,7.55,1,2.0
麟光站,公館站,2,24.933333333333334,1,5.0,7.55,1,2.0
麟光站,十四張站,2,36.78333333333333,2,8.0,7.55,1,2.0
麟光站,台電大樓站,2,23.116666666666667,1,5.0,7.55,1,2.0
麟光站,大坪林站,2,31.366666666666667,1,5.0,7.55,1,2.0
麟光站,小碧潭站,2,39.5,2,8.0,7.55,1,2.0
麟光站,新店區公所站,2,34.86666666666667,1,5.0,7.55,1,2.0
麟光站,新店站,2,37.13333333333333,1,5.0,7.55,1,2.0
麟光站,景美站,2,29.383333333333333,1,5.0,7.55,1,2.0
麟光站,萬隆站,2,27.45,1,5.0,7.55,1,2.0
北門站,劍潭站,2,12.316666666666666,1,2.0,7.533333333333333,0,1.0
北門站,北投站,2,25.666666666666668,1,2.0,7.533333333333333,0,1.0
北門站,唭哩岸站,2,22.0,1,2.0,7.533333333333333,0,1.0
北門站,圓山站,2,9.966666666666667,1,2.0,7.533333333333333,0,1.0
北門站,士林站,2,14.45,1,2.0,7.533333333333333,0,1.0
北門站,奇岩站,2,23.7,1,2.0,7.533333333333333,0,1.0
北門站,復興崗站,2,28.366666666666667,1,2.0,7.533333333333333,0,1.0
北門站,忠義站,2,30.766666666666666,1,2.0,7.533333333333333,0,1.0
北門站,新北投站,2,31.283333333333335,2,5.0,7.533333333333333,0,1.0
北門站,明德站,2,18.233333333333334,1,2.0,7.533333333333333,0,1.0
北門站,淡水站,2,41.68333333333333,1,2.0,7.533333333333333,0,1.0
北門站,石牌站,2,19.733333333333334,1,2.0,7.533333333333333,0,1.0
北門站,竹圍站,2,35.5,1,2.0,7.533333333333333,0,1.0
北門站,紅樹林站,2,38.31666666666667,1,2.0,7.533333333333333,0,1.0
北門站,芝山站,2,16.466666666666665,1,2.0,7.533333333333333,0,1.0
北門站,關渡站,2,32.55,1,2.0,7.533333333333333,0,1.0
北門站,雙連站,2,6.466666666666667,1,2.0,7.533333333333333,0,1.0
古亭站,中原站,2,20.883333333333333,1,3.0,7.533333333333333,0,3.0
古亭站,中和站,2,17.116666666666667,1,3.0,7.533333333333333,0,3.0
古亭站,板新站,2,23.15,1,3.0,7.533333333333333,0,3.0
古亭站,橋和站,2,19.266666666666666,1,3.0,7.533333333333333,0,3.0
新埔站,景平站,2,27.483333333333334,1,5.0,7.1,1,4.0
民權西路站,橋和站,2,32.266666666666666,1,5.0,7.066666666666666,1,1.0
小南門站,南港軟體園區站,2,33.516666666666666,1,5.0,6.8,1,2.0
南港軟體園區站,小南門站,2,33.5,1,5.0,6.783333333333333,1,2.0
龍山寺站,秀朗橋站,2,27.45,1,5.0,6.716666666666667,1,4.0
民權西路站,十四張站,2,27.616666666666667,1,5.0,6.4,1,1.0
幸福站,公館站,2,32.81666666666667,1,3.0,6.383333333333334,1,8.0
新北產業園區站,公館站,2,35.45,1,3.0,6.383333333333334,1,8.0
頭前庄站,永安市場站,2,26.85,0,0.0,6.383333333333334,1,6.0
景平站,三和國中站,2,36.833333333333336,1,5.0,6.3,1,1.0
景平站,三民高中站,2,40.56666666666667,1,5.0,6.3,1,1.0
景平站,三重國小站,2,34.63333333333333,1,5.0,6.3,1,1.0
景平站,中山國小站,2,28.233333333333334,1,5.0,6.3,1,1.0
景平站,台北橋站,2,34.233333333333334,1,5.0,6.3,1,1.0
景平站,大橋頭站,2,31.683333333333334,1,5.0,6.3,1,1.0
景平站,徐匯中學站,2,38.61666666666667,1,5.0,6.3,1,1.0
景平站,忠孝新生站,2,22.0,1,5.0,6.3,1,1.0
景平站,東門站,2,19.183333333333334,1,5.0,6.3,1,1.0
景平站,蘆洲站,2,42.833333333333336,1,5.0,6.3,1,1.0
景平站,行天宮站,2,26.133333333333333,1,5.0,6.3,1,1.0
秀朗橋站,龍山寺站,2,27.916666666666668,1,5.0,6.3,1,4.0
永安市場站,頭前庄站,2,26.966666666666665,0,0.0,6.266666666666667,1,6.0
中原站,中正紀念堂站,2,24.766666666666666,1,3.0,6.1,1,5.0
中原站,小南門站,2,26.666666666666668,1,3.0,6.1,1,5.0
中和站,中正紀念堂站,2,21.0,1,3.0,6.1,1,5.0
中和站,北門站,2,26.733333333333334,1,3.0,6.1,1,5.0
中和站,小南門站,2,22.9,1,3.0,6.1,1,5.0
板新站,中正紀念堂站,2,27.033333333333335,1,3.0,6.1,1,5.0
橋和站,中正紀念堂站,2,23.15,1,3.0,6.1,1,5.0
橋和站,北門站,2,28.883333333333333,1,3.0,6.1,1,5.0
橋和站,小南門站,2,25.05,1,3.0,6.1,1,5.0
公館站,幸福站,2,32.78333333333333,1,3.0,5.966666666666667,1,8.0
公館站,新北產業園區站,2,35.416666666666664,1,3.0,5.966666666666667,1,8.0
公館站,新埔民生站,2,27.816666666666666,1,3.0,5.966666666666667,1,8.0
十四張站,民權西路站,2,27.933333333333334,1,5.0,5.966666666666667,1,1.0
新埔民生站,公館站,2,28.266666666666666,1,3.0,5.966666666666667,1,8.0
景安站,先嗇宮站,2,27.1,0,0.0,5.9,1,6.0
台大醫院站,南京三民站,2,14.4,1,2.0,5.883333333333334,0,1.0
台大醫院站,南京復興站,2,10.3,1,2.0,5.883333333333334,0,1.0
台大醫院站,台北小巨蛋站,2,12.25,1,2.0,5.883333333333334,0,1.0
台大醫院站,松山站,2,17.15,1,2.0,5.883333333333334,0,1.0
南京三民站,台大醫院站,2,14.316666666666666,1,2.0,5.833333333333333,0,1.0
南京復興站,台大醫院站,2,10.216666666666667,1,2.0,5.833333333333333,0,1.0
台北小巨蛋站,台大醫院站,2,12.166666666666666,1,2.0,5.833333333333333,0,1.0
松山站,台大醫院站,2,17.066666666666666,1,2.0,5.833333333333333,0,1.0
劍潭站,忠孝新生站,2,14.7,1,2.0,5.783333333333333,0,1.0
北投站,忠孝新生站,2,28.05,1,2.0,5.783333333333333,0,1.0
唭哩岸站,忠孝新生站,2,24.383333333333333,1,2.0,5.783333333333333,0,1.0
圓山站,忠孝新生站,2,12.35,1,2.0,5.783333333333333,0,1.0
士林站,忠孝新生站,2,16.833333333333332,1,2.0,5.783333333333333,0,1.0
奇岩站,忠孝新生站,2,26.083333333333332,1,2.0,5.783333333333333,0,1.0
復興崗站,忠孝新生站,2,30.75,1,2.0,5.783333333333333,0,1.0
忠孝新生站,劍潭站,2,14.65,1,2.0,5.783333333333333,0,1.0
忠孝新生站,北投站,2,28.0,1,2.0,5.783333333333333,0,1.0
忠孝新生站,唭哩岸站,2,24.333333333333332,1,2.0,5.783333333333333,0,1.0
忠孝新生站,圓山站,2,12.3,1,2.0,5.783333333333333,0,1.0
忠孝新生站,士林站,2,16.783333333333335,1,2.0,5.783333333333333,0,1.0
忠孝新生站,奇岩站,2,26.033333333333335,1,2.0,5.783333333333333,0,1.0
忠孝新生站,復興崗站,2,30.7,1,2.0,5.783333333333333,0,1.0
忠孝新生站,忠義站,2,33.1,1,2.0,5.783333333333333,0,1.0
忠孝新生站,新北投站,2,33.61666666666667,2,5.0,5.783333333333333,0,1.0
忠孝新生站,明德站,2,20.566666666666666,1,2.0,5.783333333333333,0,1.0
忠孝新生站,淡水站,2,44.016666666666666,1,2.0,5.783333333333333,0,1.0
忠孝新生站,石牌站,2,22.066666666666666,1,2.0,5.783333333333333,0,1.0
忠孝新生站,竹圍站,2,37.833333333333336,1,2.0,5.783333333333333,0,1.0
忠孝新生站,紅樹林站,2,40.65,1,2.0,5.783333333333333,0,1.0
忠孝新生站,芝山站,2,18.8,1,2.0,5.783333333333333,0,1.0
忠孝新生站,關渡站,2,34.88333333333333,1,2.0,5.783333333333333,0,1.0
忠義站,忠孝新生站,2,33.15,1,2.0,5.783333333333333,0,1.0
新北投站,忠孝新生站,2,34.11666666666667,2,5.0,5.783333333333333,0,1.0
明德站,忠孝新生站,2,20.616666666666667,1,2.0,5.783333333333333,0,1.0
淡水站,忠孝新生站,2,44.06666666666667,1,2.0,5.783333333333333,0,1.0
石牌站,忠孝新生站,2,22.116666666666667,1,2.0,5.783333333333333,0,1.0
竹圍站,忠孝新生站,2,37.88333333333333,1,2.0,5.783333333333333,0,1.0
紅樹林站,忠孝新生站,2,40.7,1,2.0,5.783333333333333,0,1.0
芝山站,忠孝新生站,2,18.85,1,2.0,5.783333333333333,0,1.0
關渡站,忠孝新生站,2,34.93333333333333,1,2.0,5.783333333333333,0,1.0
三和國中站,景平站,2,36.95,1,5.0,5.733333333333333,1,1.0
三民高中站,景平站,2,40.68333333333333,1,5.0,5.733333333333333,1,1.0
三重國小站,景平站,2,34.75,1,5.0,5.733333333333333,1,1.0
中山國小站,景平站,2,28.35,1,5.0,5.733333333333333,1,1.0
先嗇宮站,景安站,2,27.266666666666666,0,0.0,5.733333333333333,1,6.0
台北橋站,景平站,2,34.35,1,5.0,5.733333333333333,1,1.0
大橋頭站,景平站,2,31.8,1,5.0,5.733333333333333,1,1.0
徐匯中學站,景平站,2,38.733333333333334,1,5.0,5.733333333333333,1,1.0
忠孝新生站,景平站,2,22.116666666666667,1,5.0,5.733333333333333,1,1.0
東門站,景平站,2,19.3,1,5.0,5.733333333333333,1,1.0
蘆洲站,景平站,2,42.95,1,5.0,5.733333333333333,1,1.0
行天宮站,景平站,2,26.25,1,5.0,5.733333333333333,1,1.0
三和國中站,台北車站,2,14.016666666666667,1,2.0,5.716666666666667,0,1.0
三民高中站,台北車站,2,17.75,1,2.0,5.716666666666667,0,1.0
三重國小站,台北車站,2,11.816666666666666,1,2.0,5.716666666666667,0,1.0
三重站,台北車站,2,15.266666666666667,1,2.0,5.716666666666667,0,1.0
丹鳳站,台北車站,2,27.25,1,2.0,5.716666666666667,0,1.0
先嗇宮站,台北車站,2,18.05,1,2.0,5.716666666666667,0,1.0
台北橋站,台北車站,2,11.416666666666666,1,2.0,5.716666666666667,0,1.0
大橋頭站,台北車站,2,8.866666666666667,1,2.0,5.716666666666667,0,1.0
徐匯中學站,台北車站,2,15.8,1,2.0,5.716666666666667,0,1.0
新莊站,台北車站,2,22.25,1,2.0,5.716666666666667,0,1.0
景平站,中山國中站,2,35.03333333333333,2,8.0,5.716666666666667,1,5.0
景平站,內湖站,2,50.833333333333336,2,8.0,5.716666666666667,1,5.0
景平站,劍南路站,2,43.75,2,8.0,5.716666666666667,1,5.0
景平站,大湖公園站,2,52.43333333333333,2,8.0,5.716666666666667,1,5.0
景平站,大直站,2,41.6,2,8.0,5.716666666666667,1,5.0
景平站,文德站,2,49.11666666666667,2,8.0,5.716666666666667,1,5.0
景平站,松山機場站,2,38.233333333333334,2,8.0,5.716666666666667,1,5.0
景平站,港墘站,2,47.5,2,8.0,5.716666666666667,1,5.0
景平站,西湖站,2,46.0,2,8.0,5.716666666666667,1,5.0
菜寮站,台北車站,2,13.45,1,2.0,5.716666666666667,0,1.0
蘆洲站,台北車站,2,20.016666666666666,1,2.0,5.716666666666667,0,1.0
輔大站,台北車站,2,24.95,1,2.0,5.716666666666667,0,1.0
迴龍站,台北車站,2,30.466666666666665,1,2.0,5.716666666666667,0,1.0
頭前庄站,台北車站,2,20.266666666666666,1,2.0,5.716666666666667,0,1.0
景平站,信義安和站,2,26.616666666666667,2,5.0,5.7,0,3.0
景平站,台北101/世貿站,2,28.45,2,5.0,5.7,0,3.0
景平站,大安森林公園站,2,22.933333333333334,2,5.0,5.7,0,3.0
景平站,大安站,2,24.616666666666667,2,5.0,5.7,0,3.0
景平站,廣慈/奉天宮站,2,33.0,2,5.0,5.7,0,3.0
景平站,象山站,2,30.05,2,5.0,5.7,0,3.0
十四張站,頂溪站,2,15.533333333333333,1,5.0,5.666666666666667,1,1.0
台北車站,三和國中站,2,14.066666666666666,1,2.0,5.633333333333334,0,1.0
台北車站,三民高中站,2,17.8,1,2.0,5.633333333333334,0,1.0
台北車站,三重國小站,2,11.866666666666667,1,2.0,5.633333333333334,0,1.0
台北車站,三重站,2,15.316666666666666,1,2.0,5.633333333333334,0,1.0
台北車站,丹鳳站,2,27.3,1,2.0,5.633333333333334,0,1.0
台北車站,先嗇宮站,2,18.1,1,2.0,5.633333333333334,0,1.0
台北車站,台北橋站,2,11.466666666666667,1,2.0,5.633333333333334,0,1.0
台北車站,大橋頭站,2,8.916666666666666,1,2.0,5.633333333333334,0,1.0
台北車站,徐匯中學站,2,15.85,1,2.0,5.633333333333334,0,1.0
台北車站,新莊站,2,22.3,1,2.0,5.633333333333334,0,1.0
台北車站,菜寮站,2,13.5,1,2.0,5.633333333333334,0,1.0
台北車站,蘆洲站,2,20.066666666666666,1,2.0,5.633333333333334,0,1.0
台北車站,輔大站,2,25.0,1,2.0,5.633333333333334,0,1.0
台北車站,迴龍站,2,30.516666666666666,1,2.0,5.633333333333334,0,1.0
台北車站,頭前庄站,2,20.316666666666666,1,2.0,5.633333333333334,0,1.0
景平站,南京三民站,2,32.55,1,3.0,5.616666666666666,1,5.0
景平站,南京復興站,2,28.45,1,3.0,5.616666666666666,1,5.0
景平站,台北小巨蛋站,2,30.4,1,3.0,5.616666666666666,1,5.0
景平站,松山站,2,35.3,1,3.0,5.616666666666666,1,5.0
中正紀念堂站,中原站,2,24.883333333333333,1,3.0,5.533333333333333,1,5.0
中正紀念堂站,中和站,2,21.116666666666667,1,3.0,5.533333333333333,1,5.0
中正紀念堂站,板新站,2,27.15,1,3.0,5.533333333333333,1,5.0
中正紀念堂站,橋和站,2,23.266666666666666,1,3.0,5.533333333333333,1,5.0
北門站,中和站,2,26.85,1,3.0,5.533333333333333,1,5.0
北門站,橋和站,2,29.0,1,3.0,5.533333333333333,1,5.0
小南門站,中原站,2,26.783333333333335,1,3.0,5.533333333333333,1,5.0
小南門站,中和站,2,23.016666666666666,1,3.0,5.533333333333333,1,5.0
小南門站,橋和站,2,25.166666666666668,1,3.0,5.533333333333333,1,5.0
秀朗橋站,菜寮站,2,35.416666666666664,1,5.0,5.45,1,1.0
中山國小站,台大醫院站,2,10.566666666666666,1,2.0,5.433333333333334,0,1.0
台大醫院站,中山國小站,2,10.616666666666667,1,2.0,5.433333333333334,0,1.0
景美站,頭前庄站,2,32.166666666666664,1,2.0,5.433333333333334,0,1.0
南港軟體園區站,忠孝復興站,2,21.15,0,0.0,5.35,1,5.0
大坪林站,南勢角站,2,16.25,1,2.0,5.35,0,4.0
忠孝復興站,南港軟體園區站,2,21.15,0,0.0,5.35,1,5.0
南勢角站,亞東醫院站,2,32.96666666666667,1,2.0,5.333333333333333,1,2.0
南勢角站,土城站,2,37.96666666666667,1,2.0,5.333333333333333,1,2.0
南勢角站,府中站,2,30.8,1,2.0,5.333333333333333,1,2.0
南勢角站,新埔站,2,26.966666666666665,1,2.0,5.333333333333333,1,2.0
南勢角站,永寧站,2,39.983333333333334,1,2.0,5.333333333333333,1,2.0
南勢角站,江子翠站,2,25.216666666666665,1,2.0,5.333333333333333,1,2.0
南勢角站,海山站,2,35.766666666666666,1,2.0,5.333333333333333,1,2.0
南勢角站,頂埔站,2,43.45,1,2.0,5.333333333333333,1,2.0
南勢角站,龍山寺站,2,21.533333333333335,1,2.0,5.333333333333333,1,2.0
景安站,龍山寺站,2,19.45,1,2.0,5.333333333333333,1,2.0
永安市場站,亞東醫院站,2,28.9,1,2.0,5.333333333333333,1,2.0
永安市場站,土城站,2,33.9,1,2.0,5.333333333333333,1,2.0
永安市場站,府中站,2,26.733333333333334,1,2.0,5.333333333333333,1,2.0
永安市場站,新埔站,2,22.9,1,2.0,5.333333333333333,1,2.0
永安市場站,永寧站,2,35.916666666666664,1,2.0,5.333333333333333,1,2.0
永安市場站,江子翠站,2,21.15,1,2.0,5.333333333333333,1,2.0
永安市場站,海山站,2,31.7,1,2.0,5.333333333333333,1,2.0
永安市場站,頂埔站,2,39.38333333333333,1,2.0,5.333333333333333,1,2.0
永安市場站,龍山寺站,2,17.466666666666665,1,2.0,5.333333333333333,1,2.0
頂溪站,亞東醫院站,2,26.7,1,2.0,5.333333333333333,1,2.0
頂溪站,土城站,2,31.7,1,2.0,5.333333333333333,1,2.0
頂溪站,府中站,2,24.533333333333335,1,2.0,5.333333333333333,1,2.0
頂溪站,新埔站,2,20.7,1,2.0,5.333333333333333,1,2.0
頂溪站,永寧站,2,33.71666666666667,1,2.0,5.333333333333333,1,2.0
頂溪站,江子翠站,2,18.95,1,2.0,5.333333333333333,1,2.0
頂溪站,海山站,2,29.5,1,2.0,5.333333333333333,1,2.0
頂溪站,頂埔站,2,37.18333333333333,1,2.0,5.333333333333333,1,2.0
頂溪站,龍山寺站,2,15.266666666666667,1,2.0,5.333333333333333,1,2.0
亞東醫院站,南勢角站,2,32.95,1,2.0,5.316666666666666,1,2.0
亞東醫院站,永安市場站,2,28.883333333333333,1,2.0,5.316666666666666,1,2.0
亞東醫院站,頂溪站,2,26.683333333333334,1,2.0,5.316666666666666,1,2.0
土城站,南勢角站,2,37.95,1,2.0,5.316666666666666,1,2.0
土城站,永安市場站,2,33.88333333333333,1,2.0,5.316666666666666,1,2.0
土城站,頂溪站,2,31.683333333333334,1,2.0,5.316666666666666,1,2.0
府中站,南勢角站,2,30.783333333333335,1,2.0,5.316666666666666,1,2.0
府中站,永安市場站,2,26.716666666666665,1,2.0,5.316666666666666,1,2.0
府中站,頂溪站,2,24.516666666666666,1,2.0,5.316666666666666,1,2.0
新埔站,南勢角站,2,26.95,1,2.0,5.316666666666666,1,2.0
新埔站,永安市場站,2,22.883333333333333,1,2.0,5.316666666666666,1,2.0
新埔站,頂溪站,2,20.683333333333334,1,2.0,5.316666666666666,1,2.0
永寧站,南勢角站,2,39.96666666666667,1,2.0,5.316666666666666,1,2.0
永寧站,永安市場站,2,35.9,1,2.0,5.316666666666666,1,2.0
永寧站,頂溪站,2,33.7,1,2.0,5.316666666666666,1,2.0
江子翠站,南勢角站,2,25.2,1,2.0,5.316666666666666,1,2.0
江子翠站,永安市場站,2,21.133333333333333,1,2.0,5.316666666666666,1,2.0
江子翠站,頂溪站,2,18.933333333333334,1,2.0,5.316666666666666,1,2.0
海山站,南勢角站,2,35.75,1,2.0,5.316666666666666,1,2.0
海山站,永安市場站,2,31.683333333333334,1,2.0,5.316666666666666,1,2.0
海山站,頂溪站,2,29.483333333333334,1,2.0,5.316666666666666,1,2.0
頂埔站,南勢角站,2,43.43333333333333,1,2.0,5.316666666666666,1,2.0
頂埔站,永安市場站,2,39.36666666666667,1,2.0,5.316666666666666,1,2.0
頂埔站,頂溪站,2,37.166666666666664,1,2.0,5.316666666666666,1,2.0
龍山寺站,南勢角站,2,21.516666666666666,1,2.0,5.316666666666666,1,2.0
龍山寺站,景安站,2,19.433333333333334,1,2.0,5.316666666666666,1,2.0
龍山寺站,永安市場站,2,17.45,1,2.0,5.316666666666666,1,2.0
龍山寺站,頂溪站,2,15.25,1,2.0,5.316666666666666,1,2.0
中山國中站,景平站,2,35.03333333333333,2,8.0,5.233333333333333,1,5.0
內湖站,景平站,2,50.833333333333336,2,8.0,5.233333333333333,1,5.0
劍南路站,景平站,2,43.75,2,8.0,5.233333333333333,1,5.0
南勢角站,大坪林站,2,16.366666666666667,1,2.0,5.233333333333333,0,4.0
大湖公園站,景平站,2,52.43333333333333,2,8.0,5.233333333333333,1,5.0
大直站,景平站,2,41.6,2,8.0,5.233333333333333,1,5.0
文德站,景平站,2,49.11666666666667,2,8.0,5.233333333333333,1,5.0
松山機場站,景平站,2,38.233333333333334,2,8.0,5.233333333333333,1,5.0
港墘站,景平站,2,47.5,2,8.0,5.233333333333333,1,5.0
西湖站,景平站,2,46.0,2,8.0,5.233333333333333,1,5.0
信義安和站,景平站,2,26.783333333333335,2,5.0,5.216666666666667,0,3.0
台北101/世貿站,景平站,2,28.616666666666667,2,5.0,5.216666666666667,0,3.0
大安森林公園站,景平站,2,23.1,2,5.0,5.216666666666667,0,3.0
大安站,景平站,2,24.783333333333335,2,5.0,5.216666666666667,0,3.0
廣慈/奉天宮站,景平站,2,33.166666666666664,2,5.0,5.216666666666667,0,3.0
象山站,景平站,2,30.216666666666665,2,5.0,5.216666666666667,0,3.0
南京三民站,景平站,2,32.583333333333336,1,3.0,5.133333333333334,1,5.0
南京復興站,景平站,2,28.483333333333334,1,3.0,5.133333333333334,1,5.0
台北小巨蛋站,景平站,2,30.433333333333334,1,3.0,5.133333333333334,1,5.0
松山站,景平站,2,35.333333333333336,1,3.0,5.133333333333334,1,5.0
頂溪站,十四張站,2,15.65,1,5.0,5.1,1,1.0
頭前庄站,景美站,2,32.61666666666667,1,2.0,4.983333333333333,0,1.0
東門站,東湖站,2,30.083333333333332,1,5.0,4.966666666666667,1,2.0
南京三民站,善導寺站,2,13.85,1,2.0,4.933333333333334,1,2.0
台北小巨蛋站,善導寺站,2,11.7,1,2.0,4.933333333333334,1,2.0
松山站,善導寺站,2,16.6,1,2.0,4.933333333333334,1,2.0
東湖站,東門站,2,30.05,1,5.0,4.916666666666667,1,2.0
善導寺站,南京三民站,2,13.9,1,2.0,4.866666666666666,1,2.0
善導寺站,台北小巨蛋站,2,11.75,1,2.0,4.866666666666666,1,2.0
善導寺站,松山站,2,16.65,1,2.0,4.866666666666666,1,2.0
景美站,景安站,2,12.7,1,2.0,4.833333333333333,0,1.0
菜寮站,秀朗橋站,2,35.583333333333336,1,5.0,4.833333333333333,1,1.0
三和國中站,中正紀念堂站,2,17.75,1,2.0,4.766666666666667,0,1.0
三民高中站,中正紀念堂站,2,21.483333333333334,1,2.0,4.766666666666667,0,1.0
三重國小站,中正紀念堂站,2,15.55,1,2.0,4.766666666666667,0,1.0
三重站,中正紀念堂站,2,19.0,1,2.0,4.766666666666667,0,1.0
中正紀念堂站,三和國中站,2,17.8,1,2.0,4.766666666666667,0,1.0
中正紀念堂站,三民高中站,2,21.533333333333335,1,2.0,4.766666666666667,0,1.0
中正紀念堂站,三重國小站,2,15.6,1,2.0,4.766666666666667,0,1.0
中正紀念堂站,三重站,2,19.05,1,2.0,4.766666666666667,0,1.0
中正紀念堂站,丹鳳站,2,31.033333333333335,1,2.0,4.766666666666667,0,1.0
中正紀念堂站,先嗇宮站,2,21.833333333333332,1,2.0,4.766666666666667,0,1.0
中正紀念堂站,台北橋站,2,15.2,1,2.0,4.766666666666667,0,1.0
中正紀念堂站,大橋頭站,2,12.65,1,2.0,4.766666666666667,0,1.0
中正紀念堂站,徐匯中學站,2,19.583333333333332,1,2.0,4.766666666666667,0,1.0
中正紀念堂站,新莊站,2,26.033333333333335,1,2.0,4.766666666666667,0,1.0
中正紀念堂站,菜寮站,2,17.233333333333334,1,2.0,4.766666666666667,0,1.0
中正紀念堂站,蘆洲站,2,23.8,1,2.0,4.766666666666667,0,1.0
中正紀念堂站,輔大站,2,28.733333333333334,1,2.0,4.766666666666667,0,1.0
中正紀念堂站,迴龍站,2,34.25,1,2.0,4.766666666666667,0,1.0
中正紀念堂站,頭前庄站,2,24.05,1,2.0,4.766666666666667,0,1.0
丹鳳站,中正紀念堂站,2,30.983333333333334,1,2.0,4.766666666666667,0,1.0
先嗇宮站,中正紀念堂站,2,21.783333333333335,1,2.0,4.766666666666667,0,1.0
台北橋站,中正紀念堂站,2,15.15,1,2.0,4.766666666666667,0,1.0
大橋頭站,中正紀念堂站,2,12.6,1,2.0,4.766666666666667,0,1.0
徐匯中學站,中正紀念堂站,2,19.533333333333335,1,2.0,4.766666666666667,0,1.0
新莊站,中正紀念堂站,2,25.983333333333334,1,2.0,4.766666666666667,0,1.0
菜寮站,中正紀念堂站,2,17.183333333333334,1,2.0,4.766666666666667,0,1.0
蘆洲站,中正紀念堂站,2,23.75,1,2.0,4.766666666666667,0,1.0
輔大站,中正紀念堂站,2,28.683333333333334,1,2.0,4.766666666666667,0,1.0
迴龍站,中正紀念堂站,2,34.2,1,2.0,4.766666666666667,0,1.0
頭前庄站,中正紀念堂站,2,24.0,1,2.0,4.766666666666667,0,1.0
亞東醫院站,民權西路站,2,24.6,1,2.0,4.75,0,2.0
古亭站,葫洲站,2,35.81666666666667,1,5.0,4.75,1,2.0
土城站,民權西路站,2,29.6,1,2.0,4.75,0,2.0
府中站,民權西路站,2,22.433333333333334,1,2.0,4.75,0,2.0
新埔站,民權西路站,2,18.6,1,2.0,4.75,0,2.0
板橋站,民權西路站,2,20.85,1,2.0,4.75,0,2.0
永寧站,民權西路站,2,31.616666666666667,1,2.0,4.75,0,2.0
江子翠站,民權西路站,2,16.85,1,2.0,4.75,0,2.0
海山站,民權西路站,2,27.4,1,2.0,4.75,0,2.0
葫洲站,古亭站,2,35.78333333333333,1,5.0,4.75,1,2.0
頂埔站,民權西路站,2,35.083333333333336,1,2.0,4.75,0,2.0
龍山寺站,民權西路站,2,13.166666666666666,1,2.0,4.75,0,2.0
民權西路站,亞東醫院站,2,24.716666666666665,1,2.0,4.666666666666667,0,2.0
民權西路站,土城站,2,29.716666666666665,1,2.0,4.666666666666667,0,2.0
民權西路站,府中站,2,22.55,1,2.0,4.666666666666667,0,2.0
民權西路站,新埔站,2,18.716666666666665,1,2.0,4.666666666666667,0,2.0
民權西路站,板橋站,2,20.966666666666665,1,2.0,4.666666666666667,0,2.0
民權西路站,永寧站,2,31.733333333333334,1,2.0,4.666666666666667,0,2.0
民權西路站,江子翠站,2,16.966666666666665,1,2.0,4.666666666666667,0,2.0
民權西路站,海山站,2,27.516666666666666,1,2.0,4.666666666666667,0,2.0
民權西路站,頂埔站,2,35.2,1,2.0,4.666666666666667,0,2.0
民權西路站,龍山寺站,2,13.283333333333333,1,2.0,4.666666666666667,0,2.0
十四張站,三重站,2,35.833333333333336,1,5.0,4.616666666666666,1,1.0
秀朗橋站,新埔站,2,28.8,1,5.0,4.55,1,4.0
景平站,江子翠站,2,28.816666666666666,1,5.0,4.483333333333333,1,4.0
景安站,景美站,2,13.15,1,2.0,4.383333333333334,0,1.0
南京三民站,台北車站,2,12.616666666666667,1,2.0,4.366666666666666,0,1.0
南京復興站,台北車站,2,8.516666666666667,1,2.0,4.366666666666666,0,1.0
台北小巨蛋站,台北車站,2,10.466666666666667,1,2.0,4.366666666666666,0,1.0
松山站,台北車站,2,15.366666666666667,1,2.0,4.366666666666666,0,1.0
景平站,古亭站,2,15.166666666666666,1,3.0,4.3,0,3.0
台北車站,南京三民站,2,12.7,1,2.0,4.266666666666667,0,1.0
台北車站,南京復興站,2,8.6,1,2.0,4.266666666666667,0,1.0
台北車站,台北小巨蛋站,2,10.55,1,2.0,4.266666666666667,0,1.0
台北車站,松山站,2,15.45,1,2.0,4.266666666666667,0,1.0
南勢角站,丹鳳站,2,40.06666666666667,0,0.0,4.216666666666667,2,12.0
南勢角站,新莊站,2,35.06666666666667,0,0.0,4.216666666666667,2,12.0
南勢角站,輔大站,2,37.766666666666666,0,0.0,4.216666666666667,2,12.0
南勢角站,迴龍站,2,43.28333333333333,0,0.0,4.216666666666667,2,12.0
丹鳳站,南勢角站,2,40.11666666666667,0,0.0,4.166666666666667,2,12.0
新莊站,南勢角站,2,35.11666666666667,0,0.0,4.166666666666667,2,12.0
輔大站,南勢角站,2,37.81666666666667,0,0.0,4.166666666666667,2,12.0
迴龍站,南勢角站,2,43.333333333333336,0,0.0,4.166666666666667,2,12.0
江子翠站,景平站,2,28.766666666666666,1,5.0,4.066666666666666,1,4.0
信義安和站,善導寺站,2,13.766666666666667,1,4.0,4.033333333333333,1,0.0
台北101/世貿站,善導寺站,2,15.6,1,4.0,4.033333333333333,1,0.0
大安森林公園站,善導寺站,2,10.083333333333334,1,4.0,4.033333333333333,1,0.0
廣慈/奉天宮站,善導寺站,2,20.15,1,4.0,4.033333333333333,1,0.0
象山站,善導寺站,2,17.2,1,4.0,4.033333333333333,1,0.0
小南門站,六張犁站,2,19.3,1,5.0,4.016666666666667,1,2.0
小南門站,動物園站,2,30.666666666666668,1,5.0,4.016666666666667,1,2.0
小南門站,木柵站,2,29.133333333333333,1,5.0,4.016666666666667,1,2.0
小南門站,科技大樓站,2,16.85,1,5.0,4.016666666666667,1,2.0
小南門站,萬芳社區站,2,27.933333333333334,1,5.0,4.016666666666667,1,2.0
小南門站,萬芳醫院站,2,25.866666666666667,1,5.0,4.016666666666667,1,2.0
小南門站,辛亥站,2,23.683333333333334,1,5.0,4.016666666666667,1,2.0
小南門站,麟光站,2,20.916666666666668,1,5.0,4.016666666666667,1,2.0
三重站,十四張站,2,36.0,1,5.0,4.0,1,1.0
善導寺站,信義安和站,2,13.683333333333334,1,4.0,4.0,1,0.0
善導寺站,台北101/世貿站,2,15.516666666666667,1,4.0,4.0,1,0.0
善導寺站,大安森林公園站,2,10.0,1,4.0,4.0,1,0.0
善導寺站,廣慈/奉天宮站,2,20.066666666666666,1,4.0,4.0,1,0.0
善導寺站,象山站,2,17.116666666666667,1,4.0,4.0,1,0.0
松江南京站,台大醫院站,2,8.1,1,2.0,4.0,0,1.0
板橋站,大橋頭站,2,23.366666666666667,1,2.0,3.9833333333333334,0,4.0
七張站,板橋站,2,25.283333333333335,1,2.0,3.966666666666667,0,1.0
三和國中站,中山站,2,12.383333333333333,1,2.0,3.966666666666667,0,1.0
三民高中站,中山站,2,16.116666666666667,1,2.0,3.966666666666667,0,1.0
三重國小站,中山站,2,10.183333333333334,1,2.0,3.966666666666667,0,1.0
三重站,中山站,2,13.633333333333333,1,2.0,3.966666666666667,0,1.0
丹鳳站,中山站,2,25.616666666666667,1,2.0,3.966666666666667,0,1.0
先嗇宮站,中山站,2,16.416666666666668,1,2.0,3.966666666666667,0,1.0
台北橋站,中山站,2,9.783333333333333,1,2.0,3.966666666666667,0,1.0
台大醫院站,松江南京站,2,8.183333333333334,1,2.0,3.966666666666667,0,1.0
大橋頭站,中山站,2,7.233333333333333,1,2.0,3.966666666666667,0,1.0
小碧潭站,板橋站,2,32.06666666666667,2,5.0,3.966666666666667,0,1.0
徐匯中學站,中山站,2,14.166666666666666,1,2.0,3.966666666666667,0,1.0
新店區公所站,板橋站,2,27.033333333333335,1,2.0,3.966666666666667,0,1.0
新店站,板橋站,2,29.3,1,2.0,3.966666666666667,0,1.0
新莊站,中山站,2,20.616666666666667,1,2.0,3.966666666666667,0,1.0
菜寮站,中山站,2,11.816666666666666,1,2.0,3.966666666666667,0,1.0
蘆洲站,中山站,2,18.383333333333333,1,2.0,3.966666666666667,0,1.0
輔大站,中山站,2,23.316666666666666,1,2.0,3.966666666666667,0,1.0
迴龍站,中山站,2,28.833333333333332,1,2.0,3.966666666666667,0,1.0
頭前庄站,中山站,2,18.633333333333333,1,2.0,3.966666666666667,0,1.0
六張犁站,小南門站,2,19.35,1,5.0,3.933333333333333,1,2.0
動物園站,小南門站,2,30.716666666666665,1,5.0,3.933333333333333,1,2.0
木柵站,小南門站,2,29.183333333333334,1,5.0,3.933333333333333,1,2.0
科技大樓站,小南門站,2,16.9,1,5.0,3.933333333333333,1,2.0
萬芳社區站,小南門站,2,27.983333333333334,1,5.0,3.933333333333333,1,2.0
萬芳醫院站,小南門站,2,25.916666666666668,1,5.0,3.933333333333333,1,2.0
辛亥站,小南門站,2,23.733333333333334,1,5.0,3.933333333333333,1,2.0
麟光站,小南門站,2,20.966666666666665,1,5.0,3.933333333333333,1,2.0
北門站,民權西路站,2,7.966666666666667,1,2.0,3.9166666666666665,0,1.0
南港軟體園區站,松江南京站,2,27.65,1,5.0,3.9166666666666665,1,2.0
松江南京站,南港軟體園區站,2,27.683333333333334,1,5.0,3.9166666666666665,1,2.0
民權西路站,北門站,2,8.05,1,2.0,3.9166666666666665,0,1.0
大橋頭站,板橋站,2,23.533333333333335,1,2.0,3.85,0,4.0
中山站,三和國中站,2,12.433333333333334,1,2.0,3.8333333333333335,0,1.0
中山站,三民高中站,2,16.166666666666668,1,2.0,3.8333333333333335,0,1.0
中山站,三重國小站,2,10.233333333333333,1,2.0,3.8333333333333335,0,1.0
中山站,三重站,2,13.683333333333334,1,2.0,3.8333333333333335,0,1.0
中山站,丹鳳站,2,25.666666666666668,1,2.0,3.8333333333333335,0,1.0
中山站,先嗇宮站,2,16.466666666666665,1,2.0,3.8333333333333335,0,1.0
中山站,台北橋站,2,9.833333333333334,1,2.0,3.8333333333333335,0,1.0
中山站,大橋頭站,2,7.283333333333333,1,2.0,3.8333333333333335,0,1.0
中山站,徐匯中學站,2,14.216666666666667,1,2.0,3.8333333333333335,0,1.0
中山站,新莊站,2,20.666666666666668,1,2.0,3.8333333333333335,0,1.0
中山站,菜寮站,2,11.866666666666667,1,2.0,3.8333333333333335,0,1.0
中山站,蘆洲站,2,18.433333333333334,1,2.0,3.8333333333333335,0,1.0
中山站,輔大站,2,23.366666666666667,1,2.0,3.8333333333333335,0,1.0
中山站,迴龍站,2,28.883333333333333,1,2.0,3.8333333333333335,0,1.0
中山站,頭前庄站,2,18.683333333333334,1,2.0,3.8333333333333335,0,1.0
江子翠站,十四張站,2,28.9,1,5.0,3.8333333333333335,1,4.0
古亭站,景平站,2,15.283333333333333,1,3.0,3.7333333333333334,0,3.0
劍潭站,西門站,2,14.3,1,2.0,3.683333333333333,0,1.0
北投站,西門站,2,27.65,1,2.0,3.683333333333333,0,1.0
唭哩岸站,西門站,2,23.983333333333334,1,2.0,3.683333333333333,0,1.0
圓山站,西門站,2,11.95,1,2.0,3.683333333333333,0,1.0
士林站,西門站,2,16.433333333333334,1,2.0,3.683333333333333,0,1.0
奇岩站,西門站,2,25.683333333333334,1,2.0,3.683333333333333,0,1.0
復興崗站,西門站,2,30.35,1,2.0,3.683333333333333,0,1.0
忠義站,西門站,2,32.75,1,2.0,3.683333333333333,0,1.0
新北投站,西門站,2,33.71666666666667,2,5.0,3.683333333333333,0,1.0
明德站,西門站,2,20.216666666666665,1,2.0,3.683333333333333,0,1.0
民權西路站,西門站,2,9.95,1,2.0,3.683333333333333,0,1.0
淡水站,西門站,2,43.666666666666664,1,2.0,3.683333333333333,0,1.0
石牌站,西門站,2,21.716666666666665,1,2.0,3.683333333333333,0,1.0
竹圍站,西門站,2,37.483333333333334,1,2.0,3.683333333333333,0,1.0
紅樹林站,西門站,2,40.3,1,2.0,3.683333333333333,0,1.0
芝山站,西門站,2,18.45,1,2.0,3.683333333333333,0,1.0
關渡站,西門站,2,34.53333333333333,1,2.0,3.683333333333333,0,1.0
雙連站,西門站,2,8.45,1,2.0,3.683333333333333,0,1.0
新埔站,秀朗橋站,2,29.216666666666665,1,5.0,3.6666666666666665,1,4.0
西門站,劍潭站,2,14.216666666666667,1,2.0,3.6333333333333333,0,1.0
西門站,北投站,2,27.566666666666666,1,2.0,3.6333333333333333,0,1.0
西門站,唭哩岸站,2,23.9,1,2.0,3.6333333333333333,0,1.0
西門站,圓山站,2,11.866666666666667,1,2.0,3.6333333333333333,0,1.0
西門站,士林站,2,16.35,1,2.0,3.6333333333333333,0,1.0
西門站,奇岩站,2,25.6,1,2.0,3.6333333333333333,0,1.0
西門站,復興崗站,2,30.266666666666666,1,2.0,3.6333333333333333,0,1.0
西門站,忠義站,2,32.666666666666664,1,2.0,3.6333333333333333,0,1.0
西門站,新北投站,2,33.18333333333333,2,5.0,3.6333333333333333,0,1.0
西門站,明德站,2,20.133333333333333,1,2.0,3.6333333333333333,0,1.0
西門站,民權西路站,2,9.866666666666667,1,2.0,3.6333333333333333,0,1.0
西門站,淡水站,2,43.583333333333336,1,2.0,3.6333333333333333,0,1.0
西門站,石牌站,2,21.633333333333333,1,2.0,3.6333333333333333,0,1.0
西門站,竹圍站,2,37.4,1,2.0,3.6333333333333333,0,1.0
西門站,紅樹林站,2,40.21666666666667,1,2.0,3.6333333333333333,0,1.0
西門站,芝山站,2,18.366666666666667,1,2.0,3.6333333333333333,0,1.0
西門站,關渡站,2,34.45,1,2.0,3.6333333333333333,0,1.0
西門站,雙連站,2,8.366666666666667,1,2.0,3.6333333333333333,0,1.0
板橋站,七張站,2,25.733333333333334,1,2.0,3.5,0,1.0
板橋站,小碧潭站,2,32.11666666666667,2,5.0,3.5,0,1.0
板橋站,新店區公所站,2,27.483333333333334,1,2.0,3.5,0,1.0
板橋站,新店站,2,29.75,1,2.0,3.5,0,1.0
南勢角站,台大醫院站,2,17.466666666666665,1,2.0,3.433333333333333,1,2.0
南勢角站,雙連站,2,22.283333333333335,1,2.0,3.433333333333333,1,2.0
景安站,台大醫院站,2,15.383333333333333,1,2.0,3.433333333333333,1,2.0
景安站,雙連站,2,20.2,1,2.0,3.433333333333333,1,2.0
永安市場站,台大醫院站,2,13.4,1,2.0,3.433333333333333,1,2.0
永安市場站,雙連站,2,18.216666666666665,1,2.0,3.433333333333333,1,2.0
頂溪站,台大醫院站,2,11.2,1,2.0,3.433333333333333,1,2.0
頂溪站,雙連站,2,16.016666666666666,1,2.0,3.433333333333333,1,2.0
十四張站,江子翠站,2,29.366666666666667,1,5.0,3.4166666666666665,1,4.0
善導寺站,中山站,2,6.816666666666666,1,2.0,3.3833333333333333,0,2.0
台大醫院站,南勢角站,2,17.6,1,2.0,3.35,1,2.0
台大醫院站,景安站,2,15.516666666666667,1,2.0,3.35,1,2.0
台大醫院站,永安市場站,2,13.533333333333333,1,2.0,3.35,1,2.0
台大醫院站,頂溪站,2,11.333333333333334,1,2.0,3.35,1,2.0
雙連站,南勢角站,2,22.416666666666668,1,2.0,3.35,1,2.0
雙連站,景安站,2,20.333333333333332,1,2.0,3.35,1,2.0
雙連站,永安市場站,2,18.35,1,2.0,3.35,1,2.0
雙連站,頂溪站,2,16.15,1,2.0,3.35,1,2.0
中山站,善導寺站,2,6.933333333333334,1,2.0,3.283333333333333,0,2.0
南港軟體園區站,大安森林公園站,2,31.966666666666665,1,5.0,3.1333333333333333,2,4.0
大安森林公園站,南港軟體園區站,2,32.05,1,5.0,3.1333333333333333,2,4.0
小南門站,東湖站,2,35.35,1,5.0,3.1333333333333333,1,2.0
東湖站,小南門站,2,35.333333333333336,1,5.0,3.1166666666666667,1,2.0
南港展覽館站,七張站,2,39.9,1,2.0,3.066666666666667,1,2.0
南港展覽館站,公館站,2,31.716666666666665,1,2.0,3.066666666666667,1,2.0
南港展覽館站,台電大樓站,2,29.9,1,2.0,3.066666666666667,1,2.0
南港展覽館站,大坪林站,2,38.15,1,2.0,3.066666666666667,1,2.0
南港展覽館站,小碧潭站,2,46.28333333333333,2,5.0,3.066666666666667,1,2.0
南港展覽館站,新店區公所站,2,41.65,1,2.0,3.066666666666667,1,2.0
南港展覽館站,新店站,2,43.916666666666664,1,2.0,3.066666666666667,1,2.0
南港展覽館站,景美站,2,36.166666666666664,1,2.0,3.066666666666667,1,2.0
南港展覽館站,萬隆站,2,34.233333333333334,1,2.0,3.066666666666667,1,2.0
南港站,七張站,2,37.63333333333333,1,2.0,3.066666666666667,1,2.0
南港站,公館站,2,29.45,1,2.0,3.066666666666667,1,2.0
南港站,台電大樓站,2,27.633333333333333,1,2.0,3.066666666666667,1,2.0
南港站,大坪林站,2,35.88333333333333,1,2.0,3.066666666666667,1,2.0
南港站,小碧潭站,2,44.016666666666666,2,5.0,3.066666666666667,1,2.0
南港站,新店區公所站,2,39.38333333333333,1,2.0,3.066666666666667,1,2.0
南港站,新店站,2,41.65,1,2.0,3.066666666666667,1,2.0
南港站,景美站,2,33.9,1,2.0,3.066666666666667,1,2.0
南港站,萬隆站,2,31.966666666666665,1,2.0,3.066666666666667,1,2.0
國父紀念館站,七張站,2,27.783333333333335,1,2.0,3.066666666666667,1,2.0
國父紀念館站,公館站,2,19.6,1,2.0,3.066666666666667,1,2.0
國父紀念館站,台電大樓站,2,17.783333333333335,1,2.0,3.066666666666667,1,2.0
國父紀念館站,大坪林站,2,26.033333333333335,1,2.0,3.066666666666667,1,2.0
國父紀念館站,小碧潭站,2,34.166666666666664,2,5.0,3.066666666666667,1,2.0
國父紀念館站,新店區公所站,2,29.533333333333335,1,2.0,3.066666666666667,1,2.0
國父紀念館站,新店站,2,31.8,1,2.0,3.066666666666667,1,2.0
國父紀念館站,景美站,2,24.05,1,2.0,3.066666666666667,1,2.0
國父紀念館站,萬隆站,2,22.116666666666667,1,2.0,3.066666666666667,1,2.0
市政府站,七張站,2,29.533333333333335,1,2.0,3.066666666666667,1,2.0
市政府站,公館站,2,21.35,1,2.0,3.066666666666667,1,2.0
市政府站,台電大樓站,2,19.533333333333335,1,2.0,3.066666666666667,1,2.0
市政府站,大坪林站,2,27.783333333333335,1,2.0,3.066666666666667,1,2.0
市政府站,小碧潭站,2,35.916666666666664,2,5.0,3.066666666666667,1,2.0
市政府站,新店區公所站,2,31.283333333333335,1,2.0,3.066666666666667,1,2.0
市政府站,新店站,2,33.55,1,2.0,3.066666666666667,1,2.0
市政府站,景美站,2,25.8,1,2.0,3.066666666666667,1,2.0
市政府站,萬隆站,2,23.866666666666667,1,2.0,3.066666666666667,1,2.0
後山埤站,七張站,2,33.13333333333333,1,2.0,3.066666666666667,1,2.0
後山埤站,公館站,2,24.95,1,2.0,3.066666666666667,1,2.0
後山埤站,台電大樓站,2,23.133333333333333,1,2.0,3.066666666666667,1,2.0
後山埤站,大坪林站,2,31.383333333333333,1,2.0,3.066666666666667,1,2.0
後山埤站,小碧潭站,2,39.516666666666666,2,5.0,3.066666666666667,1,2.0
後山埤站,新店區公所站,2,34.88333333333333,1,2.0,3.066666666666667,1,2.0
後山埤站,新店站,2,37.15,1,2.0,3.066666666666667,1,2.0
後山埤站,景美站,2,29.4,1,2.0,3.066666666666667,1,2.0
後山埤站,萬隆站,2,27.466666666666665,1,2.0,3.066666666666667,1,2.0
忠孝復興站,七張站,2,24.383333333333333,1,2.0,3.066666666666667,1,2.0
忠孝復興站,公館站,2,16.2,1,2.0,3.066666666666667,1,2.0
忠孝復興站,台電大樓站,2,14.383333333333333,1,2.0,3.066666666666667,1,2.0
忠孝復興站,大坪林站,2,22.633333333333333,1,2.0,3.066666666666667,1,2.0
忠孝復興站,小碧潭站,2,30.766666666666666,2,5.0,3.066666666666667,1,2.0
忠孝復興站,新店區公所站,2,26.133333333333333,1,2.0,3.066666666666667,1,2.0
忠孝復興站,新店站,2,28.4,1,2.0,3.066666666666667,1,2.0
忠孝復興站,景美站,2,20.65,1,2.0,3.066666666666667,1,2.0
忠孝復興站,萬隆站,2,18.716666666666665,1,2.0,3.066666666666667,1,2.0
忠孝敦化站,七張站,2,26.133333333333333,1,2.0,3.066666666666667,1,2.0
忠孝敦化站,公館站,2,17.95,1,2.0,3.066666666666667,1,2.0
忠孝敦化站,台電大樓站,2,16.133333333333333,1,2.0,3.066666666666667,1,2.0
忠孝敦化站,大坪林站,2,24.383333333333333,1,2.0,3.066666666666667,1,2.0
忠孝敦化站,小碧潭站,2,32.516666666666666,2,5.0,3.066666666666667,1,2.0
忠孝敦化站,新店區公所站,2,27.883333333333333,1,2.0,3.066666666666667,1,2.0
忠孝敦化站,新店站,2,30.15,1,2.0,3.066666666666667,1,2.0
忠孝敦化站,景美站,2,22.4,1,2.0,3.066666666666667,1,2.0
忠孝敦化站,萬隆站,2,20.466666666666665,1,2.0,3.066666666666667,1,2.0
昆陽站,七張站,2,35.4,1,2.0,3.066666666666667,1,2.0
昆陽站,公館站,2,27.216666666666665,1,2.0,3.066666666666667,1,2.0
昆陽站,台電大樓站,2,25.4,1,2.0,3.066666666666667,1,2.0
昆陽站,大坪林站,2,33.65,1,2.0,3.066666666666667,1,2.0
昆陽站,小碧潭站,2,41.78333333333333,2,5.0,3.066666666666667,1,2.0
昆陽站,新店區公所站,2,37.15,1,2.0,3.066666666666667,1,2.0
昆陽站,新店站,2,39.416666666666664,1,2.0,3.066666666666667,1,2.0
昆陽站,景美站,2,31.666666666666668,1,2.0,3.066666666666667,1,2.0
昆陽站,萬隆站,2,29.733333333333334,1,2.0,3.066666666666667,1,2.0
永春站,七張站,2,31.45,1,2.0,3.066666666666667,1,2.0
永春站,公館站,2,23.266666666666666,1,2.0,3.066666666666667,1,2.0
永春站,台電大樓站,2,21.45,1,2.0,3.066666666666667,1,2.0
永春站,大坪林站,2,29.7,1,2.0,3.066666666666667,1,2.0
永春站,小碧潭站,2,37.833333333333336,2,5.0,3.066666666666667,1,2.0
永春站,新店區公所站,2,33.2,1,2.0,3.066666666666667,1,2.0
永春站,新店站,2,35.46666666666667,1,2.0,3.066666666666667,1,2.0
永春站,景美站,2,27.716666666666665,1,2.0,3.066666666666667,1,2.0
永春站,萬隆站,2,25.783333333333335,1,2.0,3.066666666666667,1,2.0
七張站,南港展覽館站,2,39.93333333333333,1,2.0,3.05,1,2.0
七張站,南港站,2,37.666666666666664,1,2.0,3.05,1,2.0
七張站,國父紀念館站,2,27.816666666666666,1,2.0,3.05,1,2.0
七張站,市政府站,2,29.566666666666666,1,2.0,3.05,1,2.0
七張站,後山埤站,2,33.166666666666664,1,2.0,3.05,1,2.0
七張站,忠孝復興站,2,24.416666666666668,1,2.0,3.05,1,2.0
七張站,忠孝敦化站,2,26.166666666666668,1,2.0,3.05,1,2.0
七張站,昆陽站,2,35.43333333333333,1,2.0,3.05,1,2.0
七張站,永春站,2,31.483333333333334,1,2.0,3.05,1,2.0
公館站,南港展覽館站,2,31.75,1,2.0,3.05,1,2.0
公館站,南港站,2,29.483333333333334,1,2.0,3.05,1,2.0
公館站,國父紀念館站,2,19.633333333333333,1,2.0,3.05,1,2.0
公館站,市政府站,2,21.383333333333333,1,2.0,3.05,1,2.0
公館站,後山埤站,2,24.983333333333334,1,2.0,3.05,1,2.0
公館站,忠孝復興站,2,16.233333333333334,1,2.0,3.05,1,2.0
公館站,忠孝敦化站,2,17.983333333333334,1,2.0,3.05,1,2.0
公館站,昆陽站,2,27.25,1,2.0,3.05,1,2.0
公館站,永春站,2,23.3,1,2.0,3.05,1,2.0
台電大樓站,南港展覽館站,2,29.933333333333334,1,2.0,3.05,1,2.0
台電大樓站,南港站,2,27.666666666666668,1,2.0,3.05,1,2.0
台電大樓站,國父紀念館站,2,17.816666666666666,1,2.0,3.05,1,2.0
台電大樓站,市政府站,2,19.566666666666666,1,2.0,3.05,1,2.0
台電大樓站,後山埤站,2,23.166666666666668,1,2.0,3.05,1,2.0
台電大樓站,忠孝復興站,2,14.416666666666666,1,2.0,3.05,1,2.0
台電大樓站,忠孝敦化站,2,16.166666666666668,1,2.0,3.05,1,2.0
台電大樓站,昆陽站,2,25.433333333333334,1,2.0,3.05,1,2.0
台電大樓站,永春站,2,21.483333333333334,1,2.0,3.05,1,2.0
大坪林站,南港展覽館站,2,38.18333333333333,1,2.0,3.05,1,2.0
大坪林站,南港站,2,35.916666666666664,1,2.0,3.05,1,2.0
大坪林站,國父紀念館站,2,26.066666666666666,1,2.0,3.05,1,2.0
大坪林站,市政府站,2,27.816666666666666,1,2.0,3.05,1,2.0
大坪林站,後山埤站,2,31.416666666666668,1,2.0,3.05,1,2.0
大坪林站,忠孝復興站,2,22.666666666666668,1,2.0,3.05,1,2.0
大坪林站,忠孝敦化站,2,24.416666666666668,1,2.0,3.05,1,2.0
大坪林站,昆陽站,2,33.68333333333333,1,2.0,3.05,1,2.0
大坪林站,永春站,2,29.733333333333334,1,2.0,3.05,1,2.0
小碧潭站,南港展覽館站,2,46.71666666666667,2,5.0,3.05,1,2.0
小碧潭站,南港站,2,44.45,2,5.0,3.05,1,2.0
小碧潭站,國父紀念館站,2,34.6,2,5.0,3.05,1,2.0
小碧潭站,市政府站,2,36.35,2,5.0,3.05,1,2.0
小碧潭站,後山埤站,2,39.95,2,5.0,3.05,1,2.0
小碧潭站,忠孝復興站,2,31.2,2,5.0,3.05,1,2.0
小碧潭站,忠孝敦化站,2,32.95,2,5.0,3.05,1,2.0
小碧潭站,昆陽站,2,42.21666666666667,2,5.0,3.05,1,2.0
小碧潭站,永春站,2,38.266666666666666,2,5.0,3.05,1,2.0
新店區公所站,南港展覽館站,2,41.68333333333333,1,2.0,3.05,1,2.0
新店區公所站,南港站,2,39.416666666666664,1,2.0,3.05,1,2.0
新店區公所站,國父紀念館站,2,29.566666666666666,1,2.0,3.05,1,2.0
新店區公所站,市政府站,2,31.316666666666666,1,2.0,3.05,1,2.0
新店區公所站,後山埤站,2,34.916666666666664,1,2.0,3.05,1,2.0
新店區公所站,忠孝復興站,2,26.166666666666668,1,2.0,3.05,1,2.0
新店區公所站,忠孝敦化站,2,27.916666666666668,1,2.0,3.05,1,2.0
新店區公所站,昆陽站,2,37.18333333333333,1,2.0,3.05,1,2.0
新店區公所站,永春站,2,33.233333333333334,1,2.0,3.05,1,2.0
新店站,南港展覽館站,2,43.95,1,2.0,3.05,1,2.0
新店站,南港站,2,41.68333333333333,1,2.0,3.05,1,2.0
新店站,國父紀念館站,2,31.833333333333332,1,2.0,3.05,1,2.0
新店站,市政府站,2,33.583333333333336,1,2.0,3.05,1,2.0
新店站,後山埤站,2,37.18333333333333,1,2.0,3.05,1,2.0
新店站,忠孝復興站,2,28.433333333333334,1,2.0,3.05,1,2.0
新店站,忠孝敦化站,2,30.183333333333334,1,2.0,3.05,1,2.0
新店站,昆陽站,2,39.45,1,2.0,3.05,1,2.0
新店站,永春站,2,35.5,1,2.0,3.05,1,2.0
景美站,南港展覽館站,2,36.2,1,2.0,3.05,1,2.0
景美站,南港站,2,33.93333333333333,1,2.0,3.05,1,2.0
景美站,國父紀念館站,2,24.083333333333332,1,2.0,3.05,1,2.0
景美站,市政府站,2,25.833333333333332,1,2.0,3.05,1,2.0
景美站,後山埤站,2,29.433333333333334,1,2.0,3.05,1,2.0
景美站,忠孝復興站,2,20.683333333333334,1,2.0,3.05,1,2.0
景美站,忠孝敦化站,2,22.433333333333334,1,2.0,3.05,1,2.0
景美站,昆陽站,2,31.7,1,2.0,3.05,1,2.0
景美站,永春站,2,27.75,1,2.0,3.05,1,2.0
萬隆站,南港展覽館站,2,34.266666666666666,1,2.0,3.05,1,2.0
萬隆站,南港站,2,32.0,1,2.0,3.05,1,2.0
萬隆站,國父紀念館站,2,22.15,1,2.0,3.05,1,2.0
萬隆站,市政府站,2,23.9,1,2.0,3.05,1,2.0
萬隆站,後山埤站,2,27.5,1,2.0,3.05,1,2.0
萬隆站,忠孝復興站,2,18.75,1,2.0,3.05,1,2.0
萬隆站,忠孝敦化站,2,20.5,1,2.0,3.05,1,2.0
萬隆站,昆陽站,2,29.766666666666666,1,2.0,3.05,1,2.0
萬隆站,永春站,2,25.816666666666666,1,2.0,3.05,1,2.0
板橋站,三和國中站,2,29.516666666666666,1,2.0,2.9833333333333334,1,5.0
板橋站,三民高中站,2,33.25,1,2.0,2.9833333333333334,1,5.0
板橋站,三重國小站,2,27.316666666666666,1,2.0,2.9833333333333334,1,5.0
板橋站,徐匯中學站,2,31.3,1,2.0,2.9833333333333334,1,5.0
板橋站,蘆洲站,2,35.516666666666666,1,2.0,2.9833333333333334,1,5.0
北門站,南港軟體園區站,2,33.56666666666667,1,5.0,2.9,1,2.0
南港軟體園區站,北門站,2,33.55,1,5.0,2.8833333333333333,1,2.0
秀朗橋站,三和國中站,2,38.56666666666667,1,5.0,2.8666666666666667,1,1.0
秀朗橋站,三民高中站,2,42.3,1,5.0,2.8666666666666667,1,1.0
秀朗橋站,三重國小站,2,36.36666666666667,1,5.0,2.8666666666666667,1,1.0
秀朗橋站,中山國小站,2,29.966666666666665,1,5.0,2.8666666666666667,1,1.0
秀朗橋站,台北橋站,2,35.96666666666667,1,5.0,2.8666666666666667,1,1.0
秀朗橋站,大橋頭站,2,33.416666666666664,1,5.0,2.8666666666666667,1,1.0
秀朗橋站,徐匯中學站,2,40.35,1,5.0,2.8666666666666667,1,1.0
秀朗橋站,忠孝新生站,2,23.733333333333334,1,5.0,2.8666666666666667,1,1.0
秀朗橋站,東門站,2,20.916666666666668,1,5.0,2.8666666666666667,1,1.0
秀朗橋站,蘆洲站,2,44.56666666666667,1,5.0,2.8666666666666667,1,1.0
秀朗橋站,行天宮站,2,27.866666666666667,1,5.0,2.8666666666666667,1,1.0
三和國中站,板橋站,2,29.683333333333334,1,2.0,2.85,1,5.0
三民高中站,板橋站,2,33.416666666666664,1,2.0,2.85,1,5.0
三重國小站,板橋站,2,27.483333333333334,1,2.0,2.85,1,5.0
徐匯中學站,板橋站,2,31.466666666666665,1,2.0,2.85,1,5.0
蘆洲站,板橋站,2,35.68333333333333,1,2.0,2.85,1,5.0
七張站,南勢角站,2,20.55,1,2.0,2.8,1,7.0
小碧潭站,南勢角站,2,27.333333333333332,2,5.0,2.8,1,7.0
新店區公所站,南勢角站,2,22.3,1,2.0,2.8,1,7.0
新店站,南勢角站,2,24.566666666666666,1,2.0,2.8,1,7.0
七張站,葫洲站,2,49.78333333333333,1,5.0,2.75,2,4.0
公館站,葫洲站,2,41.6,1,5.0,2.75,2,4.0
台電大樓站,葫洲站,2,39.78333333333333,1,5.0,2.75,2,4.0
大坪林站,葫洲站,2,48.03333333333333,1,5.0,2.75,2,4.0
小碧潭站,葫洲站,2,56.56666666666667,2,8.0,2.75,2,4.0
新店區公所站,葫洲站,2,51.53333333333333,1,5.0,2.75,2,4.0
新店站,葫洲站,2,53.8,1,5.0,2.75,2,4.0
景美站,葫洲站,2,46.05,1,5.0,2.75,2,4.0
萬隆站,葫洲站,2,44.11666666666667,1,5.0,2.75,2,4.0
葫洲站,七張站,2,49.75,1,5.0,2.75,2,4.0
葫洲站,公館站,2,41.56666666666667,1,5.0,2.75,2,4.0
葫洲站,台電大樓站,2,39.75,1,5.0,2.75,2,4.0
葫洲站,大坪林站,2,48.0,1,5.0,2.75,2,4.0
葫洲站,小碧潭站,2,56.13333333333333,2,8.0,2.75,2,4.0
葫洲站,新店區公所站,2,51.5,1,5.0,2.75,2,4.0
葫洲站,新店站,2,53.766666666666666,1,5.0,2.75,2,4.0
葫洲站,景美站,2,46.016666666666666,1,5.0,2.75,2,4.0
葫洲站,萬隆站,2,44.083333333333336,1,5.0,2.75,2,4.0
南勢角站,台北車站,2,19.033333333333335,1,2.0,2.716666666666667,1,2.0
景安站,台北車站,2,16.95,1,2.0,2.716666666666667,1,2.0
永安市場站,台北車站,2,14.966666666666667,1,2.0,2.716666666666667,1,2.0
頂溪站,台北車站,2,12.766666666666667,1,2.0,2.716666666666667,1,2.0
亞東醫院站,信義安和站,2,29.783333333333335,1,4.0,2.65,1,0.0
亞東醫院站,台北101/世貿站,2,31.616666666666667,1,4.0,2.65,1,0.0
亞東醫院站,大安森林公園站,2,26.1,1,4.0,2.65,1,0.0
亞東醫院站,廣慈/奉天宮站,2,36.166666666666664,1,4.0,2.65,1,0.0
亞東醫院站,象山站,2,33.21666666666667,1,4.0,2.65,1,0.0
土城站,信義安和站,2,34.78333333333333,1,4.0,2.65,1,0.0
土城站,台北101/世貿站,2,36.61666666666667,1,4.0,2.65,1,0.0
土城站,大安森林公園站,2,31.1,1,4.0,2.65,1,0.0
土城站,廣慈/奉天宮站,2,41.166666666666664,1,4.0,2.65,1,0.0
土城站,象山站,2,38.21666666666667,1,4.0,2.65,1,0.0
府中站,信義安和站,2,27.616666666666667,1,4.0,2.65,1,0.0
府中站,台北101/世貿站,2,29.45,1,4.0,2.65,1,0.0
府中站,大安森林公園站,2,23.933333333333334,1,4.0,2.65,1,0.0
府中站,廣慈/奉天宮站,2,34.0,1,4.0,2.65,1,0.0
府中站,象山站,2,31.05,1,4.0,2.65,1,0.0
新埔站,信義安和站,2,23.783333333333335,1,4.0,2.65,1,0.0
新埔站,台北101/世貿站,2,25.616666666666667,1,4.0,2.65,1,0.0
新埔站,大安森林公園站,2,20.1,1,4.0,2.65,1,0.0
新埔站,廣慈/奉天宮站,2,30.166666666666668,1,4.0,2.65,1,0.0
新埔站,象山站,2,27.216666666666665,1,4.0,2.65,1,0.0
板橋站,信義安和站,2,26.033333333333335,1,4.0,2.65,1,0.0
板橋站,台北101/世貿站,2,27.866666666666667,1,4.0,2.65,1,0.0
板橋站,大安森林公園站,2,22.35,1,4.0,2.65,1,0.0
板橋站,廣慈/奉天宮站,2,32.416666666666664,1,4.0,2.65,1,0.0
板橋站,象山站,2,29.466666666666665,1,4.0,2.65,1,0.0
永寧站,信義安和站,2,36.8,1,4.0,2.65,1,0.0
永寧站,台北101/世貿站,2,38.63333333333333,1,4.0,2.65,1,0.0
永寧站,大安森林公園站,2,33.11666666666667,1,4.0,2.65,1,0.0
永寧站,廣慈/奉天宮站,2,43.18333333333333,1,4.0,2.65,1,0.0
永寧站,象山站,2,40.233333333333334,1,4.0,2.65,1,0.0
江子翠站,信義安和站,2,22.033333333333335,1,4.0,2.65,1,0.0
江子翠站,台北101/世貿站,2,23.866666666666667,1,4.0,2.65,1,0.0
江子翠站,大安森林公園站,2,18.35,1,4.0,2.65,1,0.0
江子翠站,廣慈/奉天宮站,2,28.416666666666668,1,4.0,2.65,1,0.0
江子翠站,象山站,2,25.466666666666665,1,4.0,2.65,1,0.0
海山站,信義安和站,2,32.583333333333336,1,4.0,2.65,1,0.0
海山站,台北101/世貿站,2,34.416666666666664,1,4.0,2.65,1,0.0
海山站,大安森林公園站,2,28.9,1,4.0,2.65,1,0.0
海山站,廣慈/奉天宮站,2,38.96666666666667,1,4.0,2.65,1,0.0
海山站,象山站,2,36.016666666666666,1,4.0,2.65,1,0.0
頂埔站,信義安和站,2,40.266666666666666,1,4.0,2.65,1,0.0
頂埔站,台北101/世貿站,2,42.1,1,4.0,2.65,1,0.0
頂埔站,大安森林公園站,2,36.583333333333336,1,4.0,2.65,1,0.0
頂埔站,廣慈/奉天宮站,2,46.65,1,4.0,2.65,1,0.0
頂埔站,象山站,2,43.7,1,4.0,2.65,1,0.0
龍山寺站,信義安和站,2,18.35,1,4.0,2.65,1,0.0
龍山寺站,台北101/世貿站,2,20.183333333333334,1,4.0,2.65,1,0.0
龍山寺站,大安森林公園站,2,14.666666666666666,1,4.0,2.65,1,0.0
龍山寺站,廣慈/奉天宮站,2,24.733333333333334,1,4.0,2.65,1,0.0
龍山寺站,象山站,2,21.783333333333335,1,4.0,2.65,1,0.0
信義安和站,亞東醫院站,2,29.933333333333334,1,4.0,2.6166666666666667,1,0.0
信義安和站,土城站,2,34.93333333333333,1,4.0,2.6166666666666667,1,0.0
信義安和站,府中站,2,27.766666666666666,1,4.0,2.6166666666666667,1,0.0
信義安和站,新埔站,2,23.933333333333334,1,4.0,2.6166666666666667,1,0.0
信義安和站,板橋站,2,26.183333333333334,1,4.0,2.6166666666666667,1,0.0
信義安和站,永寧站,2,36.95,1,4.0,2.6166666666666667,1,0.0
信義安和站,江子翠站,2,22.183333333333334,1,4.0,2.6166666666666667,1,0.0
信義安和站,海山站,2,32.733333333333334,1,4.0,2.6166666666666667,1,0.0
信義安和站,頂埔站,2,40.416666666666664,1,4.0,2.6166666666666667,1,0.0
信義安和站,龍山寺站,2,18.5,1,4.0,2.6166666666666667,1,0.0
台北101/世貿站,亞東醫院站,2,31.766666666666666,1,4.0,2.6166666666666667,1,0.0
台北101/世貿站,土城站,2,36.766666666666666,1,4.0,2.6166666666666667,1,0.0
台北101/世貿站,府中站,2,29.6,1,4.0,2.6166666666666667,1,0.0
台北101/世貿站,新埔站,2,25.766666666666666,1,4.0,2.6166666666666667,1,0.0
台北101/世貿站,板橋站,2,28.016666666666666,1,4.0,2.6166666666666667,1,0.0
台北101/世貿站,永寧站,2,38.78333333333333,1,4.0,2.6166666666666667,1,0.0
台北101/世貿站,江子翠站,2,24.016666666666666,1,4.0,2.6166666666666667,1,0.0
台北101/世貿站,海山站,2,34.56666666666667,1,4.0,2.6166666666666667,1,0.0
台北101/世貿站,頂埔站,2,42.25,1,4.0,2.6166666666666667,1,0.0
台北101/世貿站,龍山寺站,2,20.333333333333332,1,4.0,2.6166666666666667,1,0.0
大安森林公園站,亞東醫院站,2,26.25,1,4.0,2.6166666666666667,1,0.0
大安森林公園站,土城站,2,31.25,1,4.0,2.6166666666666667,1,0.0
大安森林公園站,府中站,2,24.083333333333332,1,4.0,2.6166666666666667,1,0.0
大安森林公園站,新埔站,2,20.25,1,4.0,2.6166666666666667,1,0.0
大安森林公園站,板橋站,2,22.5,1,4.0,2.6166666666666667,1,0.0
大安森林公園站,永寧站,2,33.266666666666666,1,4.0,2.6166666666666667,1,0.0
大安森林公園站,江子翠站,2,18.5,1,4.0,2.6166666666666667,1,0.0
大安森林公園站,海山站,2,29.05,1,4.0,2.6166666666666667,1,0.0
大安森林公園站,頂埔站,2,36.733333333333334,1,4.0,2.6166666666666667,1,0.0
大安森林公園站,龍山寺站,2,14.816666666666666,1,4.0,2.6166666666666667,1,0.0
廣慈/奉天宮站,亞東醫院站,2,36.31666666666667,1,4.0,2.6166666666666667,1,0.0
廣慈/奉天宮站,土城站,2,41.31666666666667,1,4.0,2.6166666666666667,1,0.0
廣慈/奉天宮站,府中站,2,34.15,1,4.0,2.6166666666666667,1,0.0
廣慈/奉天宮站,新埔站,2,30.316666666666666,1,4.0,2.6166666666666667,1,0.0
廣慈/奉天宮站,板橋站,2,32.56666666666667,1,4.0,2.6166666666666667,1,0.0
廣慈/奉天宮站,永寧站,2,43.333333333333336,1,4.0,2.6166666666666667,1,0.0
廣慈/奉天宮站,江子翠站,2,28.566666666666666,1,4.0,2.6166666666666667,1,0.0
廣慈/奉天宮站,海山站,2,39.11666666666667,1,4.0,2.6166666666666667,1,0.0
廣慈/奉天宮站,頂埔站,2,46.8,1,4.0,2.6166666666666667,1,0.0
廣慈/奉天宮站,龍山寺站,2,24.883333333333333,1,4.0,2.6166666666666667,1,0.0
象山站,亞東醫院站,2,33.36666666666667,1,4.0,2.6166666666666667,1,0.0
象山站,土城站,2,38.36666666666667,1,4.0,2.6166666666666667,1,0.0
象山站,府中站,2,31.2,1,4.0,2.6166666666666667,1,0.0
象山站,新埔站,2,27.366666666666667,1,4.0,2.6166666666666667,1,0.0
象山站,板橋站,2,29.616666666666667,1,4.0,2.6166666666666667,1,0.0
象山站,永寧站,2,40.38333333333333,1,4.0,2.6166666666666667,1,0.0
象山站,江子翠站,2,25.616666666666667,1,4.0,2.6166666666666667,1,0.0
象山站,海山站,2,36.166666666666664,1,4.0,2.6166666666666667,1,0.0
象山站,頂埔站,2,43.85,1,4.0,2.6166666666666667,1,0.0
象山站,龍山寺站,2,21.933333333333334,1,4.0,2.6166666666666667,1,0.0
台北車站,南勢角站,2,19.166666666666668,1,2.0,2.55,1,2.0
台北車站,景安站,2,17.083333333333332,1,2.0,2.55,1,2.0
台北車站,永安市場站,2,15.1,1,2.0,2.55,1,2.0
台北車站,頂溪站,2,12.9,1,2.0,2.55,1,2.0
古亭站,民權西路站,2,11.85,0,0.0,2.3666666666666667,1,2.0
三和國中站,秀朗橋站,2,38.68333333333333,1,5.0,2.3,1,1.0
三民高中站,秀朗橋站,2,42.416666666666664,1,5.0,2.3,1,1.0
三重國小站,秀朗橋站,2,36.483333333333334,1,5.0,2.3,1,1.0
中山國小站,秀朗橋站,2,30.083333333333332,1,5.0,2.3,1,1.0
台北橋站,秀朗橋站,2,36.083333333333336,1,5.0,2.3,1,1.0
大橋頭站,秀朗橋站,2,33.53333333333333,1,5.0,2.3,1,1.0
徐匯中學站,秀朗橋站,2,40.46666666666667,1,5.0,2.3,1,1.0
忠孝新生站,秀朗橋站,2,23.85,1,5.0,2.3,1,1.0
景平站,中正紀念堂站,2,19.166666666666668,1,3.0,2.3,1,5.0
景平站,劍潭站,2,33.916666666666664,2,5.0,2.3,1,5.0
景平站,北投站,2,47.266666666666666,2,5.0,2.3,1,5.0
景平站,北門站,2,24.9,1,3.0,2.3,1,5.0
景平站,台大醫院站,2,23.25,2,5.0,2.3,1,5.0
景平站,唭哩岸站,2,43.6,2,5.0,2.3,1,5.0
景平站,圓山站,2,31.566666666666666,2,5.0,2.3,1,5.0
景平站,士林站,2,36.05,2,5.0,2.3,1,5.0
景平站,奇岩站,2,45.3,2,5.0,2.3,1,5.0
景平站,小南門站,2,21.066666666666666,1,3.0,2.3,1,5.0
景平站,復興崗站,2,49.96666666666667,2,5.0,2.3,1,5.0
景平站,忠義站,2,52.36666666666667,2,5.0,2.3,1,5.0
景平站,新北投站,2,52.88333333333333,3,8.0,2.3,1,5.0
景平站,明德站,2,39.833333333333336,2,5.0,2.3,1,5.0
景平站,淡水站,2,63.28333333333333,2,5.0,2.3,1,5.0
景平站,石牌站,2,41.333333333333336,2,5.0,2.3,1,5.0
景平站,竹圍站,2,57.1,2,5.0,2.3,1,5.0
景平站,紅樹林站,2,59.916666666666664,2,5.0,2.3,1,5.0
景平站,芝山站,2,38.06666666666667,2,5.0,2.3,1,5.0
景平站,西門站,2,22.9,1,3.0,2.3,1,5.0
景平站,關渡站,2,54.15,2,5.0,2.3,1,5.0
景平站,雙連站,2,28.066666666666666,2,5.0,2.3,1,5.0
東門站,秀朗橋站,2,21.033333333333335,1,5.0,2.3,1,1.0
蘆洲站,秀朗橋站,2,44.68333333333333,1,5.0,2.3,1,1.0
行天宮站,秀朗橋站,2,27.983333333333334,1,5.0,2.3,1,1.0
秀朗橋站,中山國中站,2,36.766666666666666,2,8.0,2.283333333333333,1,5.0
秀朗橋站,內湖站,2,52.56666666666667,2,8.0,2.283333333333333,1,5.0
秀朗橋站,劍南路站,2,45.483333333333334,2,8.0,2.283333333333333,1,5.0
秀朗橋站,大湖公園站,2,54.166666666666664,2,8.0,2.283333333333333,1,5.0
秀朗橋站,大直站,2,43.333333333333336,2,8.0,2.283333333333333,1,5.0
秀朗橋站,文德站,2,50.85,2,8.0,2.283333333333333,1,5.0
秀朗橋站,松山機場站,2,39.96666666666667,2,8.0,2.283333333333333,1,5.0
秀朗橋站,港墘站,2,49.233333333333334,2,8.0,2.283333333333333,1,5.0
秀朗橋站,西湖站,2,47.733333333333334,2,8.0,2.283333333333333,1,5.0
中山國小站,台北車站,2,8.866666666666667,1,2.0,2.2666666666666666,0,1.0
秀朗橋站,信義安和站,2,28.35,2,5.0,2.2666666666666666,0,3.0
秀朗橋站,台北101/世貿站,2,30.183333333333334,2,5.0,2.2666666666666666,0,3.0
秀朗橋站,大安森林公園站,2,24.666666666666668,2,5.0,2.2666666666666666,0,3.0
秀朗橋站,大安站,2,26.35,2,5.0,2.2666666666666666,0,3.0
秀朗橋站,廣慈/奉天宮站,2,34.733333333333334,2,5.0,2.2666666666666666,0,3.0
秀朗橋站,象山站,2,31.783333333333335,2,5.0,2.2666666666666666,0,3.0
南勢角站,七張站,2,21.116666666666667,1,2.0,2.2333333333333334,1,7.0
南勢角站,小碧潭站,2,27.5,2,5.0,2.2333333333333334,1,7.0
南勢角站,新店區公所站,2,22.866666666666667,1,2.0,2.2333333333333334,1,7.0
南勢角站,新店站,2,25.133333333333333,1,2.0,2.2333333333333334,1,7.0
民權西路站,古亭站,2,11.983333333333333,0,0.0,2.2333333333333334,1,2.0
中原站,台電大樓站,2,24.733333333333334,1,3.0,2.216666666666667,1,5.0
中和站,台電大樓站,2,20.966666666666665,1,3.0,2.216666666666667,1,5.0
板新站,台電大樓站,2,27.0,1,3.0,2.216666666666667,1,5.0
橋和站,台電大樓站,2,23.116666666666667,1,3.0,2.216666666666667,1,5.0
台北車站,中山國小站,2,8.916666666666666,1,2.0,2.183333333333333,0,1.0
秀朗橋站,南京三民站,2,34.28333333333333,1,3.0,2.183333333333333,1,5.0
秀朗橋站,南京復興站,2,30.183333333333334,1,3.0,2.183333333333333,1,5.0
秀朗橋站,台北小巨蛋站,2,32.13333333333333,1,3.0,2.183333333333333,1,5.0
秀朗橋站,松山站,2,37.03333333333333,1,3.0,2.183333333333333,1,5.0
中山國小站,十四張站,2,30.15,1,5.0,2.1666666666666665,1,1.0
忠孝新生站,十四張站,2,23.916666666666668,1,5.0,2.1666666666666665,1,1.0
東門站,十四張站,2,21.1,1,5.0,2.1666666666666665,1,1.0
行天宮站,十四張站,2,28.05,1,5.0,2.1666666666666665,1,1.0
中山國中站,台大醫院站,2,16.866666666666667,1,5.0,2.05,1,3.0
內湖站,台大醫院站,2,32.666666666666664,1,5.0,2.05,1,3.0
劍南路站,台大醫院站,2,25.583333333333332,1,5.0,2.05,1,3.0
大湖公園站,台大醫院站,2,34.266666666666666,1,5.0,2.05,1,3.0
大直站,台大醫院站,2,23.433333333333334,1,5.0,2.05,1,3.0
文德站,台大醫院站,2,30.95,1,5.0,2.05,1,3.0
松山機場站,台大醫院站,2,20.066666666666666,1,5.0,2.05,1,3.0
港墘站,台大醫院站,2,29.333333333333332,1,5.0,2.05,1,3.0
西湖站,台大醫院站,2,27.833333333333332,1,5.0,2.05,1,3.0
台大醫院站,中山國中站,2,16.983333333333334,1,5.0,2.0166666666666666,1,3.0
台大醫院站,內湖站,2,32.78333333333333,1,5.0,2.0166666666666666,1,3.0
台大醫院站,劍南路站,2,25.7,1,5.0,2.0166666666666666,1,3.0
台大醫院站,大湖公園站,2,34.38333333333333,1,5.0,2.0166666666666666,1,3.0
台大醫院站,大直站,2,23.55,1,5.0,2.0166666666666666,1,3.0
台大醫院站,文德站,2,31.066666666666666,1,5.0,2.0166666666666666,1,3.0
台大醫院站,松山機場站,2,20.183333333333334,1,5.0,2.0166666666666666,1,3.0
台大醫院站,港墘站,2,29.45,1,5.0,2.0166666666666666,1,3.0
台大醫院站,西湖站,2,27.95,1,5.0,2.0166666666666666,1,3.0
頭前庄站,頂溪站,2,29.05,0,0.0,1.9833333333333334,1,6.0
民權西路站,秀朗橋站,2,29.85,1,5.0,1.9333333333333333,1,1.0
頂溪站,頭前庄站,2,29.166666666666668,0,0.0,1.8666666666666667,1,6.0
中山國中站,秀朗橋站,2,36.766666666666666,2,8.0,1.8,1,5.0
內湖站,秀朗橋站,2,52.56666666666667,2,8.0,1.8,1,5.0
劍南路站,秀朗橋站,2,45.483333333333334,2,8.0,1.8,1,5.0
大湖公園站,秀朗橋站,2,54.166666666666664,2,8.0,1.8,1,5.0
大直站,秀朗橋站,2,43.333333333333336,2,8.0,1.8,1,5.0
文德站,秀朗橋站,2,50.85,2,8.0,1.8,1,5.0
松山機場站,秀朗橋站,2,39.96666666666667,2,8.0,1.8,1,5.0
港墘站,秀朗橋站,2,49.233333333333334,2,8.0,1.8,1,5.0
西湖站,秀朗橋站,2,47.733333333333334,2,8.0,1.8,1,5.0
信義安和站,秀朗橋站,2,28.516666666666666,2,5.0,1.7833333333333334,0,3.0
台北101/世貿站,秀朗橋站,2,30.35,2,5.0,1.7833333333333334,0,3.0
大安森林公園站,秀朗橋站,2,24.833333333333332,2,5.0,1.7833333333333334,0,3.0
大安站,秀朗橋站,2,26.516666666666666,2,5.0,1.7833333333333334,0,3.0
廣慈/奉天宮站,秀朗橋站,2,34.9,2,5.0,1.7833333333333334,0,3.0
象山站,秀朗橋站,2,31.95,2,5.0,1.7833333333333334,0,3.0
亞東醫院站,三和國中站,2,34.5,1,2.0,1.75,1,5.0
亞東醫院站,三民高中站,2,38.233333333333334,1,2.0,1.75,1,5.0
亞東醫院站,三重國小站,2,32.3,1,2.0,1.75,1,5.0
亞東醫院站,台北橋站,2,31.9,1,2.0,1.75,1,5.0
亞東醫院站,大橋頭站,2,29.35,1,2.0,1.75,1,5.0
亞東醫院站,徐匯中學站,2,36.28333333333333,1,2.0,1.75,1,5.0
亞東醫院站,蘆洲站,2,40.5,1,2.0,1.75,1,5.0
土城站,三和國中站,2,39.5,1,2.0,1.75,1,5.0
土城站,三民高中站,2,43.233333333333334,1,2.0,1.75,1,5.0
土城站,三重國小站,2,37.3,1,2.0,1.75,1,5.0
土城站,台北橋站,2,36.9,1,2.0,1.75,1,5.0
土城站,大橋頭站,2,34.35,1,2.0,1.75,1,5.0
土城站,徐匯中學站,2,41.28333333333333,1,2.0,1.75,1,5.0
土城站,蘆洲站,2,45.5,1,2.0,1.75,1,5.0
府中站,三和國中站,2,32.333333333333336,1,2.0,1.75,1,5.0
府中站,三民高中站,2,36.06666666666667,1,2.0,1.75,1,5.0
府中站,三重國小站,2,30.133333333333333,1,2.0,1.75,1,5.0
府中站,台北橋站,2,29.733333333333334,1,2.0,1.75,1,5.0
府中站,大橋頭站,2,27.183333333333334,1,2.0,1.75,1,5.0
府中站,徐匯中學站,2,34.11666666666667,1,2.0,1.75,1,5.0
府中站,蘆洲站,2,38.333333333333336,1,2.0,1.75,1,5.0
新埔站,三和國中站,2,28.5,1,2.0,1.75,1,5.0
新埔站,三民高中站,2,32.233333333333334,1,2.0,1.75,1,5.0
新埔站,三重國小站,2,26.3,1,2.0,1.75,1,5.0
新埔站,台北橋站,2,25.9,1,2.0,1.75,1,5.0
新埔站,大橋頭站,2,23.35,1,2.0,1.75,1,5.0
新埔站,徐匯中學站,2,30.283333333333335,1,2.0,1.75,1,5.0
新埔站,蘆洲站,2,34.5,1,2.0,1.75,1,5.0
永寧站,三和國中站,2,41.516666666666666,1,2.0,1.75,1,5.0
永寧站,三民高中站,2,45.25,1,2.0,1.75,1,5.0
永寧站,三重國小站,2,39.31666666666667,1,2.0,1.75,1,5.0
永寧站,台北橋站,2,38.916666666666664,1,2.0,1.75,1,5.0
永寧站,大橋頭站,2,36.36666666666667,1,2.0,1.75,1,5.0
永寧站,徐匯中學站,2,43.3,1,2.0,1.75,1,5.0
永寧站,蘆洲站,2,47.516666666666666,1,2.0,1.75,1,5.0
江子翠站,三和國中站,2,26.75,1,2.0,1.75,1,5.0
江子翠站,三民高中站,2,30.483333333333334,1,2.0,1.75,1,5.0
江子翠站,三重國小站,2,24.55,1,2.0,1.75,1,5.0
江子翠站,台北橋站,2,24.15,1,2.0,1.75,1,5.0
江子翠站,大橋頭站,2,21.6,1,2.0,1.75,1,5.0
江子翠站,徐匯中學站,2,28.533333333333335,1,2.0,1.75,1,5.0
江子翠站,蘆洲站,2,32.75,1,2.0,1.75,1,5.0
海山站,三和國中站,2,37.3,1,2.0,1.75,1,5.0
海山站,三民高中站,2,41.03333333333333,1,2.0,1.75,1,5.0
海山站,三重國小站,2,35.1,1,2.0,1.75,1,5.0
海山站,台北橋站,2,34.7,1,2.0,1.75,1,5.0
海山站,大橋頭站,2,32.15,1,2.0,1.75,1,5.0
海山站,徐匯中學站,2,39.083333333333336,1,2.0,1.75,1,5.0
海山站,蘆洲站,2,43.3,1,2.0,1.75,1,5.0
頂埔站,三和國中站,2,44.983333333333334,1,2.0,1.75,1,5.0
頂埔站,三民高中站,2,48.71666666666667,1,2.0,1.75,1,5.0
頂埔站,三重國小站,2,42.78333333333333,1,2.0,1.75,1,5.0
頂埔站,台北橋站,2,42.38333333333333,1,2.0,1.75,1,5.0
頂埔站,大橋頭站,2,39.833333333333336,1,2.0,1.75,1,5.0
頂埔站,徐匯中學站,2,46.766666666666666,1,2.0,1.75,1,5.0
頂埔站,蘆洲站,2,50.983333333333334,1,2.0,1.75,1,5.0
龍山寺站,三和國中站,2,23.066666666666666,1,2.0,1.75,1,5.0
龍山寺站,三民高中站,2,26.8,1,2.0,1.75,1,5.0
龍山寺站,三重國小站,2,20.866666666666667,1,2.0,1.75,1,5.0
龍山寺站,三重站,2,24.316666666666666,1,2.0,1.75,1,5.0
龍山寺站,台北橋站,2,20.466666666666665,1,2.0,1.75,1,5.0
龍山寺站,大橋頭站,2,17.916666666666668,1,2.0,1.75,1,5.0
龍山寺站,徐匯中學站,2,24.85,1,2.0,1.75,1,5.0
龍山寺站,菜寮站,2,22.5,1,2.0,1.75,1,5.0
龍山寺站,蘆洲站,2,29.066666666666666,1,2.0,1.75,1,5.0
中正紀念堂站,景平站,2,19.283333333333335,1,3.0,1.7333333333333334,1,5.0
劍潭站,景平站,2,34.166666666666664,2,5.0,1.7333333333333334,1,5.0
北投站,景平站,2,47.516666666666666,2,5.0,1.7333333333333334,1,5.0
北門站,景平站,2,25.016666666666666,1,3.0,1.7333333333333334,1,5.0
台大醫院站,景平站,2,23.5,2,5.0,1.7333333333333334,1,5.0
唭哩岸站,景平站,2,43.85,2,5.0,1.7333333333333334,1,5.0
圓山站,景平站,2,31.816666666666666,2,5.0,1.7333333333333334,1,5.0
士林站,景平站,2,36.3,2,5.0,1.7333333333333334,1,5.0
奇岩站,景平站,2,45.55,2,5.0,1.7333333333333334,1,5.0
小南門站,景平站,2,21.183333333333334,1,3.0,1.7333333333333334,1,5.0
復興崗站,景平站,2,50.21666666666667,2,5.0,1.7333333333333334,1,5.0
忠義站,景平站,2,52.61666666666667,2,5.0,1.7333333333333334,1,5.0
新北投站,景平站,2,53.583333333333336,3,8.0,1.7333333333333334,1,5.0
明德站,景平站,2,40.083333333333336,2,5.0,1.7333333333333334,1,5.0
淡水站,景平站,2,63.53333333333333,2,5.0,1.7333333333333334,1,5.0
石牌站,景平站,2,41.583333333333336,2,5.0,1.7333333333333334,1,5.0
竹圍站,景平站,2,57.35,2,5.0,1.7333333333333334,1,5.0
紅樹林站,景平站,2,60.166666666666664,2,5.0,1.7333333333333334,1,5.0
芝山站,景平站,2,38.31666666666667,2,5.0,1.7333333333333334,1,5.0
西門站,景平站,2,23.016666666666666,1,3.0,1.7333333333333334,1,5.0
關渡站,景平站,2,54.4,2,5.0,1.7333333333333334,1,5.0
雙連站,景平站,2,28.316666666666666,2,5.0,1.7333333333333334,1,5.0
三和國中站,亞東醫院站,2,34.56666666666667,1,2.0,1.7166666666666666,1,5.0
三和國中站,土城站,2,39.56666666666667,1,2.0,1.7166666666666666,1,5.0
三和國中站,府中站,2,32.4,1,2.0,1.7166666666666666,1,5.0
三和國中站,新埔站,2,28.566666666666666,1,2.0,1.7166666666666666,1,5.0
三和國中站,永寧站,2,41.583333333333336,1,2.0,1.7166666666666666,1,5.0
三和國中站,江子翠站,2,26.816666666666666,1,2.0,1.7166666666666666,1,5.0
三和國中站,海山站,2,37.36666666666667,1,2.0,1.7166666666666666,1,5.0
三和國中站,頂埔站,2,45.05,1,2.0,1.7166666666666666,1,5.0
三和國中站,龍山寺站,2,23.133333333333333,1,2.0,1.7166666666666666,1,5.0
三民高中站,亞東醫院站,2,38.3,1,2.0,1.7166666666666666,1,5.0
三民高中站,土城站,2,43.3,1,2.0,1.7166666666666666,1,5.0
三民高中站,府中站,2,36.13333333333333,1,2.0,1.7166666666666666,1,5.0
三民高中站,新埔站,2,32.3,1,2.0,1.7166666666666666,1,5.0
三民高中站,永寧站,2,45.31666666666667,1,2.0,1.7166666666666666,1,5.0
三民高中站,江子翠站,2,30.55,1,2.0,1.7166666666666666,1,5.0
三民高中站,海山站,2,41.1,1,2.0,1.7166666666666666,1,5.0
三民高中站,頂埔站,2,48.78333333333333,1,2.0,1.7166666666666666,1,5.0
三民高中站,龍山寺站,2,26.866666666666667,1,2.0,1.7166666666666666,1,5.0
三重國小站,亞東醫院站,2,32.36666666666667,1,2.0,1.7166666666666666,1,5.0
三重國小站,土城站,2,37.36666666666667,1,2.0,1.7166666666666666,1,5.0
三重國小站,府中站,2,30.2,1,2.0,1.7166666666666666,1,5.0
三重國小站,新埔站,2,26.366666666666667,1,2.0,1.7166666666666666,1,5.0
三重國小站,永寧站,2,39.38333333333333,1,2.0,1.7166666666666666,1,5.0
三重國小站,江子翠站,2,24.616666666666667,1,2.0,1.7166666666666666,1,5.0
三重國小站,海山站,2,35.166666666666664,1,2.0,1.7166666666666666,1,5.0
三重國小站,頂埔站,2,42.85,1,2.0,1.7166666666666666,1,5.0
三重國小站,龍山寺站,2,20.933333333333334,1,2.0,1.7166666666666666,1,5.0
三重站,龍山寺站,2,24.383333333333333,1,2.0,1.7166666666666666,1,5.0
台北橋站,亞東醫院站,2,31.966666666666665,1,2.0,1.7166666666666666,1,5.0
台北橋站,土城站,2,36.96666666666667,1,2.0,1.7166666666666666,1,5.0
台北橋站,府中站,2,29.8,1,2.0,1.7166666666666666,1,5.0
台北橋站,新埔站,2,25.966666666666665,1,2.0,1.7166666666666666,1,5.0
台北橋站,永寧站,2,38.983333333333334,1,2.0,1.7166666666666666,1,5.0
台北橋站,江子翠站,2,24.216666666666665,1,2.0,1.7166666666666666,1,5.0
台北橋站,海山站,2,34.766666666666666,1,2.0,1.7166666666666666,1,5.0
台北橋站,頂埔站,2,42.45,1,2.0,1.7166666666666666,1,5.0
台北橋站,龍山寺站,2,20.533333333333335,1,2.0,1.7166666666666666,1,5.0
大橋頭站,亞東醫院站,2,29.416666666666668,1,2.0,1.7166666666666666,1,5.0
大橋頭站,土城站,2,34.416666666666664,1,2.0,1.7166666666666666,1,5.0
大橋頭站,府中站,2,27.25,1,2.0,1.7166666666666666,1,5.0
大橋頭站,新埔站,2,23.416666666666668,1,2.0,1.7166666666666666,1,5.0
大橋頭站,永寧站,2,36.43333333333333,1,2.0,1.7166666666666666,1,5.0
大橋頭站,江子翠站,2,21.666666666666668,1,2.0,1.7166666666666666,1,5.0
大橋頭站,海山站,2,32.21666666666667,1,2.0,1.7166666666666666,1,5.0
大橋頭站,頂埔站,2,39.9,1,2.0,1.7166666666666666,1,5.0
大橋頭站,龍山寺站,2,17.983333333333334,1,2.0,1.7166666666666666,1,5.0
徐匯中學站,亞東醫院站,2,36.35,1,2.0,1.7166666666666666,1,5.0
徐匯中學站,土城站,2,41.35,1,2.0,1.7166666666666666,1,5.0
徐匯中學站,府中站,2,34.18333333333333,1,2.0,1.7166666666666666,1,5.0
徐匯中學站,新埔站,2,30.35,1,2.0,1.7166666666666666,1,5.0
徐匯中學站,永寧站,2,43.36666666666667,1,2.0,1.7166666666666666,1,5.0
徐匯中學站,江子翠站,2,28.6,1,2.0,1.7166666666666666,1,5.0
徐匯中學站,海山站,2,39.15,1,2.0,1.7166666666666666,1,5.0
徐匯中學站,頂埔站,2,46.833333333333336,1,2.0,1.7166666666666666,1,5.0
徐匯中學站,龍山寺站,2,24.916666666666668,1,2.0,1.7166666666666666,1,5.0
菜寮站,龍山寺站,2,22.566666666666666,1,2.0,1.7166666666666666,1,5.0
蘆洲站,亞東醫院站,2,40.56666666666667,1,2.0,1.7166666666666666,1,5.0
蘆洲站,土城站,2,45.56666666666667,1,2.0,1.7166666666666666,1,5.0
蘆洲站,府中站,2,38.4,1,2.0,1.7166666666666666,1,5.0
蘆洲站,新埔站,2,34.56666666666667,1,2.0,1.7166666666666666,1,5.0
蘆洲站,永寧站,2,47.583333333333336,1,2.0,1.7166666666666666,1,5.0
蘆洲站,江子翠站,2,32.81666666666667,1,2.0,1.7166666666666666,1,5.0
蘆洲站,海山站,2,43.36666666666667,1,2.0,1.7166666666666666,1,5.0
蘆洲站,頂埔站,2,51.05,1,2.0,1.7166666666666666,1,5.0
蘆洲站,龍山寺站,2,29.133333333333333,1,2.0,1.7166666666666666,1,5.0
南京三民站,秀朗橋站,2,34.31666666666667,1,3.0,1.7,1,5.0
南京復興站,秀朗橋站,2,30.216666666666665,1,3.0,1.7,1,5.0
台北小巨蛋站,秀朗橋站,2,32.166666666666664,1,3.0,1.7,1,5.0
松山站,秀朗橋站,2,37.06666666666667,1,3.0,1.7,1,5.0
六張犁站,民權西路站,2,22.166666666666668,1,5.0,1.6833333333333333,1,2.0
動物園站,民權西路站,2,33.53333333333333,1,5.0,1.6833333333333333,1,2.0
忠孝復興站,東湖站,2,22.983333333333334,0,0.0,1.6833333333333333,1,5.0
木柵站,民權西路站,2,32.0,1,5.0,1.6833333333333333,1,2.0
東湖站,忠孝復興站,2,22.983333333333334,0,0.0,1.6833333333333333,1,5.0
科技大樓站,民權西路站,2,19.716666666666665,1,5.0,1.6833333333333333,1,2.0
萬芳社區站,民權西路站,2,30.8,1,5.0,1.6833333333333333,1,2.0
萬芳醫院站,民權西路站,2,28.733333333333334,1,5.0,1.6833333333333333,1,2.0
辛亥站,民權西路站,2,26.55,1,5.0,1.6833333333333333,1,2.0
麟光站,民權西路站,2,23.783333333333335,1,5.0,1.6833333333333333,1,2.0
台電大樓站,中原站,2,24.85,1,3.0,1.65,1,5.0
台電大樓站,中和站,2,21.083333333333332,1,3.0,1.65,1,5.0
台電大樓站,板新站,2,27.116666666666667,1,3.0,1.65,1,5.0
台電大樓站,橋和站,2,23.233333333333334,1,3.0,1.65,1,5.0
民權西路站,六張犁站,2,22.283333333333335,1,5.0,1.65,1,2.0
民權西路站,動物園站,2,33.65,1,5.0,1.65,1,2.0
民權西路站,木柵站,2,32.11666666666667,1,5.0,1.65,1,2.0
民權西路站,科技大樓站,2,19.833333333333332,1,5.0,1.65,1,2.0
民權西路站,萬芳社區站,2,30.916666666666668,1,5.0,1.65,1,2.0
民權西路站,萬芳醫院站,2,28.85,1,5.0,1.65,1,2.0
民權西路站,辛亥站,2,26.666666666666668,1,5.0,1.65,1,2.0
民權西路站,麟光站,2,23.9,1,5.0,1.65,1,2.0
十四張站,中山國小站,2,30.6,1,5.0,1.6,1,1.0
十四張站,忠孝新生站,2,24.366666666666667,1,5.0,1.6,1,1.0
十四張站,東門站,2,21.55,1,5.0,1.6,1,1.0
十四張站,行天宮站,2,28.5,1,5.0,1.6,1,1.0
東門站,葫洲站,2,31.8,1,5.0,1.5333333333333334,1,2.0
中山國中站,古亭站,2,19.2,1,5.0,1.5,1,2.0
內湖站,古亭站,2,35.0,1,5.0,1.5,1,2.0
劍南路站,古亭站,2,27.916666666666668,1,5.0,1.5,1,2.0
大湖公園站,古亭站,2,36.6,1,5.0,1.5,1,2.0
大直站,古亭站,2,25.766666666666666,1,5.0,1.5,1,2.0
文德站,古亭站,2,33.28333333333333,1,5.0,1.5,1,2.0
松山機場站,古亭站,2,22.4,1,5.0,1.5,1,2.0
港墘站,古亭站,2,31.666666666666668,1,5.0,1.5,1,2.0
秀朗橋站,民權西路站,2,30.166666666666668,1,5.0,1.5,1,1.0
西湖站,古亭站,2,30.166666666666668,1,5.0,1.5,1,2.0
葫洲站,東門站,2,31.766666666666666,1,5.0,1.4833333333333334,1,2.0
善導寺站,民權西路站,2,9.85,1,2.0,1.4333333333333333,0,2.0
古亭站,中山國中站,2,19.316666666666666,1,5.0,1.4166666666666667,1,2.0
古亭站,內湖站,2,35.11666666666667,1,5.0,1.4166666666666667,1,2.0
古亭站,劍南路站,2,28.033333333333335,1,5.0,1.4166666666666667,1,2.0
古亭站,大湖公園站,2,36.71666666666667,1,5.0,1.4166666666666667,1,2.0
古亭站,大直站,2,25.883333333333333,1,5.0,1.4166666666666667,1,2.0
古亭站,文德站,2,33.4,1,5.0,1.4166666666666667,1,2.0
古亭站,松山機場站,2,22.516666666666666,1,5.0,1.4166666666666667,1,2.0
古亭站,港墘站,2,31.783333333333335,1,5.0,1.4166666666666667,1,2.0
古亭站,西湖站,2,30.283333333333335,1,5.0,1.4166666666666667,1,2.0
南京三民站,古亭站,2,16.75,0,0.0,1.4,1,2.0
南京復興站,古亭站,2,12.65,0,0.0,1.4,1,2.0
台北小巨蛋站,古亭站,2,14.6,0,0.0,1.4,1,2.0
大坪林站,永安市場站,2,16.133333333333333,1,2.0,1.4,0,4.0
松山站,古亭站,2,19.5,0,0.0,1.4,1,2.0
幸福站,萬隆站,2,35.333333333333336,1,3.0,1.3833333333333333,1,8.0
新北產業園區站,萬隆站,2,37.96666666666667,1,3.0,1.3833333333333333,1,8.0
七張站,三和國中站,2,33.71666666666667,1,2.0,1.3666666666666667,1,3.0
七張站,三民高中站,2,37.45,1,2.0,1.3666666666666667,1,3.0
七張站,三重國小站,2,31.516666666666666,1,2.0,1.3666666666666667,1,3.0
七張站,三重站,2,34.96666666666667,1,2.0,1.3666666666666667,1,3.0
七張站,先嗇宮站,2,37.75,1,2.0,1.3666666666666667,1,3.0
七張站,台北橋站,2,31.116666666666667,1,2.0,1.3666666666666667,1,3.0
七張站,大橋頭站,2,28.566666666666666,1,2.0,1.3666666666666667,1,3.0
七張站,徐匯中學站,2,35.5,1,2.0,1.3666666666666667,1,3.0
七張站,菜寮站,2,33.15,1,2.0,1.3666666666666667,1,3.0
七張站,蘆洲站,2,39.71666666666667,1,2.0,1.3666666666666667,1,3.0
公館站,三和國中站,2,25.533333333333335,1,2.0,1.3666666666666667,1,3.0
公館站,三民高中站,2,29.266666666666666,1,2.0,1.3666666666666667,1,3.0
公館站,三重國小站,2,23.333333333333332,1,2.0,1.3666666666666667,1,3.0
公館站,三重站,2,26.783333333333335,1,2.0,1.3666666666666667,1,3.0
公館站,丹鳳站,2,38.766666666666666,1,2.0,1.3666666666666667,1,3.0
公館站,先嗇宮站,2,29.566666666666666,1,2.0,1.3666666666666667,1,3.0
公館站,台北橋站,2,22.933333333333334,1,2.0,1.3666666666666667,1,3.0
公館站,大橋頭站,2,20.383333333333333,1,2.0,1.3666666666666667,1,3.0
公館站,徐匯中學站,2,27.316666666666666,1,2.0,1.3666666666666667,1,3.0
公館站,新莊站,2,33.766666666666666,1,2.0,1.3666666666666667,1,3.0
公館站,菜寮站,2,24.966666666666665,1,2.0,1.3666666666666667,1,3.0
公館站,蘆洲站,2,31.533333333333335,1,2.0,1.3666666666666667,1,3.0
公館站,輔大站,2,36.46666666666667,1,2.0,1.3666666666666667,1,3.0
公館站,迴龍站,2,41.983333333333334,1,2.0,1.3666666666666667,1,3.0
台電大樓站,三和國中站,2,23.716666666666665,1,2.0,1.3666666666666667,1,3.0
台電大樓站,三民高中站,2,27.45,1,2.0,1.3666666666666667,1,3.0
台電大樓站,三重國小站,2,21.516666666666666,1,2.0,1.3666666666666667,1,3.0
台電大樓站,三重站,2,24.966666666666665,1,2.0,1.3666666666666667,1,3.0
台電大樓站,丹鳳站,2,36.95,1,2.0,1.3666666666666667,1,3.0
台電大樓站,先嗇宮站,2,27.75,1,2.0,1.3666666666666667,1,3.0
台電大樓站,台北橋站,2,21.116666666666667,1,2.0,1.3666666666666667,1,3.0
台電大樓站,大橋頭站,2,18.566666666666666,1,2.0,1.3666666666666667,1,3.0
台電大樓站,徐匯中學站,2,25.5,1,2.0,1.3666666666666667,1,3.0
台電大樓站,新莊站,2,31.95,1,2.0,1.3666666666666667,1,3.0
台電大樓站,菜寮站,2,23.15,1,2.0,1.3666666666666667,1,3.0
台電大樓站,蘆洲站,2,29.716666666666665,1,2.0,1.3666666666666667,1,3.0
台電大樓站,輔大站,2,34.65,1,2.0,1.3666666666666667,1,3.0
台電大樓站,迴龍站,2,40.166666666666664,1,2.0,1.3666666666666667,1,3.0
大坪林站,三和國中站,2,31.966666666666665,1,2.0,1.3666666666666667,1,3.0
大坪林站,三民高中站,2,35.7,1,2.0,1.3666666666666667,1,3.0
大坪林站,三重國小站,2,29.766666666666666,1,2.0,1.3666666666666667,1,3.0
大坪林站,三重站,2,33.21666666666667,1,2.0,1.3666666666666667,1,3.0
大坪林站,台北橋站,2,29.366666666666667,1,2.0,1.3666666666666667,1,3.0
大坪林站,大橋頭站,2,26.816666666666666,1,2.0,1.3666666666666667,1,3.0
大坪林站,徐匯中學站,2,33.75,1,2.0,1.3666666666666667,1,3.0
大坪林站,菜寮站,2,31.4,1,2.0,1.3666666666666667,1,3.0
大坪林站,蘆洲站,2,37.96666666666667,1,2.0,1.3666666666666667,1,3.0
小碧潭站,三和國中站,2,40.5,2,5.0,1.3666666666666667,1,3.0
小碧潭站,三民高中站,2,44.233333333333334,2,5.0,1.3666666666666667,1,3.0
小碧潭站,三重國小站,2,38.3,2,5.0,1.3666666666666667,1,3.0
小碧潭站,三重站,2,41.75,2,5.0,1.3666666666666667,1,3.0
小碧潭站,先嗇宮站,2,44.53333333333333,2,5.0,1.3666666666666667,1,3.0
小碧潭站,台北橋站,2,37.9,2,5.0,1.3666666666666667,1,3.0
小碧潭站,大橋頭站,2,35.35,2,5.0,1.3666666666666667,1,3.0
小碧潭站,徐匯中學站,2,42.28333333333333,2,5.0,1.3666666666666667,1,3.0
小碧潭站,菜寮站,2,39.93333333333333,2,5.0,1.3666666666666667,1,3.0
小碧潭站,蘆洲站,2,46.5,2,5.0,1.3666666666666667,1,3.0
新店區公所站,三和國中站,2,35.46666666666667,1,2.0,1.3666666666666667,1,3.0
新店區公所站,三民高中站,2,39.2,1,2.0,1.3666666666666667,1,3.0
新店區公所站,三重國小站,2,33.266666666666666,1,2.0,1.3666666666666667,1,3.0
新店區公所站,三重站,2,36.71666666666667,1,2.0,1.3666666666666667,1,3.0
新店區公所站,先嗇宮站,2,39.5,1,2.0,1.3666666666666667,1,3.0
新店區公所站,台北橋站,2,32.86666666666667,1,2.0,1.3666666666666667,1,3.0
新店區公所站,大橋頭站,2,30.316666666666666,1,2.0,1.3666666666666667,1,3.0
新店區公所站,徐匯中學站,2,37.25,1,2.0,1.3666666666666667,1,3.0
新店區公所站,菜寮站,2,34.9,1,2.0,1.3666666666666667,1,3.0
新店區公所站,蘆洲站,2,41.46666666666667,1,2.0,1.3666666666666667,1,3.0
新店站,三和國中站,2,37.733333333333334,1,2.0,1.3666666666666667,1,3.0
新店站,三民高中站,2,41.46666666666667,1,2.0,1.3666666666666667,1,3.0
新店站,三重國小站,2,35.53333333333333,1,2.0,1.3666666666666667,1,3.0
新店站,三重站,2,38.983333333333334,1,2.0,1.3666666666666667,1,3.0
新店站,先嗇宮站,2,41.766666666666666,1,2.0,1.3666666666666667,1,3.0
新店站,台北橋站,2,35.13333333333333,1,2.0,1.3666666666666667,1,3.0
新店站,大橋頭站,2,32.583333333333336,1,2.0,1.3666666666666667,1,3.0
新店站,徐匯中學站,2,39.516666666666666,1,2.0,1.3666666666666667,1,3.0
新店站,菜寮站,2,37.166666666666664,1,2.0,1.3666666666666667,1,3.0
新店站,蘆洲站,2,43.733333333333334,1,2.0,1.3666666666666667,1,3.0
景美站,三和國中站,2,29.983333333333334,1,2.0,1.3666666666666667,1,3.0
景美站,三民高中站,2,33.71666666666667,1,2.0,1.3666666666666667,1,3.0
景美站,三重國小站,2,27.783333333333335,1,2.0,1.3666666666666667,1,3.0
景美站,三重站,2,31.233333333333334,1,2.0,1.3666666666666667,1,3.0
景美站,丹鳳站,2,43.21666666666667,1,2.0,1.3666666666666667,1,3.0
景美站,先嗇宮站,2,34.016666666666666,1,2.0,1.3666666666666667,1,3.0
景美站,台北橋站,2,27.383333333333333,1,2.0,1.3666666666666667,1,3.0
景美站,大橋頭站,2,24.833333333333332,1,2.0,1.3666666666666667,1,3.0
景美站,徐匯中學站,2,31.766666666666666,1,2.0,1.3666666666666667,1,3.0
景美站,新莊站,2,38.21666666666667,1,2.0,1.3666666666666667,1,3.0
景美站,菜寮站,2,29.416666666666668,1,2.0,1.3666666666666667,1,3.0
景美站,蘆洲站,2,35.983333333333334,1,2.0,1.3666666666666667,1,3.0
景美站,輔大站,2,40.916666666666664,1,2.0,1.3666666666666667,1,3.0
景美站,迴龍站,2,46.43333333333333,1,2.0,1.3666666666666667,1,3.0
萬隆站,三和國中站,2,28.05,1,2.0,1.3666666666666667,1,3.0
萬隆站,三民高中站,2,31.783333333333335,1,2.0,1.3666666666666667,1,3.0
萬隆站,三重國小站,2,25.85,1,2.0,1.3666666666666667,1,3.0
萬隆站,三重站,2,29.3,1,2.0,1.3666666666666667,1,3.0
萬隆站,丹鳳站,2,41.28333333333333,1,2.0,1.3666666666666667,1,3.0
萬隆站,先嗇宮站,2,32.083333333333336,1,2.0,1.3666666666666667,1,3.0
萬隆站,台北橋站,2,25.45,1,2.0,1.3666666666666667,1,3.0
萬隆站,大橋頭站,2,22.9,1,2.0,1.3666666666666667,1,3.0
萬隆站,徐匯中學站,2,29.833333333333332,1,2.0,1.3666666666666667,1,3.0
萬隆站,新莊站,2,36.28333333333333,1,2.0,1.3666666666666667,1,3.0
萬隆站,菜寮站,2,27.483333333333334,1,2.0,1.3666666666666667,1,3.0
萬隆站,蘆洲站,2,34.05,1,2.0,1.3666666666666667,1,3.0
萬隆站,輔大站,2,38.983333333333334,1,2.0,1.3666666666666667,1,3.0
萬隆站,迴龍站,2,44.5,1,2.0,1.3666666666666667,1,3.0
民權西路站,善導寺站,2,9.966666666666667,1,2.0,1.35,0,2.0
七張站,松江南京站,2,22.583333333333332,0,0.0,1.3166666666666667,1,2.0
中山國小站,中正紀念堂站,2,12.6,1,2.0,1.3166666666666667,0,1.0
中正紀念堂站,中山國小站,2,12.65,1,2.0,1.3166666666666667,0,1.0
公館站,松江南京站,2,14.4,0,0.0,1.3166666666666667,1,2.0
十四張站,松江南京站,2,26.7,1,3.0,1.3166666666666667,1,2.0
古亭站,南京三民站,2,16.833333333333332,0,0.0,1.3166666666666667,1,2.0
古亭站,南京復興站,2,12.733333333333333,0,0.0,1.3166666666666667,1,2.0
古亭站,台北小巨蛋站,2,14.683333333333334,0,0.0,1.3166666666666667,1,2.0
古亭站,松山站,2,19.583333333333332,0,0.0,1.3166666666666667,1,2.0
台電大樓站,松江南京站,2,12.583333333333334,0,0.0,1.3166666666666667,1,2.0
大坪林站,松江南京站,2,20.833333333333332,0,0.0,1.3166666666666667,1,2.0
小碧潭站,松江南京站,2,29.366666666666667,1,3.0,1.3166666666666667,1,2.0
新店區公所站,松江南京站,2,24.333333333333332,0,0.0,1.3166666666666667,1,2.0
新店站,松江南京站,2,26.6,0,0.0,1.3166666666666667,1,2.0
景美站,松江南京站,2,18.85,0,0.0,1.3166666666666667,1,2.0
松江南京站,七張站,2,22.583333333333332,0,0.0,1.3166666666666667,1,2.0
松江南京站,公館站,2,14.4,0,0.0,1.3166666666666667,1,2.0
松江南京站,十四張站,2,26.25,1,3.0,1.3166666666666667,1,2.0
松江南京站,台電大樓站,2,12.583333333333334,0,0.0,1.3166666666666667,1,2.0
松江南京站,大坪林站,2,20.833333333333332,0,0.0,1.3166666666666667,1,2.0
松江南京站,小碧潭站,2,28.966666666666665,1,3.0,1.3166666666666667,1,2.0
松江南京站,新店區公所站,2,24.333333333333332,0,0.0,1.3166666666666667,1,2.0
松江南京站,新店站,2,26.6,0,0.0,1.3166666666666667,1,2.0
松江南京站,景美站,2,18.85,0,0.0,1.3166666666666667,1,2.0
松江南京站,萬隆站,2,16.916666666666668,0,0.0,1.3166666666666667,1,2.0
萬隆站,松江南京站,2,16.916666666666668,0,0.0,1.3166666666666667,1,2.0
三和國中站,七張站,2,33.8,1,2.0,1.2833333333333334,1,3.0
三和國中站,公館站,2,25.616666666666667,1,2.0,1.2833333333333334,1,3.0
三和國中站,台電大樓站,2,23.8,1,2.0,1.2833333333333334,1,3.0
三和國中站,大坪林站,2,32.05,1,2.0,1.2833333333333334,1,3.0
三和國中站,小碧潭站,2,40.18333333333333,2,5.0,1.2833333333333334,1,3.0
三和國中站,新店區公所站,2,35.55,1,2.0,1.2833333333333334,1,3.0
三和國中站,新店站,2,37.81666666666667,1,2.0,1.2833333333333334,1,3.0
三和國中站,景美站,2,30.066666666666666,1,2.0,1.2833333333333334,1,3.0
三和國中站,萬隆站,2,28.133333333333333,1,2.0,1.2833333333333334,1,3.0
三民高中站,七張站,2,37.53333333333333,1,2.0,1.2833333333333334,1,3.0
三民高中站,公館站,2,29.35,1,2.0,1.2833333333333334,1,3.0
三民高中站,台電大樓站,2,27.533333333333335,1,2.0,1.2833333333333334,1,3.0
三民高中站,大坪林站,2,35.78333333333333,1,2.0,1.2833333333333334,1,3.0
三民高中站,小碧潭站,2,43.916666666666664,2,5.0,1.2833333333333334,1,3.0
三民高中站,新店區公所站,2,39.28333333333333,1,2.0,1.2833333333333334,1,3.0
三民高中站,新店站,2,41.55,1,2.0,1.2833333333333334,1,3.0
三民高中站,景美站,2,33.8,1,2.0,1.2833333333333334,1,3.0
三民高中站,萬隆站,2,31.866666666666667,1,2.0,1.2833333333333334,1,3.0
三重國小站,七張站,2,31.6,1,2.0,1.2833333333333334,1,3.0
三重國小站,公館站,2,23.416666666666668,1,2.0,1.2833333333333334,1,3.0
三重國小站,台電大樓站,2,21.6,1,2.0,1.2833333333333334,1,3.0
三重國小站,大坪林站,2,29.85,1,2.0,1.2833333333333334,1,3.0
三重國小站,小碧潭站,2,37.983333333333334,2,5.0,1.2833333333333334,1,3.0
三重國小站,新店區公所站,2,33.35,1,2.0,1.2833333333333334,1,3.0
三重國小站,新店站,2,35.61666666666667,1,2.0,1.2833333333333334,1,3.0
三重國小站,景美站,2,27.866666666666667,1,2.0,1.2833333333333334,1,3.0
三重國小站,萬隆站,2,25.933333333333334,1,2.0,1.2833333333333334,1,3.0
三重站,七張站,2,35.05,1,2.0,1.2833333333333334,1,3.0
三重站,公館站,2,26.866666666666667,1,2.0,1.2833333333333334,1,3.0
三重站,台電大樓站,2,25.05,1,2.0,1.2833333333333334,1,3.0
三重站,大坪林站,2,33.3,1,2.0,1.2833333333333334,1,3.0
三重站,小碧潭站,2,41.43333333333333,2,5.0,1.2833333333333334,1,3.0
三重站,新店區公所站,2,36.8,1,2.0,1.2833333333333334,1,3.0
三重站,新店站,2,39.06666666666667,1,2.0,1.2833333333333334,1,3.0
三重站,景美站,2,31.316666666666666,1,2.0,1.2833333333333334,1,3.0
三重站,萬隆站,2,29.383333333333333,1,2.0,1.2833333333333334,1,3.0
丹鳳站,公館站,2,38.85,1,2.0,1.2833333333333334,1,3.0
丹鳳站,台電大樓站,2,37.03333333333333,1,2.0,1.2833333333333334,1,3.0
丹鳳站,景美站,2,43.3,1,2.0,1.2833333333333334,1,3.0
丹鳳站,萬隆站,2,41.36666666666667,1,2.0,1.2833333333333334,1,3.0
先嗇宮站,七張站,2,37.833333333333336,1,2.0,1.2833333333333334,1,3.0
先嗇宮站,公館站,2,29.65,1,2.0,1.2833333333333334,1,3.0
先嗇宮站,台電大樓站,2,27.833333333333332,1,2.0,1.2833333333333334,1,3.0
先嗇宮站,小碧潭站,2,44.21666666666667,2,5.0,1.2833333333333334,1,3.0
先嗇宮站,新店區公所站,2,39.583333333333336,1,2.0,1.2833333333333334,1,3.0
先嗇宮站,新店站,2,41.85,1,2.0,1.2833333333333334,1,3.0
先嗇宮站,景美站,2,34.1,1,2.0,1.2833333333333334,1,3.0
先嗇宮站,萬隆站,2,32.166666666666664,1,2.0,1.2833333333333334,1,3.0
台北橋站,七張站,2,31.2,1,2.0,1.2833333333333334,1,3.0
台北橋站,公館站,2,23.016666666666666,1,2.0,1.2833333333333334,1,3.0
台北橋站,台電大樓站,2,21.2,1,2.0,1.2833333333333334,1,3.0
台北橋站,大坪林站,2,29.45,1,2.0,1.2833333333333334,1,3.0
台北橋站,小碧潭站,2,37.583333333333336,2,5.0,1.2833333333333334,1,3.0
台北橋站,新店區公所站,2,32.95,1,2.0,1.2833333333333334,1,3.0
台北橋站,新店站,2,35.21666666666667,1,2.0,1.2833333333333334,1,3.0
台北橋站,景美站,2,27.466666666666665,1,2.0,1.2833333333333334,1,3.0
台北橋站,萬隆站,2,25.533333333333335,1,2.0,1.2833333333333334,1,3.0
大橋頭站,七張站,2,28.65,1,2.0,1.2833333333333334,1,3.0
大橋頭站,公館站,2,20.466666666666665,1,2.0,1.2833333333333334,1,3.0
大橋頭站,台電大樓站,2,18.65,1,2.0,1.2833333333333334,1,3.0
大橋頭站,大坪林站,2,26.9,1,2.0,1.2833333333333334,1,3.0
大橋頭站,小碧潭站,2,35.03333333333333,2,5.0,1.2833333333333334,1,3.0
大橋頭站,新店區公所站,2,30.4,1,2.0,1.2833333333333334,1,3.0
大橋頭站,新店站,2,32.666666666666664,1,2.0,1.2833333333333334,1,3.0
大橋頭站,景美站,2,24.916666666666668,1,2.0,1.2833333333333334,1,3.0
大橋頭站,萬隆站,2,22.983333333333334,1,2.0,1.2833333333333334,1,3.0
徐匯中學站,七張站,2,35.583333333333336,1,2.0,1.2833333333333334,1,3.0
徐匯中學站,公館站,2,27.4,1,2.0,1.2833333333333334,1,3.0
徐匯中學站,台電大樓站,2,25.583333333333332,1,2.0,1.2833333333333334,1,3.0
徐匯中學站,大坪林站,2,33.833333333333336,1,2.0,1.2833333333333334,1,3.0
徐匯中學站,小碧潭站,2,41.96666666666667,2,5.0,1.2833333333333334,1,3.0
徐匯中學站,新店區公所站,2,37.333333333333336,1,2.0,1.2833333333333334,1,3.0
徐匯中學站,新店站,2,39.6,1,2.0,1.2833333333333334,1,3.0
徐匯中學站,景美站,2,31.85,1,2.0,1.2833333333333334,1,3.0
徐匯中學站,萬隆站,2,29.916666666666668,1,2.0,1.2833333333333334,1,3.0
新莊站,公館站,2,33.85,1,2.0,1.2833333333333334,1,3.0
新莊站,台電大樓站,2,32.03333333333333,1,2.0,1.2833333333333334,1,3.0
新莊站,景美站,2,38.3,1,2.0,1.2833333333333334,1,3.0
新莊站,萬隆站,2,36.36666666666667,1,2.0,1.2833333333333334,1,3.0
永安市場站,大坪林站,2,16.25,1,2.0,1.2833333333333334,0,4.0
菜寮站,七張站,2,33.233333333333334,1,2.0,1.2833333333333334,1,3.0
菜寮站,公館站,2,25.05,1,2.0,1.2833333333333334,1,3.0
菜寮站,台電大樓站,2,23.233333333333334,1,2.0,1.2833333333333334,1,3.0
菜寮站,大坪林站,2,31.483333333333334,1,2.0,1.2833333333333334,1,3.0
菜寮站,小碧潭站,2,39.61666666666667,2,5.0,1.2833333333333334,1,3.0
菜寮站,新店區公所站,2,34.983333333333334,1,2.0,1.2833333333333334,1,3.0
菜寮站,新店站,2,37.25,1,2.0,1.2833333333333334,1,3.0
菜寮站,景美站,2,29.5,1,2.0,1.2833333333333334,1,3.0
菜寮站,萬隆站,2,27.566666666666666,1,2.0,1.2833333333333334,1,3.0
蘆洲站,七張站,2,39.8,1,2.0,1.2833333333333334,1,3.0
蘆洲站,公館站,2,31.616666666666667,1,2.0,1.2833333333333334,1,3.0
蘆洲站,台電大樓站,2,29.8,1,2.0,1.2833333333333334,1,3.0
蘆洲站,大坪林站,2,38.05,1,2.0,1.2833333333333334,1,3.0
蘆洲站,小碧潭站,2,46.18333333333333,2,5.0,1.2833333333333334,1,3.0
蘆洲站,新店區公所站,2,41.55,1,2.0,1.2833333333333334,1,3.0
蘆洲站,新店站,2,43.81666666666667,1,2.0,1.2833333333333334,1,3.0
蘆洲站,景美站,2,36.06666666666667,1,2.0,1.2833333333333334,1,3.0
蘆洲站,萬隆站,2,34.13333333333333,1,2.0,1.2833333333333334,1,3.0
輔大站,公館站,2,36.55,1,2.0,1.2833333333333334,1,3.0
輔大站,台電大樓站,2,34.733333333333334,1,2.0,1.2833333333333334,1,3.0
輔大站,景美站,2,41.0,1,2.0,1.2833333333333334,1,3.0
輔大站,萬隆站,2,39.06666666666667,1,2.0,1.2833333333333334,1,3.0
迴龍站,公館站,2,42.06666666666667,1,2.0,1.2833333333333334,1,3.0
迴龍站,台電大樓站,2,40.25,1,2.0,1.2833333333333334,1,3.0
迴龍站,景美站,2,46.516666666666666,1,2.0,1.2833333333333334,1,3.0
迴龍站,萬隆站,2,44.583333333333336,1,2.0,1.2833333333333334,1,3.0
忠孝新生站,台大醫院站,2,8.566666666666666,1,2.0,1.2,0,2.0
台大醫院站,忠孝新生站,2,8.683333333333334,1,2.0,1.1333333333333333,0,2.0
三和國中站,小南門站,2,21.65,1,2.0,1.0666666666666667,1,3.0
三民高中站,小南門站,2,25.383333333333333,1,2.0,1.0666666666666667,1,3.0
三重國小站,小南門站,2,19.45,1,2.0,1.0666666666666667,1,3.0
三重站,小南門站,2,22.9,1,2.0,1.0666666666666667,1,3.0
丹鳳站,小南門站,2,34.88333333333333,1,2.0,1.0666666666666667,1,3.0
先嗇宮站,小南門站,2,25.683333333333334,1,2.0,1.0666666666666667,1,3.0
台北橋站,小南門站,2,19.05,1,2.0,1.0666666666666667,1,3.0
大橋頭站,小南門站,2,16.5,1,2.0,1.0666666666666667,1,3.0
小南門站,三和國中站,2,21.566666666666666,1,2.0,1.0666666666666667,1,3.0
小南門站,三民高中站,2,25.3,1,2.0,1.0666666666666667,1,3.0
小南門站,三重國小站,2,19.366666666666667,1,2.0,1.0666666666666667,1,3.0
小南門站,三重站,2,22.816666666666666,1,2.0,1.0666666666666667,1,3.0
小南門站,丹鳳站,2,34.8,1,2.0,1.0666666666666667,1,3.0
小南門站,先嗇宮站,2,25.6,1,2.0,1.0666666666666667,1,3.0
小南門站,台北橋站,2,18.966666666666665,1,2.0,1.0666666666666667,1,3.0
小南門站,大橋頭站,2,16.416666666666668,1,2.0,1.0666666666666667,1,3.0
小南門站,徐匯中學站,2,23.35,1,2.0,1.0666666666666667,1,3.0
小南門站,新莊站,2,29.8,1,2.0,1.0666666666666667,1,3.0
小南門站,菜寮站,2,21.0,1,2.0,1.0666666666666667,1,3.0
小南門站,蘆洲站,2,27.566666666666666,1,2.0,1.0666666666666667,1,3.0
小南門站,輔大站,2,32.5,1,2.0,1.0666666666666667,1,3.0
小南門站,迴龍站,2,38.016666666666666,1,2.0,1.0666666666666667,1,3.0
徐匯中學站,小南門站,2,23.433333333333334,1,2.0,1.0666666666666667,1,3.0
新莊站,小南門站,2,29.883333333333333,1,2.0,1.0666666666666667,1,3.0
菜寮站,小南門站,2,21.083333333333332,1,2.0,1.0666666666666667,1,3.0
蘆洲站,小南門站,2,27.65,1,2.0,1.0666666666666667,1,3.0
輔大站,小南門站,2,32.583333333333336,1,2.0,1.0666666666666667,1,3.0
迴龍站,小南門站,2,38.1,1,2.0,1.0666666666666667,1,3.0
秀朗橋站,江子翠站,2,30.55,1,5.0,1.05,1,4.0
善導寺站,頭前庄站,2,23.45,1,2.0,0.9833333333333333,0,7.0
三和國中站,北門站,2,17.9,1,2.0,0.9666666666666667,1,4.0
三和國中站,西門站,2,19.8,1,2.0,0.9666666666666667,1,4.0
三民高中站,北門站,2,21.633333333333333,1,2.0,0.9666666666666667,1,4.0
三民高中站,西門站,2,23.533333333333335,1,2.0,0.9666666666666667,1,4.0
三重國小站,北門站,2,15.7,1,2.0,0.9666666666666667,1,4.0
三重國小站,西門站,2,17.6,1,2.0,0.9666666666666667,1,4.0
三重站,北門站,2,19.15,1,2.0,0.9666666666666667,1,4.0
三重站,西門站,2,21.05,1,2.0,0.9666666666666667,1,4.0
中山國中站,南港展覽館站,2,23.633333333333333,0,0.0,0.9666666666666667,1,5.0
丹鳳站,北門站,2,31.133333333333333,1,2.0,0.9666666666666667,1,4.0
先嗇宮站,北門站,2,21.933333333333334,1,2.0,0.9666666666666667,1,4.0
先嗇宮站,西門站,2,23.833333333333332,1,2.0,0.9666666666666667,1,4.0
台北橋站,北門站,2,15.3,1,2.0,0.9666666666666667,1,4.0
台北橋站,西門站,2,17.2,1,2.0,0.9666666666666667,1,4.0
台大醫院站,北門站,2,8.35,1,2.0,0.9666666666666667,0,1.0
大橋頭站,北門站,2,12.75,1,2.0,0.9666666666666667,1,4.0
大橋頭站,西門站,2,14.65,1,2.0,0.9666666666666667,1,4.0
徐匯中學站,北門站,2,19.683333333333334,1,2.0,0.9666666666666667,1,4.0
徐匯中學站,西門站,2,21.583333333333332,1,2.0,0.9666666666666667,1,4.0
新埔民生站,萬隆站,2,30.783333333333335,1,3.0,0.9666666666666667,1,8.0
新莊站,北門站,2,26.133333333333333,1,2.0,0.9666666666666667,1,4.0
菜寮站,北門站,2,17.333333333333332,1,2.0,0.9666666666666667,1,4.0
菜寮站,西門站,2,19.233333333333334,1,2.0,0.9666666666666667,1,4.0
萬隆站,幸福站,2,35.3,1,3.0,0.9666666666666667,1,8.0
萬隆站,新北產業園區站,2,37.93333333333333,1,3.0,0.9666666666666667,1,8.0
萬隆站,新埔民生站,2,30.333333333333332,1,3.0,0.9666666666666667,1,8.0
萬隆站,景安站,2,14.633333333333333,1,2.0,0.9666666666666667,0,1.0
蘆洲站,北門站,2,23.9,1,2.0,0.9666666666666667,1,4.0
蘆洲站,西門站,2,25.8,1,2.0,0.9666666666666667,1,4.0
輔大站,北門站,2,28.833333333333332,1,2.0,0.9666666666666667,1,4.0
迴龍站,北門站,2,34.35,1,2.0,0.9666666666666667,1,4.0
頭前庄站,善導寺站,2,23.5,1,2.0,0.9666666666666667,0,7.0
北門站,三和國中站,2,17.866666666666667,1,2.0,0.9166666666666666,1,4.0
北門站,三民高中站,2,21.6,1,2.0,0.9166666666666666,1,4.0
北門站,三重國小站,2,15.666666666666666,1,2.0,0.9166666666666666,1,4.0
北門站,三重站,2,19.116666666666667,1,2.0,0.9166666666666666,1,4.0
北門站,丹鳳站,2,31.1,1,2.0,0.9166666666666666,1,4.0
北門站,先嗇宮站,2,21.9,1,2.0,0.9166666666666666,1,4.0
北門站,台北橋站,2,15.266666666666667,1,2.0,0.9166666666666666,1,4.0
北門站,台大醫院站,2,8.266666666666667,1,2.0,0.9166666666666666,0,1.0
北門站,大橋頭站,2,12.716666666666667,1,2.0,0.9166666666666666,1,4.0
北門站,徐匯中學站,2,19.65,1,2.0,0.9166666666666666,1,4.0
北門站,新莊站,2,26.1,1,2.0,0.9166666666666666,1,4.0
北門站,菜寮站,2,17.3,1,2.0,0.9166666666666666,1,4.0
北門站,蘆洲站,2,23.866666666666667,1,2.0,0.9166666666666666,1,4.0
北門站,輔大站,2,28.8,1,2.0,0.9166666666666666,1,4.0
北門站,迴龍站,2,34.31666666666667,1,2.0,0.9166666666666666,1,4.0
西門站,三和國中站,2,19.766666666666666,1,2.0,0.9166666666666666,1,4.0
西門站,三民高中站,2,23.5,1,2.0,0.9166666666666666,1,4.0
西門站,三重國小站,2,17.566666666666666,1,2.0,0.9166666666666666,1,4.0
西門站,三重站,2,21.016666666666666,1,2.0,0.9166666666666666,1,4.0
西門站,先嗇宮站,2,23.8,1,2.0,0.9166666666666666,1,4.0
西門站,台北橋站,2,17.166666666666668,1,2.0,0.9166666666666666,1,4.0
西門站,大橋頭站,2,14.616666666666667,1,2.0,0.9166666666666666,1,4.0
西門站,徐匯中學站,2,21.55,1,2.0,0.9166666666666666,1,4.0
西門站,菜寮站,2,19.2,1,2.0,0.9166666666666666,1,4.0
西門站,蘆洲站,2,25.766666666666666,1,2.0,0.9166666666666666,1,4.0
六張犁站,劍潭站,2,27.3,1,5.0,0.9,1,3.0
六張犁站,北投站,2,40.65,1,5.0,0.9,1,3.0
六張犁站,唭哩岸站,2,36.983333333333334,1,5.0,0.9,1,3.0
六張犁站,圓山站,2,24.95,1,5.0,0.9,1,3.0
六張犁站,士林站,2,29.433333333333334,1,5.0,0.9,1,3.0
六張犁站,奇岩站,2,38.68333333333333,1,5.0,0.9,1,3.0
六張犁站,復興崗站,2,43.35,1,5.0,0.9,1,3.0
六張犁站,忠義站,2,45.75,1,5.0,0.9,1,3.0
六張犁站,新北投站,2,46.266666666666666,2,8.0,0.9,1,3.0
六張犁站,明德站,2,33.21666666666667,1,5.0,0.9,1,3.0
六張犁站,淡水站,2,56.666666666666664,1,5.0,0.9,1,3.0
六張犁站,石牌站,2,34.71666666666667,1,5.0,0.9,1,3.0
六張犁站,竹圍站,2,50.483333333333334,1,5.0,0.9,1,3.0
六張犁站,紅樹林站,2,53.3,1,5.0,0.9,1,3.0
六張犁站,芝山站,2,31.45,1,5.0,0.9,1,3.0
六張犁站,關渡站,2,47.53333333333333,1,5.0,0.9,1,3.0
六張犁站,雙連站,2,21.45,1,5.0,0.9,1,3.0
動物園站,劍潭站,2,38.666666666666664,1,5.0,0.9,1,3.0
動物園站,北投站,2,52.016666666666666,1,5.0,0.9,1,3.0
動物園站,唭哩岸站,2,48.35,1,5.0,0.9,1,3.0
動物園站,圓山站,2,36.31666666666667,1,5.0,0.9,1,3.0
動物園站,士林站,2,40.8,1,5.0,0.9,1,3.0
動物園站,奇岩站,2,50.05,1,5.0,0.9,1,3.0
動物園站,復興崗站,2,54.71666666666667,1,5.0,0.9,1,3.0
動物園站,忠義站,2,57.11666666666667,1,5.0,0.9,1,3.0
動物園站,新北投站,2,57.63333333333333,2,8.0,0.9,1,3.0
動物園站,明德站,2,44.583333333333336,1,5.0,0.9,1,3.0
動物園站,淡水站,2,68.03333333333333,1,5.0,0.9,1,3.0
動物園站,石牌站,2,46.083333333333336,1,5.0,0.9,1,3.0
動物園站,竹圍站,2,61.85,1,5.0,0.9,1,3.0
動物園站,紅樹林站,2,64.66666666666667,1,5.0,0.9,1,3.0
動物園站,芝山站,2,42.81666666666667,1,5.0,0.9,1,3.0
動物園站,關渡站,2,58.9,1,5.0,0.9,1,3.0
動物園站,雙連站,2,32.81666666666667,1,5.0,0.9,1,3.0
木柵站,劍潭站,2,37.13333333333333,1,5.0,0.9,1,3.0
木柵站,北投站,2,50.483333333333334,1,5.0,0.9,1,3.0
木柵站,唭哩岸站,2,46.81666666666667,1,5.0,0.9,1,3.0
木柵站,圓山站,2,34.78333333333333,1,5.0,0.9,1,3.0
木柵站,士林站,2,39.266666666666666,1,5.0,0.9,1,3.0
木柵站,奇岩站,2,48.516666666666666,1,5.0,0.9,1,3.0
木柵站,復興崗站,2,53.18333333333333,1,5.0,0.9,1,3.0
木柵站,忠義站,2,55.583333333333336,1,5.0,0.9,1,3.0
木柵站,新北投站,2,56.1,2,8.0,0.9,1,3.0
木柵站,明德站,2,43.05,1,5.0,0.9,1,3.0
木柵站,淡水站,2,66.5,1,5.0,0.9,1,3.0
木柵站,石牌站,2,44.55,1,5.0,0.9,1,3.0
木柵站,竹圍站,2,60.31666666666667,1,5.0,0.9,1,3.0
木柵站,紅樹林站,2,63.13333333333333,1,5.0,0.9,1,3.0
木柵站,芝山站,2,41.28333333333333,1,5.0,0.9,1,3.0
木柵站,關渡站,2,57.36666666666667,1,5.0,0.9,1,3.0
木柵站,雙連站,2,31.283333333333335,1,5.0,0.9,1,3.0
科技大樓站,劍潭站,2,24.85,1,5.0,0.9,1,3.0
科技大樓站,北投站,2,38.2,1,5.0,0.9,1,3.0
科技大樓站,唭哩岸站,2,34.53333333333333,1,5.0,0.9,1,3.0
科技大樓站,圓山站,2,22.5,1,5.0,0.9,1,3.0
科技大樓站,士林站,2,26.983333333333334,1,5.0,0.9,1,3.0
科技大樓站,奇岩站,2,36.233333333333334,1,5.0,0.9,1,3.0
科技大樓站,復興崗站,2,40.9,1,5.0,0.9,1,3.0
科技大樓站,忠義站,2,43.3,1,5.0,0.9,1,3.0
科技大樓站,新北投站,2,43.81666666666667,2,8.0,0.9,1,3.0
科技大樓站,明德站,2,30.766666666666666,1,5.0,0.9,1,3.0
科技大樓站,淡水站,2,54.21666666666667,1,5.0,0.9,1,3.0
科技大樓站,石牌站,2,32.266666666666666,1,5.0,0.9,1,3.0
科技大樓站,竹圍站,2,48.03333333333333,1,5.0,0.9,1,3.0
科技大樓站,紅樹林站,2,50.85,1,5.0,0.9,1,3.0
科技大樓站,芝山站,2,29.0,1,5.0,0.9,1,3.0
科技大樓站,關渡站,2,45.083333333333336,1,5.0,0.9,1,3.0
科技大樓站,雙連站,2,19.0,1,5.0,0.9,1,3.0
萬芳社區站,劍潭站,2,35.93333333333333,1,5.0,0.9,1,3.0
萬芳社區站,北投站,2,49.28333333333333,1,5.0,0.9,1,3.0
萬芳社區站,唭哩岸站,2,45.61666666666667,1,5.0,0.9,1,3.0
萬芳社區站,圓山站,2,33.583333333333336,1,5.0,0.9,1,3.0
萬芳社區站,士林站,2,38.06666666666667,1,5.0,0.9,1,3.0
萬芳社區站,奇岩站,2,47.31666666666667,1,5.0,0.9,1,3.0
萬芳社區站,復興崗站,2,51.983333333333334,1,5.0,0.9,1,3.0
萬芳社區站,忠義站,2,54.38333333333333,1,5.0,0.9,1,3.0
萬芳社區站,新北投站,2,54.9,2,8.0,0.9,1,3.0
萬芳社區站,明德站,2,41.85,1,5.0,0.9,1,3.0
萬芳社區站,淡水站,2,65.3,1,5.0,0.9,1,3.0
萬芳社區站,石牌站,2,43.35,1,5.0,0.9,1,3.0
萬芳社區站,竹圍站,2,59.11666666666667,1,5.0,0.9,1,3.0
萬芳社區站,紅樹林站,2,61.93333333333333,1,5.0,0.9,1,3.0
萬芳社區站,芝山站,2,40.083333333333336,1,5.0,0.9,1,3.0
萬芳社區站,關渡站,2,56.166666666666664,1,5.0,0.9,1,3.0
萬芳社區站,雙連站,2,30.083333333333332,1,5.0,0.9,1,3.0
萬芳醫院站,劍潭站,2,33.86666666666667,1,5.0,0.9,1,3.0
萬芳醫院站,北投站,2,47.21666666666667,1,5.0,0.9,1,3.0
萬芳醫院站,唭哩岸站,2,43.55,1,5.0,0.9,1,3.0
萬芳醫院站,圓山站,2,31.516666666666666,1,5.0,0.9,1,3.0
萬芳醫院站,士林站,2,36.0,1,5.0,0.9,1,3.0
萬芳醫院站,奇岩站,2,45.25,1,5.0,0.9,1,3.0
萬芳醫院站,復興崗站,2,49.916666666666664,1,5.0,0.9,1,3.0
萬芳醫院站,忠義站,2,52.31666666666667,1,5.0,0.9,1,3.0
萬芳醫院站,新北投站,2,52.833333333333336,2,8.0,0.9,1,3.0
萬芳醫院站,明德站,2,39.78333333333333,1,5.0,0.9,1,3.0
萬芳醫院站,淡水站,2,63.233333333333334,1,5.0,0.9,1,3.0
萬芳醫院站,石牌站,2,41.28333333333333,1,5.0,0.9,1,3.0
萬芳醫院站,竹圍站,2,57.05,1,5.0,0.9,1,3.0
萬芳醫院站,紅樹林站,2,59.86666666666667,1,5.0,0.9,1,3.0
萬芳醫院站,芝山站,2,38.016666666666666,1,5.0,0.9,1,3.0
萬芳醫院站,關渡站,2,54.1,1,5.0,0.9,1,3.0
萬芳醫院站,雙連站,2,28.016666666666666,1,5.0,0.9,1,3.0
辛亥站,劍潭站,2,31.683333333333334,1,5.0,0.9,1,3.0
辛亥站,北投站,2,45.03333333333333,1,5.0,0.9,1,3.0
辛亥站,唭哩岸站,2,41.36666666666667,1,5.0,0.9,1,3.0
辛亥站,圓山站,2,29.333333333333332,1,5.0,0.9,1,3.0
辛亥站,士林站,2,33.81666666666667,1,5.0,0.9,1,3.0
辛亥站,奇岩站,2,43.06666666666667,1,5.0,0.9,1,3.0
辛亥站,復興崗站,2,47.733333333333334,1,5.0,0.9,1,3.0
辛亥站,忠義站,2,50.13333333333333,1,5.0,0.9,1,3.0
辛亥站,新北投站,2,50.65,2,8.0,0.9,1,3.0
辛亥站,明德站,2,37.6,1,5.0,0.9,1,3.0
辛亥站,淡水站,2,61.05,1,5.0,0.9,1,3.0
辛亥站,石牌站,2,39.1,1,5.0,0.9,1,3.0
辛亥站,竹圍站,2,54.86666666666667,1,5.0,0.9,1,3.0
辛亥站,紅樹林站,2,57.68333333333333,1,5.0,0.9,1,3.0
辛亥站,芝山站,2,35.833333333333336,1,5.0,0.9,1,3.0
辛亥站,關渡站,2,51.916666666666664,1,5.0,0.9,1,3.0
辛亥站,雙連站,2,25.833333333333332,1,5.0,0.9,1,3.0
麟光站,劍潭站,2,28.916666666666668,1,5.0,0.9,1,3.0
麟光站,北投站,2,42.266666666666666,1,5.0,0.9,1,3.0
麟光站,唭哩岸站,2,38.6,1,5.0,0.9,1,3.0
麟光站,圓山站,2,26.566666666666666,1,5.0,0.9,1,3.0
麟光站,士林站,2,31.05,1,5.0,0.9,1,3.0
麟光站,奇岩站,2,40.3,1,5.0,0.9,1,3.0
麟光站,復興崗站,2,44.96666666666667,1,5.0,0.9,1,3.0
麟光站,忠義站,2,47.36666666666667,1,5.0,0.9,1,3.0
麟光站,新北投站,2,47.88333333333333,2,8.0,0.9,1,3.0
麟光站,明德站,2,34.833333333333336,1,5.0,0.9,1,3.0
麟光站,淡水站,2,58.28333333333333,1,5.0,0.9,1,3.0
麟光站,石牌站,2,36.333333333333336,1,5.0,0.9,1,3.0
麟光站,竹圍站,2,52.1,1,5.0,0.9,1,3.0
麟光站,紅樹林站,2,54.916666666666664,1,5.0,0.9,1,3.0
麟光站,芝山站,2,33.06666666666667,1,5.0,0.9,1,3.0
麟光站,關渡站,2,49.15,1,5.0,0.9,1,3.0
麟光站,雙連站,2,23.066666666666666,1,5.0,0.9,1,3.0
南港展覽館站,中山國中站,2,23.716666666666665,0,0.0,0.8833333333333333,1,5.0
劍潭站,六張犁站,2,27.416666666666668,1,5.0,0.8666666666666667,1,3.0
劍潭站,動物園站,2,38.78333333333333,1,5.0,0.8666666666666667,1,3.0
劍潭站,木柵站,2,37.25,1,5.0,0.8666666666666667,1,3.0
劍潭站,科技大樓站,2,24.966666666666665,1,5.0,0.8666666666666667,1,3.0
劍潭站,萬芳社區站,2,36.05,1,5.0,0.8666666666666667,1,3.0
劍潭站,萬芳醫院站,2,33.983333333333334,1,5.0,0.8666666666666667,1,3.0
劍潭站,辛亥站,2,31.8,1,5.0,0.8666666666666667,1,3.0
劍潭站,麟光站,2,29.033333333333335,1,5.0,0.8666666666666667,1,3.0
北投站,六張犁站,2,40.766666666666666,1,5.0,0.8666666666666667,1,3.0
北投站,動物園站,2,52.13333333333333,1,5.0,0.8666666666666667,1,3.0
北投站,木柵站,2,50.6,1,5.0,0.8666666666666667,1,3.0
北投站,科技大樓站,2,38.31666666666667,1,5.0,0.8666666666666667,1,3.0
北投站,萬芳社區站,2,49.4,1,5.0,0.8666666666666667,1,3.0
北投站,萬芳醫院站,2,47.333333333333336,1,5.0,0.8666666666666667,1,3.0
北投站,辛亥站,2,45.15,1,5.0,0.8666666666666667,1,3.0
北投站,麟光站,2,42.38333333333333,1,5.0,0.8666666666666667,1,3.0
唭哩岸站,六張犁站,2,37.1,1,5.0,0.8666666666666667,1,3.0
唭哩岸站,動物園站,2,48.46666666666667,1,5.0,0.8666666666666667,1,3.0
唭哩岸站,木柵站,2,46.93333333333333,1,5.0,0.8666666666666667,1,3.0
唭哩岸站,科技大樓站,2,34.65,1,5.0,0.8666666666666667,1,3.0
唭哩岸站,萬芳社區站,2,45.733333333333334,1,5.0,0.8666666666666667,1,3.0
唭哩岸站,萬芳醫院站,2,43.666666666666664,1,5.0,0.8666666666666667,1,3.0
唭哩岸站,辛亥站,2,41.483333333333334,1,5.0,0.8666666666666667,1,3.0
唭哩岸站,麟光站,2,38.71666666666667,1,5.0,0.8666666666666667,1,3.0
圓山站,六張犁站,2,25.066666666666666,1,5.0,0.8666666666666667,1,3.0
圓山站,動物園站,2,36.43333333333333,1,5.0,0.8666666666666667,1,3.0
圓山站,木柵站,2,34.9,1,5.0,0.8666666666666667,1,3.0
圓山站,科技大樓站,2,22.616666666666667,1,5.0,0.8666666666666667,1,3.0
圓山站,萬芳社區站,2,33.7,1,5.0,0.8666666666666667,1,3.0
圓山站,萬芳醫院站,2,31.633333333333333,1,5.0,0.8666666666666667,1,3.0
圓山站,辛亥站,2,29.45,1,5.0,0.8666666666666667,1,3.0
圓山站,麟光站,2,26.683333333333334,1,5.0,0.8666666666666667,1,3.0
士林站,六張犁站,2,29.55,1,5.0,0.8666666666666667,1,3.0
士林站,動物園站,2,40.916666666666664,1,5.0,0.8666666666666667,1,3.0
士林站,木柵站,2,39.38333333333333,1,5.0,0.8666666666666667,1,3.0
士林站,科技大樓站,2,27.1,1,5.0,0.8666666666666667,1,3.0
士林站,萬芳社區站,2,38.18333333333333,1,5.0,0.8666666666666667,1,3.0
士林站,萬芳醫院站,2,36.11666666666667,1,5.0,0.8666666666666667,1,3.0
士林站,辛亥站,2,33.93333333333333,1,5.0,0.8666666666666667,1,3.0
士林站,麟光站,2,31.166666666666668,1,5.0,0.8666666666666667,1,3.0
奇岩站,六張犁站,2,38.8,1,5.0,0.8666666666666667,1,3.0
奇岩站,動物園站,2,50.166666666666664,1,5.0,0.8666666666666667,1,3.0
奇岩站,木柵站,2,48.63333333333333,1,5.0,0.8666666666666667,1,3.0
奇岩站,科技大樓站,2,36.35,1,5.0,0.8666666666666667,1,3.0
奇岩站,萬芳社區站,2,47.43333333333333,1,5.0,0.8666666666666667,1,3.0
奇岩站,萬芳醫院站,2,45.36666666666667,1,5.0,0.8666666666666667,1,3.0
奇岩站,辛亥站,2,43.18333333333333,1,5.0,0.8666666666666667,1,3.0
奇岩站,麟光站,2,40.416666666666664,1,5.0,0.8666666666666667,1,3.0
復興崗站,六張犁站,2,43.46666666666667,1,5.0,0.8666666666666667,1,3.0
復興崗站,動物園站,2,54.833333333333336,1,5.0,0.8666666666666667,1,3.0
復興崗站,木柵站,2,53.3,1,5.0,0.8666666666666667,1,3.0
復興崗站,科技大樓站,2,41.016666666666666,1,5.0,0.8666666666666667,1,3.0
復興崗站,萬芳社區站,2,52.1,1,5.0,0.8666666666666667,1,3.0
復興崗站,萬芳醫院站,2,50.03333333333333,1,5.0,0.8666666666666667,1,3.0
復興崗站,辛亥站,2,47.85,1,5.0,0.8666666666666667,1,3.0
復興崗站,麟光站,2,45.083333333333336,1,5.0,0.8666666666666667,1,3.0
忠義站,六張犁站,2,45.86666666666667,1,5.0,0.8666666666666667,1,3.0
忠義站,動物園站,2,57.233333333333334,1,5.0,0.8666666666666667,1,3.0
忠義站,木柵站,2,55.7,1,5.0,0.8666666666666667,1,3.0
忠義站,科技大樓站,2,43.416666666666664,1,5.0,0.8666666666666667,1,3.0
忠義站,萬芳社區站,2,54.5,1,5.0,0.8666666666666667,1,3.0
忠義站,萬芳醫院站,2,52.43333333333333,1,5.0,0.8666666666666667,1,3.0
忠義站,辛亥站,2,50.25,1,5.0,0.8666666666666667,1,3.0
忠義站,麟光站,2,47.483333333333334,1,5.0,0.8666666666666667,1,3.0
新北投站,六張犁站,2,46.833333333333336,2,8.0,0.8666666666666667,1,3.0
新北投站,動物園站,2,58.2,2,8.0,0.8666666666666667,1,3.0
新北投站,木柵站,2,56.666666666666664,2,8.0,0.8666666666666667,1,3.0
新北投站,科技大樓站,2,44.38333333333333,2,8.0,0.8666666666666667,1,3.0
新北投站,萬芳社區站,2,55.46666666666667,2,8.0,0.8666666666666667,1,3.0
新北投站,萬芳醫院站,2,53.4,2,8.0,0.8666666666666667,1,3.0
新北投站,辛亥站,2,51.21666666666667,2,8.0,0.8666666666666667,1,3.0
新北投站,麟光站,2,48.45,2,8.0,0.8666666666666667,1,3.0
明德站,六張犁站,2,33.333333333333336,1,5.0,0.8666666666666667,1,3.0
明德站,動物園站,2,44.7,1,5.0,0.8666666666666667,1,3.0
明德站,木柵站,2,43.166666666666664,1,5.0,0.8666666666666667,1,3.0
明德站,科技大樓站,2,30.883333333333333,1,5.0,0.8666666666666667,1,3.0
明德站,萬芳社區站,2,41.96666666666667,1,5.0,0.8666666666666667,1,3.0
明德站,萬芳醫院站,2,39.9,1,5.0,0.8666666666666667,1,3.0
明德站,辛亥站,2,37.71666666666667,1,5.0,0.8666666666666667,1,3.0
明德站,麟光站,2,34.95,1,5.0,0.8666666666666667,1,3.0
淡水站,六張犁站,2,56.78333333333333,1,5.0,0.8666666666666667,1,3.0
淡水站,動物園站,2,68.15,1,5.0,0.8666666666666667,1,3.0
淡水站,木柵站,2,66.61666666666666,1,5.0,0.8666666666666667,1,3.0
淡水站,科技大樓站,2,54.333333333333336,1,5.0,0.8666666666666667,1,3.0
淡水站,萬芳社區站,2,65.41666666666667,1,5.0,0.8666666666666667,1,3.0
淡水站,萬芳醫院站,2,63.35,1,5.0,0.8666666666666667,1,3.0
淡水站,辛亥站,2,61.166666666666664,1,5.0,0.8666666666666667,1,3.0
淡水站,麟光站,2,58.4,1,5.0,0.8666666666666667,1,3.0
石牌站,六張犁站,2,34.833333333333336,1,5.0,0.8666666666666667,1,3.0
石牌站,動物園站,2,46.2,1,5.0,0.8666666666666667,1,3.0
石牌站,木柵站,2,44.666666666666664,1,5.0,0.8666666666666667,1,3.0
石牌站,科技大樓站,2,32.38333333333333,1,5.0,0.8666666666666667,1,3.0
石牌站,萬芳社區站,2,43.46666666666667,1,5.0,0.8666666666666667,1,3.0
石牌站,萬芳醫院站,2,41.4,1,5.0,0.8666666666666667,1,3.0
石牌站,辛亥站,2,39.21666666666667,1,5.0,0.8666666666666667,1,3.0
石牌站,麟光站,2,36.45,1,5.0,0.8666666666666667,1,3.0
秀朗橋站,古亭站,2,16.9,1,3.0,0.8666666666666667,0,3.0
竹圍站,六張犁站,2,50.6,1,5.0,0.8666666666666667,1,3.0
竹圍站,動物園站,2,61.96666666666667,1,5.0,0.8666666666666667,1,3.0
竹圍站,木柵站,2,60.43333333333333,1,5.0,0.8666666666666667,1,3.0
竹圍站,科技大樓站,2,48.15,1,5.0,0.8666666666666667,1,3.0
竹圍站,萬芳社區站,2,59.233333333333334,1,5.0,0.8666666666666667,1,3.0
竹圍站,萬芳醫院站,2,57.166666666666664,1,5.0,0.8666666666666667,1,3.0
竹圍站,辛亥站,2,54.983333333333334,1,5.0,0.8666666666666667,1,3.0
竹圍站,麟光站,2,52.21666666666667,1,5.0,0.8666666666666667,1,3.0
紅樹林站,六張犁站,2,53.416666666666664,1,5.0,0.8666666666666667,1,3.0
紅樹林站,動物園站,2,64.78333333333333,1,5.0,0.8666666666666667,1,3.0
紅樹林站,木柵站,2,63.25,1,5.0,0.8666666666666667,1,3.0
紅樹林站,科技大樓站,2,50.96666666666667,1,5.0,0.8666666666666667,1,3.0
紅樹林站,萬芳社區站,2,62.05,1,5.0,0.8666666666666667,1,3.0
紅樹林站,萬芳醫院站,2,59.983333333333334,1,5.0,0.8666666666666667,1,3.0
紅樹林站,辛亥站,2,57.8,1,5.0,0.8666666666666667,1,3.0
紅樹林站,麟光站,2,55.03333333333333,1,5.0,0.8666666666666667,1,3.0
芝山站,六張犁站,2,31.566666666666666,1,5.0,0.8666666666666667,1,3.0
芝山站,動物園站,2,42.93333333333333,1,5.0,0.8666666666666667,1,3.0
芝山站,木柵站,2,41.4,1,5.0,0.8666666666666667,1,3.0
芝山站,科技大樓站,2,29.116666666666667,1,5.0,0.8666666666666667,1,3.0
芝山站,萬芳社區站,2,40.2,1,5.0,0.8666666666666667,1,3.0
芝山站,萬芳醫院站,2,38.13333333333333,1,5.0,0.8666666666666667,1,3.0
芝山站,辛亥站,2,35.95,1,5.0,0.8666666666666667,1,3.0
芝山站,麟光站,2,33.18333333333333,1,5.0,0.8666666666666667,1,3.0
關渡站,六張犁站,2,47.65,1,5.0,0.8666666666666667,1,3.0
關渡站,動物園站,2,59.016666666666666,1,5.0,0.8666666666666667,1,3.0
關渡站,木柵站,2,57.483333333333334,1,5.0,0.8666666666666667,1,3.0
關渡站,科技大樓站,2,45.2,1,5.0,0.8666666666666667,1,3.0
關渡站,萬芳社區站,2,56.28333333333333,1,5.0,0.8666666666666667,1,3.0
關渡站,萬芳醫院站,2,54.21666666666667,1,5.0,0.8666666666666667,1,3.0
關渡站,辛亥站,2,52.03333333333333,1,5.0,0.8666666666666667,1,3.0
關渡站,麟光站,2,49.266666666666666,1,5.0,0.8666666666666667,1,3.0
雙連站,六張犁站,2,21.566666666666666,1,5.0,0.8666666666666667,1,3.0
雙連站,動物園站,2,32.93333333333333,1,5.0,0.8666666666666667,1,3.0
雙連站,木柵站,2,31.4,1,5.0,0.8666666666666667,1,3.0
雙連站,科技大樓站,2,19.116666666666667,1,5.0,0.8666666666666667,1,3.0
雙連站,萬芳社區站,2,30.2,1,5.0,0.8666666666666667,1,3.0
雙連站,萬芳醫院站,2,28.133333333333333,1,5.0,0.8666666666666667,1,3.0
雙連站,辛亥站,2,25.95,1,5.0,0.8666666666666667,1,3.0
雙連站,麟光站,2,23.183333333333334,1,5.0,0.8666666666666667,1,3.0
松江南京站,台北車站,2,6.4,1,2.0,0.8333333333333334,0,1.0
新埔站,十四張站,2,30.65,1,5.0,0.8,1,4.0
七張站,中山站,2,20.783333333333335,0,0.0,0.7666666666666667,1,2.0
公館站,中山站,2,12.6,0,0.0,0.7666666666666667,1,2.0
十四張站,中山站,2,24.9,1,3.0,0.7666666666666667,1,2.0
南勢角站,中山站,2,20.75,1,2.0,0.7666666666666667,1,2.0
古亭站,中山站,2,8.816666666666666,0,0.0,0.7666666666666667,1,2.0
台電大樓站,中山站,2,10.783333333333333,0,0.0,0.7666666666666667,1,2.0
大坪林站,中山站,2,19.033333333333335,0,0.0,0.7666666666666667,1,2.0
小碧潭站,中山站,2,27.566666666666666,1,3.0,0.7666666666666667,1,2.0
新店區公所站,中山站,2,22.533333333333335,0,0.0,0.7666666666666667,1,2.0
新店站,中山站,2,24.8,0,0.0,0.7666666666666667,1,2.0
景安站,中山站,2,18.666666666666668,1,2.0,0.7666666666666667,1,2.0
景美站,中山站,2,17.05,0,0.0,0.7666666666666667,1,2.0
永安市場站,中山站,2,16.683333333333334,1,2.0,0.7666666666666667,1,2.0
秀朗橋站,中山站,2,27.133333333333333,1,3.0,0.7666666666666667,1,2.0
萬隆站,中山站,2,15.116666666666667,0,0.0,0.7666666666666667,1,2.0
頂溪站,中山站,2,14.483333333333333,1,2.0,0.7666666666666667,1,2.0
台北車站,松江南京站,2,6.483333333333333,1,2.0,0.7166666666666667,0,1.0
中山站,七張站,2,20.916666666666668,0,0.0,0.6333333333333333,1,2.0
中山站,公館站,2,12.733333333333333,0,0.0,0.6333333333333333,1,2.0
中山站,十四張站,2,24.583333333333332,1,3.0,0.6333333333333333,1,2.0
中山站,南勢角站,2,20.883333333333333,1,2.0,0.6333333333333333,1,2.0
中山站,古亭站,2,8.95,0,0.0,0.6333333333333333,1,2.0
中山站,台電大樓站,2,10.916666666666666,0,0.0,0.6333333333333333,1,2.0
中山站,大坪林站,2,19.166666666666668,0,0.0,0.6333333333333333,1,2.0
中山站,小碧潭站,2,27.3,1,3.0,0.6333333333333333,1,2.0
中山站,新店區公所站,2,22.666666666666668,0,0.0,0.6333333333333333,1,2.0
中山站,新店站,2,24.933333333333334,0,0.0,0.6333333333333333,1,2.0
中山站,景安站,2,18.8,1,2.0,0.6333333333333333,1,2.0
中山站,景美站,2,17.183333333333334,0,0.0,0.6333333333333333,1,2.0
中山站,永安市場站,2,16.816666666666666,1,2.0,0.6333333333333333,1,2.0
中山站,秀朗橋站,2,26.816666666666666,1,3.0,0.6333333333333333,1,2.0
中山站,萬隆站,2,15.25,0,0.0,0.6333333333333333,1,2.0
中山站,頂溪站,2,14.616666666666667,1,2.0,0.6333333333333333,1,2.0
善導寺站,中正紀念堂站,2,8.833333333333334,1,2.0,0.6333333333333333,0,2.0
江子翠站,秀朗橋站,2,30.5,1,5.0,0.6333333333333333,1,4.0
中正紀念堂站,善導寺站,2,8.95,1,2.0,0.5333333333333333,0,2.0
古亭站,頭前庄站,2,26.833333333333332,0,0.0,0.5333333333333333,2,11.0
中山國小站,中山站,2,7.233333333333333,1,2.0,0.5166666666666667,0,1.0
景安站,萬隆站,2,15.083333333333334,1,2.0,0.5166666666666667,0,1.0
頭前庄站,古亭站,2,26.866666666666667,0,0.0,0.5,2,11.0
信義安和站,南港軟體園區站,2,35.016666666666666,1,5.0,0.43333333333333335,2,10.0
六張犁站,南港軟體園區站,2,32.11666666666667,0,0.0,0.43333333333333335,2,10.0
動物園站,南港軟體園區站,2,43.483333333333334,0,0.0,0.43333333333333335,2,10.0
台北101/世貿站,南港軟體園區站,2,36.85,1,5.0,0.43333333333333335,2,10.0
大安站,南港軟體園區站,2,27.933333333333334,0,0.0,0.43333333333333335,2,10.0
廣慈/奉天宮站,南港軟體園區站,2,41.4,1,5.0,0.43333333333333335,2,10.0
木柵站,南港軟體園區站,2,41.95,0,0.0,0.43333333333333335,2,10.0
科技大樓站,南港軟體園區站,2,29.666666666666668,0,0.0,0.43333333333333335,2,10.0
萬芳社區站,南港軟體園區站,2,40.75,0,0.0,0.43333333333333335,2,10.0
萬芳醫院站,南港軟體園區站,2,38.68333333333333,0,0.0,0.43333333333333335,2,10.0
象山站,南港軟體園區站,2,38.45,1,5.0,0.43333333333333335,2,10.0
辛亥站,南港軟體園區站,2,36.5,0,0.0,0.43333333333333335,2,10.0
麟光站,南港軟體園區站,2,33.733333333333334,0,0.0,0.43333333333333335,2,10.0
中山站,中山國小站,2,7.283333333333333,1,2.0,0.38333333333333336,0,1.0
南勢角站,民權西路站,2,23.783333333333335,0,0.0,0.36666666666666664,2,4.0
景安站,民權西路站,2,21.7,0,0.0,0.36666666666666664,2,4.0
永安市場站,民權西路站,2,19.716666666666665,0,0.0,0.36666666666666664,2,4.0
頂溪站,民權西路站,2,17.516666666666666,0,0.0,0.36666666666666664,2,4.0
南港軟體園區站,信義安和站,2,35.016666666666666,1,5.0,0.35,2,10.0
南港軟體園區站,六張犁站,2,32.2,0,0.0,0.35,2,10.0
南港軟體園區站,動物園站,2,43.56666666666667,0,0.0,0.35,2,10.0
南港軟體園區站,台北101/世貿站,2,36.85,1,5.0,0.35,2,10.0
南港軟體園區站,大安站,2,28.016666666666666,0,0.0,0.35,2,10.0
南港軟體園區站,廣慈/奉天宮站,2,41.4,1,5.0,0.35,2,10.0
南港軟體園區站,木柵站,2,42.03333333333333,0,0.0,0.35,2,10.0
南港軟體園區站,科技大樓站,2,29.75,0,0.0,0.35,2,10.0
南港軟體園區站,萬芳社區站,2,40.833333333333336,0,0.0,0.35,2,10.0
南港軟體園區站,萬芳醫院站,2,38.766666666666666,0,0.0,0.35,2,10.0
南港軟體園區站,象山站,2,38.45,1,5.0,0.35,2,10.0
南港軟體園區站,辛亥站,2,36.583333333333336,0,0.0,0.35,2,10.0
南港軟體園區站,麟光站,2,33.81666666666667,0,0.0,0.35,2,10.0
景安站,三重站,2,29.883333333333333,0,0.0,0.3333333333333333,1,6.0
古亭站,秀朗橋站,2,17.016666666666666,1,3.0,0.3,0,3.0
永安市場站,丹鳳站,2,39.95,0,0.0,0.26666666666666666,2,12.0
永安市場站,新莊站,2,34.95,0,0.0,0.26666666666666666,2,12.0
永安市場站,輔大站,2,37.65,0,0.0,0.26666666666666666,2,12.0
永安市場站,迴龍站,2,43.166666666666664,0,0.0,0.26666666666666666,2,12.0
東湖站,松江南京站,2,29.483333333333334,1,5.0,0.25,1,2.0
松江南京站,東湖站,2,29.516666666666666,1,5.0,0.25,1,2.0
民權西路站,南勢角站,2,23.916666666666668,0,0.0,0.23333333333333334,2,4.0
民權西路站,景安站,2,21.833333333333332,0,0.0,0.23333333333333334,2,4.0
民權西路站,永安市場站,2,19.85,0,0.0,0.23333333333333334,2,4.0
民權西路站,頂溪站,2,17.65,0,0.0,0.23333333333333334,2,4.0
丹鳳站,永安市場站,2,40.0,0,0.0,0.21666666666666667,2,12.0
新莊站,永安市場站,2,35.0,0,0.0,0.21666666666666667,2,12.0
輔大站,永安市場站,2,37.7,0,0.0,0.21666666666666667,2,12.0
迴龍站,永安市場站,2,43.21666666666667,0,0.0,0.21666666666666667,2,12.0
三重站,景安站,2,30.05,0,0.0,0.16666666666666666,1,6.0
十四張站,新埔站,2,31.033333333333335,1,5.0,0.08333333333333333,1,4.0
