network_id,query_id,target_rho,observed_rho,source,target,num_nodes,num_edges,num_objectives,runtime_seconds,target_pareto_labels,generated_labels,kept_labels,pruned_labels,immediate_rejection_rate,dominance_checks,max_labels_per_node
0,0,-0.8,-0.8056764432663797,60,41,100,753,2,0.034493200000724755,3,4841,775,4066,0.839909109688081,15380,14
0,1,-0.8,-0.8056764432663797,97,29,100,753,2,0.04883840000547934,12,5879,980,4899,0.8333049838407892,23982,17
0,2,-0.8,-0.8056764432663797,98,93,100,753,2,0.031175500000244938,3,4800,758,4042,0.8420833333333333,14508,12
0,3,-0.8,-0.8056764432663797,30,13,100,753,2,0.028195000006235205,4,4349,728,3621,0.8326051965969188,12991,13
0,4,-0.8,-0.8056764432663797,22,93,100,753,2,0.026390300001366995,3,4350,686,3664,0.8422988505747127,11813,11
0,5,-0.8,-0.8056764432663797,49,96,100,753,2,0.020854599992162548,6,3668,584,3084,0.8407851690294439,9002,12
0,6,-0.8,-0.8056764432663797,53,8,100,753,2,0.02536810000310652,9,4209,668,3541,0.8412924685198384,11424,13
0,7,-0.8,-0.8056764432663797,7,78,100,753,2,0.03659630000765901,6,5006,847,4159,0.8308030363563723,17862,15
0,8,-0.8,-0.8056764432663797,32,14,100,753,2,0.02885709999827668,4,4593,731,3862,0.8408447637709558,13250,12
0,9,-0.8,-0.8056764432663797,4,95,100,753,2,0.04748449999897275,4,6070,974,5096,0.8395387149917628,23615,15
0,0,-0.4,-0.39137177185698163,60,41,100,753,2,0.027951399999437854,1,3711,605,3106,0.8369711668014013,9160,14
0,1,-0.4,-0.39137177185698163,97,29,100,753,2,0.0456558000005316,11,4971,851,4120,0.8288070810702072,16602,15
0,2,-0.4,-0.39137177185698163,98,93,100,753,2,0.025290599995059893,3,4233,693,3540,0.8362863217576187,11268,13
0,3,-0.4,-0.39137177185698163,30,13,100,753,2,0.026354300003731623,5,4258,694,3564,0.8370126820103335,11948,15
0,4,-0.4,-0.39137177185698163,22,93,100,753,2,0.0209818000002997,2,3862,614,3248,0.8410150181253236,8880,13
0,5,-0.4,-0.39137177185698163,49,96,100,753,2,0.01737430000503082,7,3212,549,2663,0.8290784557907845,7268,12
0,6,-0.4,-0.39137177185698163,53,8,100,753,2,0.020509299996774644,5,3686,588,3098,0.8404774823657081,8564,14
0,7,-0.4,-0.39137177185698163,7,78,100,753,2,0.03133550001075491,5,4457,775,3682,0.8261162216737716,14398,13
0,8,-0.4,-0.39137177185698163,32,14,100,753,2,0.022096000000601634,5,3908,634,3274,0.8377686796315251,9328,13
0,9,-0.4,-0.39137177185698163,4,95,100,753,2,0.035315700006322004,4,5002,852,4150,0.8296681327469012,16759,15
0,0,0.0,0.00895078823452707,60,41,100,753,2,0.014013800013344735,1,2859,468,2391,0.8363064008394544,5369,11
0,1,0.0,0.00895078823452707,97,29,100,753,2,0.02003549999790266,12,3604,595,3009,0.8349056603773585,8440,12
0,2,0.0,0.00895078823452707,98,93,100,753,2,0.01855480000085663,4,3440,570,2870,0.8343023255813954,7637,10
0,3,0.0,0.00895078823452707,30,13,100,753,2,0.018162099993787706,2,3328,538,2790,0.8383413461538461,7338,11
0,4,0.0,0.00895078823452707,22,93,100,753,2,0.013632100002723746,2,2772,485,2287,0.825036075036075,5281,10
0,5,0.0,0.00895078823452707,49,96,100,753,2,0.0157245000009425,4,2965,535,2430,0.8195615514333895,6338,10
0,6,0.0,0.00895078823452707,53,8,100,753,2,0.014012699990416877,2,2840,492,2348,0.8267605633802817,5492,8
0,7,0.0,0.00895078823452707,7,78,100,753,2,0.02697679999982938,4,4194,730,3464,0.8259418216499762,12150,14
0,8,0.0,0.00895078823452707,32,14,100,753,2,0.013786600000457838,7,2828,476,2352,0.8316831683168316,5220,9
0,9,0.0,0.00895078823452707,4,95,100,753,2,0.029867699995520525,5,4609,769,3840,0.8331525276632675,13486,14
0,0,0.4,0.39522132417421846,60,41,100,753,2,0.008123000006889924,1,1879,335,1544,0.8217136774880256,2747,6
0,1,0.4,0.39522132417421846,97,29,100,753,2,0.010642499997629784,7,2327,413,1914,0.822518263859046,3932,8
0,2,0.4,0.39522132417421846,98,93,100,753,2,0.012168600005679764,4,2585,436,2149,0.8313346228239845,4547,9
0,3,0.4,0.39522132417421846,30,13,100,753,2,0.012491499990574084,2,2465,411,2054,0.8332657200811359,4320,11
0,4,0.4,0.39522132417421846,22,93,100,753,2,0.008069500006968156,2,1828,357,1471,0.8047045951859956,2813,6
0,5,0.4,0.39522132417421846,49,96,100,753,2,0.013351800007512793,4,2695,476,2219,0.8233766233766234,5142,9
0,6,0.4,0.39522132417421846,53,8,100,753,2,0.0107276000053389,2,2349,411,1938,0.8250319284802043,3997,7
0,7,0.4,0.39522132417421846,7,78,100,753,2,0.01659970000036992,3,3190,537,2653,0.8316614420062696,6801,12
0,8,0.4,0.39522132417421846,32,14,100,753,2,0.007806599998730235,2,1844,335,1509,0.8183297180043384,2698,7
0,9,0.4,0.39522132417421846,4,95,100,753,2,0.02072680000856053,4,3811,625,3186,0.8360010495932826,8661,12
0,0,0.8,0.7964503436551401,60,41,100,753,2,0.005429700002423488,1,1380,255,1125,0.8152173913043478,1689,5
0,1,0.8,0.7964503436551401,97,29,100,753,2,0.0067968000075779855,2,1655,316,1339,0.8090634441087613,2267,5
0,2,0.8,0.7964503436551401,98,93,100,753,2,0.006594100006623194,4,1609,310,1299,0.8073337476693598,2195,6
0,3,0.8,0.7964503436551401,30,13,100,753,2,0.007581500001833774,1,1840,319,1521,0.8266304347826087,2569,7
0,4,0.8,0.7964503436551401,22,93,100,753,2,0.006729599990649149,2,1606,330,1276,0.7945205479452054,2262,7
0,5,0.8,0.7964503436551401,49,96,100,753,2,0.00883260001137387,5,2008,387,1621,0.8072709163346613,3059,7
0,6,0.8,0.7964503436551401,53,8,100,753,2,0.007203899993328378,1,1737,315,1422,0.8186528497409327,2451,8
0,7,0.8,0.7964503436551401,7,78,100,753,2,0.007062399992719293,3,1707,318,1389,0.8137082601054482,2363,6
0,8,0.8,0.7964503436551401,32,14,100,753,2,0.005580100012593903,2,1447,277,1170,0.8085694540428473,1772,5
0,9,0.8,0.7964503436551401,4,95,100,753,2,0.008829899990814738,1,2149,357,1792,0.8338762214983714,3037,8
1,0,-0.8,-0.8013534085729636,61,1,100,825,2,0.0246540000080131,3,4221,618,3603,0.853589196872779,10825,11
1,1,-0.8,-0.8013534085729636,27,25,100,825,2,0.038422500001615845,8,5595,820,4775,0.8534405719392315,18041,12
1,2,-0.8,-0.8013534085729636,46,5,100,825,2,0.04151090000232216,8,5906,866,5040,0.8533694547917372,20052,16
1,3,-0.8,-0.8013534085729636,83,66,100,825,2,0.034401500000967644,8,5234,772,4462,0.8525028658769583,16304,14
1,4,-0.8,-0.8013534085729636,98,33,100,825,2,0.03810469999734778,2,5610,827,4783,0.852584670231729,18183,15
1,5,-0.8,-0.8013534085729636,20,36,100,825,2,0.021878499988815747,2,4025,610,3415,0.8484472049689441,9365,10
1,6,-0.8,-0.8013534085729636,27,89,100,825,2,0.03790719999233261,9,5595,820,4775,0.8534405719392315,18041,12
1,7,-0.8,-0.8013534085729636,95,88,100,825,2,0.02426180000475142,4,4169,632,3537,0.8484048932597745,10765,11
1,8,-0.8,-0.8013534085729636,14,79,100,825,2,0.02651569999579806,11,4434,660,3774,0.851150202976996,12068,11
1,9,-0.8,-0.8013534085729636,68,28,100,825,2,0.030517899998812936,2,4906,729,4177,0.8514064410925397,13973,13
1,0,-0.4,-0.4122618523766386,61,1,100,825,2,0.022049999999580905,3,3935,594,3341,0.8490470139771283,9477,11
1,1,-0.4,-0.4122618523766386,27,25,100,825,2,0.03430639998987317,5,5314,802,4512,0.8490779074143772,15975,16
1,2,-0.4,-0.4122618523766386,46,5,100,825,2,0.04127780000271741,7,5871,892,4979,0.8480667688639073,20168,15
1,3,-0.4,-0.4122618523766386,83,66,100,825,2,0.03027269999438431,5,4878,730,4148,0.8503485034850349,13940,12
1,4,-0.4,-0.4122618523766386,98,33,100,825,2,0.03485130000626668,2,5505,800,4705,0.8546775658492279,16413,15
1,5,-0.4,-0.4122618523766386,20,36,100,825,2,0.018215899995993823,4,3601,554,3047,0.8461538461538461,7404,10
1,6,-0.4,-0.4122618523766386,27,89,100,825,2,0.03490790000068955,7,5314,802,4512,0.8490779074143772,15975,16
1,7,-0.4,-0.4122618523766386,95,88,100,825,2,0.019768099999055266,4,3627,566,3061,0.8439481665288117,8399,11
1,8,-0.4,-0.4122618523766386,14,79,100,825,2,0.021503600000869483,10,3879,601,3278,0.8450631606084043,9217,12
1,9,-0.4,-0.4122618523766386,68,28,100,825,2,0.02338199999940116,2,4213,633,3580,0.8497507714217897,9939,11
1,0,0.0,-0.014504614666952612,61,1,100,825,2,0.020003399986308068,3,3678,577,3101,0.8431212615551931,8316,10
1,1,0.0,-0.014504614666952612,27,25,100,825,2,0.027491599990753457,5,4584,732,3852,0.8403141361256544,12221,14
1,2,0.0,-0.014504614666952612,46,5,100,825,2,0.03543109999736771,7,5342,830,4512,0.8446274803444402,16567,15
1,3,0.0,-0.014504614666952612,83,66,100,825,2,0.026570799993351102,5,4516,679,3837,0.8496457041629761,11789,12
1,4,0.0,-0.014504614666952612,98,33,100,825,2,0.023738400006550364,3,4311,637,3674,0.8522384597541174,10100,15
1,5,0.0,-0.014504614666952612,20,36,100,825,2,0.013437700006761588,3,2836,443,2393,0.8437940761636107,5154,10
1,6,0.0,-0.014504614666952612,27,89,100,825,2,0.02734289999352768,6,4584,732,3852,0.8403141361256544,12221,14
1,7,0.0,-0.014504614666952612,95,88,100,825,2,0.014941599991288967,2,3006,479,2527,0.8406520292747838,5956,10
1,8,0.0,-0.014504614666952612,14,79,100,825,2,0.018274800007930025,5,3552,537,3015,0.8488175675675675,7448,10
1,9,0.0,-0.014504614666952612,68,28,100,825,2,0.015638600001693703,1,3208,500,2708,0.844139650872818,6139,9
1,0,0.4,0.38000451167850785,61,1,100,825,2,0.015191400001640432,4,3034,492,2542,0.8378378378378378,5900,8
1,1,0.4,0.38000451167850785,27,25,100,825,2,0.017206100004841574,3,3459,542,2917,0.8433073142526741,6882,9
1,2,0.4,0.38000451167850785,46,5,100,825,2,0.021286800008965656,6,3877,623,3254,0.8393087438741295,8984,11
1,3,0.4,0.38000451167850785,83,66,100,825,2,0.016661000001477078,5,3349,524,2825,0.8435353836966258,6649,10
1,4,0.4,0.38000451167850785,98,33,100,825,2,0.015824000001884997,3,3317,504,2813,0.8480554718118782,6135,9
1,5,0.4,0.38000451167850785,20,36,100,825,2,0.011081100004957989,5,2518,389,2129,0.8455123113582208,4017,7
1,6,0.4,0.38000451167850785,27,89,100,825,2,0.017055799995432608,4,3459,542,2917,0.8433073142526741,6882,9
1,7,0.4,0.38000451167850785,95,88,100,825,2,0.012545099991257302,1,2561,417,2144,0.837172979304959,4449,12
1,8,0.4,0.38000451167850785,14,79,100,825,2,0.012260900010005571,1,2623,421,2202,0.8394967594357606,4484,8
1,9,0.4,0.38000451167850785,68,28,100,825,2,0.01030979999632109,3,2359,392,1967,0.8338278931750742,3743,7
1,0,0.8,0.7746495147545798,61,1,100,825,2,0.009790800002519973,5,2237,388,1849,0.8265534197586053,3429,7
1,1,0.8,0.7746495147545798,27,25,100,825,2,0.0104525999922771,3,2489,392,2097,0.8425070309361189,3583,8
1,2,0.8,0.7746495147545798,46,5,100,825,2,0.010153499999432825,4,2311,385,1926,0.8334054521852012,3707,8
1,3,0.8,0.7746495147545798,83,66,100,825,2,0.007966000004671514,4,1935,333,1602,0.827906976744186,2658,6
1,4,0.8,0.7746495147545798,98,33,100,825,2,0.006795499997679144,1,1746,287,1459,0.8356242840778924,2201,7
1,5,0.8,0.7746495147545798,20,36,100,825,2,0.007913099994766526,5,1951,317,1634,0.8375192209123526,2647,9
1,6,0.8,0.7746495147545798,27,89,100,825,2,0.010415400000056252,3,2489,392,2097,0.8425070309361189,3583,8
1,7,0.8,0.7746495147545798,95,88,100,825,2,0.007774700003210455,1,1876,302,1574,0.8390191897654584,2435,8
1,8,0.8,0.7746495147545798,14,79,100,825,2,0.007335599992075004,1,1822,315,1507,0.827113062568606,2437,7
1,9,0.8,0.7746495147545798,68,28,100,825,2,0.00842450000345707,1,1935,322,1613,0.8335917312661498,2646,8
2,0,-0.8,-0.80059855888172,53,79,100,829,2,0.030575400000088848,11,4764,736,4028,0.8455079764903443,14110,15
2,1,-0.8,-0.80059855888172,37,48,100,829,2,0.03325930000573862,13,5140,783,4357,0.8476653696498054,15504,13
2,2,-0.8,-0.80059855888172,54,0,100,829,2,0.02828530000988394,10,4748,682,4066,0.8563605728727886,12732,11
2,3,-0.8,-0.80059855888172,38,75,100,829,2,0.03643379999266472,4,5183,738,4445,0.857611421956396,15805,14
2,4,-0.8,-0.80059855888172,7,27,100,829,2,0.03636560001177713,3,5328,795,4533,0.8507882882882883,17256,16
2,5,-0.8,-0.80059855888172,61,51,100,829,2,0.0295683000003919,5,4641,714,3927,0.8461538461538461,13610,14
2,6,-0.8,-0.80059855888172,33,56,100,829,2,0.023181000011391006,7,4199,606,3593,0.8556799237913789,9941,13
2,7,-0.8,-0.80059855888172,35,58,100,829,2,0.03312500000174623,3,4967,730,4237,0.8530299979867123,15370,13
2,8,-0.8,-0.80059855888172,55,94,100,829,2,0.03407609999703709,7,5327,778,4549,0.8539515674863901,15908,14
2,9,-0.8,-0.80059855888172,74,15,100,829,2,0.030094000001554377,15,4809,691,4118,0.8563110833853191,13715,15
2,0,-0.4,-0.40682234867017775,53,79,100,829,2,0.02807349999784492,5,4458,699,3759,0.8432032301480484,12755,15
2,1,-0.4,-0.40682234867017775,37,48,100,829,2,0.027077000006102026,13,4524,716,3808,0.8417329796640142,12055,13
2,2,-0.4,-0.40682234867017775,54,0,100,829,2,0.0211771000031149,3,3941,591,3350,0.8500380614057346,8827,12
2,3,-0.4,-0.40682234867017775,38,75,100,829,2,0.027053799989516847,3,4436,665,3771,0.8500901713255185,12094,15
2,4,-0.4,-0.40682234867017775,7,27,100,829,2,0.028998699999647215,1,4553,711,3842,0.8438392268833736,13091,14
2,5,-0.4,-0.40682234867017775,61,51,100,829,2,0.030422099996940233,6,4863,744,4119,0.8470080197409007,13968,13
2,6,-0.4,-0.40682234867017775,33,56,100,829,2,0.02058989999932237,5,3798,559,3239,0.8528172722485519,8239,16
2,7,-0.4,-0.40682234867017775,35,58,100,829,2,0.031435400000191294,3,4911,726,4185,0.8521686010995724,14598,17
2,8,-0.4,-0.40682234867017775,55,94,100,829,2,0.02600069998879917,5,4657,672,3985,0.8557010951256173,11291,12
2,9,-0.4,-0.40682234867017775,74,15,100,829,2,0.02375820001179818,11,4181,608,3573,0.8545802439607749,10356,14
2,0,0.0,-0.004072015364204614,53,79,100,829,2,0.025031400000443682,7,4157,668,3489,0.8393071926870339,10687,12
2,1,0.0,-0.004072015364204614,37,48,100,829,2,0.021305499991285615,9,3795,613,3182,0.838471673254282,8597,10
2,2,0.0,-0.004072015364204614,54,0,100,829,2,0.020499599995673634,2,3907,557,3350,0.8574353724084975,8083,13
2,3,0.0,-0.004072015364204614,38,75,100,829,2,0.02312019999953918,1,3751,579,3172,0.8456411623567048,9331,13
2,4,0.0,-0.004072015364204614,7,27,100,829,2,0.023549100005766377,1,4091,632,3459,0.8455145441212417,10175,12
2,5,0.0,-0.004072015364204614,61,51,100,829,2,0.02633419999619946,6,4465,673,3792,0.8492721164613661,11508,12
2,6,0.0,-0.004072015364204614,33,56,100,829,2,0.01586970000062138,5,3257,484,2773,0.8513969910961007,6190,11
2,7,0.0,-0.004072015364204614,35,58,100,829,2,0.026535199998761527,2,4324,668,3656,0.845513413506013,11961,14
2,8,0.0,-0.004072015364204614,55,94,100,829,2,0.017263300003833137,5,3571,521,3050,0.8541024922990759,6841,11
2,9,0.0,-0.004072015364204614,74,15,100,829,2,0.021103300008689985,8,3790,572,3218,0.8490765171503958,9016,12
2,0,0.4,0.4032254160524009,53,79,100,829,2,0.019484400007058866,9,3574,608,2966,0.82988248461108,8042,10
2,1,0.4,0.4032254160524009,37,48,100,829,2,0.01628940000955481,4,3346,524,2822,0.8433950986252241,6323,9
2,2,0.4,0.4032254160524009,54,0,100,829,2,0.012444699998013675,2,2780,425,2355,0.8471223021582733,4534,9
2,3,0.4,0.4032254160524009,38,75,100,829,2,0.0159908999921754,1,3147,491,2656,0.8439783921194789,6527,11
2,4,0.4,0.4032254160524009,7,27,100,829,2,0.01837109999905806,1,3484,553,2931,0.8412743972445464,7580,12
2,5,0.4,0.4032254160524009,61,51,100,829,2,0.01799639999808278,5,3597,551,3046,0.8468167917709202,7300,10
2,6,0.4,0.4032254160524009,33,56,100,829,2,0.012048700009472668,3,2628,406,2222,0.845509893455099,4205,9
2,7,0.4,0.4032254160524009,35,58,100,829,2,0.020749400006025098,3,3791,575,3216,0.8483249802163018,8739,12
2,8,0.4,0.4032254160524009,55,94,100,829,2,0.011394999994081445,3,2587,406,2181,0.8430614611519134,4084,8
2,9,0.4,0.4032254160524009,74,15,100,829,2,0.018229699999210425,9,3501,519,2982,0.8517566409597258,7150,11
2,0,0.8,0.8018382311417875,53,79,100,829,2,0.010677700003725477,4,2461,420,2041,0.8293376676147908,3767,8
2,1,0.8,0.8018382311417875,37,48,100,829,2,0.007042500001261942,1,1803,304,1499,0.8313921242373822,2331,7
2,2,0.8,0.8018382311417875,54,0,100,829,2,0.0065328999917255715,2,1652,294,1358,0.8220338983050848,2136,6
2,3,0.8,0.8018382311417875,38,75,100,829,2,0.007984700001543388,1,1982,330,1652,0.8335015136226034,2721,9
2,4,0.8,0.8018382311417875,7,27,100,829,2,0.008737900003325194,1,2047,361,1686,0.8236443575964827,3093,7
2,5,0.8,0.8018382311417875,61,51,100,829,2,0.0079598000011174,5,1971,337,1634,0.8290208016235413,2727,7
2,6,0.8,0.8018382311417875,33,56,100,829,2,0.00737239999580197,1,1780,301,1479,0.8308988764044943,2321,7
2,7,0.8,0.8018382311417875,35,58,100,829,2,0.007354999994277023,3,1854,319,1535,0.8279395900755124,2489,6
2,8,0.8,0.8018382311417875,55,94,100,829,2,0.007727699994575232,3,1897,307,1590,0.838165524512388,2460,8
2,9,0.8,0.8018382311417875,74,15,100,829,2,0.009493199991993606,7,2313,361,1952,0.8439256376999568,3328,8
3,0,-0.8,-0.7761342967180055,67,94,100,814,2,0.041038999988813885,4,5808,876,4932,0.8491735537190083,19234,14
3,1,-0.8,-0.7761342967180055,21,97,100,814,2,0.03976159999729134,3,5484,861,4623,0.8429978118161926,17976,15
3,2,-0.8,-0.7761342967180055,29,6,100,814,2,0.03143590000399854,6,4986,754,4232,0.8487765744083433,14385,15
3,3,-0.8,-0.7761342967180055,12,51,100,814,2,0.024672100000316277,3,4299,626,3673,0.8543847406373575,10759,12
3,4,-0.8,-0.7761342967180055,35,93,100,814,2,0.028654200010350905,4,4699,702,3997,0.8506065120238349,12898,16
3,5,-0.8,-0.7761342967180055,29,2,100,814,2,0.03141409999807365,10,4986,754,4232,0.8487765744083433,14385,15
3,6,-0.8,-0.7761342967180055,84,31,100,814,2,0.03036259999498725,5,4841,708,4133,0.8537492253666598,13905,13
3,7,-0.8,-0.7761342967180055,80,17,100,814,2,0.03763410000829026,5,5375,824,4551,0.8466976744186047,17811,14
3,8,-0.8,-0.7761342967180055,77,63,100,814,2,0.024880600001779385,4,4317,598,3719,0.861477878156127,10978,13
3,9,-0.8,-0.7761342967180055,58,90,100,814,2,0.03149490000214428,6,4994,738,4256,0.8522226672006408,14437,13
3,0,-0.4,-0.3839143194562033,67,94,100,814,2,0.03519280000182334,4,5367,838,4529,0.8438606297745481,16272,14
3,1,-0.4,-0.3839143194562033,21,97,100,814,2,0.031413699995027855,4,5041,775,4266,0.846260662566951,14163,13
3,2,-0.4,-0.3839143194562033,29,6,100,814,2,0.031743200001074,7,5037,776,4261,0.8459400436767918,14490,16
3,3,-0.4,-0.3839143194562033,12,51,100,814,2,0.02209489999222569,6,4055,593,3462,0.8537607891491985,9382,11
3,4,-0.4,-0.3839143194562033,35,93,100,814,2,0.025295100000221282,3,4343,677,3666,0.8441169698365185,11122,15
3,5,-0.4,-0.3839143194562033,29,2,100,814,2,0.03200269999797456,10,5037,776,4261,0.8459400436767918,14490,16
3,6,-0.4,-0.3839143194562033,84,31,100,814,2,0.029735199990682304,5,4739,703,4036,0.8516564676092002,12875,12
3,7,-0.4,-0.3839143194562033,80,17,100,814,2,0.041586400009691715,6,5775,880,4895,0.8476190476190476,19348,16
3,8,-0.4,-0.3839143194562033,77,63,100,814,2,0.02325060000293888,6,4040,595,3445,0.8527227722772277,9539,11
3,9,-0.4,-0.3839143194562033,58,90,100,814,2,0.032006399997044355,8,5057,747,4310,0.8522839628238086,14378,15
3,0,0.0,-0.031486553278780964,67,94,100,814,2,0.02645920000213664,5,4454,729,3725,0.8363268971710822,11214,11
3,1,0.0,-0.031486553278780964,21,97,100,814,2,0.02529159998812247,4,4447,679,3768,0.8473127951427929,10327,14
3,2,0.0,-0.031486553278780964,29,6,100,814,2,0.024273400005768053,4,4228,665,3563,0.8427152317880795,10355,11
3,3,0.0,-0.031486553278780964,12,51,100,814,2,0.020785000000614673,6,3824,559,3265,0.8538179916317992,8391,14
3,4,0.0,-0.031486553278780964,35,93,100,814,2,0.024796099998638965,4,4174,658,3516,0.8423574508864399,10550,12
3,5,0.0,-0.031486553278780964,29,2,100,814,2,0.025252200008253567,4,4228,665,3563,0.8427152317880795,10355,11
3,6,0.0,-0.031486553278780964,84,31,100,814,2,0.021465799989528023,3,3848,598,3250,0.8445945945945946,8992,12
3,7,0.0,-0.031486553278780964,80,17,100,814,2,0.03391440000268631,7,5160,805,4355,0.8439922480620154,15296,12
3,8,0.0,-0.031486553278780964,77,63,100,814,2,0.018766200009849854,5,3588,541,3047,0.8492196209587514,7565,13
3,9,0.0,-0.031486553278780964,58,90,100,814,2,0.026406200006022118,7,4478,684,3794,0.8472532380527021,11083,11
3,0,0.4,0.33393968906429955,67,94,100,814,2,0.017420999996829778,3,3374,590,2784,0.8251333728512151,6889,10
3,1,0.4,0.33393968906429955,21,97,100,814,2,0.014546200007316656,2,3007,497,2510,0.8347189890256069,5474,12
3,2,0.4,0.33393968906429955,29,6,100,814,2,0.017029499998898245,4,3366,558,2808,0.8342245989304813,6779,9
3,3,0.4,0.33393968906429955,12,51,100,814,2,0.016591999999945983,7,3306,512,2794,0.8451300665456746,6485,11
3,4,0.4,0.33393968906429955,35,93,100,814,2,0.02199569999356754,4,3898,620,3278,0.8409440738840431,8989,11
3,5,0.4,0.33393968906429955,29,2,100,814,2,0.017066900007193908,3,3366,558,2808,0.8342245989304813,6779,9
3,6,0.4,0.33393968906429955,84,31,100,814,2,0.012603399998624809,3,2621,435,2186,0.8340328119038535,4641,11
3,7,0.4,0.33393968906429955,80,17,100,814,2,0.02422629999637138,8,4281,681,3600,0.8409250175192712,10488,11
3,8,0.4,0.33393968906429955,77,63,100,814,2,0.019436700007645413,4,3821,576,3245,0.8492541219576027,7941,16
3,9,0.4,0.33393968906429955,58,90,100,814,2,0.01818959999945946,6,3631,565,3066,0.8443954833379235,7328,9
3,0,0.8,0.7555926222713115,67,94,100,814,2,0.011938199997530319,3,2558,466,2092,0.8178264268960125,4147,8
3,1,0.8,0.7555926222713115,21,97,100,814,2,0.007732699988991953,2,1838,347,1491,0.8112078346028292,2629,7
3,2,0.8,0.7555926222713115,29,6,100,814,2,0.008230099992942996,4,1951,337,1614,0.8272680676576115,2771,6
3,3,0.8,0.7555926222713115,12,51,100,814,2,0.008276499997009523,4,1955,336,1619,0.8281329923273657,2852,7
3,4,0.8,0.7555926222713115,35,93,100,814,2,0.011642099998425692,4,2529,438,2091,0.8268090154211151,4297,9
3,5,0.8,0.7555926222713115,29,2,100,814,2,0.008222999997087754,2,1951,337,1614,0.8272680676576115,2771,6
3,6,0.8,0.7555926222713115,84,31,100,814,2,0.006818599998950958,2,1713,290,1423,0.8307063631056626,2241,6
3,7,0.8,0.7555926222713115,80,17,100,814,2,0.011496299994178116,3,2609,409,2200,0.8432349559218091,4037,8
3,8,0.8,0.7555926222713115,77,63,100,814,2,0.008318199994391762,3,2034,330,1704,0.8377581120943953,2796,6
3,9,0.8,0.7555926222713115,58,90,100,814,2,0.00839839999389369,5,1973,342,1631,0.826659908768373,2896,7
4,0,-0.8,-0.7811935130653478,71,35,100,772,2,0.028560399994603358,5,4400,706,3694,0.8395454545454546,12937,13
4,1,-0.8,-0.7811935130653478,59,65,100,772,2,0.021878100000321865,4,3908,578,3330,0.8520982599795291,9255,13
4,2,-0.8,-0.7811935130653478,98,87,100,772,2,0.03264299999864306,10,4849,780,4069,0.839142091152815,14880,13
4,3,-0.8,-0.7811935130653478,58,11,100,772,2,0.032271700009005144,10,4894,790,4104,0.8385778504290968,15040,14
4,4,-0.8,-0.7811935130653478,69,9,100,772,2,0.029574000000138767,6,4486,728,3758,0.8377173428444048,13905,14
4,5,-0.8,-0.7811935130653478,78,25,100,772,2,0.02722129999892786,9,4455,698,3757,0.8433221099887767,12270,14
4,6,-0.8,-0.7811935130653478,68,29,100,772,2,0.0343323999986751,7,5026,807,4219,0.8394349383207322,16309,16
4,7,-0.8,-0.7811935130653478,39,63,100,772,2,0.024172100005671382,2,4149,656,3493,0.8418896119546879,10680,12
4,8,-0.8,-0.7811935130653478,85,56,100,772,2,0.02371750000747852,4,4013,633,3380,0.8422626463992026,10525,12
4,9,-0.8,-0.7811935130653478,95,5,100,772,2,0.027231700005359016,6,4464,685,3779,0.8465501792114696,12081,14
4,0,-0.4,-0.372217228195644,71,35,100,772,2,0.02590730000520125,9,4351,660,3691,0.8483107331647897,11496,14
4,1,-0.4,-0.372217228195644,59,65,100,772,2,0.020389500001328997,3,3839,576,3263,0.8499609273248242,8624,13
4,2,-0.4,-0.372217228195644,98,87,100,772,2,0.026908100000582635,9,4491,706,3785,0.8427967045201514,12188,11
4,3,-0.4,-0.372217228195644,58,11,100,772,2,0.028333099995506927,7,4606,734,3872,0.8406426400347373,12957,13
4,4,-0.4,-0.372217228195644,69,9,100,772,2,0.03033080000022892,2,4576,737,3839,0.8389423076923077,14155,15
4,5,-0.4,-0.372217228195644,78,25,100,772,2,0.02515079999284353,10,4225,667,3558,0.8421301775147929,11129,15
4,6,-0.4,-0.372217228195644,68,29,100,772,2,0.032682700009900145,4,4937,785,4152,0.840996556613328,15303,15
4,7,-0.4,-0.372217228195644,39,63,100,772,2,0.017690499997115694,1,3370,549,2821,0.8370919881305638,7480,11
4,8,-0.4,-0.372217228195644,85,56,100,772,2,0.019655199997941963,4,3543,586,2957,0.83460344340954,8330,12
4,9,-0.4,-0.372217228195644,95,5,100,772,2,0.022671000013360754,8,4093,610,3483,0.8509650623014904,9661,11
4,0,0.0,0.026441495165425034,71,35,100,772,2,0.01861070000450127,6,3489,547,2942,0.8432215534537116,7561,11
4,1,0.0,0.026441495165425034,59,65,100,772,2,0.014905999996699393,4,3059,464,2595,0.8483164432821183,5695,10
4,2,0.0,0.026441495165425034,98,87,100,772,2,0.01818079999065958,4,3426,542,2884,0.8417980151780502,7288,9
4,3,0.0,0.026441495165425034,58,11,100,772,2,0.022031100001186132,7,3858,622,3236,0.8387765681700363,9158,13
4,4,0.0,0.026441495165425034,69,9,100,772,2,0.025844299991149455,2,4274,688,3586,0.8390266729059429,11386,14
4,5,0.0,0.026441495165425034,78,25,100,772,2,0.018521100006182678,6,3523,565,2958,0.8396253193301164,7585,13
4,6,0.0,0.026441495165425034,68,29,100,772,2,0.021199199996772222,2,3817,612,3205,0.8396646581084621,9128,13
4,7,0.0,0.026441495165425034,39,63,100,772,2,0.011851599992951378,1,2496,437,2059,0.8249198717948718,4597,9
4,8,0.0,0.026441495165425034,85,56,100,772,2,0.014189900000928901,3,2899,507,2392,0.8251121076233184,5650,9
4,9,0.0,0.026441495165425034,95,5,100,772,2,0.015074599999934435,4,3104,482,2622,0.8447164948453608,5974,11
4,0,0.4,0.40184806798229283,71,35,100,772,2,0.01288399999612011,3,2728,434,2294,0.8409090909090909,4913,9
4,1,0.4,0.40184806798229283,59,65,100,772,2,0.008948999995482154,3,2079,336,1743,0.8383838383838383,3082,9
4,2,0.4,0.40184806798229283,98,87,100,772,2,0.013325399995665066,4,2747,458,2289,0.8332726610848198,5283,10
4,3,0.4,0.40184806798229283,58,11,100,772,2,0.016480100006447174,6,3246,520,2726,0.8398028342575478,6672,13
4,4,0.4,0.40184806798229283,69,9,100,772,2,0.015232299992931075,2,3139,499,2640,0.8410321758521823,5944,10
4,5,0.4,0.40184806798229283,78,25,100,772,2,0.012847399993916042,4,2733,437,2296,0.8401024515184778,4672,9
4,6,0.4,0.40184806798229283,68,29,100,772,2,0.012637199994060211,2,2658,443,2215,0.8333333333333334,4873,10
4,7,0.4,0.40184806798229283,39,63,100,772,2,0.010144400002900511,1,2274,397,1877,0.8254177660510115,3741,8
4,8,0.4,0.40184806798229283,85,56,100,772,2,0.01055649999761954,3,2339,409,1930,0.8251389482684908,3869,9
4,9,0.4,0.40184806798229283,95,5,100,772,2,0.01054390000354033,3,2352,392,1960,0.8333333333333334,3833,11
4,0,0.8,0.7874821255751298,71,35,100,772,2,0.007915700000012293,1,1923,323,1600,0.8320332813312532,2699,6
4,1,0.8,0.7874821255751298,59,65,100,772,2,0.0050319000001763925,3,1284,240,1044,0.8130841121495327,1561,5
4,2,0.8,0.7874821255751298,98,87,100,772,2,0.008423500010394491,2,1977,341,1636,0.8275164390490642,2966,9
4,3,0.8,0.7874821255751298,58,11,100,772,2,0.009398900001542643,3,2146,375,1771,0.8252562907735321,3331,7
4,4,0.8,0.7874821255751298,69,9,100,772,2,0.005909600004088134,1,1531,258,1273,0.8314826910516002,1820,6
4,5,0.8,0.7874821255751298,78,25,100,772,2,0.008268299992778338,1,1999,349,1650,0.8254127063531765,2778,8
4,6,0.8,0.7874821255751298,68,29,100,772,2,0.007057900002109818,2,1730,317,1413,0.8167630057803468,2300,6
4,7,0.8,0.7874821255751298,39,63,100,772,2,0.005720600005588494,1,1444,272,1172,0.8116343490304709,1802,5
4,8,0.8,0.7874821255751298,85,56,100,772,2,0.006687099987175316,3,1619,300,1319,0.8147004323656578,2185,7
4,9,0.8,0.7874821255751298,95,5,100,772,2,0.005613200002699159,2,1455,262,1193,0.8199312714776632,1790,8
5,0,-0.8,-0.7797792469079496,13,32,100,758,2,0.029116199992131442,10,4532,721,3811,0.8409090909090909,13281,14
5,1,-0.8,-0.7797792469079496,89,43,100,758,2,0.03541199999745004,16,4917,817,4100,0.8338417734390888,16512,16
5,2,-0.8,-0.7797792469079496,69,68,100,758,2,0.031189699991955422,11,4712,747,3965,0.8414685908319185,14560,15
5,3,-0.8,-0.7797792469079496,52,10,100,758,2,0.03178200000547804,6,4719,805,3914,0.829413011231193,14922,16
5,4,-0.8,-0.7797792469079496,27,50,100,758,2,0.03682979999575764,5,5048,836,4212,0.8343898573692552,16882,16
5,5,-0.8,-0.7797792469079496,34,24,100,758,2,0.026073400003951974,7,4242,668,3574,0.8425271098538425,11528,13
5,6,-0.8,-0.7797792469079496,19,31,100,758,2,0.03064539999468252,8,4518,740,3778,0.8362107127047366,14233,13
5,7,-0.8,-0.7797792469079496,47,72,100,758,2,0.023153200003434904,4,3874,629,3245,0.8376355188435726,10077,13
5,8,-0.8,-0.7797792469079496,96,4,100,758,2,0.025109099995461293,9,4061,672,3389,0.834523516375277,11227,13
5,9,-0.8,-0.7797792469079496,51,31,100,758,2,0.024859099998138845,13,4093,650,3443,0.841192279501588,11163,13
5,0,-0.4,-0.37234567425636944,13,32,100,758,2,0.019835700004477985,8,3605,581,3024,0.8388349514563107,8400,13
5,1,-0.4,-0.37234567425636944,89,43,100,758,2,0.025523299991618842,8,3952,689,3263,0.8256578947368421,11348,13
5,2,-0.4,-0.37234567425636944,69,68,100,758,2,0.024205399997299537,6,3970,645,3325,0.8375314861460957,10677,13
5,3,-0.4,-0.37234567425636944,52,10,100,758,2,0.028036799994879402,6,4303,754,3549,0.824773413897281,12587,11
5,4,-0.4,-0.37234567425636944,27,50,100,758,2,0.027241400006460026,4,4309,721,3588,0.8326757948479926,12371,16
5,5,-0.4,-0.37234567425636944,34,24,100,758,2,0.018829799999366514,5,3500,570,2930,0.8371428571428572,7796,12
5,6,-0.4,-0.37234567425636944,19,31,100,758,2,0.023784200006048195,8,3847,645,3202,0.8323368858851052,10454,13
5,7,-0.4,-0.37234567425636944,47,72,100,758,2,0.017487799996160902,4,3300,528,2772,0.84,7218,15
5,8,-0.4,-0.37234567425636944,96,4,100,758,2,0.019829199998639524,8,3464,587,2877,0.8305427251732102,8500,13
5,9,-0.4,-0.37234567425636944,51,31,100,758,2,0.017218599998159334,9,3277,540,2737,0.8352151357949343,6991,9
5,0,0.0,0.02110082731278806,13,32,100,758,2,0.012555900000734255,9,2566,415,2151,0.838269680436477,4716,10
5,1,0.0,0.02110082731278806,89,43,100,758,2,0.021195100009208545,8,3415,600,2815,0.8243045387994143,8580,10
5,2,0.0,0.02110082731278806,69,68,100,758,2,0.01701830000092741,4,3150,523,2627,0.8339682539682539,6823,10
5,3,0.0,0.02110082731278806,52,10,100,758,2,0.023174200003268197,5,3772,677,3095,0.8205196182396607,10164,12
5,4,0.0,0.02110082731278806,27,50,100,758,2,0.02062840000144206,2,3552,611,2941,0.8279842342342343,8715,13
5,5,0.0,0.02110082731278806,34,24,100,758,2,0.012530399995739572,4,2686,427,2259,0.8410275502606106,4669,9
5,6,0.0,0.02110082731278806,19,31,100,758,2,0.01959290000377223,6,3450,589,2861,0.8292753623188406,8063,9
5,7,0.0,0.02110082731278806,47,72,100,758,2,0.014028899997356348,6,2835,481,2354,0.8303350970017637,5534,8
5,8,0.0,0.02110082731278806,96,4,100,758,2,0.015859800012549385,5,3000,510,2490,0.83,6467,11
5,9,0.0,0.02110082731278806,51,31,100,758,2,0.011111799991340376,6,2416,412,2004,0.8294701986754967,4090,9
5,0,0.4,0.3997818365676715,13,32,100,758,2,0.0093578000087291,8,2134,344,1790,0.8388003748828491,3278,8
5,1,0.4,0.3997818365676715,89,43,100,758,2,0.017808599994168617,6,3226,566,2660,0.8245505269683819,7229,10
5,2,0.4,0.3997818365676715,69,68,100,758,2,0.011439100009738468,4,2389,423,1966,0.8229384679782336,4382,10
5,3,0.4,0.3997818365676715,52,10,100,758,2,0.01951720000943169,4,3510,619,2891,0.8236467236467236,8263,10
5,4,0.4,0.3997818365676715,27,50,100,758,2,0.01632439999957569,4,3102,547,2555,0.8236621534493875,6634,11
5,5,0.4,0.3997818365676715,34,24,100,758,2,0.009239699997124262,3,2142,351,1791,0.8361344537815126,3276,8
5,6,0.4,0.3997818365676715,19,31,100,758,2,0.013576199999079108,2,2817,479,2338,0.8299609513667021,5222,11
5,7,0.4,0.3997818365676715,47,72,100,758,2,0.011417599991546012,3,2433,429,2004,0.8236744759556104,4246,8
5,8,0.4,0.3997818365676715,96,4,100,758,2,0.012369200005196035,4,2560,449,2111,0.824609375,4711,9
5,9,0.4,0.3997818365676715,51,31,100,758,2,0.008729600012884475,5,1926,360,1566,0.8130841121495327,3038,7
5,0,0.8,0.7883757879748916,13,32,100,758,2,0.006861900008516386,6,1701,288,1413,0.8306878306878307,2177,6
5,1,0.8,0.7883757879748916,89,43,100,758,2,0.011045999999623746,7,2406,416,1990,0.8270989193682461,3784,10
5,2,0.8,0.7883757879748916,69,68,100,758,2,0.007580799996503629,2,1817,332,1485,0.8172812328013208,2589,7
5,3,0.8,0.7883757879748916,52,10,100,758,2,0.010502900011488236,5,2350,403,1947,0.8285106382978723,3676,8
5,4,0.8,0.7883757879748916,27,50,100,758,2,0.009947400001692586,1,2205,402,1803,0.817687074829932,3529,8
5,5,0.8,0.7883757879748916,34,24,100,758,2,0.00491969998984132,1,1274,242,1032,0.8100470957613815,1517,5
5,6,0.8,0.7883757879748916,19,31,100,758,2,0.005696899999747984,1,1483,266,1217,0.8206338503034389,1837,6
5,7,0.8,0.7883757879748916,47,72,100,758,2,0.007992999991984107,5,1895,347,1548,0.8168865435356201,2734,8
5,8,0.8,0.7883757879748916,96,4,100,758,2,0.006914099998539314,4,1699,313,1386,0.8157739846968806,2319,6
5,9,0.8,0.7883757879748916,51,31,100,758,2,0.007233299998915754,3,1717,308,1409,0.8206173558532324,2269,9
6,0,-0.8,-0.7848945361930235,85,19,100,795,2,0.04397149999567773,12,5987,881,5106,0.8528478369801236,20933,17
6,1,-0.8,-0.7848945361930235,14,51,100,795,2,0.03325339998991694,9,5093,775,4318,0.8478303553897506,15024,18
6,2,-0.8,-0.7848945361930235,74,52,100,795,2,0.03532490000361577,6,5305,816,4489,0.8461828463713478,16673,15
6,3,-0.8,-0.7848945361930235,87,66,100,795,2,0.026372899999842048,10,4282,678,3604,0.8416627744044839,11774,15
6,4,-0.8,-0.7848945361930235,77,21,100,795,2,0.0246227000025101,6,4152,636,3516,0.846820809248555,10889,11
6,5,-0.8,-0.7848945361930235,88,64,100,795,2,0.02807030000258237,3,4434,713,3721,0.8391971132160577,12762,13
6,6,-0.8,-0.7848945361930235,55,72,100,795,2,0.026337000002968125,7,4386,701,3685,0.8401732786137711,11769,12
6,7,-0.8,-0.7848945361930235,62,74,100,795,2,0.04054770000220742,13,5474,858,4616,0.8432590427475338,19597,17
6,8,-0.8,-0.7848945361930235,58,74,100,795,2,0.02824519999558106,10,4601,699,3902,0.8480765051075853,12777,13
6,9,-0.8,-0.7848945361930235,29,37,100,795,2,0.030780000000959262,10,4831,754,4077,0.8439246532808943,14103,16
6,0,-0.4,-0.36640732356234645,85,19,100,795,2,0.02886610000859946,7,4597,723,3874,0.8427235153360888,12905,16
6,1,-0.4,-0.36640732356234645,14,51,100,795,2,0.03904260000854265,10,5926,890,5036,0.8498143773202835,18453,18
6,2,-0.4,-0.36640732356234645,74,52,100,795,2,0.026145700001507066,5,4396,683,3713,0.844631483166515,11436,13
6,3,-0.4,-0.36640732356234645,87,66,100,795,2,0.02050109999254346,7,3711,591,3120,0.8407437348423605,8613,11
6,4,-0.4,-0.36640732356234645,77,21,100,795,2,0.01721759999054484,7,3280,516,2764,0.8426829268292683,7039,11
6,5,-0.4,-0.36640732356234645,88,64,100,795,2,0.026431799997226335,2,4297,675,3622,0.8429136606935071,11742,16
6,6,-0.4,-0.36640732356234645,55,72,100,795,2,0.019293000004836358,4,3528,578,2950,0.8361678004535147,8111,13
6,7,-0.4,-0.36640732356234645,62,74,100,795,2,0.030136499990476295,8,4642,733,3909,0.8420939250323136,13637,13
6,8,-0.4,-0.36640732356234645,58,74,100,795,2,0.022882899997057393,7,3946,598,3348,0.8484541307653319,9728,12
6,9,-0.4,-0.36640732356234645,29,37,100,795,2,0.02022150000266265,7,3656,593,3063,0.837800875273523,8229,11
6,0,0.0,0.04290227172984707,85,19,100,795,2,0.019967899992479943,3,3501,575,2926,0.8357612110825479,8256,12
6,1,0.0,0.04290227172984707,14,51,100,795,2,0.021619000006467104,7,3826,604,3222,0.8421327757449033,9187,14
6,2,0.0,0.04290227172984707,74,52,100,795,2,0.01911130000371486,7,3630,564,3066,0.8446280991735537,7714,10
6,3,0.0,0.04290227172984707,87,66,100,795,2,0.018577900002128445,7,3556,554,3002,0.844206974128234,7520,11
6,4,0.0,0.04290227172984707,77,21,100,795,2,0.014381000000867061,5,2884,467,2417,0.8380721220527045,5571,9
6,5,0.0,0.04290227172984707,88,64,100,795,2,0.019649499998195097,1,3617,569,3048,0.8426873099253525,8072,14
6,6,0.0,0.04290227172984707,55,72,100,795,2,0.01740300000528805,8,2923,476,2447,0.8371536093055081,5491,10
6,7,0.0,0.04290227172984707,62,74,100,795,2,0.022386700002243742,5,3840,616,3224,0.8395833333333333,9348,13
6,8,0.0,0.04290227172984707,58,74,100,795,2,0.015284399996744469,6,3046,483,2563,0.8414313854235063,6032,12
6,9,0.0,0.04290227172984707,29,37,100,795,2,0.015121400007046759,9,3067,503,2564,0.8359960873818063,5855,10
6,0,0.4,0.4326163023182971,85,19,100,795,2,0.013194899991503917,3,2733,440,2293,0.8390047566776436,4884,10
6,1,0.4,0.4326163023182971,14,51,100,795,2,0.014854199995170347,7,2942,487,2455,0.8344663494221618,5824,11
6,2,0.4,0.4326163023182971,74,52,100,795,2,0.013825700007146224,10,2799,445,2354,0.841014648088603,4883,10
6,3,0.4,0.4326163023182971,87,66,100,795,2,0.013174100007745437,6,2806,453,2353,0.8385602280826799,5016,10
6,4,0.4,0.4326163023182971,77,21,100,795,2,0.010893800004851073,3,2294,380,1914,0.8343504795117699,3702,7
6,5,0.4,0.4326163023182971,88,64,100,795,2,0.013286599991261028,1,2863,445,2418,0.8445686342996856,5005,11
6,6,0.4,0.4326163023182971,55,72,100,795,2,0.010433200004626997,7,2409,387,2022,0.8393524283935243,3778,9
6,7,0.4,0.4326163023182971,62,74,100,795,2,0.01787089998833835,3,3070,500,2570,0.8371335504885994,5963,10
6,8,0.4,0.4326163023182971,58,74,100,795,2,0.011109299986856058,5,2480,396,2084,0.8403225806451613,4069,10
6,9,0.4,0.4326163023182971,29,37,100,795,2,0.008858600005623884,4,2120,354,1766,0.8330188679245283,3075,10
6,0,0.8,0.8082891314148467,85,19,100,795,2,0.005887000006623566,1,1511,258,1253,0.8292521508934481,1844,5
6,1,0.8,0.8082891314148467,14,51,100,795,2,0.006841899987193756,5,1644,297,1347,0.8193430656934306,2304,7
6,2,0.8,0.8082891314148467,74,52,100,795,2,0.00816820000181906,7,1982,337,1645,0.8299697275479314,2804,8
6,3,0.8,0.8082891314148467,87,66,100,795,2,0.008009199998923577,2,1982,336,1646,0.8304742684157417,2719,7
6,4,0.8,0.8082891314148467,77,21,100,795,2,0.006761199998436496,1,1690,291,1399,0.827810650887574,2248,6
6,5,0.8,0.8082891314148467,88,64,100,795,2,0.005880999990040436,1,1457,258,1199,0.8229238160603981,1846,7
6,6,0.8,0.8082891314148467,55,72,100,795,2,0.005734699996537529,1,1363,243,1120,0.8217168011738811,1640,5
6,7,0.8,0.8082891314148467,62,74,100,795,2,0.006067599999369122,1,1519,286,1233,0.8117182356813694,1929,6
6,8,0.8,0.8082891314148467,58,74,100,795,2,0.006660200000624172,1,1680,285,1395,0.8303571428571429,2096,6
6,9,0.8,0.8082891314148467,29,37,100,795,2,0.004852300000493415,1,1294,234,1060,0.8191653786707882,1494,5
7,0,-0.8,-0.7667881724727666,12,25,100,767,2,0.022779600010835566,3,3801,592,3209,0.8442515127598,9493,11
7,1,-0.8,-0.7667881724727666,25,21,100,767,2,0.02836399999796413,6,4386,698,3688,0.8408572731418149,12845,15
7,2,-0.8,-0.7667881724727666,0,46,100,767,2,0.028474099992308766,1,4344,663,3681,0.8473756906077348,12318,13
7,3,-0.8,-0.7667881724727666,62,98,100,767,2,0.022645599994575605,5,3851,611,3240,0.8413399117112438,9747,11
7,4,-0.8,-0.7667881724727666,94,26,100,767,2,0.026447900003404357,7,4224,666,3558,0.8423295454545454,11783,13
7,5,-0.8,-0.7667881724727666,59,13,100,767,2,0.04715180001221597,12,5934,909,5025,0.8468149646107179,23682,16
7,6,-0.8,-0.7667881724727666,89,73,100,767,2,0.026267199995345436,3,4245,663,3582,0.8438162544169612,11665,11
7,7,-0.8,-0.7667881724727666,35,5,100,767,2,0.020383299997774884,5,3686,556,3130,0.8491589799240369,8755,11
7,8,-0.8,-0.7667881724727666,22,95,100,767,2,0.03542810000362806,4,5179,796,4383,0.846302374975864,17001,13
7,9,-0.8,-0.7667881724727666,4,62,100,767,2,0.03685659999609925,7,5322,847,4475,0.8408493047726419,17651,18
7,0,-0.4,-0.3484155324351959,12,25,100,767,2,0.024013700007344596,5,4162,631,3531,0.8483901970206631,10500,13
7,1,-0.4,-0.3484155324351959,25,21,100,767,2,0.019371400005184114,5,3525,565,2960,0.8397163120567376,8327,13
7,2,-0.4,-0.3484155324351959,0,46,100,767,2,0.017204700008733198,1,3308,515,2793,0.844316807738815,7106,14
7,3,-0.4,-0.3484155324351959,62,98,100,767,2,0.01910140000109095,6,3500,552,2948,0.8422857142857143,8113,10
7,4,-0.4,-0.3484155324351959,94,26,100,767,2,0.021927299996605143,6,3813,612,3201,0.8394964594807238,9566,16
7,5,-0.4,-0.3484155324351959,59,13,100,767,2,0.03341950000321958,4,5007,768,4239,0.8466147393648892,15623,15
7,6,-0.4,-0.3484155324351959,89,73,100,767,2,0.023327999995672144,3,3955,624,3331,0.8422250316055626,10205,13
7,7,-0.4,-0.3484155324351959,35,5,100,767,2,0.018307899998035282,5,3423,526,2897,0.8463336254747298,7623,14
7,8,-0.4,-0.3484155324351959,22,95,100,767,2,0.031984000001102686,5,4809,785,4024,0.8367644000831774,14961,12
7,9,-0.4,-0.3484155324351959,4,62,100,767,2,0.0300303999974858,7,4554,753,3801,0.8346508563899868,13624,15
7,0,0.0,0.027227806715886312,12,25,100,767,2,0.015416299997013994,2,3099,495,2604,0.8402710551790901,6022,10
7,1,0.0,0.027227806715886312,25,21,100,767,2,0.015022499996121041,8,2947,483,2464,0.836104513064133,5973,12
7,2,0.0,0.027227806715886312,0,46,100,767,2,0.01154399999359157,1,2492,395,2097,0.8414927768860353,4270,9
7,3,0.0,0.027227806715886312,62,98,100,767,2,0.01490939999348484,7,2967,486,2481,0.8361981799797775,5837,10
7,4,0.0,0.027227806715886312,94,26,100,767,2,0.01566370000364259,5,3042,501,2541,0.8353057199211046,6185,11
7,5,0.0,0.027227806715886312,59,13,100,767,2,0.01593439999851398,3,3134,488,2646,0.8442884492661136,6164,10
7,6,0.0,0.027227806715886312,89,73,100,767,2,0.021452699991641566,5,3761,608,3153,0.8383408667907472,9287,12
7,7,0.0,0.027227806715886312,35,5,100,767,2,0.014794000002439134,4,2945,468,2477,0.8410865874363328,5693,9
7,8,0.0,0.027227806715886312,22,95,100,767,2,0.02988030000415165,5,4488,718,3770,0.8400178253119429,12307,14
7,9,0.0,0.027227806715886312,4,62,100,767,2,0.025124699997832067,7,3991,658,3333,0.8351290403407667,10169,12
7,0,0.4,0.3969028338265904,12,25,100,767,2,0.012953199999174103,1,2595,418,2177,0.8389210019267823,4247,8
7,1,0.4,0.3969028338265904,25,21,100,767,2,0.011518200000864454,6,2455,423,2032,0.8276985743380856,4354,9
7,2,0.4,0.3969028338265904,0,46,100,767,2,0.010822700001881458,1,1942,331,1611,0.829557157569516,2941,7
7,3,0.4,0.3969028338265904,62,98,100,767,2,0.010166199994273484,9,2280,374,1906,0.8359649122807018,3727,10
7,4,0.4,0.3969028338265904,94,26,100,767,2,0.011076299997512251,6,2325,393,1932,0.8309677419354838,3899,9
7,5,0.4,0.3969028338265904,59,13,100,767,2,0.008558900008210912,2,1966,329,1637,0.8326551373346898,3002,7
7,6,0.4,0.3969028338265904,89,73,100,767,2,0.016369100005249493,2,3151,513,2638,0.8371945414154237,6551,14
7,7,0.4,0.3969028338265904,35,5,100,767,2,0.011614100003498606,4,2576,386,2190,0.8501552795031055,4165,9
7,8,0.4,0.3969028338265904,22,95,100,767,2,0.01809720000892412,2,3456,555,2901,0.8394097222222222,7024,11
7,9,0.4,0.3969028338265904,4,62,100,767,2,0.017878400001791306,5,3421,557,2864,0.8371821104940076,7115,10
7,0,0.8,0.7932997071034005,12,25,100,767,2,0.008340099986526184,1,2000,331,1669,0.8345,2716,8
7,1,0.8,0.7932997071034005,25,21,100,767,2,0.009053899993887171,4,2078,372,1706,0.8209817131857555,3063,6
7,2,0.8,0.7932997071034005,0,46,100,767,2,0.006426200008718297,1,1521,274,1247,0.8198553583168968,1932,5
7,3,0.8,0.7932997071034005,62,98,100,767,2,0.005775600002380088,3,1487,256,1231,0.827841291190316,1771,5
7,4,0.8,0.7932997071034005,94,26,100,767,2,0.006416099990019575,3,1595,284,1311,0.8219435736677116,2080,5
7,5,0.8,0.7932997071034005,59,13,100,767,2,0.006191299995407462,3,1546,272,1274,0.8240620957309185,1957,5
7,6,0.8,0.7932997071034005,89,73,100,767,2,0.009057400005985983,2,2112,358,1754,0.8304924242424242,3112,9
7,7,0.8,0.7932997071034005,35,5,100,767,2,0.006878000000142492,5,1745,278,1467,0.8406876790830946,2192,6
7,8,0.8,0.7932997071034005,22,95,100,767,2,0.005819099998916499,1,1476,264,1212,0.8211382113821138,1844,6
7,9,0.8,0.7932997071034005,4,62,100,767,2,0.008904600006644614,3,2153,361,1792,0.8323269856014863,2980,7
8,0,-0.8,-0.7864189435813381,16,65,100,795,2,0.03183510000235401,8,4736,710,4026,0.8500844594594594,13861,13
8,1,-0.8,-0.7864189435813381,46,82,100,795,2,0.024442800000542775,5,4170,637,3533,0.847242206235012,10570,12
8,2,-0.8,-0.7864189435813381,90,87,100,795,2,0.038164699988556094,6,5301,800,4501,0.8490850782871157,18159,15
8,3,-0.8,-0.7864189435813381,48,18,100,795,2,0.03168670000741258,4,4727,754,3973,0.8404907975460123,14335,14
8,4,-0.8,-0.7864189435813381,43,41,100,795,2,0.04390749998856336,7,5813,900,4913,0.8451746086358163,21026,17
8,5,-0.8,-0.7864189435813381,82,66,100,795,2,0.03214530000695959,8,4819,741,4078,0.84623365843536,14424,12
8,6,-0.8,-0.7864189435813381,9,89,100,795,2,0.031009300000732765,9,4761,713,4048,0.8502415458937198,13640,14
8,7,-0.8,-0.7864189435813381,96,31,100,795,2,0.03197280000313185,7,4739,731,4008,0.8457480481114159,14866,14
8,8,-0.8,-0.7864189435813381,95,53,100,795,2,0.03318749999743886,7,4815,770,4045,0.8400830737279336,15237,15
8,9,-0.8,-0.7864189435813381,48,52,100,795,2,0.03132819999882486,2,4727,754,3973,0.8404907975460123,14335,14
8,0,-0.4,-0.37814859445053495,16,65,100,795,2,0.023461599994334392,6,4074,616,3458,0.8487972508591065,10123,15
8,1,-0.4,-0.37814859445053495,46,82,100,795,2,0.021371300012106076,4,3849,602,3247,0.8435957391530268,9013,12
8,2,-0.4,-0.37814859445053495,90,87,100,795,2,0.030936499999370426,6,4860,727,4133,0.8504115226337449,14199,12
8,3,-0.4,-0.37814859445053495,48,18,100,795,2,0.03285679999680724,4,4876,765,4111,0.8431091058244463,14738,13
8,4,-0.4,-0.37814859445053495,43,41,100,795,2,0.03672809999261517,5,5364,832,4532,0.8448918717375093,17403,13
8,5,-0.4,-0.37814859445053495,82,66,100,795,2,0.026911399996606633,7,4434,683,3751,0.8459630130807397,11979,12
8,6,-0.4,-0.37814859445053495,9,89,100,795,2,0.026614800008246675,8,4410,664,3746,0.8494331065759637,11504,12
8,7,-0.4,-0.37814859445053495,96,31,100,795,2,0.027181400000699796,9,4298,670,3628,0.844113541181945,11848,15
8,8,-0.4,-0.37814859445053495,95,53,100,795,2,0.028598200005944818,4,4427,712,3715,0.8391687372938784,12762,13
8,9,-0.4,-0.37814859445053495,48,52,100,795,2,0.03243800000927877,3,4876,765,4111,0.8431091058244463,14738,13
8,0,0.0,0.004045565999686169,16,65,100,795,2,0.01805689999309834,3,3350,540,2810,0.8388059701492537,7230,11
8,1,0.0,0.004045565999686169,46,82,100,795,2,0.0173547000013059,4,3313,530,2783,0.8400241472985209,6953,10
8,2,0.0,0.004045565999686169,90,87,100,795,2,0.017264199996134266,3,3338,522,2816,0.8436189334931097,6959,10
8,3,0.0,0.004045565999686169,48,18,100,795,2,0.025924699992174283,3,4274,674,3600,0.8423022929340197,11223,12
8,4,0.0,0.004045565999686169,43,41,100,795,2,0.02519369999936316,3,4247,648,3599,0.847421709441959,10625,13
8,5,0.0,0.004045565999686169,82,66,100,795,2,0.01708669999788981,5,3385,505,2880,0.8508124076809453,6742,12
8,6,0.0,0.004045565999686169,9,89,100,795,2,0.01982470000803005,7,3530,539,2991,0.8473087818696884,7529,11
8,7,0.0,0.004045565999686169,96,31,100,795,2,0.0234033000015188,9,3974,631,3343,0.8412179164569703,10073,11
8,8,0.0,0.004045565999686169,95,53,100,795,2,0.02434860001085326,6,3890,629,3261,0.8383033419023136,9618,11
8,9,0.0,0.004045565999686169,48,52,100,795,2,0.030941999997594394,5,4274,674,3600,0.8423022929340197,11223,12
8,0,0.4,0.38748325027375735,16,65,100,795,2,0.013367399995331652,1,2687,450,2237,0.8325269817640492,4860,10
8,1,0.4,0.38748325027375735,46,82,100,795,2,0.013378500007092953,2,2634,427,2207,0.8378891419893698,4666,9
8,2,0.4,0.38748325027375735,90,87,100,795,2,0.01140550000127405,3,2494,408,2086,0.8364073777064955,4244,8
8,3,0.4,0.38748325027375735,48,18,100,795,2,0.015798799999174662,3,3230,511,2719,0.8417956656346749,6144,9
8,4,0.4,0.38748325027375735,43,41,100,795,2,0.013254899997264147,2,2851,456,2395,0.8400561206594177,4963,8
8,5,0.4,0.38748325027375735,82,66,100,795,2,0.009064700003364123,3,2139,352,1787,0.8354371201496026,3154,8
8,6,0.4,0.38748325027375735,9,89,100,795,2,0.01310040001408197,6,2924,436,2488,0.8508891928864569,4893,10
8,7,0.4,0.38748325027375735,96,31,100,795,2,0.01770320000650827,5,3343,550,2793,0.8354771163625486,7278,12
8,8,0.4,0.38748325027375735,95,53,100,795,2,0.013534100013202988,5,2787,469,2318,0.8317186939361321,5185,9
8,9,0.4,0.38748325027375735,48,52,100,795,2,0.015599799997289665,3,3230,511,2719,0.8417956656346749,6144,9
8,0,0.8,0.7842503203665168,16,65,100,795,2,0.008173300011549145,2,1873,343,1530,0.816871329418046,2686,7
8,1,0.8,0.7842503203665168,46,82,100,795,2,0.008691299997735769,1,2013,339,1674,0.8315946348733234,2824,7
8,2,0.8,0.7842503203665168,90,87,100,795,2,0.006865600007586181,1,1686,290,1396,0.8279952550415184,2125,6
8,3,0.8,0.7842503203665168,48,18,100,795,2,0.007378600013907999,1,1783,314,1469,0.8238923163208076,2438,6
8,4,0.8,0.7842503203665168,43,41,100,795,2,0.0058585000078892335,1,1503,270,1233,0.8203592814371258,1869,6
8,5,0.8,0.7842503203665168,82,66,100,795,2,0.005652400010148995,3,1449,257,1192,0.8226363008971704,1758,5
8,6,0.8,0.7842503203665168,9,89,100,795,2,0.005991300000459887,2,1572,268,1304,0.8295165394402035,1921,6
8,7,0.8,0.7842503203665168,96,31,100,795,2,0.009678900009021163,3,2361,372,1989,0.8424396442185514,3313,7
8,8,0.8,0.7842503203665168,95,53,100,795,2,0.006467900006100535,1,1644,298,1346,0.818734793187348,2105,5
8,9,0.8,0.7842503203665168,48,52,100,795,2,0.007309299995540641,3,1783,314,1469,0.8238923163208076,2438,6
9,0,-0.8,-0.7827720246623753,31,34,100,777,2,0.03470069999457337,12,5009,792,4217,0.8418846077061289,16272,12
9,1,-0.8,-0.7827720246623753,53,16,100,777,2,0.03164380000089295,6,4662,737,3925,0.8419133419133419,14362,14
9,2,-0.8,-0.7827720246623753,73,94,100,777,2,0.02944040000147652,4,4531,672,3859,0.8516883690134628,12433,12
9,3,-0.8,-0.7827720246623753,87,57,100,777,2,0.030107400001725182,5,4661,732,3929,0.8429521561896589,13954,14
9,4,-0.8,-0.7827720246623753,76,14,100,777,2,0.028400600000168197,4,4406,730,3676,0.8343168406718112,13053,14
9,5,-0.8,-0.7827720246623753,42,15,100,777,2,0.04094190000614617,9,5546,874,4672,0.8424089433826181,19592,17
9,6,-0.8,-0.7827720246623753,90,92,100,777,2,0.03338199999416247,2,5022,784,4238,0.8438868976503385,15679,13
9,7,-0.8,-0.7827720246623753,33,24,100,777,2,0.03572270000586286,3,5071,771,4300,0.8479589824492211,16448,15
9,8,-0.8,-0.7827720246623753,3,77,100,777,2,0.033791599998949096,4,4906,765,4141,0.8440684875662454,15457,16
9,9,-0.8,-0.7827720246623753,94,9,100,777,2,0.03811739999218844,4,5318,853,4465,0.8396013538924407,17875,12
9,0,-0.4,-0.3961119676412732,31,34,100,777,2,0.027363200002582744,9,4348,712,3636,0.8362465501379944,12391,14
9,1,-0.4,-0.3961119676412732,53,16,100,777,2,0.02427019999595359,11,3924,647,3277,0.8351172273190621,10644,13
9,2,-0.4,-0.3961119676412732,73,94,100,777,2,0.024860700010322034,5,4179,636,3543,0.8478104809763102,10846,13
9,3,-0.4,-0.3961119676412732,87,57,100,777,2,0.02339600000414066,5,3955,641,3314,0.8379266750948167,10209,10
9,4,-0.4,-0.3961119676412732,76,14,100,777,2,0.018726299997069873,4,3427,552,2875,0.8389261744966443,7766,11
9,5,-0.4,-0.3961119676412732,42,15,100,777,2,0.03953299998829607,5,5582,867,4715,0.8446793264063059,18668,18
9,6,-0.4,-0.3961119676412732,90,92,100,777,2,0.03161269999691285,2,4755,777,3978,0.8365930599369085,14532,16
9,7,-0.4,-0.3961119676412732,33,24,100,777,2,0.03148209999199025,3,4793,743,4050,0.8449822658042979,14131,14
9,8,-0.4,-0.3961119676412732,3,77,100,777,2,0.020041499999933876,2,3582,558,3024,0.8442211055276382,8221,12
9,9,-0.4,-0.3961119676412732,94,9,100,777,2,0.035589100007200614,5,5181,845,4336,0.8369040725728624,16448,14
9,0,0.0,-0.013325677643656083,31,34,100,777,2,0.02231960000062827,6,3733,630,3103,0.8312349316903295,9427,15
9,1,0.0,-0.013325677643656083,53,16,100,777,2,0.017017299993312918,6,3141,523,2618,0.8334925183062719,6849,11
9,2,0.0,-0.013325677643656083,73,94,100,777,2,0.020511000009719282,5,3693,565,3128,0.8470078526942865,8409,13
9,3,0.0,-0.013325677643656083,87,57,100,777,2,0.02346120000584051,5,4089,662,3427,0.8381022254830032,9890,12
9,4,0.0,-0.013325677643656083,76,14,100,777,2,0.01334340000175871,3,2658,437,2221,0.8355906696764485,5171,11
9,5,0.0,-0.013325677643656083,42,15,100,777,2,0.027315100000123493,5,4463,710,3753,0.8409141832847861,12002,13
9,6,0.0,-0.013325677643656083,90,92,100,777,2,0.02631939999992028,2,4153,689,3464,0.8340958343366242,11618,12
9,7,0.0,-0.013325677643656083,33,24,100,777,2,0.019979699995019473,3,3612,578,3034,0.8399778516057586,8238,11
9,8,0.0,-0.013325677643656083,3,77,100,777,2,0.01634370000101626,1,3166,488,2678,0.8458622867972204,6451,10
9,9,0.0,-0.013325677643656083,94,9,100,777,2,0.027907600000617094,4,4392,738,3654,0.8319672131147541,12159,13
9,0,0.4,0.37910741944721094,31,34,100,777,2,0.015088100000866689,1,2927,497,2430,0.8302015715749914,5852,10
9,1,0.4,0.37910741944721094,53,16,100,777,2,0.01151059998665005,4,2415,404,2011,0.832712215320911,4217,8
9,2,0.4,0.37910741944721094,73,94,100,777,2,0.014444400003412738,4,2921,463,2458,0.8414926395070181,5472,10
9,3,0.4,0.37910741944721094,87,57,100,777,2,0.017245199996978045,4,3401,553,2848,0.837400764481035,6748,10
9,4,0.4,0.37910741944721094,76,14,100,777,2,0.010804399993503466,3,2274,387,1887,0.8298153034300791,3898,10
9,5,0.4,0.37910741944721094,42,15,100,777,2,0.016627100005280226,7,3123,519,2604,0.8338136407300673,6299,11
9,6,0.4,0.37910741944721094,90,92,100,777,2,0.01932620001025498,1,3526,593,2933,0.8318207600680658,8175,10
9,7,0.4,0.37910741944721094,33,24,100,777,2,0.010470799999893643,2,2333,394,1939,0.831118731247321,3833,9
9,8,0.4,0.37910741944721094,3,77,100,777,2,0.010287699988111854,1,2285,367,1918,0.8393873085339169,3768,8
9,9,0.4,0.37910741944721094,94,9,100,777,2,0.01592950000485871,3,3160,514,2646,0.8373417721518988,6243,9
9,0,0.8,0.7878380432662209,31,34,100,777,2,0.007778999992297031,1,1811,325,1486,0.8205411374930978,2581,8
9,1,0.8,0.7878380432662209,53,16,100,777,2,0.00684430000546854,3,1701,293,1408,0.8277483833039389,2227,6
9,2,0.8,0.7878380432662209,73,94,100,777,2,0.0073413999925833195,2,1802,294,1508,0.8368479467258602,2447,8
9,3,0.8,0.7878380432662209,87,57,100,777,2,0.008914799997000955,2,2132,359,1773,0.8316135084427767,2962,6
9,4,0.8,0.7878380432662209,76,14,100,777,2,0.006809700003941543,2,1695,304,1391,0.8206489675516224,2216,6
9,5,0.8,0.7878380432662209,42,15,100,777,2,0.007124600000679493,2,1747,294,1453,0.8317115054378935,2254,7
9,6,0.8,0.7878380432662209,90,92,100,777,2,0.0091794000036316,1,2181,355,1826,0.8372306281522237,3184,7
9,7,0.8,0.7878380432662209,33,24,100,777,2,0.006517200003145263,3,1481,265,1216,0.8210668467251857,1820,5
9,8,0.8,0.7878380432662209,3,77,100,777,2,0.0060548000037670135,1,1573,270,1303,0.828353464717101,1981,5
9,9,0.8,0.7878380432662209,94,9,100,777,2,0.007884699996793643,2,1677,308,1369,0.8163387000596303,2196,6
10,0,-0.8,-0.7994805354130158,85,26,100,821,2,0.031126600006246008,9,4931,710,4221,0.856012979111742,13945,14
10,1,-0.8,-0.7994805354130158,43,70,100,821,2,0.041188000002875924,5,5760,839,4921,0.8543402777777778,19186,21
10,2,-0.8,-0.7994805354130158,95,10,100,821,2,0.0321092999947723,8,5062,728,4334,0.8561833267483209,14503,15
10,3,-0.8,-0.7994805354130158,84,78,100,821,2,0.05302849999861792,2,6488,1003,5485,0.8454069050554871,26837,19
10,4,-0.8,-0.7994805354130158,23,16,100,821,2,0.03764910000609234,9,5319,817,4502,0.8463996991915773,17917,16
10,5,-0.8,-0.7994805354130158,23,50,100,821,2,0.03798819999792613,10,5319,817,4502,0.8463996991915773,17917,16
10,6,-0.8,-0.7994805354130158,86,71,100,821,2,0.038494899999932386,7,5473,840,4633,0.8465192764480175,18165,19
10,7,-0.8,-0.7994805354130158,66,3,100,821,2,0.025185799997416325,6,4385,626,3759,0.8572405929304447,10895,17
10,8,-0.8,-0.7994805354130158,66,33,100,821,2,0.025260800000978634,1,4385,626,3759,0.8572405929304447,10895,17
10,9,-0.8,-0.7994805354130158,68,35,100,821,2,0.030935500006307848,6,4865,727,4138,0.8505652620760534,14105,13
10,0,-0.4,-0.40563297594209435,85,26,100,821,2,0.022673700004816055,6,4063,599,3464,0.8525719911395521,9467,12
10,1,-0.4,-0.40563297594209435,43,70,100,821,2,0.02620379999279976,7,4363,684,3679,0.843227137290855,11645,12
10,2,-0.4,-0.40563297594209435,95,10,100,821,2,0.023438000003807247,8,4189,623,3566,0.8512771544521366,9976,13
10,3,-0.4,-0.40563297594209435,84,78,100,821,2,0.043496199999935925,2,5810,915,4895,0.842512908777969,21315,16
10,4,-0.4,-0.40563297594209435,23,16,100,821,2,0.03787020000163466,9,5391,829,4562,0.8462251901317009,17484,18
10,5,-0.4,-0.40563297594209435,23,50,100,821,2,0.03910290000203531,5,5391,829,4562,0.8462251901317009,17484,18
10,6,-0.4,-0.40563297594209435,86,71,100,821,2,0.029143599997041747,4,4720,713,4007,0.8489406779661017,13095,14
10,7,-0.4,-0.40563297594209435,66,3,100,821,2,0.026692999992519617,5,4557,669,3888,0.8531928900592495,11635,13
10,8,-0.4,-0.40563297594209435,66,33,100,821,2,0.02701560000423342,1,4557,669,3888,0.8531928900592495,11635,13
10,9,-0.4,-0.40563297594209435,68,35,100,821,2,0.024788499998976476,6,4286,648,3638,0.8488100793280448,10634,12
10,0,0.0,-0.026225803622767458,85,26,100,821,2,0.017921199992997572,12,3366,498,2868,0.8520499108734403,6839,12
10,1,0.0,-0.026225803622767458,43,70,100,821,2,0.019957600001362152,5,3473,578,2895,0.8335732795853729,7980,9
10,2,0.0,-0.026225803622767458,95,10,100,821,2,0.015965399987180717,7,3275,507,2768,0.8451908396946565,6014,9
10,3,0.0,-0.026225803622767458,84,78,100,821,2,0.029568099998869002,2,4664,723,3941,0.8449828473413379,13188,18
10,4,0.0,-0.026225803622767458,23,16,100,821,2,0.029749499997706152,5,4819,719,4100,0.850798920937954,12952,14
10,5,0.0,-0.026225803622767458,23,50,100,821,2,0.029519899995648302,5,4819,719,4100,0.850798920937954,12952,14
10,6,0.0,-0.026225803622767458,86,71,100,821,2,0.02237990000867285,1,4079,596,3483,0.8538857563128218,9036,14
10,7,0.0,-0.026225803622767458,66,3,100,821,2,0.020932100000209175,3,3836,592,3244,0.8456725755995829,8569,11
10,8,0.0,-0.026225803622767458,66,33,100,821,2,0.02081929999985732,1,3836,592,3244,0.8456725755995829,8569,11
10,9,0.0,-0.026225803622767458,68,35,100,821,2,0.017859899991890416,4,3462,526,2936,0.8480647024841133,7027,11
10,0,0.4,0.37413443388807066,85,26,100,821,2,0.010550300008617342,6,2380,381,1999,0.8399159663865546,3807,9
10,1,0.4,0.37413443388807066,43,70,100,821,2,0.015537900006165728,5,3014,513,2501,0.829794293297943,6119,9
10,2,0.4,0.37413443388807066,95,10,100,821,2,0.012381199994706549,7,2755,449,2306,0.8370235934664246,4582,8
10,3,0.4,0.37413443388807066,84,78,100,821,2,0.020306500009610318,2,3917,591,3326,0.8491192238958386,8458,11
10,4,0.4,0.37413443388807066,23,16,100,821,2,0.014506000006804243,3,3023,482,2541,0.8405557393317896,5682,9
10,5,0.4,0.37413443388807066,23,50,100,821,2,0.014504400009172969,5,3023,482,2541,0.8405557393317896,5682,9
10,6,0.4,0.37413443388807066,86,71,100,821,2,0.011769899996579625,1,2605,401,2204,0.8460652591170825,4215,9
10,7,0.4,0.37413443388807066,66,3,100,821,2,0.015126000012969598,3,3094,498,2596,0.8390433096315449,5948,9
10,8,0.4,0.37413443388807066,66,33,100,821,2,0.016135900004883297,2,3094,498,2596,0.8390433096315449,5948,9
10,9,0.4,0.37413443388807066,68,35,100,821,2,0.011614499991992489,7,2552,406,2146,0.8409090909090909,4312,9
10,0,0.8,0.792028576887083,85,26,100,821,2,0.005456099999719299,2,1374,257,1117,0.8129548762736536,1707,5
10,1,0.8,0.792028576887083,43,70,100,821,2,0.010446499989484437,3,2401,409,1992,0.8296543107038734,3749,7
10,2,0.8,0.792028576887083,95,10,100,821,2,0.007330600012210198,2,1866,315,1551,0.8311897106109325,2444,8
10,3,0.8,0.792028576887083,84,78,100,821,2,0.007070700012263842,1,1726,291,1435,0.8314020857473928,2257,8
10,4,0.8,0.792028576887083,23,16,100,821,2,0.006829199992353097,2,1743,293,1450,0.831899024670109,2250,7
10,5,0.8,0.792028576887083,23,50,100,821,2,0.0067639000044437125,3,1743,293,1450,0.831899024670109,2250,7
10,6,0.8,0.792028576887083,86,71,100,821,2,0.006043200002750382,1,1571,280,1291,0.821769573520051,1963,5
10,7,0.8,0.792028576887083,66,3,100,821,2,0.009409600010258146,2,2232,361,1871,0.8382616487455197,3256,7
10,8,0.8,0.792028576887083,66,33,100,821,2,0.00929339999856893,1,2232,361,1871,0.8382616487455197,3256,7
10,9,0.8,0.792028576887083,68,35,100,821,2,0.006816400011302903,2,1687,294,1393,0.8257261410788381,2188,7
11,0,-0.8,-0.8069540607409436,32,58,100,773,2,0.020623299991711974,10,3706,592,3114,0.8402590393955748,8834,11
11,1,-0.8,-0.8069540607409436,88,45,100,773,2,0.023630499999853782,11,3945,631,3314,0.8400506970849176,10488,11
11,2,-0.8,-0.8069540607409436,11,49,100,773,2,0.024372799991397187,3,4173,630,3543,0.8490294751976994,10918,12
11,3,-0.8,-0.8069540607409436,13,64,100,773,2,0.031277999994927086,1,4770,764,4006,0.839832285115304,14545,15
11,4,-0.8,-0.8069540607409436,22,57,100,773,2,0.03501180000603199,5,5109,818,4291,0.8398903895087101,16628,15
11,5,-0.8,-0.8069540607409436,87,70,100,773,2,0.036854899997706525,11,5147,856,4291,0.8336895278803186,17870,14
11,6,-0.8,-0.8069540607409436,80,40,100,773,2,0.03288240000256337,5,4845,801,4044,0.8346749226006192,15640,15
11,7,-0.8,-0.8069540607409436,63,27,100,773,2,0.0322506000084104,5,4663,739,3924,0.8415183358352991,15018,11
11,8,-0.8,-0.8069540607409436,16,79,100,773,2,0.036702199999126606,7,5286,860,4426,0.8373060915626183,17756,15
11,9,-0.8,-0.8069540607409436,39,67,100,773,2,0.030007800000021234,7,4637,728,3909,0.8430019409100712,14104,13
11,0,-0.4,-0.41954685257842983,32,58,100,773,2,0.019094900009804405,7,3525,563,2962,0.8402836879432624,8210,12
11,1,-0.4,-0.41954685257842983,88,45,100,773,2,0.02168859999801498,5,3664,621,3043,0.8305131004366813,9539,13
11,2,-0.4,-0.41954685257842983,11,49,100,773,2,0.0202045000041835,2,3669,594,3075,0.8381030253475061,8669,10
11,3,-0.4,-0.41954685257842983,13,64,100,773,2,0.026570999994874,1,4343,701,3642,0.8385908358277688,12041,14
11,4,-0.4,-0.41954685257842983,22,57,100,773,2,0.03097910000360571,5,4784,770,4014,0.8390468227424749,14501,13
11,5,-0.4,-0.41954685257842983,87,70,100,773,2,0.031593099993187934,6,4696,819,3877,0.8255962521294719,14841,14
11,6,-0.4,-0.41954685257842983,80,40,100,773,2,0.025328299991087988,3,4197,701,3496,0.8329759351918037,11406,12
11,7,-0.4,-0.41954685257842983,63,27,100,773,2,0.026675900007830933,5,4231,686,3545,0.8378633892696762,12229,12
11,8,-0.4,-0.41954685257842983,16,79,100,773,2,0.026858099998207763,8,4220,740,3480,0.8246445497630331,12323,14
11,9,-0.4,-0.41954685257842983,39,67,100,773,2,0.027875899992068298,7,4458,716,3742,0.8393898609241812,12698,12
11,0,0.0,-0.03668357023690707,32,58,100,773,2,0.01708869999856688,10,3263,529,2734,0.8378792522218818,6951,10
11,1,0.0,-0.03668357023690707,88,45,100,773,2,0.017529199991258793,4,3152,560,2592,0.8223350253807107,7354,10
11,2,0.0,-0.03668357023690707,11,49,100,773,2,0.015466400000150315,2,3082,510,2572,0.8345230369889682,6221,9
11,3,0.0,-0.03668357023690707,13,64,100,773,2,0.022439000007580034,1,4007,648,3359,0.838283004741702,9718,12
11,4,0.0,-0.03668357023690707,22,57,100,773,2,0.027107100002467632,6,4439,727,3712,0.8362243748592025,12135,13
11,5,0.0,-0.03668357023690707,87,70,100,773,2,0.025413600000320002,6,4185,717,3468,0.828673835125448,11467,13
11,6,0.0,-0.03668357023690707,80,40,100,773,2,0.0213476999924751,3,3820,641,3179,0.8321989528795811,9237,13
11,7,0.0,-0.03668357023690707,63,27,100,773,2,0.023014200007310137,6,3906,629,3277,0.8389656938044034,10178,12
11,8,0.0,-0.03668357023690707,16,79,100,773,2,0.03158640000037849,7,4700,782,3918,0.8336170212765958,14281,17
11,9,0.0,-0.03668357023690707,39,67,100,773,2,0.028416100001777522,7,4482,748,3734,0.8331102186523873,13006,14
11,0,0.4,0.35854255036943394,32,58,100,773,2,0.011730300000635907,6,2488,438,2050,0.8239549839228296,4385,8
11,1,0.4,0.35854255036943394,88,45,100,773,2,0.01637270000355784,4,3053,535,2518,0.8247625286603341,6644,11
11,2,0.4,0.35854255036943394,11,49,100,773,2,0.010266400000546128,2,2335,378,1957,0.8381156316916488,3676,8
11,3,0.4,0.35854255036943394,13,64,100,773,2,0.01806889999716077,1,3494,575,2919,0.8354321694333142,7123,10
11,4,0.4,0.35854255036943394,22,57,100,773,2,0.0174027000030037,4,3405,568,2837,0.8331864904552129,7112,9
11,5,0.4,0.35854255036943394,87,70,100,773,2,0.019443900004262105,7,3586,611,2975,0.8296151701059676,8062,11
11,6,0.4,0.35854255036943394,80,40,100,773,2,0.019788099991274066,3,3672,615,3057,0.8325163398692811,8022,12
11,7,0.4,0.35854255036943394,63,27,100,773,2,0.015969000000040978,5,3109,497,2612,0.8401415246059827,6475,14
11,8,0.4,0.35854255036943394,16,79,100,773,2,0.026276699994923547,5,4360,716,3644,0.8357798165137614,11746,18
11,9,0.4,0.35854255036943394,39,67,100,773,2,0.023867199997766875,7,4059,690,3369,0.8300073909830007,10422,12
11,0,0.8,0.7780894564220571,32,58,100,773,2,0.0076582000037888065,2,1818,339,1479,0.8135313531353136,2520,9
11,1,0.8,0.7780894564220571,88,45,100,773,2,0.00927120000415016,4,2101,371,1730,0.823417420276059,3272,8
11,2,0.8,0.7780894564220571,11,49,100,773,2,0.006740600001649,3,1762,279,1483,0.8416572077185017,2194,7
11,3,0.8,0.7780894564220571,13,64,100,773,2,0.008441300000413321,1,2066,354,1712,0.8286544046466602,2874,7
11,4,0.8,0.7780894564220571,22,57,100,773,2,0.0071927000099094585,1,1753,323,1430,0.8157444381061039,2477,7
11,5,0.8,0.7780894564220571,87,70,100,773,2,0.007760200009215623,4,1862,348,1514,0.8131041890440387,2552,5
11,6,0.8,0.7780894564220571,80,40,100,773,2,0.008898700005374849,2,2150,385,1765,0.8209302325581396,3103,6
11,7,0.8,0.7780894564220571,63,27,100,773,2,0.008530899998731911,3,1997,345,1652,0.8272408612919379,3057,8
11,8,0.8,0.7780894564220571,16,79,100,773,2,0.010439399993629195,3,2429,414,2015,0.8295594895018527,3716,11
11,9,0.8,0.7780894564220571,39,67,100,773,2,0.01021269999910146,4,2347,410,1937,0.8253089049850874,3734,7
12,0,-0.8,-0.7754076858315536,11,17,100,768,2,0.028004799998598173,4,4415,725,3690,0.8357870894677236,12707,12
12,1,-0.8,-0.7754076858315536,23,73,100,768,2,0.027877600005012937,6,4451,703,3748,0.842057964502359,12570,13
12,2,-0.8,-0.7754076858315536,21,95,100,768,2,0.01998250000178814,4,3668,573,3095,0.843784078516903,8422,11
12,3,-0.8,-0.7754076858315536,71,73,100,768,2,0.028109300008509308,9,4566,710,3856,0.844502847130968,12764,14
12,4,-0.8,-0.7754076858315536,93,96,100,768,2,0.02190839999821037,2,3755,605,3150,0.8388814913448736,9599,10
12,5,-0.8,-0.7754076858315536,23,95,100,768,2,0.02738090000639204,2,4451,703,3748,0.842057964502359,12570,13
12,6,-0.8,-0.7754076858315536,82,36,100,768,2,0.02583050000248477,7,4233,688,3545,0.8374675171273328,11712,12
12,7,-0.8,-0.7754076858315536,98,6,100,768,2,0.019576500009861775,5,3547,573,2974,0.8384550324217649,8339,12
12,8,-0.8,-0.7754076858315536,62,8,100,768,2,0.03126590000465512,7,4670,790,3880,0.8308351177730193,14704,17
12,9,-0.8,-0.7754076858315536,1,89,100,768,2,0.033630399993853644,3,4953,822,4131,0.8340399757722592,16020,15
12,0,-0.4,-0.3634855551303208,11,17,100,768,2,0.020896399990306236,3,3690,600,3090,0.8373983739837398,8824,9
12,1,-0.4,-0.3634855551303208,23,73,100,768,2,0.02271199999086093,7,3915,650,3265,0.8339719029374202,9747,11
12,2,-0.4,-0.3634855551303208,21,95,100,768,2,0.023306399991270155,8,4069,614,3455,0.8491029737036127,9592,15
12,3,-0.4,-0.3634855551303208,71,73,100,768,2,0.02168379999056924,9,3906,597,3309,0.84715821812596,9376,16
12,4,-0.4,-0.3634855551303208,93,96,100,768,2,0.016663700007484294,3,3128,522,2606,0.8331202046035806,6978,11
12,5,-0.4,-0.3634855551303208,23,95,100,768,2,0.022253400005865842,3,3915,650,3265,0.8339719029374202,9747,11
12,6,-0.4,-0.3634855551303208,82,36,100,768,2,0.020949199999449775,6,3681,616,3065,0.832654170062483,9157,11
12,7,-0.4,-0.3634855551303208,98,6,100,768,2,0.0163025999936508,4,3178,516,2662,0.8376337319068596,6692,11
12,8,-0.4,-0.3634855551303208,62,8,100,768,2,0.01959039999928791,5,3486,613,2873,0.8241537578886976,8469,13
12,9,-0.4,-0.3634855551303208,1,89,100,768,2,0.020324500001152046,3,3454,596,2858,0.827446438911407,8814,12
12,0,0.0,0.008680944793980835,11,17,100,768,2,0.016146699999808334,3,3112,508,2604,0.8367609254498715,6470,10
12,1,0.0,0.008680944793980835,23,73,100,768,2,0.01841459999559447,5,3399,566,2833,0.833480435422183,7670,9
12,2,0.0,0.008680944793980835,21,95,100,768,2,0.01941370000713505,6,3628,578,3050,0.840683572216097,8022,12
12,3,0.0,0.008680944793980835,71,73,100,768,2,0.014757199998712167,7,2951,464,2487,0.8427651643510674,5796,10
12,4,0.0,0.008680944793980835,93,96,100,768,2,0.01592940000409726,3,3086,523,2563,0.8305249513933896,6471,12
12,5,0.0,0.008680944793980835,23,95,100,768,2,0.018311500010895543,2,3399,566,2833,0.833480435422183,7670,9
12,6,0.0,0.008680944793980835,82,36,100,768,2,0.019082600003457628,5,3441,601,2840,0.8253414705027609,8087,10
12,7,0.0,0.008680944793980835,98,6,100,768,2,0.013805000009597279,3,2821,451,2370,0.8401276143211627,5279,11
12,8,0.0,0.008680944793980835,62,8,100,768,2,0.017915899996296503,4,3236,564,2672,0.8257107540173053,7163,11
12,9,0.0,0.008680944793980835,1,89,100,768,2,0.017065399995772168,2,3166,546,2620,0.8275426405559065,7026,9
12,0,0.4,0.3826408473223621,11,17,100,768,2,0.013576199999079108,3,2770,450,2320,0.8375451263537906,5224,12
12,1,0.4,0.3826408473223621,23,73,100,768,2,0.012922100009745918,3,2597,465,2132,0.8209472468232576,4860,8
12,2,0.4,0.3826408473223621,21,95,100,768,2,0.013876500001060776,2,2728,451,2277,0.8346774193548387,4897,10
12,3,0.4,0.3826408473223621,71,73,100,768,2,0.01336920000903774,2,2712,414,2298,0.8473451327433629,4694,11
12,4,0.4,0.3826408473223621,93,96,100,768,2,0.017109799999161623,3,3350,556,2794,0.8340298507462687,6965,9
12,5,0.4,0.3826408473223621,23,95,100,768,2,0.01268849999178201,1,2597,465,2132,0.8209472468232576,4860,8
12,6,0.4,0.3826408473223621,82,36,100,768,2,0.015055099996970966,4,2948,527,2421,0.8212347354138398,5970,10
12,7,0.4,0.3826408473223621,98,6,100,768,2,0.011196699997526594,2,2442,411,2031,0.8316953316953317,4128,8
12,8,0.4,0.3826408473223621,62,8,100,768,2,0.013099199990392663,2,2676,481,2195,0.820254110612855,5134,10
12,9,0.4,0.3826408473223621,1,89,100,768,2,0.012538700000732206,2,2537,444,2093,0.8249901458415452,4460,7
12,0,0.8,0.792726234301599,11,17,100,768,2,0.006735900009516627,2,1642,304,1338,0.8148599269183922,2209,5
12,1,0.8,0.792726234301599,23,73,100,768,2,0.008347700000740588,2,1928,355,1573,0.8158713692946058,2865,7
12,2,0.8,0.792726234301599,21,95,100,768,2,0.007306200001039542,2,1789,315,1474,0.8239239798770263,2441,7
12,3,0.8,0.792726234301599,71,73,100,768,2,0.007769300005747937,2,1871,309,1562,0.8348476750400855,2566,7
12,4,0.8,0.792726234301599,93,96,100,768,2,0.007295600007637404,3,1759,316,1443,0.8203524729960204,2407,9
12,5,0.8,0.792726234301599,23,95,100,768,2,0.008274300009361468,1,1928,355,1573,0.8158713692946058,2865,7
12,6,0.8,0.792726234301599,82,36,100,768,2,0.0073244000086560845,1,1742,342,1400,0.8036739380022963,2485,5
12,7,0.8,0.792726234301599,98,6,100,768,2,0.007518400001572445,1,1791,324,1467,0.8190954773869347,2506,6
12,8,0.8,0.792726234301599,62,8,100,768,2,0.00744509999640286,2,1753,344,1409,0.8037649743297205,2561,6
12,9,0.8,0.792726234301599,1,89,100,768,2,0.007851400005165488,2,1875,343,1532,0.8170666666666667,2623,8
13,0,-0.8,-0.7763851177684812,90,5,100,781,2,0.03171790001215413,6,4856,762,4094,0.8430807248764415,14536,12
13,1,-0.8,-0.7763851177684812,14,54,100,781,2,0.026524399989284575,1,4322,682,3640,0.8422026839426192,11699,15
13,2,-0.8,-0.7763851177684812,62,15,100,781,2,0.024116799992043525,7,3952,614,3338,0.8446356275303644,9647,13
13,3,-0.8,-0.7763851177684812,3,6,100,781,2,0.027510900006745942,1,4392,683,3709,0.8444899817850637,11842,15
13,4,-0.8,-0.7763851177684812,94,61,100,781,2,0.03361720000975765,6,4963,763,4200,0.846262341325811,15298,15
13,5,-0.8,-0.7763851177684812,6,84,100,781,2,0.044258499998250045,6,5615,947,4668,0.8313446126447017,21616,19
13,6,-0.8,-0.7763851177684812,76,46,100,781,2,0.04099310000310652,10,5363,836,4527,0.8441170986388216,19131,16
13,7,-0.8,-0.7763851177684812,39,25,100,781,2,0.029433800009428523,4,4491,667,3824,0.8514807392562903,12500,14
13,8,-0.8,-0.7763851177684812,66,90,100,781,2,0.02852980000898242,5,4430,726,3704,0.8361173814898419,13151,12
13,9,-0.8,-0.7763851177684812,20,68,100,781,2,0.027295200008666143,3,4408,706,3702,0.8398366606170599,12340,13
13,0,-0.4,-0.36615604369961735,90,5,100,781,2,0.03341099999670405,5,5023,796,4227,0.8415289667529365,15242,15
13,1,-0.4,-0.36615604369961735,14,54,100,781,2,0.020745500005432405,1,3771,606,3165,0.8392999204455052,8817,13
13,2,-0.4,-0.36615604369961735,62,15,100,781,2,0.02049750000878703,3,3816,594,3222,0.8443396226415094,8621,10
13,3,-0.4,-0.36615604369961735,3,6,100,781,2,0.026374299995950423,2,4399,697,3702,0.8415548988406456,11729,13
13,4,-0.4,-0.36615604369961735,94,61,100,781,2,0.02449039999919478,5,4134,649,3485,0.8430091920657958,10813,12
13,5,-0.4,-0.36615604369961735,6,84,100,781,2,0.03918870000052266,4,5226,914,4312,0.8251052430156908,19240,16
13,6,-0.4,-0.36615604369961735,76,46,100,781,2,0.022192599994014017,4,3848,597,3251,0.8448544698544699,9838,13
13,7,-0.4,-0.36615604369961735,39,25,100,781,2,0.02161669998895377,3,3843,591,3252,0.8462138953942233,9348,11
13,8,-0.4,-0.36615604369961735,66,90,100,781,2,0.02228409999224823,3,3704,640,3064,0.8272138228941684,9845,13
13,9,-0.4,-0.36615604369961735,20,68,100,781,2,0.02539390001038555,5,4149,678,3471,0.836587129428778,11228,12
13,0,0.0,0.00805250032959315,90,5,100,781,2,0.030534900011844,4,4744,787,3957,0.834106239460371,13564,11
13,1,0.0,0.00805250032959315,14,54,100,781,2,0.016910999998799525,1,3277,536,2741,0.8364357644186756,6856,14
13,2,0.0,0.00805250032959315,62,15,100,781,2,0.018520400000852533,2,3550,555,2995,0.8436619718309859,7577,11
13,3,0.0,0.00805250032959315,3,6,100,781,2,0.024545399995986372,1,4162,684,3478,0.8356559346468044,10550,11
13,4,0.0,0.00805250032959315,94,61,100,781,2,0.019425199992838316,5,3704,565,3139,0.8474622030237581,7911,11
13,5,0.0,0.00805250032959315,6,84,100,781,2,0.03194620000431314,5,4585,810,3775,0.8233369683751364,15051,18
13,6,0.0,0.00805250032959315,76,46,100,781,2,0.0138639999931911,3,2766,432,2334,0.8438177874186551,5016,8
13,7,0.0,0.00805250032959315,39,25,100,781,2,0.015128799990634434,3,3068,480,2588,0.8435462842242504,5966,9
13,8,0.0,0.00805250032959315,66,90,100,781,2,0.01859810001042206,3,3308,576,2732,0.8258766626360339,7850,15
13,9,0.0,0.00805250032959315,20,68,100,781,2,0.02620599999499973,6,4209,697,3512,0.8344024708956997,11453,13
13,0,0.4,0.3682436099569561,90,5,100,781,2,0.020300999996834435,4,3664,641,3023,0.8250545851528385,8336,9
13,1,0.4,0.3682436099569561,14,54,100,781,2,0.011315899988403544,1,2368,409,1959,0.8272804054054054,3959,9
13,2,0.4,0.3682436099569561,62,15,100,781,2,0.01296040001034271,1,2764,456,2308,0.8350217076700435,4961,9
13,3,0.4,0.3682436099569561,3,6,100,781,2,0.01985209999838844,1,3620,627,2993,0.8267955801104973,8236,12
13,4,0.4,0.3682436099569561,94,61,100,781,2,0.010379700004705228,3,2446,381,2065,0.8442354865085855,3666,7
13,5,0.4,0.3682436099569561,6,84,100,781,2,0.02295300000696443,5,3709,680,3029,0.8166621730924778,10237,15
13,6,0.4,0.3682436099569561,76,46,100,781,2,0.008674400000018068,2,2065,342,1723,0.8343825665859564,3079,7
13,7,0.4,0.3682436099569561,39,25,100,781,2,0.01040840000496246,2,2358,388,1970,0.8354537743850721,3784,9
13,8,0.4,0.3682436099569561,66,90,100,781,2,0.012364599999273196,3,2533,462,2071,0.8176075799447295,4919,10
13,9,0.4,0.3682436099569561,20,68,100,781,2,0.020074299987754785,6,3625,605,3020,0.833103448275862,8531,11
13,0,0.8,0.7768565278262076,90,5,100,781,2,0.008213299995986745,1,1940,351,1589,0.8190721649484536,2781,7
13,1,0.8,0.7768565278262076,14,54,100,781,2,0.007022999998298474,1,1680,316,1364,0.8119047619047619,2371,8
13,2,0.8,0.7768565278262076,62,15,100,781,2,0.006958099998882972,1,1727,303,1424,0.8245512449334106,2296,6
13,3,0.8,0.7768565278262076,3,6,100,781,2,0.011248199996771291,1,2507,456,2051,0.8181092939768648,4054,7
13,4,0.8,0.7768565278262076,94,61,100,781,2,0.005294400005368516,3,1348,244,1104,0.8189910979228486,1660,6
13,5,0.8,0.7768565278262076,6,84,100,781,2,0.013517200000933371,1,2841,489,2352,0.8278775079197466,5039,9
13,6,0.8,0.7768565278262076,76,46,100,781,2,0.00523599999723956,1,1343,243,1100,0.8190618019359642,1599,6
13,7,0.8,0.7768565278262076,39,25,100,781,2,0.006718100004945882,1,1650,298,1352,0.8193939393939393,2185,6
13,8,0.8,0.7768565278262076,66,90,100,781,2,0.007831799986888655,2,1846,350,1496,0.8104008667388949,2669,6
13,9,0.8,0.7768565278262076,20,68,100,781,2,0.011100700008682907,7,2466,423,2043,0.8284671532846716,4112,8
14,0,-0.8,-0.809312455367633,95,36,100,775,2,0.032630899993819185,6,4757,757,4000,0.8408660920748371,14703,12
14,1,-0.8,-0.809312455367633,61,56,100,775,2,0.024002100006327964,6,3865,630,3235,0.8369987063389392,10167,13
14,2,-0.8,-0.809312455367633,82,93,100,775,2,0.02454109999234788,2,4107,649,3458,0.8419771122473825,10735,12
14,3,-0.8,-0.809312455367633,51,95,100,775,2,0.03567769999790471,12,5168,795,4373,0.8461687306501547,16568,14
14,4,-0.8,-0.809312455367633,40,42,100,775,2,0.019963600003393367,6,3628,559,3069,0.8459206174200662,8425,11
14,5,-0.8,-0.809312455367633,30,95,100,775,2,0.02894659999583382,4,4627,707,3920,0.8472012102874432,13218,12
14,6,-0.8,-0.809312455367633,40,21,100,775,2,0.02053650000016205,3,3628,559,3069,0.8459206174200662,8425,11
14,7,-0.8,-0.809312455367633,59,38,100,775,2,0.03704929999366868,5,5074,829,4245,0.8366180528182893,17336,18
14,8,-0.8,-0.809312455367633,55,5,100,775,2,0.02805330000410322,6,4428,704,3724,0.8410117434507678,12717,12
14,9,-0.8,-0.809312455367633,44,28,100,775,2,0.024024600003031082,2,4093,602,3491,0.8529196188614708,10547,14
14,0,-0.4,-0.4414311140367069,95,36,100,775,2,0.027048999996623024,4,4290,703,3587,0.8361305361305361,12308,11
14,1,-0.4,-0.4414311140367069,61,56,100,775,2,0.023616500009666197,6,4044,661,3383,0.8365479723046488,10415,13
14,2,-0.4,-0.4414311140367069,82,93,100,775,2,0.017372800008160993,3,3364,520,2844,0.845422116527943,7102,11
14,3,-0.4,-0.4414311140367069,51,95,100,775,2,0.026071299987961538,9,4389,675,3714,0.8462064251537936,11728,12
14,4,-0.4,-0.4414311140367069,40,42,100,775,2,0.017528600001242012,3,3341,540,2801,0.838371744986531,7296,12
14,5,-0.4,-0.4414311140367069,30,95,100,775,2,0.02885799999057781,5,4642,714,3928,0.8461869883670832,13217,15
14,6,-0.4,-0.4414311140367069,40,21,100,775,2,0.018270800006575882,2,3341,540,2801,0.838371744986531,7296,12
14,7,-0.4,-0.4414311140367069,59,38,100,775,2,0.028517899991129525,7,4469,737,3732,0.8350861490266279,13175,13
14,8,-0.4,-0.4414311140367069,55,5,100,775,2,0.02516279999690596,5,4140,651,3489,0.8427536231884057,11065,14
14,9,-0.4,-0.4414311140367069,44,28,100,775,2,0.015954500006046146,2,3152,482,2670,0.8470812182741116,6506,11
14,0,0.0,-0.06085256794291132,95,36,100,775,2,0.02086639999470208,3,3633,582,3051,0.8398018166804294,8856,11
14,1,0.0,-0.06085256794291132,61,56,100,775,2,0.020977200008928776,6,3766,616,3150,0.8364312267657993,8848,12
14,2,0.0,-0.06085256794291132,82,93,100,775,2,0.013109400009852834,4,2724,447,2277,0.8359030837004405,5026,8
14,3,0.0,-0.06085256794291132,51,95,100,775,2,0.023666799999773502,9,4073,658,3415,0.8384483181929782,10242,15
14,4,0.0,-0.06085256794291132,40,42,100,775,2,0.015838000006624497,3,3170,503,2667,0.8413249211356467,6131,11
14,5,0.0,-0.06085256794291132,30,95,100,775,2,0.023258800007170066,4,4062,628,3434,0.8453963564746431,9941,12
14,6,0.0,-0.06085256794291132,40,21,100,775,2,0.015664599995943718,2,3170,503,2667,0.8413249211356467,6131,11
14,7,0.0,-0.06085256794291132,59,38,100,775,2,0.021512299994356,7,3715,627,3088,0.8312247644683715,9181,11
14,8,0.0,-0.06085256794291132,55,5,100,775,2,0.02221909999207128,5,3886,611,3275,0.8427689140504375,9412,12
14,9,0.0,-0.06085256794291132,44,28,100,775,2,0.012352399993687868,1,2610,418,2192,0.8398467432950192,4631,10
14,0,0.4,0.35220212237282006,95,36,100,775,2,0.01742519999970682,5,3245,529,2716,0.836979969183359,7039,12
14,1,0.4,0.35220212237282006,61,56,100,775,2,0.016703999994206242,5,3237,531,2706,0.8359592215013901,6755,12
14,2,0.4,0.35220212237282006,82,93,100,775,2,0.01045929999963846,3,2363,397,1966,0.8319932289462547,3791,8
14,3,0.4,0.35220212237282006,51,95,100,775,2,0.01811049999378156,9,3396,557,2839,0.8359835100117785,7265,12
14,4,0.4,0.35220212237282006,40,42,100,775,2,0.010922600005869754,4,2384,404,1980,0.8305369127516778,3965,9
14,5,0.4,0.35220212237282006,30,95,100,775,2,0.015731199993751943,6,3156,503,2653,0.8406210392902408,6185,11
14,6,0.4,0.35220212237282006,40,21,100,775,2,0.010848000005353242,2,2384,404,1980,0.8305369127516778,3965,9
14,7,0.4,0.35220212237282006,59,38,100,775,2,0.01604429999133572,5,3089,520,2569,0.8316607316283587,6261,10
14,8,0.4,0.35220212237282006,55,5,100,775,2,0.014461700004176237,6,2871,471,2400,0.8359456635318704,5546,9
14,9,0.4,0.35220212237282006,44,28,100,775,2,0.010316599989891984,1,2291,386,1905,0.8315146224356177,3672,8
14,0,0.8,0.7906091124245962,95,36,100,775,2,0.01002600000356324,1,2164,364,1800,0.8317929759704251,3271,6
14,1,0.8,0.7906091124245962,61,56,100,775,2,0.008907199997338466,2,1932,348,1584,0.8198757763975155,3027,12
14,2,0.8,0.7906091124245962,82,93,100,775,2,0.0057769999984884635,4,1496,269,1227,0.8201871657754011,1846,5
14,3,0.8,0.7906091124245962,51,95,100,775,2,0.008576100008212961,3,2054,350,1704,0.8296007789678675,3059,7
14,4,0.8,0.7906091124245962,40,42,100,775,2,0.006216299996594898,3,1563,294,1269,0.8119001919385797,2070,6
14,5,0.8,0.7906091124245962,30,95,100,775,2,0.006562299997312948,1,1662,297,1365,0.8212996389891697,2176,7
14,6,0.8,0.7906091124245962,40,21,100,775,2,0.006249399986700155,1,1563,294,1269,0.8119001919385797,2070,6
14,7,0.8,0.7906091124245962,59,38,100,775,2,0.0075628999911714345,1,1835,322,1513,0.8245231607629427,2622,7
14,8,0.8,0.7906091124245962,55,5,100,775,2,0.007663800002774224,3,1882,324,1558,0.8278427205100957,2612,8
14,9,0.8,0.7906091124245962,44,28,100,775,2,0.00625390000641346,1,1536,292,1244,0.8098958333333334,2021,5
15,0,-0.8,-0.7749626191086991,75,2,100,811,2,0.031017799992696382,7,4884,741,4143,0.8482800982800983,14127,14
15,1,-0.8,-0.7749626191086991,51,9,100,811,2,0.03575229999842122,9,5480,766,4714,0.8602189781021898,16518,12
15,2,-0.8,-0.7749626191086991,58,88,100,811,2,0.03219269998953678,7,5030,749,4281,0.8510934393638171,14836,12
15,3,-0.8,-0.7749626191086991,6,37,100,811,2,0.027799399991636164,8,4751,678,4073,0.8572932014312776,12320,15
15,4,-0.8,-0.7749626191086991,6,12,100,811,2,0.027750699999160133,4,4751,678,4073,0.8572932014312776,12320,15
15,5,-0.8,-0.7749626191086991,67,66,100,811,2,0.03320090001216158,11,5088,758,4330,0.8510220125786163,15671,14
15,6,-0.8,-0.7749626191086991,15,47,100,811,2,0.03444149999995716,9,5187,773,4414,0.8509735878156931,16359,15
15,7,-0.8,-0.7749626191086991,93,74,100,811,2,0.03602030000183731,9,5328,824,4504,0.8453453453453453,17088,16
15,8,-0.8,-0.7749626191086991,36,84,100,811,2,0.028587199994944967,1,4700,725,3975,0.8457446808510638,12716,15
15,9,-0.8,-0.7749626191086991,21,12,100,811,2,0.04101760000048671,12,5693,890,4803,0.8436676620411031,20079,15
15,0,-0.4,-0.35788466035806676,75,2,100,811,2,0.02565609999874141,5,4348,679,3669,0.843836246550138,11152,14
15,1,-0.4,-0.35788466035806676,51,9,100,811,2,0.028219400002853945,8,4815,673,4142,0.8602284527518173,12452,15
15,2,-0.4,-0.35788466035806676,58,88,100,811,2,0.0340011000080267,10,5292,792,4500,0.8503401360544217,15908,14
15,3,-0.4,-0.35788466035806676,6,37,100,811,2,0.020073399995453656,2,3696,565,3131,0.8471320346320347,8570,12
15,4,-0.4,-0.35788466035806676,6,12,100,811,2,0.019911899988073856,5,3696,565,3131,0.8471320346320347,8570,12
15,5,-0.4,-0.35788466035806676,67,66,100,811,2,0.02570640000340063,7,4317,696,3621,0.8387769284225156,11539,11
15,6,-0.4,-0.35788466035806676,15,47,100,811,2,0.027624499998637475,7,4614,690,3924,0.8504551365409623,12290,16
15,7,-0.4,-0.35788466035806676,93,74,100,811,2,0.031584900003508665,7,4918,761,4157,0.8452623017486783,14221,14
15,8,-0.4,-0.35788466035806676,36,84,100,811,2,0.02639169999747537,1,4536,708,3828,0.843915343915344,11782,15
15,9,-0.4,-0.35788466035806676,21,12,100,811,2,0.031164400003035553,7,4898,768,4130,0.8432013066557779,14552,12
15,0,0.0,0.03175698508037839,75,2,100,811,2,0.018250799999805167,2,3529,557,2972,0.842164919240578,7483,11
15,1,0.0,0.03175698508037839,51,9,100,811,2,0.018629199999850243,6,3706,530,3176,0.8569886670264436,7626,12
15,2,0.0,0.03175698508037839,58,88,100,811,2,0.02683210000395775,5,4568,685,3883,0.8500437828371279,11710,13
15,3,0.0,0.03175698508037839,6,37,100,811,2,0.01706819998798892,3,3263,504,2759,0.8455409132699969,6888,13
15,4,0.0,0.03175698508037839,6,12,100,811,2,0.016805299994302914,5,3263,504,2759,0.8455409132699969,6888,13
15,5,0.0,0.03175698508037839,67,66,100,811,2,0.02154250000603497,7,3899,611,3288,0.8432931520902796,9221,12
15,6,0.0,0.03175698508037839,15,47,100,811,2,0.024188600000343286,6,4224,633,3591,0.8501420454545454,10033,15
15,7,0.0,0.03175698508037839,93,74,100,811,2,0.024379300011787564,5,4110,647,3463,0.8425790754257908,9871,11
15,8,0.0,0.03175698508037839,36,84,100,811,2,0.025289700002758764,4,4325,666,3659,0.8460115606936416,10564,14
15,9,0.0,0.03175698508037839,21,12,100,811,2,0.02290930000890512,7,4204,636,3568,0.8487155090390105,9752,11
15,0,0.4,0.4028585231799536,75,2,100,811,2,0.011128400001325645,2,2502,396,2106,0.841726618705036,4070,7
15,1,0.4,0.4028585231799536,51,9,100,811,2,0.010459600001922809,2,2399,371,2028,0.8453522300958732,3735,8
15,2,0.4,0.4028585231799536,58,88,100,811,2,0.01714709999214392,3,3469,524,2945,0.8489478235802825,6731,11
15,3,0.4,0.4028585231799536,6,37,100,811,2,0.014403799999854527,5,2963,462,2501,0.844076949038137,5582,10
15,4,0.4,0.4028585231799536,6,12,100,811,2,0.014403099994524382,8,2963,462,2501,0.844076949038137,5582,10
15,5,0.4,0.4028585231799536,67,66,100,811,2,0.014158599995425902,4,2957,485,2472,0.8359824146094014,5433,9
15,6,0.4,0.4028585231799536,15,47,100,811,2,0.0148821000038879,3,3256,482,2774,0.851965601965602,5591,10
15,7,0.4,0.4028585231799536,93,74,100,811,2,0.014053599996259436,2,2973,481,2492,0.8382105617221661,5320,11
15,8,0.4,0.4028585231799536,36,84,100,811,2,0.014974899997469038,3,3087,508,2579,0.8354389374797538,5804,9
15,9,0.4,0.4028585231799536,21,12,100,811,2,0.014939000000595115,5,3203,487,2716,0.8479550421479862,5725,8
15,0,0.8,0.7815618305667913,75,2,100,811,2,0.006499600000097416,1,1653,283,1370,0.8287961282516636,2117,6
15,1,0.8,0.7815618305667913,51,9,100,811,2,0.005178099992917851,1,1399,236,1163,0.8313080771979986,1606,5
15,2,0.8,0.7815618305667913,58,88,100,811,2,0.007884399994509295,2,1930,329,1601,0.8295336787564767,2647,7
15,3,0.8,0.7815618305667913,6,37,100,811,2,0.011806499998783693,5,2673,421,2252,0.842499064721287,4276,10
15,4,0.8,0.7815618305667913,6,12,100,811,2,0.011629699991317466,9,2673,421,2252,0.842499064721287,4276,10
15,5,0.8,0.7815618305667913,67,66,100,811,2,0.007542599996668287,2,1836,317,1519,0.8273420479302832,2422,6
15,6,0.8,0.7815618305667913,15,47,100,811,2,0.005788599999505095,1,1544,259,1285,0.8322538860103627,1817,5
15,7,0.8,0.7815618305667913,93,74,100,811,2,0.006484000012278557,1,1631,289,1342,0.8228080931943593,2094,6
15,8,0.8,0.7815618305667913,36,84,100,811,2,0.005991900005028583,2,1554,290,1264,0.8133848133848134,1901,5
15,9,0.8,0.7815618305667913,21,12,100,811,2,0.0069444999971892685,3,1784,298,1486,0.8329596412556054,2243,6
16,0,-0.8,-0.7922639183991657,16,90,100,810,2,0.03420840000035241,4,5178,793,4385,0.846852066434917,15782,13
16,1,-0.8,-0.7922639183991657,98,33,100,810,2,0.03143709999858402,8,4876,725,4151,0.851312551271534,14077,14
16,2,-0.8,-0.7922639183991657,21,94,100,810,2,0.030254099998273887,5,4659,735,3924,0.8422408242112042,13990,14
16,3,-0.8,-0.7922639183991657,28,61,100,810,2,0.033015099994372576,5,4950,773,4177,0.8438383838383838,15549,11
16,4,-0.8,-0.7922639183991657,45,57,100,810,2,0.02377179999893997,6,4273,647,3626,0.8485841329276854,10285,12
16,5,-0.8,-0.7922639183991657,4,74,100,810,2,0.025753800000529736,8,4456,663,3793,0.8512118491921006,11423,11
16,6,-0.8,-0.7922639183991657,7,13,100,810,2,0.03737639999599196,3,5428,819,4609,0.8491156963890936,17840,13
16,7,-0.8,-0.7922639183991657,78,86,100,810,2,0.03037199999380391,11,4734,718,4016,0.8483312209547951,14040,12
16,8,-0.8,-0.7922639183991657,12,33,100,810,2,0.03741240000817925,3,5403,816,4587,0.8489727928928373,17816,15
16,9,-0.8,-0.7922639183991657,52,74,100,810,2,0.02364260000467766,6,4131,613,3518,0.8516097797143549,10256,13
16,0,-0.4,-0.3831744270780446,16,90,100,810,2,0.030628900000010617,5,4979,748,4231,0.8497690299256879,13784,13
16,1,-0.4,-0.3831744270780446,98,33,100,810,2,0.02516069999546744,9,4295,648,3647,0.8491268917345751,11182,13
16,2,-0.4,-0.3831744270780446,21,94,100,810,2,0.02493329999560956,4,4283,665,3618,0.844734998832594,11077,13
16,3,-0.4,-0.3831744270780446,28,61,100,810,2,0.023101500002667308,6,4051,642,3409,0.8415206121945199,10076,12
16,4,-0.4,-0.3831744270780446,45,57,100,810,2,0.019577600003685802,4,3682,587,3095,0.84057577403585,8289,10
16,5,-0.4,-0.3831744270780446,4,74,100,810,2,0.0223654000001261,7,4018,628,3390,0.8437033349925336,9471,10
16,6,-0.4,-0.3831744270780446,7,13,100,810,2,0.02863719999731984,4,4560,722,3838,0.8416666666666667,13128,13
16,7,-0.4,-0.3831744270780446,78,86,100,810,2,0.022953299994696863,7,4104,631,3473,0.8462475633528265,9958,10
16,8,-0.4,-0.3831744270780446,12,33,100,810,2,0.026357399998232722,2,4345,693,3652,0.8405063291139241,11780,11
16,9,-0.4,-0.3831744270780446,52,74,100,810,2,0.018410300006507896,7,3505,546,2959,0.8442225392296719,7628,11
16,0,0.0,0.019115369981259196,16,90,100,810,2,0.02038679999532178,5,3782,597,3185,0.8421470121628768,8483,11
16,1,0.0,0.019115369981259196,98,33,100,810,2,0.020662800001446158,10,3801,587,3214,0.8455669560641936,8752,13
16,2,0.0,0.019115369981259196,21,94,100,810,2,0.016964199996436946,3,3292,535,2757,0.8374848116646415,6906,10
16,3,0.0,0.019115369981259196,28,61,100,810,2,0.017323400010354817,7,3401,542,2859,0.840635107321376,7030,11
16,4,0.0,0.019115369981259196,45,57,100,810,2,0.016084399991086684,4,3212,522,2690,0.8374844333748444,6399,12
16,5,0.0,0.019115369981259196,4,74,100,810,2,0.021662999992258847,4,3924,614,3310,0.8435270132517839,8877,12
16,6,0.0,0.019115369981259196,7,13,100,810,2,0.021125100000062957,4,3786,617,3169,0.8370311674590597,9006,12
16,7,0.0,0.019115369981259196,78,86,100,810,2,0.016523800004506484,4,3337,509,2828,0.8474677854360204,6650,10
16,8,0.0,0.019115369981259196,12,33,100,810,2,0.02074490000086371,3,3765,614,3151,0.8369189907038512,8784,11
16,9,0.0,0.019115369981259196,52,74,100,810,2,0.014312200000858866,7,2971,479,2492,0.838774823291821,5528,10
16,0,0.4,0.41046610024495217,16,90,100,810,2,0.011760499997762963,4,2516,428,2088,0.8298887122416534,4365,7
16,1,0.4,0.41046610024495217,98,33,100,810,2,0.015118699986487627,9,3211,496,2715,0.8455309872313921,5823,10
16,2,0.4,0.41046610024495217,21,94,100,810,2,0.012159599995356984,2,2626,438,2188,0.8332063975628332,4558,8
16,3,0.4,0.41046610024495217,28,61,100,810,2,0.013564799999585375,5,2862,470,2392,0.8357791754018169,5164,10
16,4,0.4,0.41046610024495217,45,57,100,810,2,0.012799100004485808,3,2672,470,2202,0.8241017964071856,4895,10
16,5,0.4,0.41046610024495217,4,74,100,810,2,0.013433700005407445,2,2777,462,2315,0.8336334173568599,5065,8
16,6,0.4,0.41046610024495217,7,13,100,810,2,0.0161186000041198,3,3191,527,2664,0.8348480100282043,6475,12
16,7,0.4,0.41046610024495217,78,86,100,810,2,0.011008800007402897,3,2455,406,2049,0.834623217922607,4036,8
16,8,0.4,0.41046610024495217,12,33,100,810,2,0.013415699999313802,2,2789,475,2314,0.829688060236644,5211,11
16,9,0.4,0.41046610024495217,52,74,100,810,2,0.0110763999982737,5,2533,398,2135,0.8428740623766285,3996,8
16,0,0.8,0.7965933984247568,16,90,100,810,2,0.007656000001588836,2,1839,331,1508,0.8200108754758021,2548,6
16,1,0.8,0.7965933984247568,98,33,100,810,2,0.008987599998363294,4,2242,361,1881,0.8389830508474576,2991,7
16,2,0.8,0.7965933984247568,21,94,100,810,2,0.0069158999976934865,2,1755,315,1440,0.8205128205128205,2257,5
16,3,0.8,0.7965933984247568,28,61,100,810,2,0.006409000008716248,2,1586,301,1285,0.8102143757881463,2072,8
16,4,0.8,0.7965933984247568,45,57,100,810,2,0.010022899994510226,3,2284,416,1868,0.8178633975481612,3640,8
16,5,0.8,0.7965933984247568,4,74,100,810,2,0.008678700003656559,2,2002,367,1635,0.8166833166833167,3014,7
16,6,0.8,0.7965933984247568,7,13,100,810,2,0.009630899992771447,2,2235,381,1854,0.8295302013422818,3344,10
16,7,0.8,0.7965933984247568,78,86,100,810,2,0.006462600009399466,2,1640,295,1345,0.8201219512195121,2096,7
16,8,0.8,0.7965933984247568,12,33,100,810,2,0.006873699996504001,2,1675,320,1355,0.808955223880597,2320,6
16,9,0.8,0.7965933984247568,52,74,100,810,2,0.006732800000463612,2,1723,283,1440,0.8357515960533952,2230,7
17,0,-0.8,-0.7781841501607834,43,32,100,799,2,0.03166009999404196,5,4866,727,4139,0.8505959720509659,14628,13
17,1,-0.8,-0.7781841501607834,78,72,100,799,2,0.02980639999441337,8,4713,743,3970,0.8423509441969022,13566,13
17,2,-0.8,-0.7781841501607834,93,53,100,799,2,0.02583790000062436,4,4310,649,3661,0.8494199535962877,11618,13
17,3,-0.8,-0.7781841501607834,98,26,100,799,2,0.02716530000907369,4,4517,668,3849,0.8521142351117998,12345,13
17,4,-0.8,-0.7781841501607834,56,52,100,799,2,0.030123000004095957,1,4749,728,4021,0.846704569383028,14016,15
17,5,-0.8,-0.7781841501607834,89,77,100,799,2,0.021440600001369603,8,3860,600,3260,0.844559585492228,9199,12
17,6,-0.8,-0.7781841501607834,44,71,100,799,2,0.036329700000351295,11,5292,809,4483,0.8471277399848829,17308,14
17,7,-0.8,-0.7781841501607834,81,88,100,799,2,0.02916249999543652,9,4605,725,3880,0.8425624321389794,13268,14
17,8,-0.8,-0.7781841501607834,21,65,100,799,2,0.02661459999217186,2,4386,664,3722,0.8486092111263109,11900,14
17,9,-0.8,-0.7781841501607834,26,66,100,799,2,0.03096170000208076,7,4860,761,4099,0.8434156378600823,13506,15
17,0,-0.4,-0.37111492559529513,43,32,100,799,2,0.02883080000174232,6,4500,695,3805,0.8455555555555555,12656,11
17,1,-0.4,-0.37111492559529513,78,72,100,799,2,0.024053599991020747,10,4107,648,3459,0.8422205989773557,9923,12
17,2,-0.4,-0.37111492559529513,93,53,100,799,2,0.029874999992898665,4,4607,699,3908,0.8482743650965922,12216,11
17,3,-0.4,-0.37111492559529513,98,26,100,799,2,0.022927400001208298,3,3895,583,3312,0.8503209242618742,8918,12
17,4,-0.4,-0.37111492559529513,56,52,100,799,2,0.026318799995351583,1,4330,674,3656,0.8443418013856813,11845,12
17,5,-0.4,-0.37111492559529513,89,77,100,799,2,0.017841900000348687,8,3402,558,2844,0.8359788359788359,7382,13
17,6,-0.4,-0.37111492559529513,44,71,100,799,2,0.030487099997117184,9,4788,740,4048,0.8454469507101086,13946,14
17,7,-0.4,-0.37111492559529513,81,88,100,799,2,0.02284359998884611,5,4011,662,3349,0.8349538768386936,9917,12
17,8,-0.4,-0.37111492559529513,21,65,100,799,2,0.025572099999408238,1,4302,649,3653,0.8491399349139935,11098,12
17,9,-0.4,-0.37111492559529513,26,66,100,799,2,0.022391899998183362,7,4010,642,3368,0.8399002493765586,9621,12
17,0,0.0,0.005105442058002344,43,32,100,799,2,0.02471690000675153,6,4087,629,3458,0.8460973819427453,9931,11
17,1,0.0,0.005105442058002344,78,72,100,799,2,0.01848030000110157,5,3494,554,2940,0.8414424728105323,7422,11
17,2,0.0,0.005105442058002344,93,53,100,799,2,0.02127650000329595,4,3950,600,3350,0.8481012658227848,8892,12
17,3,0.0,0.005105442058002344,98,26,100,799,2,0.019069200003286824,4,3764,555,3209,0.8525504782146652,7767,13
17,4,0.0,0.005105442058002344,56,52,100,799,2,0.02043220000632573,1,3640,596,3044,0.8362637362637363,8732,11
17,5,0.0,0.005105442058002344,89,77,100,799,2,0.01565159999881871,8,3066,522,2544,0.8297455968688845,6235,13
17,6,0.0,0.005105442058002344,44,71,100,799,2,0.02604799999971874,5,4457,687,3770,0.8458604442450078,11280,11
17,7,0.0,0.005105442058002344,81,88,100,799,2,0.019618200007244013,4,3590,584,3006,0.8373259052924791,7762,10
17,8,0.0,0.005105442058002344,21,65,100,799,2,0.019403300000703894,1,3646,562,3084,0.845858475041141,7861,10
17,9,0.0,0.005105442058002344,26,66,100,799,2,0.019017900005565025,7,3544,574,2970,0.8380361173814899,7748,11
17,0,0.4,0.3834150303831833,43,32,100,799,2,0.014363499998580664,4,2992,460,2532,0.8462566844919787,5503,11
17,1,0.4,0.3834150303831833,78,72,100,799,2,0.01537689998804126,4,3166,509,2657,0.839229311433986,6143,12
17,2,0.4,0.3834150303831833,93,53,100,799,2,0.013782599999103695,4,2865,463,2402,0.8383944153577662,5290,11
17,3,0.4,0.3834150303831833,98,26,100,799,2,0.019696000003023073,3,3341,511,2830,0.847051780903921,6557,11
17,4,0.4,0.3834150303831833,56,52,100,799,2,0.016099500004202127,1,2993,526,2467,0.8242565987303708,6177,10
17,5,0.4,0.3834150303831833,89,77,100,799,2,0.011261299994657747,6,2388,426,1962,0.821608040201005,4269,11
17,6,0.4,0.3834150303831833,44,71,100,799,2,0.017000699997879565,3,3411,530,2881,0.8446203459396071,6853,11
17,7,0.4,0.3834150303831833,81,88,100,799,2,0.01665189999039285,5,3226,535,2691,0.8341599504029759,6457,10
17,8,0.4,0.3834150303831833,21,65,100,799,2,0.010860399997909553,1,2444,388,2056,0.8412438625204582,3994,7
17,9,0.4,0.3834150303831833,26,66,100,799,2,0.015731199993751943,9,3153,519,2634,0.8353948620361561,6205,11
17,0,0.8,0.7872911696003928,43,32,100,799,2,0.006904699999722652,2,1615,274,1341,0.8303405572755418,2032,6
17,1,0.8,0.7872911696003928,78,72,100,799,2,0.011303699997370131,5,2523,417,2106,0.8347205707491082,4134,8
17,2,0.8,0.7872911696003928,93,53,100,799,2,0.008352199991350062,4,1974,335,1639,0.8302938196555217,2855,6
17,3,0.8,0.7872911696003928,98,26,100,799,2,0.009522199994535185,2,2201,378,1823,0.8282598818718764,3277,7
17,4,0.8,0.7872911696003928,56,52,100,799,2,0.009136000007856637,1,2168,379,1789,0.8251845018450185,3147,7
17,5,0.8,0.7872911696003928,89,77,100,799,2,0.0066103999997721985,2,1608,288,1320,0.8208955223880597,2103,6
17,6,0.8,0.7872911696003928,44,71,100,799,2,0.008892800004105084,3,2096,356,1740,0.8301526717557252,3023,9
17,7,0.8,0.7872911696003928,81,88,100,799,2,0.006818599998950958,4,1709,291,1418,0.8297249853715624,2224,7
17,8,0.8,0.7872911696003928,21,65,100,799,2,0.006191700013005175,1,1583,280,1303,0.8231206569804169,1957,5
17,9,0.8,0.7872911696003928,26,66,100,799,2,0.012782199992216192,4,2492,423,2069,0.8302568218298555,4107,8
18,0,-0.8,-0.7981898015547493,68,72,100,783,2,0.027034500002628192,10,4468,699,3769,0.8435541629364369,11860,12
18,1,-0.8,-0.7981898015547493,45,79,100,783,2,0.026385600009234622,7,4274,688,3586,0.8390266729059429,11857,14
18,2,-0.8,-0.7981898015547493,87,41,100,783,2,0.026943300006678328,6,4457,680,3777,0.8474310074040835,12065,10
18,3,-0.8,-0.7981898015547493,8,14,100,783,2,0.020405699993716553,4,3870,583,3287,0.8493540051679587,8579,10
18,4,-0.8,-0.7981898015547493,74,54,100,783,2,0.03250949998619035,2,4833,799,4034,0.8346782536726671,14974,13
18,5,-0.8,-0.7981898015547493,19,30,100,783,2,0.03456420000293292,2,5002,797,4205,0.8406637345061975,15826,13
18,6,-0.8,-0.7981898015547493,53,76,100,783,2,0.03436629999487195,9,5016,798,4218,0.8409090909090909,15968,14
18,7,-0.8,-0.7981898015547493,47,72,100,783,2,0.03177639999194071,5,4884,754,4130,0.8456183456183456,14446,14
18,8,-0.8,-0.7981898015547493,52,72,100,783,2,0.02851770000415854,12,4502,724,3778,0.8391825855175478,12948,12
18,9,-0.8,-0.7981898015547493,43,24,100,783,2,0.04017349999048747,7,5536,884,4652,0.8403179190751445,19319,15
18,0,-0.4,-0.40227801080529896,68,72,100,783,2,0.02709580000373535,11,4339,702,3637,0.8382115694860567,11414,11
18,1,-0.4,-0.40227801080529896,45,79,100,783,2,0.02564939999138005,7,4174,698,3476,0.832774317201725,11260,12
18,2,-0.4,-0.40227801080529896,87,41,100,783,2,0.02168169998913072,7,3921,610,3311,0.8444274419790869,9210,12
18,3,-0.4,-0.40227801080529896,8,14,100,783,2,0.018101299996487796,5,3540,536,3004,0.848587570621469,7326,10
18,4,-0.4,-0.40227801080529896,74,54,100,783,2,0.026435099993250333,2,4258,713,3545,0.8325504931892908,11805,11
18,5,-0.4,-0.40227801080529896,19,30,100,783,2,0.02294939999410417,2,3971,633,3338,0.8405943087383531,9862,11
18,6,-0.4,-0.40227801080529896,53,76,100,783,2,0.027251000006799586,8,4291,679,3612,0.8417618270799347,12117,13
18,7,-0.4,-0.40227801080529896,47,72,100,783,2,0.028278199999476783,5,4477,733,3744,0.8362742908197454,12716,11
18,8,-0.4,-0.40227801080529896,52,72,100,783,2,0.024758700004895218,6,4065,670,3395,0.8351783517835178,10804,14
18,9,-0.4,-0.40227801080529896,43,24,100,783,2,0.03436119999969378,11,4897,795,4102,0.837655707576067,15874,12
18,0,0.0,-0.02284212484741149,68,72,100,783,2,0.025356599988299422,12,4145,694,3451,0.8325693606755127,10595,12
18,1,0.0,-0.02284212484741149,45,79,100,783,2,0.0219484000117518,5,3738,642,3096,0.8282504012841091,9281,11
18,2,0.0,-0.02284212484741149,87,41,100,783,2,0.01687099999981001,6,3289,526,2763,0.8400729705077531,6737,13
18,3,0.0,-0.02284212484741149,8,14,100,783,2,0.01708060000964906,4,3393,520,2873,0.8467432950191571,6778,13
18,4,0.0,-0.02284212484741149,74,54,100,783,2,0.019108299995423295,2,3393,595,2798,0.824638962569997,7975,10
18,5,0.0,-0.02284212484741149,19,30,100,783,2,0.014294799999333918,2,2901,480,2421,0.8345398138572906,5497,10
18,6,0.0,-0.02284212484741149,53,76,100,783,2,0.020170799994957633,6,3391,577,2814,0.8298437039221469,8131,11
18,7,0.0,-0.02284212484741149,47,72,100,783,2,0.021559999993769452,5,3683,630,3053,0.8289437958186261,9228,11
18,8,0.0,-0.02284212484741149,52,72,100,783,2,0.020450099997106008,7,3627,609,3018,0.8320926385442514,8881,11
18,9,0.0,-0.02284212484741149,43,24,100,783,2,0.03426100000797305,8,4971,825,4146,0.8340374170187085,16230,12
18,0,0.4,0.3569472016202875,68,72,100,783,2,0.019855299993650988,11,3608,623,2985,0.8273281596452328,8263,11
18,1,0.4,0.3569472016202875,45,79,100,783,2,0.016743200001656078,4,2976,523,2453,0.824260752688172,6061,9
18,2,0.4,0.3569472016202875,87,41,100,783,2,0.013358800002606586,4,2695,445,2250,0.8348794063079777,4836,10
18,3,0.4,0.3569472016202875,8,14,100,783,2,0.01271880000422243,3,2623,443,2180,0.8311094166984369,4806,11
18,4,0.4,0.3569472016202875,74,54,100,783,2,0.016482699997141026,2,3029,531,2498,0.824694618686035,6260,10
18,5,0.4,0.3569472016202875,19,30,100,783,2,0.008252399988123216,1,1886,344,1542,0.8176033934252386,2948,6
18,6,0.4,0.3569472016202875,53,76,100,783,2,0.014491299996734597,4,2961,494,2467,0.8331644714623438,5775,10
18,7,0.4,0.3569472016202875,47,72,100,783,2,0.015344600004027598,5,2922,512,2410,0.8247775496235455,6218,10
18,8,0.4,0.3569472016202875,52,72,100,783,2,0.0162687999982154,4,3101,534,2567,0.8277974846823605,6698,9
18,9,0.4,0.3569472016202875,43,24,100,783,2,0.035308300008182414,7,5090,824,4266,0.8381139489194499,16107,13
18,0,0.8,0.7683941275093658,68,72,100,783,2,0.013298899997607805,5,2728,486,2242,0.8218475073313783,4735,7
18,1,0.8,0.7683941275093658,45,79,100,783,2,0.007707700002356432,1,1842,346,1496,0.8121606948968513,2605,6
18,2,0.8,0.7683941275093658,87,41,100,783,2,0.008686999994097278,3,2035,336,1699,0.8348894348894349,2854,7
18,3,0.8,0.7683941275093658,8,14,100,783,2,0.00636119999398943,4,1607,295,1312,0.8164281269446173,2063,5
18,4,0.8,0.7683941275093658,74,54,100,783,2,0.010598599998047575,2,2385,412,1973,0.8272536687631027,3755,8
18,5,0.8,0.7683941275093658,19,30,100,783,2,0.005718600004911423,1,1404,277,1127,0.8027065527065527,1831,6
18,6,0.8,0.7683941275093658,53,76,100,783,2,0.007488599992939271,1,1822,319,1503,0.8249176728869374,2500,8
18,7,0.8,0.7683941275093658,47,72,100,783,2,0.01121509999211412,4,2501,433,2068,0.8268692522990804,4126,9
18,8,0.8,0.7683941275093658,52,72,100,783,2,0.012355700004263781,4,2536,437,2099,0.8276813880126183,4156,10
18,9,0.8,0.7683941275093658,43,24,100,783,2,0.012989799986826256,5,2798,481,2317,0.8280914939242316,4625,8
19,0,-0.8,-0.7812371430142464,53,49,100,825,2,0.027017999993404374,8,4504,680,3824,0.8490230905861457,11851,13
19,1,-0.8,-0.7812371430142464,21,25,100,825,2,0.03232739999657497,8,4917,758,4159,0.8458409599349197,14922,11
19,2,-0.8,-0.7812371430142464,93,74,100,825,2,0.03405889999703504,5,5186,761,4425,0.8532587736212881,15828,13
19,3,-0.8,-0.7812371430142464,49,27,100,825,2,0.025603200003388338,3,4276,634,3642,0.8517305893358279,10847,14
19,4,-0.8,-0.7812371430142464,23,22,100,825,2,0.022827499997220002,5,4090,590,3500,0.8557457212713936,9733,12
19,5,-0.8,-0.7812371430142464,24,93,100,825,2,0.0344829999958165,6,5122,763,4359,0.8510347520499805,16022,12
19,6,-0.8,-0.7812371430142464,79,35,100,825,2,0.03346089999831747,8,5144,772,4372,0.8499222395023328,15217,14
19,7,-0.8,-0.7812371430142464,89,98,100,825,2,0.021629999988363124,6,3868,612,3256,0.8417786970010341,9253,11
19,8,-0.8,-0.7812371430142464,60,24,100,825,2,0.03201429999899119,6,4708,675,4033,0.8566270178419712,12740,13
19,9,-0.8,-0.7812371430142464,56,70,100,825,2,0.026209399991785176,7,4431,656,3775,0.8519521552696908,11540,11
19,0,-0.4,-0.3749985886153958,53,49,100,825,2,0.024771800002781674,5,4288,653,3635,0.847714552238806,10662,11
19,1,-0.4,-0.3749985886153958,21,25,100,825,2,0.03164929999911692,6,4873,748,4125,0.8465011286681715,14261,13
19,2,-0.4,-0.3749985886153958,93,74,100,825,2,0.026951499996357597,3,4404,677,3727,0.8462761126248864,11938,13
19,3,-0.4,-0.3749985886153958,49,27,100,825,2,0.021256300009554252,4,3873,603,3270,0.8443067389620449,9027,11
19,4,-0.4,-0.3749985886153958,23,22,100,825,2,0.023159999997005798,5,4135,630,3505,0.8476420798065296,10050,12
19,5,-0.4,-0.3749985886153958,24,93,100,825,2,0.02912010000727605,6,4658,703,3955,0.8490768570201803,13233,12
19,6,-0.4,-0.3749985886153958,79,35,100,825,2,0.026823300009709783,8,4599,705,3894,0.8467058056099152,11956,14
19,7,-0.4,-0.3749985886153958,89,98,100,825,2,0.02017500001238659,6,3703,595,3108,0.8393194706994329,8415,12
19,8,-0.4,-0.3749985886153958,60,24,100,825,2,0.02133299999695737,6,3941,580,3361,0.8528292311596042,9038,12
19,9,-0.4,-0.3749985886153958,56,70,100,825,2,0.02335519999905955,7,3905,587,3318,0.8496798975672215,9237,11
19,0,0.0,0.003988085588278697,53,49,100,825,2,0.021854000005987473,2,3889,583,3306,0.8500899974286449,8660,11
19,1,0.0,0.003988085588278697,21,25,100,825,2,0.027002699993317947,4,4545,687,3858,0.8488448844884489,11818,13
19,2,0.0,0.003988085588278697,93,74,100,825,2,0.025391300005139783,4,4309,673,3636,0.8438152703643537,11046,11
19,3,0.0,0.003988085588278697,49,27,100,825,2,0.015720899988082238,5,3154,497,2657,0.842422320862397,6151,10
19,4,0.0,0.003988085588278697,23,22,100,825,2,0.023203000004286878,3,4037,639,3398,0.8417141441664603,9840,11
19,5,0.0,0.003988085588278697,24,93,100,825,2,0.020334000000730157,4,3742,569,3173,0.8479422768572956,8274,9
19,6,0.0,0.003988085588278697,79,35,100,825,2,0.021861999994143844,5,4025,630,3395,0.8434782608695652,8911,14
19,7,0.0,0.003988085588278697,89,98,100,825,2,0.018782699989969842,3,3481,554,2927,0.8408503303648377,7705,13
19,8,0.0,0.003988085588278697,60,24,100,825,2,0.018861699994886294,5,3613,548,3065,0.8483254912814835,7609,11
19,9,0.0,0.003988085588278697,56,70,100,825,2,0.018896900000981987,6,3487,541,2946,0.8448523085747061,7623,10
19,0,0.4,0.382013265827489,53,49,100,825,2,0.013482299997122027,1,2806,442,2364,0.84248039914469,5069,11
19,1,0.4,0.382013265827489,21,25,100,825,2,0.017880500003229827,2,3497,518,2979,0.8518730340291678,7034,10
19,2,0.4,0.382013265827489,93,74,100,825,2,0.018685000002733432,5,3497,555,2942,0.8412925364598227,7548,11
19,3,0.4,0.382013265827489,49,27,100,825,2,0.01183129999844823,4,2595,406,2189,0.8435452793834297,4196,7
19,4,0.4,0.382013265827489,23,22,100,825,2,0.019516099986503832,1,3753,588,3165,0.8433253397282174,8045,11
19,5,0.4,0.382013265827489,24,93,100,825,2,0.013486800002283417,4,2913,444,2469,0.8475798146240988,5164,10
19,6,0.4,0.382013265827489,79,35,100,825,2,0.013217899992014281,1,2806,481,2325,0.8285816108339273,5081,10
19,7,0.4,0.382013265827489,89,98,100,825,2,0.015140300005441532,4,3058,479,2579,0.8433616742969261,5907,10
19,8,0.4,0.382013265827489,60,24,100,825,2,0.014265299992985092,9,3005,448,2557,0.8509151414309484,5423,10
19,9,0.4,0.382013265827489,56,70,100,825,2,0.016379099994082935,5,3184,516,2668,0.8379396984924623,6277,11
19,0,0.8,0.786090336641675,53,49,100,825,2,0.007094100001268089,1,1701,291,1410,0.8289241622574955,2204,5
19,1,0.8,0.786090336641675,21,25,100,825,2,0.009364700003061444,1,2246,346,1900,0.8459483526268923,3244,8
19,2,0.8,0.786090336641675,93,74,100,825,2,0.008038200001465157,3,1923,347,1576,0.8195527821112845,2727,8
19,3,0.8,0.786090336641675,49,27,100,825,2,0.007336000009672716,4,1852,297,1555,0.8396328293736501,2391,5
19,4,0.8,0.786090336641675,23,22,100,825,2,0.009701299990410917,1,2321,367,1954,0.8418785006462731,3327,7
19,5,0.8,0.786090336641675,24,93,100,825,2,0.0074102999933529645,1,1844,303,1541,0.8356832971800434,2480,7
19,6,0.8,0.786090336641675,79,35,100,825,2,0.006157900003017858,1,1562,284,1278,0.8181818181818182,1963,6
19,7,0.8,0.786090336641675,89,98,100,825,2,0.008218499991926365,4,1962,338,1624,0.8277268093781855,2843,8
19,8,0.8,0.786090336641675,60,24,100,825,2,0.007841900005587377,6,1856,307,1549,0.8345905172413793,2489,6
19,9,0.8,0.786090336641675,56,70,100,825,2,0.009357400005683303,3,2213,365,1848,0.8350655219159512,3204,6
20,0,-0.8,-0.8043011411853268,10,57,100,768,2,0.028903700003866106,7,4555,707,3848,0.8447859495060374,12704,17
20,1,-0.8,-0.8043011411853268,30,46,100,768,2,0.028236999991349876,6,4299,732,3567,0.8297278436845779,12927,12
20,2,-0.8,-0.8043011411853268,92,2,100,768,2,0.03150560001085978,5,4873,737,4136,0.8487584650112867,14407,15
20,3,-0.8,-0.8043011411853268,82,17,100,768,2,0.03317579999566078,7,4882,767,4115,0.84289225727161,15429,13
20,4,-0.8,-0.8043011411853268,18,51,100,768,2,0.026762699999380857,10,4369,703,3666,0.8390936140993362,11880,15
20,5,-0.8,-0.8043011411853268,56,73,100,768,2,0.026339899995946325,6,4270,674,3596,0.8421545667447307,11771,13
20,6,-0.8,-0.8043011411853268,48,89,100,768,2,0.0384011999994982,3,5416,838,4578,0.8452732644017725,18312,15
20,7,-0.8,-0.8043011411853268,12,54,100,768,2,0.026244000007864088,4,4157,673,3484,0.8381044022131344,11771,13
20,8,-0.8,-0.8043011411853268,1,15,100,768,2,0.020796099997824058,7,3716,581,3135,0.8436490850376749,8827,10
20,9,-0.8,-0.8043011411853268,54,35,100,768,2,0.02980329999991227,4,4466,761,3705,0.8296014330497089,13713,13
20,0,-0.4,-0.4166145095720592,10,57,100,768,2,0.022337999995215796,6,3807,635,3172,0.8332019963225638,9532,11
20,1,-0.4,-0.4166145095720592,30,46,100,768,2,0.024210999996284954,6,3885,667,3218,0.8283140283140283,10598,13
20,2,-0.4,-0.4166145095720592,92,2,100,768,2,0.02239880000706762,3,3939,616,3323,0.8436151307438436,9428,11
20,3,-0.4,-0.4166145095720592,82,17,100,768,2,0.022814900003140792,6,3878,642,3236,0.8344507478081485,9902,12
20,4,-0.4,-0.4166145095720592,18,51,100,768,2,0.021317499995348044,7,3765,629,3136,0.8329349269588313,9024,13
20,5,-0.4,-0.4166145095720592,56,73,100,768,2,0.020610499996109866,3,3637,596,3041,0.8361286774814407,8750,10
20,6,-0.4,-0.4166145095720592,48,89,100,768,2,0.024084500008029863,3,3952,651,3301,0.8352732793522267,10525,13
20,7,-0.4,-0.4166145095720592,12,54,100,768,2,0.02532259999134112,5,4104,670,3434,0.8367446393762183,11174,14
20,8,-0.4,-0.4166145095720592,1,15,100,768,2,0.01830290000361856,7,3394,552,2842,0.8373600471420153,7580,12
20,9,-0.4,-0.4166145095720592,54,35,100,768,2,0.024808100002701394,5,3999,709,3290,0.8227056764191047,11214,11
20,0,0.0,-0.023853002824053962,10,57,100,768,2,0.017960299999685958,7,3418,563,2855,0.8352837916910474,7120,10
20,1,0.0,-0.023853002824053962,30,46,100,768,2,0.018113300000550225,5,3294,557,2737,0.8309046751669702,7444,10
20,2,0.0,-0.023853002824053962,92,2,100,768,2,0.015897899997071363,4,3159,510,2649,0.8385565052231719,6344,9
20,3,0.0,-0.023853002824053962,82,17,100,768,2,0.016542400000616908,4,3141,543,2598,0.8271251193887297,6601,10
20,4,0.0,-0.023853002824053962,18,51,100,768,2,0.016274000008706935,2,3104,524,2580,0.8311855670103093,6416,12
20,5,0.0,-0.023853002824053962,56,73,100,768,2,0.01640419999603182,3,3130,526,2604,0.8319488817891374,6714,10
20,6,0.0,-0.023853002824053962,48,89,100,768,2,0.01640140000381507,2,3117,526,2591,0.8312479948668592,6696,10
20,7,0.0,-0.023853002824053962,12,54,100,768,2,0.017801999987568706,5,3331,538,2793,0.838486940858601,7211,13
20,8,0.0,-0.023853002824053962,1,15,100,768,2,0.014580200004274957,8,2903,471,2432,0.8377540475370306,5717,12
20,9,0.0,-0.023853002824053962,54,35,100,768,2,0.019867700000759214,4,3377,631,2746,0.8131477642878294,8536,9
20,0,0.4,0.3965229212406398,10,57,100,768,2,0.013569599992479198,6,2870,471,2399,0.8358885017421602,5042,9
20,1,0.4,0.3965229212406398,30,46,100,768,2,0.012162700004409999,5,2475,416,2059,0.831919191919192,4303,7
20,2,0.4,0.3965229212406398,92,2,100,768,2,0.009647699989727698,2,2150,372,1778,0.8269767441860465,3551,9
20,3,0.4,0.3965229212406398,82,17,100,768,2,0.012214700007461943,5,2551,453,2098,0.822422579380635,4577,9
20,4,0.4,0.3965229212406398,18,51,100,768,2,0.010825000004842877,2,2388,407,1981,0.8295644891122278,3868,9
20,5,0.4,0.3965229212406398,56,73,100,768,2,0.013635099996463396,4,2765,464,2301,0.8321880650994575,5252,11
20,6,0.4,0.3965229212406398,48,89,100,768,2,0.012050400007865392,1,2555,433,2122,0.8305283757338552,4491,11
20,7,0.4,0.3965229212406398,12,54,100,768,2,0.010439699995913543,6,2344,377,1967,0.8391638225255973,3766,8
20,8,0.4,0.3965229212406398,1,15,100,768,2,0.010666899994248524,5,2309,404,1905,0.8250324815937635,3871,8
20,9,0.4,0.3965229212406398,54,35,100,768,2,0.016113499994389713,5,2891,538,2353,0.8139052231061916,6186,8
20,0,0.8,0.8099832665782021,10,57,100,768,2,0.007714999999734573,1,1848,322,1526,0.8257575757575758,2556,7
20,1,0.8,0.8099832665782021,30,46,100,768,2,0.0066621000005397946,3,1655,292,1363,0.8235649546827795,2155,6
20,2,0.8,0.8099832665782021,92,2,100,768,2,0.005506699992110953,1,1393,256,1137,0.8162239770279971,1750,5
20,3,0.8,0.8099832665782021,82,17,100,768,2,0.007726099996943958,3,1836,333,1503,0.8186274509803921,2468,5
20,4,0.8,0.8099832665782021,18,51,100,768,2,0.00601240000105463,1,1495,289,1206,0.8066889632107024,1899,7
20,5,0.8,0.8099832665782021,56,73,100,768,2,0.008380899991607293,3,1963,358,1605,0.8176260825267447,2884,8
20,6,0.8,0.8099832665782021,48,89,100,768,2,0.006097100005717948,1,1507,284,1223,0.8115461181154612,2026,7
20,7,0.8,0.8099832665782021,12,54,100,768,2,0.006553500003064983,6,1631,289,1342,0.8228080931943593,2141,7
20,8,0.8,0.8099832665782021,1,15,100,768,2,0.006713399998261593,3,1670,299,1371,0.8209580838323354,2196,8
20,9,0.8,0.8099832665782021,54,35,100,768,2,0.008389299997361377,5,1944,361,1583,0.8143004115226338,2841,6
21,0,-0.8,-0.7592525085047915,85,89,100,792,2,0.023461099990527146,3,4078,607,3471,0.8511525257479157,9976,13
21,1,-0.8,-0.7592525085047915,99,45,100,792,2,0.025948399998014793,8,4250,657,3593,0.8454117647058823,11287,15
21,2,-0.8,-0.7592525085047915,21,17,100,792,2,0.026807699992787093,5,4184,681,3503,0.8372370936902486,11986,15
21,3,-0.8,-0.7592525085047915,93,38,100,792,2,0.03364480000163894,9,5157,763,4394,0.8520457630405275,15619,13
21,4,-0.8,-0.7592525085047915,66,17,100,792,2,0.028768200005288236,7,4814,707,4107,0.8531366846697134,12678,15
21,5,-0.8,-0.7592525085047915,38,59,100,792,2,0.025371000010636635,3,4293,641,3652,0.8506871651525739,11072,12
21,6,-0.8,-0.7592525085047915,82,7,100,792,2,0.03319319999718573,2,4893,747,4146,0.8473329245861435,14728,13
21,7,-0.8,-0.7592525085047915,19,65,100,792,2,0.02695119999407325,5,4411,655,3756,0.8515075946497392,11551,12
21,8,-0.8,-0.7592525085047915,94,35,100,792,2,0.040924100001575425,3,5810,861,4949,0.8518072289156626,19390,15
21,9,-0.8,-0.7592525085047915,8,19,100,792,2,0.029847300000255927,3,4489,650,3839,0.855201603920695,11540,11
21,0,-0.4,-0.3549663286919635,85,89,100,792,2,0.02397259999997914,3,4164,633,3531,0.8479827089337176,10272,13
21,1,-0.4,-0.3549663286919635,99,45,100,792,2,0.025432700000237674,7,4310,658,3652,0.8473317865429234,11086,13
21,2,-0.4,-0.3549663286919635,21,17,100,792,2,0.026112000006833114,6,4186,692,3494,0.8346870520783565,11555,12
21,3,-0.4,-0.3549663286919635,93,38,100,792,2,0.024467399998684414,6,4263,628,3635,0.8526859019469857,10238,12
21,4,-0.4,-0.3549663286919635,66,17,100,792,2,0.020408800002769567,2,3584,561,3023,0.8434709821428571,7668,11
21,5,-0.4,-0.3549663286919635,38,59,100,792,2,0.019410299995797686,6,3710,558,3152,0.8495956873315363,7952,11
21,6,-0.4,-0.3549663286919635,82,7,100,792,2,0.02232489999732934,3,3995,625,3370,0.8435544430538173,9395,13
21,7,-0.4,-0.3549663286919635,19,65,100,792,2,0.01961930000106804,6,3718,573,3145,0.8458848843464228,8161,13
21,8,-0.4,-0.3549663286919635,94,35,100,792,2,0.03273089999856893,3,5159,771,4388,0.8505524326419849,15134,13
21,9,-0.4,-0.3549663286919635,8,19,100,792,2,0.017306899986579083,2,3491,497,2994,0.8576339157834432,6896,9
21,0,0.0,0.017172262911975614,85,89,100,792,2,0.021055699995486066,3,3837,600,3237,0.8436278342455042,8847,10
21,1,0.0,0.017172262911975614,99,45,100,792,2,0.022338199996738695,6,3884,602,3282,0.845005149330587,9068,12
21,2,0.0,0.017172262911975614,21,17,100,792,2,0.022210299997823313,8,3844,632,3212,0.8355879292403746,9498,13
21,3,0.0,0.017172262911975614,93,38,100,792,2,0.014334499996039085,5,2989,440,2549,0.8527935764469722,5260,9
21,4,0.0,0.017172262911975614,66,17,100,792,2,0.013532099997974001,1,2845,472,2373,0.8340949033391916,5180,9
21,5,0.0,0.017172262911975614,38,59,100,792,2,0.01467910000064876,3,3039,483,2556,0.84106614017769,5665,10
21,6,0.0,0.017172262911975614,82,7,100,792,2,0.01613790000556037,5,3221,535,2686,0.833902514746973,6442,10
21,7,0.0,0.017172262911975614,19,65,100,792,2,0.012179799989098683,3,2629,426,2203,0.8379612019779383,4481,9
21,8,0.0,0.017172262911975614,94,35,100,792,2,0.025629900002968498,1,4449,691,3758,0.8446841986963363,11173,12
21,9,0.0,0.017172262911975614,8,19,100,792,2,0.012558000002172776,3,2756,403,2353,0.8537735849056604,4650,9
21,0,0.4,0.38743999271460955,85,89,100,792,2,0.013628999993670732,2,2843,467,2376,0.8357368976433345,5213,9
21,1,0.4,0.38743999271460955,99,45,100,792,2,0.017618900004890747,8,3461,552,2909,0.8405085235481075,7117,10
21,2,0.4,0.38743999271460955,21,17,100,792,2,0.014158099991618656,4,2828,490,2338,0.8267326732673267,5605,10
21,3,0.4,0.38743999271460955,93,38,100,792,2,0.010775199989438988,3,2476,382,2094,0.845718901453958,3877,11
21,4,0.4,0.38743999271460955,66,17,100,792,2,0.010964799992507324,1,2402,431,1971,0.8205661948376353,4035,8
21,5,0.4,0.38743999271460955,38,59,100,792,2,0.013477799991960637,2,2880,469,2411,0.8371527777777777,5094,10
21,6,0.4,0.38743999271460955,82,7,100,792,2,0.013387900005909614,3,2627,453,2174,0.8275599543205177,4656,10
21,7,0.4,0.38743999271460955,19,65,100,792,2,0.008666399997309782,2,1964,352,1612,0.8207739307535642,2943,8
21,8,0.4,0.38743999271460955,94,35,100,792,2,0.020485000000917353,1,3848,605,3243,0.8427754677754677,8462,11
21,9,0.4,0.38743999271460955,8,19,100,792,2,0.010893200000282377,1,2428,367,2061,0.8488467874794069,3809,8
21,0,0.8,0.7782348779961195,85,89,100,792,2,0.007690099999308586,2,1808,329,1479,0.8180309734513275,2582,6
21,1,0.8,0.7782348779961195,99,45,100,792,2,0.012922400012030266,3,2784,464,2320,0.8333333333333334,4759,9
21,2,0.8,0.7782348779961195,21,17,100,792,2,0.008702499995706603,3,2003,333,1670,0.8337493759360959,2764,9
21,3,0.8,0.7782348779961195,93,38,100,792,2,0.007256699987920001,2,1835,301,1534,0.8359673024523161,2358,7
21,4,0.8,0.7782348779961195,66,17,100,792,2,0.006823800009442493,1,1712,321,1391,0.8125,2251,5
21,5,0.8,0.7782348779961195,38,59,100,792,2,0.008247499994467944,1,2019,357,1662,0.8231797919762258,2860,9
21,6,0.8,0.7782348779961195,82,7,100,792,2,0.006739300006302074,1,1691,299,1392,0.8231815493790656,2228,6
21,7,0.8,0.7782348779961195,19,65,100,792,2,0.005891499997233041,2,1485,291,1194,0.804040404040404,1896,4
21,8,0.8,0.7782348779961195,94,35,100,792,2,0.009006499996758066,1,2174,357,1817,0.8357865685372585,3125,7
21,9,0.8,0.7782348779961195,8,19,100,792,2,0.007350100000621751,3,1863,301,1562,0.8384326355340848,2445,7
22,0,-0.8,-0.7656498683767554,38,87,100,772,2,0.033605000004172325,13,4944,795,4149,0.8391990291262136,15837,13
22,1,-0.8,-0.7656498683767554,94,3,100,772,2,0.03817660000640899,2,4809,802,4007,0.8332293616136411,15400,13
22,2,-0.8,-0.7656498683767554,98,64,100,772,2,0.030610200003138743,8,4646,759,3887,0.8366336633663366,14142,13
22,3,-0.8,-0.7656498683767554,37,90,100,772,2,0.02290879999054596,1,4007,629,3378,0.8430247067631644,9836,12
22,4,-0.8,-0.7656498683767554,74,53,100,772,2,0.022928699996555224,4,4018,622,3396,0.8451966152314584,9949,11
22,5,-0.8,-0.7656498683767554,22,75,100,772,2,0.03885420000005979,6,5398,878,4520,0.8373471656168952,18774,16
22,6,-0.8,-0.7656498683767554,0,19,100,772,2,0.026895700008026324,2,4261,708,3553,0.8338418211687397,12306,14
22,7,-0.8,-0.7656498683767554,31,51,100,772,2,0.025026599992997944,8,4145,683,3462,0.8352231604342581,11211,13
22,8,-0.8,-0.7656498683767554,42,12,100,772,2,0.03320059999532532,8,4965,790,4175,0.8408862034239678,15528,17
22,9,-0.8,-0.7656498683767554,92,69,100,772,2,0.033742800005711615,4,4783,797,3986,0.8333681789671754,16027,15
22,0,-0.4,-0.3462358455596205,38,87,100,772,2,0.03040089999558404,6,4592,757,3835,0.8351480836236934,13856,13
22,1,-0.4,-0.3462358455596205,94,3,100,772,2,0.025041199987754226,2,4042,691,3351,0.8290450272142503,11055,11
22,2,-0.4,-0.3462358455596205,98,64,100,772,2,0.029476800002157688,10,4582,757,3825,0.8347883020515059,13315,13
22,3,-0.4,-0.3462358455596205,37,90,100,772,2,0.01809339999454096,1,3442,537,2905,0.8439860546194073,7392,9
22,4,-0.4,-0.3462358455596205,74,53,100,772,2,0.019402799996896647,6,3585,566,3019,0.8421199442119944,8070,12
22,5,-0.4,-0.3462358455596205,22,75,100,772,2,0.035533400005078875,3,5091,833,4258,0.8363779218228246,16551,16
22,6,-0.4,-0.3462358455596205,0,19,100,772,2,0.023960899998201057,2,3894,660,3234,0.8305084745762712,10621,13
22,7,-0.4,-0.3462358455596205,31,51,100,772,2,0.024648200007504784,7,4047,687,3360,0.8302446256486287,10854,14
22,8,-0.4,-0.3462358455596205,42,12,100,772,2,0.025766100006876513,5,4171,676,3495,0.8379285543035243,11240,12
22,9,-0.4,-0.3462358455596205,92,69,100,772,2,0.03292069998860825,2,4744,772,3972,0.8372681281618887,15204,15
22,0,0.0,0.029476359817346212,38,87,100,772,2,0.027098100006696768,6,4291,695,3596,0.8380330925192263,11850,12
22,1,0.0,0.029476359817346212,94,3,100,772,2,0.022384199997759424,2,3719,649,3070,0.8254907233127184,9535,11
22,2,0.0,0.029476359817346212,98,64,100,772,2,0.025110499991569668,8,4257,694,3563,0.83697439511393,10746,11
22,3,0.0,0.029476359817346212,37,90,100,772,2,0.01627599999483209,1,3209,517,2692,0.8388906201308819,6267,9
22,4,0.0,0.029476359817346212,74,53,100,772,2,0.019188099991879426,8,3409,574,2835,0.8316221765913757,7839,11
22,5,0.0,0.029476359817346212,22,75,100,772,2,0.02780759999586735,3,4422,726,3696,0.835820895522388,12255,13
22,6,0.0,0.029476359817346212,0,19,100,772,2,0.018606400000862777,2,3333,556,2777,0.8331833183318332,7614,11
22,7,0.0,0.029476359817346212,31,51,100,772,2,0.02267589999246411,6,3871,662,3209,0.8289847584603461,9684,13
22,8,0.0,0.029476359817346212,42,12,100,772,2,0.01792369999748189,5,3326,555,2771,0.833132892363199,7341,10
22,9,0.0,0.029476359817346212,92,69,100,772,2,0.030849600007059053,2,4752,756,3996,0.8409090909090909,13855,13
22,0,0.4,0.3996654562180038,38,87,100,772,2,0.02106159999675583,6,3695,600,3095,0.8376184032476319,8593,10
22,1,0.4,0.3996654562180038,94,3,100,772,2,0.019830899997032247,2,3525,604,2921,0.8286524822695035,8093,11
22,2,0.4,0.3996654562180038,98,64,100,772,2,0.015903199993772432,4,3124,518,2606,0.8341869398207427,6231,10
22,3,0.4,0.3996654562180038,37,90,100,772,2,0.012514800007920712,1,2698,432,2266,0.8398813936249073,4604,14
22,4,0.4,0.3996654562180038,74,53,100,772,2,0.01579689999925904,7,3057,498,2559,0.8370951913640824,6249,14
22,5,0.4,0.3996654562180038,22,75,100,772,2,0.018108799995388836,4,3298,562,2736,0.8295936931473621,7259,10
22,6,0.4,0.3996654562180038,0,19,100,772,2,0.014576699992176145,1,2909,476,2433,0.836369886558955,5601,14
22,7,0.4,0.3996654562180038,31,51,100,772,2,0.01563309998891782,6,3058,526,2532,0.8279921517331589,6085,11
22,8,0.4,0.3996654562180038,42,12,100,772,2,0.0139233000081731,4,2869,479,2390,0.8330428720808644,5426,10
22,9,0.4,0.3996654562180038,92,69,100,772,2,0.023810700004105456,1,4224,679,3545,0.8392518939393939,10451,14
22,0,0.8,0.7888212890165037,38,87,100,772,2,0.009494400001130998,6,2202,363,1839,0.8351498637602179,3230,8
22,1,0.8,0.7888212890165037,94,3,100,772,2,0.012011300001177005,2,2572,470,2102,0.8172628304821151,4478,8
22,2,0.8,0.7888212890165037,98,64,100,772,2,0.008486500009894371,2,1991,358,1633,0.8201908588648921,2853,8
22,3,0.8,0.7888212890165037,37,90,100,772,2,0.007783099994412623,1,1876,349,1527,0.8139658848614072,2633,6
22,4,0.8,0.7888212890165037,74,53,100,772,2,0.008817899986752309,4,2053,360,1693,0.8246468582562104,3076,6
22,5,0.8,0.7888212890165037,22,75,100,772,2,0.009258000005502254,3,2193,361,1832,0.8353853169174646,3248,9
22,6,0.8,0.7888212890165037,0,19,100,772,2,0.0063529000035487115,1,1590,298,1292,0.8125786163522013,2078,6
22,7,0.8,0.7888212890165037,31,51,100,772,2,0.009505199996056035,6,2214,401,1813,0.8188798554652214,3386,8
22,8,0.8,0.7888212890165037,42,12,100,772,2,0.008351299999048933,3,2007,359,1648,0.8211260587942202,2907,6
22,9,0.8,0.7888212890165037,92,69,100,772,2,0.008202299999538809,1,1874,333,1541,0.8223052294557097,2651,8
23,0,-0.8,-0.7940445010257291,92,72,100,783,2,0.03487390000373125,5,5146,803,4343,0.8439564710454722,16352,14
23,1,-0.8,-0.7940445010257291,1,68,100,783,2,0.026158299995586276,7,4271,674,3597,0.8421915242332007,11791,17
23,2,-0.8,-0.7940445010257291,43,76,100,783,2,0.02140030000009574,1,3806,579,3227,0.847871781397793,9190,18
23,3,-0.8,-0.7940445010257291,40,4,100,783,2,0.04530559999693651,7,6088,914,5174,0.849868593955322,22311,19
23,4,-0.8,-0.7940445010257291,66,21,100,783,2,0.027608099990175106,7,4400,683,3717,0.8447727272727272,12654,13
23,5,-0.8,-0.7940445010257291,36,61,100,783,2,0.03484069999831263,8,5158,805,4353,0.8439317564947654,16524,14
23,6,-0.8,-0.7940445010257291,10,89,100,783,2,0.03801540000131354,4,5352,861,4491,0.8391255605381166,18373,16
23,7,-0.8,-0.7940445010257291,67,82,100,783,2,0.032227800009422936,9,4869,765,4104,0.8428835489833642,15049,14
23,8,-0.8,-0.7940445010257291,6,55,100,783,2,0.025479600008111447,2,4246,662,3584,0.8440885539331136,11423,16
23,9,-0.8,-0.7940445010257291,76,59,100,783,2,0.03023080001003109,5,4636,717,3919,0.8453408110440035,14015,13
23,0,-0.4,-0.4185227346331409,92,72,100,783,2,0.023169100008090027,1,3994,645,3349,0.8385077616424637,9975,10
23,1,-0.4,-0.4185227346331409,1,68,100,783,2,0.02401379999355413,6,3981,649,3332,0.836975634262748,10496,14
23,2,-0.4,-0.4185227346331409,43,76,100,783,2,0.01612649999151472,1,3075,497,2578,0.8383739837398374,6533,11
23,3,-0.4,-0.4185227346331409,40,4,100,783,2,0.03180240000074264,6,4977,754,4223,0.8485031143258991,14546,15
23,4,-0.4,-0.4185227346331409,66,21,100,783,2,0.024565400002757087,6,4055,643,3412,0.8414303329223182,10933,16
23,5,-0.4,-0.4185227346331409,36,61,100,783,2,0.03105969999160152,5,4845,764,4081,0.842311661506708,14130,12
23,6,-0.4,-0.4185227346331409,10,89,100,783,2,0.03204030000779312,5,4835,793,4042,0.8359875904860393,14816,15
23,7,-0.4,-0.4185227346331409,67,82,100,783,2,0.02809690000140108,9,4389,725,3664,0.834814308498519,12658,13
23,8,-0.4,-0.4185227346331409,6,55,100,783,2,0.020711799996206537,1,3673,602,3071,0.8361012796079499,8649,12
23,9,-0.4,-0.4185227346331409,76,59,100,783,2,0.030289900008938275,7,4678,740,3938,0.8418127404873877,13919,12
23,0,0.0,-0.03538883350466042,92,72,100,783,2,0.017916000011609867,1,3236,530,2706,0.8362175525339925,6947,10
23,1,0.0,-0.03538883350466042,1,68,100,783,2,0.019258999993326142,5,3393,570,2823,0.8320070733863837,7580,11
23,2,0.0,-0.03538883350466042,43,76,100,783,2,0.017018100013956428,2,3221,532,2689,0.834833902514747,6834,10
23,3,0.0,-0.03538883350466042,40,4,100,783,2,0.019973199989181012,5,3688,581,3107,0.8424620390455532,8130,10
23,4,0.0,-0.03538883350466042,66,21,100,783,2,0.018440899992128834,6,3374,557,2817,0.8349140486069947,7598,12
23,5,0.0,-0.03538883350466042,36,61,100,783,2,0.025828900004853494,2,4389,698,3691,0.8409660514923673,11095,10
23,6,0.0,-0.03538883350466042,10,89,100,783,2,0.025293500002590008,5,4069,699,3370,0.8282133202260997,10956,11
23,7,0.0,-0.03538883350466042,67,82,100,783,2,0.027200900003663264,6,4196,692,3504,0.8350810295519543,11185,15
23,8,0.0,-0.03538883350466042,6,55,100,783,2,0.016436499994597398,1,3110,514,2596,0.8347266881028939,6405,10
23,9,0.0,-0.03538883350466042,76,59,100,783,2,0.02282690000720322,4,3899,620,3279,0.8409848679148499,9631,11
23,0,0.4,0.38357454147171316,92,72,100,783,2,0.01413460000185296,1,2815,460,2355,0.8365896980461812,5256,11
23,1,0.4,0.38357454147171316,1,68,100,783,2,0.014427400004933588,6,2882,491,2391,0.8296321998612075,5410,8
23,2,0.4,0.38357454147171316,43,76,100,783,2,0.013677599999937229,2,2751,466,2285,0.8306070519810977,5235,9
23,3,0.4,0.38357454147171316,40,4,100,783,2,0.01341359999787528,3,2698,447,2251,0.8343217197924389,4801,10
23,4,0.4,0.38357454147171316,66,21,100,783,2,0.014634899998782203,5,2844,470,2374,0.8347398030942335,5353,9
23,5,0.4,0.38357454147171316,36,61,100,783,2,0.019197999994503334,2,3459,557,2902,0.8389708008094825,7216,13
23,6,0.4,0.38357454147171316,10,89,100,783,2,0.018442100001266226,4,3364,588,2776,0.8252080856123662,7514,9
23,7,0.4,0.38357454147171316,67,82,100,783,2,0.01884619999327697,4,3585,579,3006,0.8384937238493724,7555,13
23,8,0.4,0.38357454147171316,6,55,100,783,2,0.011977400004980154,1,2613,414,2199,0.8415614236509759,4389,8
23,9,0.4,0.38357454147171316,76,59,100,783,2,0.015038500001537614,4,3050,473,2577,0.8449180327868853,5709,9
23,0,0.8,0.7921429103842187,92,72,100,783,2,0.007240000006277114,1,1760,313,1447,0.8221590909090909,2285,6
23,1,0.8,0.7921429103842187,1,68,100,783,2,0.008784099991316907,6,2059,359,1700,0.825643516270034,2989,7
23,2,0.8,0.7921429103842187,43,76,100,783,2,0.008472300003631972,2,1761,335,1426,0.8097671777399205,2555,6
23,3,0.8,0.7921429103842187,40,4,100,783,2,0.007660200004465878,2,1436,276,1160,0.807799442896936,1751,5
23,4,0.8,0.7921429103842187,66,21,100,783,2,0.007645499994396232,2,1858,322,1536,0.8266953713670614,2474,6
23,5,0.8,0.7921429103842187,36,61,100,783,2,0.008236599998781458,2,1903,354,1549,0.813977929584866,2802,6
23,6,0.8,0.7921429103842187,10,89,100,783,2,0.008074600002146326,3,1900,347,1553,0.8173684210526316,2632,6
23,7,0.8,0.7921429103842187,67,82,100,783,2,0.007843800005502999,1,1887,326,1561,0.8272390037095919,2603,11
23,8,0.8,0.7921429103842187,6,55,100,783,2,0.007129300007363781,1,1717,286,1431,0.8334304018637158,2220,7
23,9,0.8,0.7921429103842187,76,59,100,783,2,0.006051099990145303,2,1515,275,1240,0.8184818481848185,1903,6
24,0,-0.8,-0.7809568822408816,3,35,100,788,2,0.023727599997073412,5,3940,624,3316,0.8416243654822335,9985,11
24,1,-0.8,-0.7809568822408816,87,7,100,788,2,0.024841000005835667,8,4131,642,3489,0.8445896877269427,10626,11
24,2,-0.8,-0.7809568822408816,80,51,100,788,2,0.03345820000686217,7,4891,770,4121,0.8425679820077694,15157,17
24,3,-0.8,-0.7809568822408816,15,85,100,788,2,0.04206170000543352,2,5527,850,4677,0.8462095169169531,19886,19
24,4,-0.8,-0.7809568822408816,13,20,100,788,2,0.026233500000671484,6,4285,673,3612,0.8429404900816803,11427,14
24,5,-0.8,-0.7809568822408816,72,95,100,788,2,0.022449500000220723,2,3926,597,3329,0.84793683138054,9585,12
24,6,-0.8,-0.7809568822408816,77,87,100,788,2,0.034773100007441826,9,4976,793,4183,0.8406350482315113,16143,16
24,7,-0.8,-0.7809568822408816,34,61,100,788,2,0.030927299987524748,6,4679,737,3942,0.8424877110493695,13438,14
24,8,-0.8,-0.7809568822408816,51,28,100,788,2,0.02190770000743214,1,4061,576,3485,0.8581630140359517,9234,12
24,9,-0.8,-0.7809568822408816,3,26,100,788,2,0.022864500002469867,4,3940,624,3316,0.8416243654822335,9985,11
24,0,-0.4,-0.34882590755723225,3,35,100,788,2,0.02079220001178328,6,3639,607,3032,0.8331959329486123,8632,10
24,1,-0.4,-0.34882590755723225,87,7,100,788,2,0.020204599990393035,7,3696,593,3103,0.8395562770562771,8518,10
24,2,-0.4,-0.34882590755723225,80,51,100,788,2,0.026803700005984865,6,4485,698,3787,0.8443701226309922,11961,14
24,3,-0.4,-0.34882590755723225,15,85,100,788,2,0.03218389999528881,2,4907,763,4144,0.8445078459343794,15037,16
24,4,-0.4,-0.34882590755723225,13,20,100,788,2,0.021749599996837787,5,3770,623,3147,0.8347480106100795,9311,10
24,5,-0.4,-0.34882590755723225,72,95,100,788,2,0.02111130001139827,2,3765,605,3160,0.8393094289508632,9081,13
24,6,-0.4,-0.34882590755723225,77,87,100,788,2,0.025286199990659952,10,4199,687,3512,0.8363896165753751,11250,12
24,7,-0.4,-0.34882590755723225,34,61,100,788,2,0.023285200004465878,5,3982,641,3341,0.8390256152687092,9889,14
24,8,-0.4,-0.34882590755723225,51,28,100,788,2,0.0142552000033902,1,2994,465,2529,0.844689378757515,5553,8
24,9,-0.4,-0.34882590755723225,3,26,100,788,2,0.020222300008754246,7,3639,607,3032,0.8331959329486123,8632,10
24,0,0.0,0.05070840545332109,3,35,100,788,2,0.01506790000712499,5,3026,514,2512,0.8301387970918704,6076,9
24,1,0.0,0.05070840545332109,87,7,100,788,2,0.0175703999993857,8,3321,542,2779,0.8367961457392352,6983,11
24,2,0.0,0.05070840545332109,80,51,100,788,2,0.017510200006654486,4,3365,563,2802,0.8326894502228827,7100,11
24,3,0.0,0.05070840545332109,15,85,100,788,2,0.025565999996615574,2,4354,668,3686,0.8465778594395957,11110,11
24,4,0.0,0.05070840545332109,13,20,100,788,2,0.019663000013679266,5,3579,597,2982,0.8331936295054484,8057,11
24,5,0.0,0.05070840545332109,72,95,100,788,2,0.017571899996255524,1,3338,531,2807,0.8409227082085081,7110,11
24,6,0.0,0.05070840545332109,77,87,100,788,2,0.02822750000632368,7,3720,599,3121,0.8389784946236559,8376,11
24,7,0.0,0.05070840545332109,34,61,100,788,2,0.021811099999467842,4,3365,534,2831,0.8413075780089153,6974,12
24,8,0.0,0.05070840545332109,51,28,100,788,2,0.017997599992668256,1,2600,423,2177,0.8373076923076923,4383,9
24,9,0.0,0.05070840545332109,3,26,100,788,2,0.019488399993861094,4,3026,514,2512,0.8301387970918704,6076,9
24,0,0.4,0.408317643294103,3,35,100,788,2,0.011917800002265722,5,2435,423,2012,0.8262833675564681,4164,8
24,1,0.4,0.408317643294103,87,7,100,788,2,0.01912909999373369,7,3139,523,2616,0.8333864287989806,6158,10
24,2,0.4,0.408317643294103,80,51,100,788,2,0.013823799992678687,3,2838,469,2369,0.8347427766032417,4985,11
24,3,0.4,0.408317643294103,15,85,100,788,2,0.01509010000154376,4,3217,480,2737,0.8507926639726453,5541,9
24,4,0.4,0.408317643294103,13,20,100,788,2,0.014263899996876717,3,2851,476,2375,0.8330410382321992,5032,10
24,5,0.4,0.408317643294103,72,95,100,788,2,0.012500600001658313,1,2674,426,2248,0.8406881077038145,4700,11
24,6,0.4,0.408317643294103,77,87,100,788,2,0.011777699997765012,2,2593,421,2172,0.8376397994600848,4317,10
24,7,0.4,0.408317643294103,34,61,100,788,2,0.010583900002529845,2,2391,377,2014,0.8423253868674195,3662,9
24,8,0.4,0.408317643294103,51,28,100,788,2,0.010422700011986308,1,2349,390,1959,0.8339719029374202,3690,8
24,9,0.4,0.408317643294103,3,26,100,788,2,0.011425999997300096,3,2435,423,2012,0.8262833675564681,4164,8
24,0,0.8,0.776797438526033,3,35,100,788,2,0.0075634999957401305,3,1712,316,1396,0.8154205607476636,2425,6
24,1,0.8,0.776797438526033,87,7,100,788,2,0.008884099996066652,4,2073,373,1700,0.8200675349734684,3118,8
24,2,0.8,0.776797438526033,80,51,100,788,2,0.005832800001371652,2,1463,281,1182,0.807928913192071,1888,5
24,3,0.8,0.776797438526033,15,85,100,788,2,0.00484110000252258,1,1284,233,1051,0.8185358255451713,1479,4
24,4,0.8,0.776797438526033,13,20,100,788,2,0.006565599993336946,1,1639,292,1347,0.8218425869432581,2181,7
24,5,0.8,0.776797438526033,72,95,100,788,2,0.00659460001043044,1,1662,286,1376,0.8279181708784596,2108,5
24,6,0.8,0.776797438526033,77,87,100,788,2,0.00628500001039356,2,1551,289,1262,0.8136686009026435,2039,7
24,7,0.8,0.776797438526033,34,61,100,788,2,0.005311700006132014,1,1347,266,1081,0.8025241276911655,1696,8
24,8,0.8,0.776797438526033,51,28,100,788,2,0.005953300002147444,1,1506,285,1221,0.8107569721115537,1872,5
24,9,0.8,0.776797438526033,3,26,100,788,2,0.007144299990613945,2,1712,316,1396,0.8154205607476636,2425,6
25,0,-0.8,-0.7921734853695406,98,48,100,772,2,0.02168350000283681,6,3861,575,3286,0.851074851074851,8889,11
25,1,-0.8,-0.7921734853695406,35,25,100,772,2,0.04059039999265224,8,5412,829,4583,0.8468218773096822,18442,14
25,2,-0.8,-0.7921734853695406,59,43,100,772,2,0.031909500001347624,7,4684,767,3917,0.8362510674637063,13973,12
25,3,-0.8,-0.7921734853695406,39,46,100,772,2,0.02196939999703318,4,3841,607,3234,0.8419682374381672,9447,13
25,4,-0.8,-0.7921734853695406,61,6,100,772,2,0.02206560000195168,8,3932,604,3328,0.8463886063072228,9393,10
25,5,-0.8,-0.7921734853695406,24,39,100,772,2,0.030259999999543652,9,4755,734,4021,0.8456361724500526,13831,13
25,6,-0.8,-0.7921734853695406,23,36,100,772,2,0.038291899996693246,2,5186,864,4322,0.8333976089471654,18606,14
25,7,-0.8,-0.7921734853695406,46,20,100,772,2,0.029704399988986552,6,4459,727,3732,0.836958959407939,13805,18
25,8,-0.8,-0.7921734853695406,15,30,100,772,2,0.025036299994098954,3,4037,684,3353,0.8305672529105772,11373,12
25,9,-0.8,-0.7921734853695406,3,53,100,772,2,0.02440059999935329,4,4106,670,3436,0.8368241597661958,10765,12
25,0,-0.4,-0.38069086868593915,98,48,100,772,2,0.02461330000369344,4,4083,638,3445,0.8437423463139848,9965,11
25,1,-0.4,-0.38069086868593915,35,25,100,772,2,0.03535980000742711,7,5179,785,4394,0.8484263371307202,15837,14
25,2,-0.4,-0.38069086868593915,59,43,100,772,2,0.027108800000860356,7,4316,706,3610,0.8364226135310473,11901,13
25,3,-0.4,-0.38069086868593915,39,46,100,772,2,0.020929599995724857,3,3756,616,3140,0.8359957401490948,9000,13
25,4,-0.4,-0.38069086868593915,61,6,100,772,2,0.019729699997697026,8,3671,582,3089,0.8414600926178153,8303,10
25,5,-0.4,-0.38069086868593915,24,39,100,772,2,0.021827400007168762,9,3949,604,3345,0.8470498860471005,9429,14
25,6,-0.4,-0.38069086868593915,23,36,100,772,2,0.03765230000135489,1,5179,891,4288,0.8279590654566519,18325,15
25,7,-0.4,-0.38069086868593915,46,20,100,772,2,0.023625400004675612,6,3951,648,3303,0.835990888382688,10494,12
25,8,-0.4,-0.38069086868593915,15,30,100,772,2,0.020753100005094893,3,3666,616,3050,0.8319694489907256,9053,14
25,9,-0.4,-0.38069086868593915,3,53,100,772,2,0.032621099991956726,6,4051,647,3404,0.8402863490496174,9881,11
25,0,0.0,-0.005900621036291058,98,48,100,772,2,0.030533199998899363,3,4250,675,3575,0.8411764705882353,10583,13
25,1,0.0,-0.005900621036291058,35,25,100,772,2,0.01961579998896923,3,3583,586,2997,0.8364499023164945,7872,10
25,2,0.0,-0.005900621036291058,59,43,100,772,2,0.023295599996345118,6,3883,655,3228,0.8313159927890806,9589,12
25,3,0.0,-0.005900621036291058,39,46,100,772,2,0.019730200001504272,3,3517,592,2925,0.8316747227750924,7967,12
25,4,0.0,-0.005900621036291058,61,6,100,772,2,0.016074099999968894,4,3212,515,2697,0.8396637608966376,6352,10
25,5,0.0,-0.005900621036291058,24,39,100,772,2,0.01430719999189023,4,2923,457,2466,0.8436537803626412,5545,12
25,6,0.0,-0.005900621036291058,23,36,100,772,2,0.03123609999602195,1,4566,821,3745,0.8201927288655279,14182,14
25,7,0.0,-0.005900621036291058,46,20,100,772,2,0.0201874000049429,7,3545,587,2958,0.8344146685472497,8314,11
25,8,0.0,-0.005900621036291058,15,30,100,772,2,0.01789190000272356,4,3280,554,2726,0.8310975609756097,7393,13
25,9,0.0,-0.005900621036291058,3,53,100,772,2,0.015973800007486716,6,2966,525,2441,0.822993931220499,6191,10
25,0,0.4,0.37392855707289874,98,48,100,772,2,0.019001699998625554,3,3530,590,2940,0.8328611898016998,7790,10
25,1,0.4,0.37392855707289874,35,25,100,772,2,0.013339600001927465,2,2715,479,2236,0.823572744014733,5118,10
25,2,0.4,0.37392855707289874,59,43,100,772,2,0.018487800000002608,5,3388,576,2812,0.8299881936245572,7156,13
25,3,0.4,0.37392855707289874,39,46,100,772,2,0.014522000012220815,3,2902,496,2406,0.8290833907649897,5662,9
25,4,0.4,0.37392855707289874,61,6,100,772,2,0.013195299994549714,3,2736,462,2274,0.831140350877193,4986,9
25,5,0.4,0.37392855707289874,24,39,100,772,2,0.010899699991568923,3,2326,400,1926,0.828030954428203,4041,10
25,6,0.4,0.37392855707289874,23,36,100,772,2,0.023175399997853674,1,3749,704,3045,0.8122165910909576,10149,11
25,7,0.4,0.37392855707289874,46,20,100,772,2,0.014014600004884414,8,2781,493,2288,0.8227256382596189,5422,9
25,8,0.4,0.37392855707289874,15,30,100,772,2,0.012683900000411086,5,2558,462,2096,0.8193901485535575,4957,9
25,9,0.4,0.37392855707289874,3,53,100,772,2,0.013252700009616092,9,2630,484,2146,0.8159695817490494,5092,9
25,0,0.8,0.7839891591559707,98,48,100,772,2,0.011647799998172559,2,2573,429,2144,0.8332685581033813,4242,9
25,1,0.8,0.7839891591559707,35,25,100,772,2,0.008274899999378249,2,1890,363,1527,0.807936507936508,2781,6
25,2,0.8,0.7839891591559707,59,43,100,772,2,0.009198699990520254,1,2113,388,1725,0.8163748225272125,3254,8
25,3,0.8,0.7839891591559707,39,46,100,772,2,0.010049799995613284,2,2234,392,1842,0.8245299910474485,3607,8
25,4,0.8,0.7839891591559707,61,6,100,772,2,0.006961699997191317,3,1574,299,1275,0.8100381194409149,2027,5
25,5,0.8,0.7839891591559707,24,39,100,772,2,0.0074367000052006915,3,1692,291,1401,0.8280141843971631,2161,7
25,6,0.8,0.7839891591559707,23,36,100,772,2,0.010633800004143268,1,2282,424,1858,0.8141980718667835,3842,9
25,7,0.8,0.7839891591559707,46,20,100,772,2,0.008292799990158528,6,1959,365,1594,0.81368044920878,2851,8
25,8,0.8,0.7839891591559707,15,30,100,772,2,0.009804700006498024,6,2130,387,1743,0.8183098591549296,3510,8
25,9,0.8,0.7839891591559707,3,53,100,772,2,0.008471399996778928,3,1846,363,1483,0.8033586132177681,2807,8
26,0,-0.8,-0.8265000409271903,58,69,100,755,2,0.035188099995139055,5,4841,796,4045,0.8355711629828548,16233,15
26,1,-0.8,-0.8265000409271903,14,35,100,755,2,0.03941260000283364,6,5077,843,4234,0.8339570612566476,16441,15
26,2,-0.8,-0.8265000409271903,53,8,100,755,2,0.030782299989368767,4,4737,745,3992,0.8427274646400675,14145,20
26,3,-0.8,-0.8265000409271903,23,52,100,755,2,0.03210810000018682,3,4876,765,4111,0.8431091058244463,14550,19
26,4,-0.8,-0.8265000409271903,78,16,100,755,2,0.02708369999891147,8,4281,686,3595,0.8397570661060499,11860,14
26,5,-0.8,-0.8265000409271903,59,17,100,755,2,0.043365599995013326,6,5586,910,4676,0.8370927318295739,21186,15
26,6,-0.8,-0.8265000409271903,75,76,100,755,2,0.02485980000346899,6,4117,649,3468,0.842360942433811,10711,15
26,7,-0.8,-0.8265000409271903,80,99,100,755,2,0.026707500001066364,2,4255,714,3541,0.8321974148061104,11937,13
26,8,-0.8,-0.8265000409271903,95,36,100,755,2,0.024709899997105822,5,4026,646,3380,0.8395429706905116,10691,12
26,9,-0.8,-0.8265000409271903,8,42,100,755,2,0.02520649999496527,10,4199,658,3541,0.8432960228625863,10652,16
26,0,-0.4,-0.47106135981355685,58,69,100,755,2,0.0313659999956144,3,4531,727,3804,0.8395497682630766,13810,14
26,1,-0.4,-0.47106135981355685,14,35,100,755,2,0.02878769999369979,8,4368,773,3595,0.8230311355311355,12890,12
26,2,-0.4,-0.47106135981355685,53,8,100,755,2,0.023424200000590645,6,3903,634,3269,0.8375608506277222,10315,18
26,3,-0.4,-0.47106135981355685,23,52,100,755,2,0.024259799989522435,3,4010,663,3347,0.8346633416458853,10361,11
26,4,-0.4,-0.47106135981355685,78,16,100,755,2,0.02215980000619311,9,3858,631,3227,0.8364437532400207,9286,14
26,5,-0.4,-0.47106135981355685,59,17,100,755,2,0.03519140000571497,5,4974,813,4161,0.8365500603136309,16302,15
26,6,-0.4,-0.47106135981355685,75,76,100,755,2,0.021294100006343797,6,3755,616,3139,0.8359520639147803,8895,12
26,7,-0.4,-0.47106135981355685,80,99,100,755,2,0.02322940000158269,2,3878,664,3214,0.8287777204744714,9933,12
26,8,-0.4,-0.47106135981355685,95,36,100,755,2,0.021425500002806075,4,3669,617,3052,0.8318342872717361,8977,10
26,9,-0.4,-0.47106135981355685,8,42,100,755,2,0.01711040000373032,6,3288,523,2765,0.8409367396593674,6644,10
26,0,0.0,-0.07570021893848229,58,69,100,755,2,0.02022669999860227,3,3549,579,2970,0.8368554522400676,8359,13
26,1,0.0,-0.07570021893848229,14,35,100,755,2,0.02357010000559967,5,3884,695,3189,0.8210607621009269,10116,12
26,2,0.0,-0.07570021893848229,53,8,100,755,2,0.017750200000591576,4,3244,531,2713,0.8363131935881628,7222,12
26,3,0.0,-0.07570021893848229,23,52,100,755,2,0.020032799991895445,3,3536,594,2942,0.8320135746606335,8232,10
26,4,0.0,-0.07570021893848229,78,16,100,755,2,0.01573330000974238,7,3051,511,2540,0.8325139298590626,6165,13
26,5,0.0,-0.07570021893848229,59,17,100,755,2,0.028943299999809824,6,4182,684,3498,0.836441893830703,11055,10
26,6,0.0,-0.07570021893848229,75,76,100,755,2,0.01778080000076443,3,3100,523,2577,0.8312903225806452,6295,8
26,7,0.0,-0.07570021893848229,80,99,100,755,2,0.017904899999848567,2,3260,568,2692,0.8257668711656442,7280,11
26,8,0.0,-0.07570021893848229,95,36,100,755,2,0.025466999999480322,3,3320,553,2767,0.833433734939759,7240,12
26,9,0.0,-0.07570021893848229,8,42,100,755,2,0.015956199989886954,4,2806,471,2335,0.8321454027084818,5026,9
26,0,0.4,0.34468349594800973,58,69,100,755,2,0.009922700002789497,3,2165,369,1796,0.8295612009237875,3568,8
26,1,0.4,0.34468349594800973,14,35,100,755,2,0.018729800009168684,4,3534,610,2924,0.8273910582908885,7615,12
26,2,0.4,0.34468349594800973,53,8,100,755,2,0.015107900006114505,2,2623,440,2183,0.8322531452535264,4730,9
26,3,0.4,0.34468349594800973,23,52,100,755,2,0.013729400001466274,1,2752,476,2276,0.8270348837209303,5236,10
26,4,0.4,0.34468349594800973,78,16,100,755,2,0.01250929999514483,4,2593,455,2138,0.824527574238334,4764,8
26,5,0.4,0.34468349594800973,59,17,100,755,2,0.01435289999062661,3,2934,488,2446,0.8336741649625086,5579,9
26,6,0.4,0.34468349594800973,75,76,100,755,2,0.01081930000509601,4,2368,425,1943,0.8205236486486487,3994,8
26,7,0.4,0.34468349594800973,80,99,100,755,2,0.013626699990709312,1,2694,498,2196,0.8151447661469933,5240,11
26,8,0.4,0.34468349594800973,95,36,100,755,2,0.014067800002521835,3,2839,488,2351,0.8281084889045438,5523,10
26,9,0.4,0.34468349594800973,8,42,100,755,2,0.009845300010056235,2,2185,387,1798,0.822883295194508,3497,10
26,0,0.8,0.7738026205522233,58,69,100,755,2,0.006138699987786822,2,1527,270,1257,0.8231827111984283,1929,7
26,1,0.8,0.7738026205522233,14,35,100,755,2,0.008010899997316301,1,1917,339,1578,0.8231611893583725,2641,7
26,2,0.8,0.7738026205522233,53,8,100,755,2,0.006811600003857166,2,1670,308,1362,0.8155688622754491,2249,6
26,3,0.8,0.7738026205522233,23,52,100,755,2,0.0074354999960632995,1,1729,312,1417,0.8195488721804511,2305,7
26,4,0.8,0.7738026205522233,78,16,100,755,2,0.007646099998964928,3,1696,322,1374,0.8101415094339622,2307,5
26,5,0.8,0.7738026205522233,59,17,100,755,2,0.007187900002463721,5,1648,298,1350,0.8191747572815534,2108,5
26,6,0.8,0.7738026205522233,75,76,100,755,2,0.007463699992513284,1,1718,315,1403,0.8166472642607684,2282,7
26,7,0.8,0.7738026205522233,80,99,100,755,2,0.009698199995909818,1,2092,393,1699,0.8121414913957935,3206,7
26,8,0.8,0.7738026205522233,95,36,100,755,2,0.007547699991846457,3,1809,337,1472,0.8137092316196793,2522,7
26,9,0.8,0.7738026205522233,8,42,100,755,2,0.005949600003077649,2,1479,287,1192,0.8059499661933739,1869,6
27,0,-0.8,-0.7767650811368426,80,68,100,816,2,0.030236300008255057,1,4735,712,4023,0.8496304118268215,13366,12
27,1,-0.8,-0.7767650811368426,42,80,100,816,2,0.029061100009130314,4,4563,710,3853,0.8444006136313829,12655,12
27,2,-0.8,-0.7767650811368426,52,44,100,816,2,0.03492609999375418,11,5073,794,4279,0.843485117287601,15759,12
27,3,-0.8,-0.7767650811368426,31,90,100,816,2,0.03401279999525286,3,5051,774,4277,0.846763017224312,15296,14
27,4,-0.8,-0.7767650811368426,4,68,100,816,2,0.032101099990541115,7,5095,763,4332,0.8502453385672227,14220,13
27,5,-0.8,-0.7767650811368426,98,13,100,816,2,0.03081460000248626,8,4788,728,4060,0.847953216374269,13901,17
27,6,-0.8,-0.7767650811368426,81,17,100,816,2,0.03429369999503251,6,5072,796,4276,0.8430599369085173,15685,14
27,7,-0.8,-0.7767650811368426,45,13,100,816,2,0.02628310000000056,5,4196,673,3523,0.8396091515729266,11762,12
27,8,-0.8,-0.7767650811368426,48,98,100,816,2,0.03388979998999275,4,5056,789,4267,0.8439477848101266,15614,17
27,9,-0.8,-0.7767650811368426,77,81,100,816,2,0.024815500000840984,5,4139,642,3497,0.8448900700652332,10788,14
27,0,-0.4,-0.3856437242938901,80,68,100,816,2,0.027820899995276704,1,4486,690,3796,0.8461881408827463,11897,13
27,1,-0.4,-0.3856437242938901,42,80,100,816,2,0.022018399991793558,3,3935,614,3321,0.8439644218551461,9329,12
27,2,-0.4,-0.3856437242938901,52,44,100,816,2,0.028220099993632175,9,4632,733,3899,0.8417530224525043,12701,11
27,3,-0.4,-0.3856437242938901,31,90,100,816,2,0.03028249999624677,2,4798,747,4051,0.8443101292205085,13915,12
27,4,-0.4,-0.3856437242938901,4,68,100,816,2,0.020139000000199303,7,3838,580,3258,0.8488796248045857,8314,12
27,5,-0.4,-0.3856437242938901,98,13,100,816,2,0.021897400001762435,7,3813,617,3196,0.8381851560451088,9509,15
27,6,-0.4,-0.3856437242938901,81,17,100,816,2,0.028809200011892244,8,4561,740,3821,0.8377548783161587,12964,14
27,7,-0.4,-0.3856437242938901,45,13,100,816,2,0.025152799993520603,2,4132,667,3465,0.8385769603097774,11263,13
27,8,-0.4,-0.3856437242938901,48,98,100,816,2,0.02622890000930056,4,4444,715,3729,0.8391089108910891,11597,12
27,9,-0.4,-0.3856437242938901,77,81,100,816,2,0.02603230001113843,6,4403,683,3720,0.8448784919373155,11527,11
27,0,0.0,-0.0025094437381890885,80,68,100,816,2,0.021559999993769452,1,3921,629,3292,0.839581739352206,8933,12
27,1,0.0,-0.0025094437381890885,42,80,100,816,2,0.018364500007010065,3,3580,562,3018,0.8430167597765363,7298,11
27,2,0.0,-0.0025094437381890885,52,44,100,816,2,0.024366099998587742,9,4293,687,3606,0.8399720475192173,10629,12
27,3,0.0,-0.0025094437381890885,31,90,100,816,2,0.026025500003015622,1,4417,686,3731,0.8446909667194928,11654,13
27,4,0.0,-0.0025094437381890885,4,68,100,816,2,0.016160600003786385,6,3299,515,2784,0.8438920885116702,6487,10
27,5,0.0,-0.0025094437381890885,98,13,100,816,2,0.017637899989495054,9,3367,544,2823,0.8384318384318384,7005,11
27,6,0.0,-0.0025094437381890885,81,17,100,816,2,0.025848000004771166,9,4181,705,3476,0.8313800526189906,11261,12
27,7,0.0,-0.0025094437381890885,45,13,100,816,2,0.02091150000342168,2,3659,599,3060,0.8362940694178738,8997,12
27,8,0.0,-0.0025094437381890885,48,98,100,816,2,0.01935199998843018,3,3576,600,2976,0.8322147651006712,8066,10
27,9,0.0,-0.0025094437381890885,77,81,100,816,2,0.02338179999787826,3,4118,648,3470,0.8426420592520641,9892,12
27,0,0.4,0.37902566897348383,80,68,100,816,2,0.015187800003332086,1,3112,494,2618,0.8412596401028277,5591,10
27,1,0.4,0.37902566897348383,42,80,100,816,2,0.013233199992100708,2,2892,456,2436,0.8423236514522822,4845,9
27,2,0.4,0.37902566897348383,52,44,100,816,2,0.015041699996800162,7,3137,502,2635,0.8399744979279566,5721,11
27,3,0.4,0.37902566897348383,31,90,100,816,2,0.018817599993781187,1,3577,566,3011,0.8417668437237908,7592,10
27,4,0.4,0.37902566897348383,4,68,100,816,2,0.011109099999885075,3,2484,405,2079,0.8369565217391305,4049,9
27,5,0.4,0.37902566897348383,98,13,100,816,2,0.01279439999780152,8,2778,451,2327,0.8376529877609791,4739,8
27,6,0.4,0.37902566897348383,81,17,100,816,2,0.017800300003727898,8,3309,574,2735,0.8265336959806588,7294,9
27,7,0.4,0.37902566897348383,45,13,100,816,2,0.015900099999271333,2,3057,526,2531,0.8279358848544325,6328,10
27,8,0.4,0.37902566897348383,48,98,100,816,2,0.01551909999398049,3,3070,527,2543,0.8283387622149837,6063,11
27,9,0.4,0.37902566897348383,77,81,100,816,2,0.015841799991903827,3,3241,502,2739,0.8451095340944152,6129,11
27,0,0.8,0.7743971302508315,80,68,100,816,2,0.007359399998676963,1,1761,307,1454,0.8256672345258376,2283,7
27,1,0.8,0.7743971302508315,42,80,100,816,2,0.007148299991968088,2,1790,305,1485,0.8296089385474861,2274,6
27,2,0.8,0.7743971302508315,52,44,100,816,2,0.006884599992190488,3,1681,310,1371,0.8155859607376561,2203,6
27,3,0.8,0.7743971302508315,31,90,100,816,2,0.00875850000011269,2,2111,349,1762,0.8346755092373283,2848,6
27,4,0.8,0.7743971302508315,4,68,100,816,2,0.006723400001646951,2,1645,302,1343,0.8164133738601824,2159,6
27,5,0.8,0.7743971302508315,98,13,100,816,2,0.006338799998047762,5,1606,289,1317,0.8200498132004981,1965,6
27,6,0.8,0.7743971302508315,81,17,100,816,2,0.011150699996505864,5,2441,447,1994,0.8168783285538713,3994,8
27,7,0.8,0.7743971302508315,45,13,100,816,2,0.008472599991364405,2,1905,361,1544,0.810498687664042,2826,6
27,8,0.8,0.7743971302508315,48,98,100,816,2,0.008052299992414191,3,1868,342,1526,0.816916488222698,2636,7
27,9,0.8,0.7743971302508315,77,81,100,816,2,0.007909200008725747,3,1938,321,1617,0.8343653250773994,2554,8
28,0,-0.8,-0.802062723008087,74,1,100,761,2,0.026494299992918968,8,4220,667,3553,0.8419431279620853,11620,13
28,1,-0.8,-0.802062723008087,26,92,100,761,2,0.034394100002828054,5,4837,793,4044,0.8360554062435394,15719,13
28,2,-0.8,-0.802062723008087,17,34,100,761,2,0.025133800008916296,1,4018,655,3363,0.8369835739173719,10496,11
28,3,-0.8,-0.802062723008087,63,13,100,761,2,0.029826099998899736,5,4495,721,3774,0.8395995550611791,13252,12
28,4,-0.8,-0.802062723008087,38,34,100,761,2,0.02530200000910554,4,4142,639,3503,0.8457267020762916,10821,12
28,5,-0.8,-0.802062723008087,36,2,100,761,2,0.025265499993111007,6,4169,647,3522,0.8448069081314464,10882,13
28,6,-0.8,-0.802062723008087,77,25,100,761,2,0.02568489999976009,2,4198,638,3560,0.8480228680323963,11173,13
28,7,-0.8,-0.802062723008087,72,99,100,761,2,0.024238600002718158,4,4092,647,3445,0.8418866080156403,10549,12
28,8,-0.8,-0.802062723008087,92,56,100,761,2,0.0364057000115281,8,5084,805,4279,0.8416601101494886,16985,14
28,9,-0.8,-0.802062723008087,33,36,100,761,2,0.04302989999996498,10,5668,893,4775,0.8424488355681016,20388,16
28,0,-0.4,-0.40189727436127526,74,1,100,761,2,0.02295610000146553,6,3861,625,3236,0.8381248381248382,9688,10
28,1,-0.4,-0.40189727436127526,26,92,100,761,2,0.025823200005106628,2,3913,693,3220,0.8228980322003577,11391,13
28,2,-0.4,-0.40189727436127526,17,34,100,761,2,0.021720400007325225,1,3733,616,3117,0.8349852665416555,9082,10
28,3,-0.4,-0.40189727436127526,63,13,100,761,2,0.029860399998142384,10,4721,756,3965,0.8398644355009531,13243,15
28,4,-0.4,-0.40189727436127526,38,34,100,761,2,0.019396900010178797,3,3521,549,2972,0.8440783868219256,8007,13
28,5,-0.4,-0.40189727436127526,36,2,100,761,2,0.023436300005414523,9,4106,642,3464,0.8436434486117876,9920,13
28,6,-0.4,-0.40189727436127526,77,25,100,761,2,0.016947999989497475,1,3216,501,2715,0.8442164179104478,6813,11
28,7,-0.4,-0.40189727436127526,72,99,100,761,2,0.018689699994865805,3,3464,568,2896,0.836027713625866,7614,10
28,8,-0.4,-0.40189727436127526,92,56,100,761,2,0.031107500006328337,7,4776,770,4006,0.8387772194304858,14161,13
28,9,-0.4,-0.40189727436127526,33,36,100,761,2,0.028376300004310906,11,4431,715,3716,0.8386368765515685,12715,13
28,0,0.0,-0.007770517763501884,74,1,100,761,2,0.020074700005352497,8,3615,576,3039,0.8406639004149378,8446,12
28,1,0.0,-0.007770517763501884,26,92,100,761,2,0.02115159999812022,2,3573,650,2923,0.8180800447802967,9063,11
28,2,0.0,-0.007770517763501884,17,34,100,761,2,0.018167800008086488,1,3343,566,2777,0.8306909961112773,7495,12
28,3,0.0,-0.007770517763501884,63,13,100,761,2,0.02189439999347087,5,3808,640,3168,0.8319327731092437,9184,10
28,4,0.0,-0.007770517763501884,38,34,100,761,2,0.01754419998906087,3,3351,523,2828,0.8439271859146523,6998,12
28,5,0.0,-0.007770517763501884,36,2,100,761,2,0.017052300012437627,5,3382,533,2849,0.842400946185689,6759,11
28,6,0.0,-0.007770517763501884,77,25,100,761,2,0.012260500006959774,2,2592,415,2177,0.839891975308642,4626,11
28,7,0.0,-0.007770517763501884,72,99,100,761,2,0.01439830000163056,3,2860,482,2378,0.8314685314685315,5553,10
28,8,0.0,-0.007770517763501884,92,56,100,761,2,0.024144100010744296,6,4154,660,3494,0.8411169956668272,10304,11
28,9,0.0,-0.007770517763501884,33,36,100,761,2,0.021478200011188164,12,3763,607,3156,0.8386925325538135,9028,12
28,0,0.4,0.3921894895004064,74,1,100,761,2,0.01415889999771025,4,2917,466,2451,0.8402468289338362,5461,9
28,1,0.4,0.3921894895004064,26,92,100,761,2,0.014036500011570752,1,2651,517,2134,0.8049792531120332,5611,9
28,2,0.4,0.3921894895004064,17,34,100,761,2,0.013666600003489293,1,2811,479,2332,0.8295980078263963,5230,8
28,3,0.4,0.3921894895004064,63,13,100,761,2,0.013438800000585616,4,2840,479,2361,0.831338028169014,5120,8
28,4,0.4,0.3921894895004064,38,34,100,761,2,0.013355000002775341,2,2854,456,2398,0.8402242466713384,5055,10
28,5,0.4,0.3921894895004064,36,2,100,761,2,0.010068200004752725,4,2342,372,1970,0.8411614005123825,3519,8
28,6,0.4,0.3921894895004064,77,25,100,761,2,0.009524499997496605,2,2202,355,1847,0.8387829246139873,3390,11
28,7,0.4,0.3921894895004064,72,99,100,761,2,0.01414560001285281,4,2836,491,2345,0.8268688293370945,5348,9
28,8,0.4,0.3921894895004064,92,56,100,761,2,0.017360900004860014,9,3216,530,2686,0.8351990049751243,6169,10
28,9,0.4,0.3921894895004064,33,36,100,761,2,0.01683119998779148,11,3228,519,2709,0.8392193308550185,6400,13
28,0,0.8,0.8059160272467044,74,1,100,761,2,0.00774799998907838,3,1829,306,1523,0.8326954620010935,2453,7
28,1,0.8,0.8059160272467044,26,92,100,761,2,0.010404000000562519,1,2226,440,1786,0.8023360287511231,3822,9
28,2,0.8,0.8059160272467044,17,34,100,761,2,0.0075846999970963225,1,1791,325,1466,0.818537130094919,2468,7
28,3,0.8,0.8059160272467044,63,13,100,761,2,0.009332900008303113,6,2177,367,1810,0.8314193844740468,3095,6
28,4,0.8,0.8059160272467044,38,34,100,761,2,0.00639009999576956,2,1587,283,1304,0.8216761184625079,2017,7
28,5,0.8,0.8059160272467044,36,2,100,761,2,0.00588189999689348,2,1461,270,1191,0.8151950718685832,1722,6
28,6,0.8,0.8059160272467044,77,25,100,761,2,0.005566500010900199,2,1404,255,1149,0.8183760683760684,1734,6
28,7,0.8,0.8059160272467044,72,99,100,761,2,0.007958200003486127,3,1794,328,1466,0.8171683389074693,2504,6
28,8,0.8,0.8059160272467044,92,56,100,761,2,0.005970499987597577,2,1409,264,1145,0.8126330731014905,1731,6
28,9,0.8,0.8059160272467044,33,36,100,761,2,0.007204900000942871,6,1770,303,1467,0.8288135593220339,2283,9
29,0,-0.8,-0.7926944517425303,14,27,100,739,2,0.025545900003635325,7,3618,550,3068,0.8479823106688779,8685,11
29,1,-0.8,-0.7926944517425303,19,47,100,739,2,0.028786499999114312,6,3914,658,3256,0.8318855390904446,10616,14
29,2,-0.8,-0.7926944517425303,63,10,100,739,2,0.03172299999278039,9,4420,756,3664,0.8289592760180996,14257,16
29,3,-0.8,-0.7926944517425303,3,79,100,739,2,0.03001139999832958,4,3906,612,3294,0.8433179723502304,10322,12
29,4,-0.8,-0.7926944517425303,60,35,100,739,2,0.026037899995571934,7,3892,639,3253,0.8358170606372045,10951,13
29,5,-0.8,-0.7926944517425303,19,89,100,739,2,0.024249599999166094,3,3914,658,3256,0.8318855390904446,10616,14
29,6,-0.8,-0.7926944517425303,18,15,100,739,2,0.027723299994249828,4,4160,690,3470,0.8341346153846154,12716,15
29,7,-0.8,-0.7926944517425303,36,51,100,739,2,0.023913199998787604,4,3903,638,3265,0.8365359979502947,10606,15
29,8,-0.8,-0.7926944517425303,12,71,100,739,2,0.025437100004637614,9,4264,670,3594,0.8428705440900562,11252,14
29,9,-0.8,-0.7926944517425303,99,7,100,739,2,0.028728399993269704,4,4433,731,3702,0.8351003834874803,13099,14
29,0,-0.4,-0.4112347376036462,14,27,100,739,2,0.017996599999605678,4,3274,512,2762,0.8436163714111179,7280,9
29,1,-0.4,-0.4112347376036462,19,47,100,739,2,0.018821199992089532,7,3301,561,2740,0.8300514995455922,7774,10
29,2,-0.4,-0.4112347376036462,63,10,100,739,2,0.033317399997031316,7,4747,805,3942,0.8304192121339794,15263,13
29,3,-0.4,-0.4112347376036462,3,79,100,739,2,0.022028499995940365,4,3763,607,3156,0.8386925325538135,9536,12
29,4,-0.4,-0.4112347376036462,60,35,100,739,2,0.0198476999939885,7,3475,572,2903,0.8353956834532374,8377,11
29,5,-0.4,-0.4112347376036462,19,89,100,739,2,0.018833300011465326,3,3301,561,2740,0.8300514995455922,7774,10
29,6,-0.4,-0.4112347376036462,18,15,100,739,2,0.026254900003550574,5,3891,669,3222,0.8280647648419429,11047,13
29,7,-0.4,-0.4112347376036462,36,51,100,739,2,0.02448549999098759,2,3710,606,3104,0.8366576819407008,9501,11
29,8,-0.4,-0.4112347376036462,12,71,100,739,2,0.022524500003783032,7,3528,573,2955,0.8375850340136054,8277,12
29,9,-0.4,-0.4112347376036462,99,7,100,739,2,0.02411749999737367,4,3985,653,3332,0.8361355081555835,10626,12
29,0,0.0,-0.039722793202014176,14,27,100,739,2,0.016277299990179017,3,3015,493,2522,0.8364842454394693,6557,11
29,1,0.0,-0.039722793202014176,19,47,100,739,2,0.01718789999722503,5,3086,528,2558,0.8289047310434219,6715,11
29,2,0.0,-0.039722793202014176,63,10,100,739,2,0.023601299995789304,7,3886,675,3211,0.8262995367987648,10260,10
29,3,0.0,-0.039722793202014176,3,79,100,739,2,0.016949900003965013,4,3231,523,2708,0.8381306097183534,6819,10
29,4,0.0,-0.039722793202014176,60,35,100,739,2,0.014384300011442974,2,2745,466,2279,0.8302367941712204,5586,8
29,5,0.0,-0.039722793202014176,19,89,100,739,2,0.016479700003401376,3,3086,528,2558,0.8289047310434219,6715,11
29,6,0.0,-0.039722793202014176,18,15,100,739,2,0.02508750000561122,5,3933,720,3213,0.816933638443936,11243,12
29,7,0.0,-0.039722793202014176,36,51,100,739,2,0.01984989999618847,2,3548,577,2971,0.8373731679819617,8197,9
29,8,0.0,-0.039722793202014176,12,71,100,739,2,0.016581999996560626,5,3141,517,2624,0.8354027379815345,6701,13
29,9,0.0,-0.039722793202014176,99,7,100,739,2,0.019051600000238977,2,3346,549,2797,0.8359234907352062,7744,10
29,0,0.4,0.35376997337195526,14,27,100,739,2,0.01244550000410527,2,2541,421,2120,0.8343171979535616,4634,9
29,1,0.4,0.35376997337195526,19,47,100,739,2,0.015622400009306148,4,3053,526,2527,0.8277104487389453,6174,11
29,2,0.4,0.35376997337195526,63,10,100,739,2,0.01907700000447221,7,3498,589,2909,0.8316180674671241,7790,11
29,3,0.4,0.35376997337195526,3,79,100,739,2,0.014514200011035427,3,2872,497,2375,0.8269498607242339,5542,9
29,4,0.4,0.35376997337195526,60,35,100,739,2,0.011430400001700036,1,2397,405,1992,0.8310387984981227,4219,9
29,5,0.4,0.35376997337195526,19,89,100,739,2,0.01588729998911731,3,3053,526,2527,0.8277104487389453,6174,11
29,6,0.4,0.35376997337195526,18,15,100,739,2,0.01714199999696575,5,2962,587,2375,0.8018230925050641,7190,11
29,7,0.4,0.35376997337195526,36,51,100,739,2,0.012777300013112836,2,2654,452,2202,0.8296910324039186,4746,7
29,8,0.4,0.35376997337195526,12,71,100,739,2,0.014513699992676266,3,2803,473,2330,0.8312522297538352,5506,12
29,9,0.4,0.35376997337195526,99,7,100,739,2,0.011950600004638545,1,2459,419,2040,0.829605530703538,4429,9
29,0,0.8,0.7744999712247636,14,27,100,739,2,0.006491099993581884,1,1585,283,1302,0.8214511041009463,2092,6
29,1,0.8,0.7744999712247636,19,47,100,739,2,0.009023399994475767,5,2040,369,1671,0.8191176470588235,3045,8
29,2,0.8,0.7744999712247636,63,10,100,739,2,0.010585900003206916,6,2228,395,1833,0.8227109515260324,3353,9
29,3,0.8,0.7744999712247636,3,79,100,739,2,0.01128180000523571,3,2534,448,2086,0.8232044198895028,3989,8
29,4,0.8,0.7744999712247636,60,35,100,739,2,0.007531499999458902,1,1744,325,1419,0.8136467889908257,2599,9
29,5,0.8,0.7744999712247636,19,89,100,739,2,0.00867100000323262,3,2040,369,1671,0.8191176470588235,3045,8
29,6,0.8,0.7744999712247636,18,15,100,739,2,0.010626400006003678,4,2333,449,1884,0.8075439348478354,3927,6
29,7,0.8,0.7744999712247636,36,51,100,739,2,0.005597499999566935,2,1410,263,1147,0.8134751773049645,1741,4
29,8,0.8,0.7744999712247636,12,71,100,739,2,0.010842699994100258,2,2217,401,1816,0.8191249436175011,3652,9
29,9,0.8,0.7744999712247636,99,7,100,739,2,0.006392499999492429,1,1537,289,1248,0.811971372804164,2083,6
30,0,-0.8,-0.770205175084099,79,60,100,809,2,0.017858999999589287,4,3405,494,2911,0.8549192364170338,6719,9
30,1,-0.8,-0.770205175084099,70,46,100,809,2,0.04281279999122489,10,5502,845,4657,0.846419483824064,18356,13
30,2,-0.8,-0.770205175084099,68,1,100,809,2,0.043562099992414005,5,5764,883,4881,0.8468077723802915,20755,19
30,3,-0.8,-0.770205175084099,58,0,100,809,2,0.040224800002761185,5,5550,883,4667,0.8409009009009009,19496,14
30,4,-0.8,-0.770205175084099,33,19,100,809,2,0.04013890000351239,7,5532,832,4700,0.8496023138105567,19142,15
30,5,-0.8,-0.770205175084099,71,61,100,809,2,0.02515089999360498,9,4298,631,3667,0.8531875290832945,11092,12
30,6,-0.8,-0.770205175084099,39,8,100,809,2,0.02834439999423921,6,4456,693,3763,0.8444793536804309,12145,15
30,7,-0.8,-0.770205175084099,72,24,100,809,2,0.033655500010354444,7,5088,778,4310,0.8470911949685535,15585,14
30,8,-0.8,-0.770205175084099,58,71,100,809,2,0.040694600000279024,7,5550,883,4667,0.8409009009009009,19496,14
30,9,-0.8,-0.770205175084099,68,64,100,809,2,0.04350459999113809,5,5764,883,4881,0.8468077723802915,20755,19
30,0,-0.4,-0.3598085144364632,79,60,100,809,2,0.015170500002568588,4,3110,467,2643,0.8498392282958199,5768,9
30,1,-0.4,-0.3598085144364632,70,46,100,809,2,0.0265512000041781,6,4343,687,3656,0.8418144139995395,11881,15
30,2,-0.4,-0.3598085144364632,68,1,100,809,2,0.038027800008421764,6,5511,853,4658,0.8452186536018871,18163,15
30,3,-0.4,-0.3598085144364632,58,0,100,809,2,0.03762139999889769,6,5367,859,4508,0.839947829327371,17524,15
30,4,-0.4,-0.3598085144364632,33,19,100,809,2,0.032445700009702705,6,4898,742,4156,0.8485095957533687,15018,14
30,5,-0.4,-0.3598085144364632,71,61,100,809,2,0.020938400004524738,7,3906,584,3322,0.8504864311315924,8744,13
30,6,-0.4,-0.3598085144364632,39,8,100,809,2,0.023670599999604747,4,4034,664,3370,0.835399107585523,10455,11
30,7,-0.4,-0.3598085144364632,72,24,100,809,2,0.025341700005810708,8,4304,679,3625,0.8422397769516728,11204,12
30,8,-0.4,-0.3598085144364632,58,71,100,809,2,0.03699849999975413,10,5367,859,4508,0.839947829327371,17524,15
30,9,-0.4,-0.3598085144364632,68,64,100,809,2,0.03820350000751205,7,5511,853,4658,0.8452186536018871,18163,15
30,0,0.0,0.02368020399056024,79,60,100,809,2,0.014530999993439764,5,2860,444,2416,0.8447552447552448,5129,9
30,1,0.0,0.02368020399056024,70,46,100,809,2,0.02468109999608714,7,3941,619,3322,0.842933265668612,9470,12
30,2,0.0,0.02368020399056024,68,1,100,809,2,0.02491780000855215,3,4391,662,3729,0.8492370758369392,10899,13
30,3,0.0,0.02368020399056024,58,0,100,809,2,0.027839700007461943,6,4484,718,3766,0.8398751115075825,12110,13
30,4,0.0,0.02368020399056024,33,19,100,809,2,0.023539700006949715,6,4106,627,3479,0.8472966390647833,10183,12
30,5,0.0,0.02368020399056024,71,61,100,809,2,0.016979399995761923,6,3371,520,2851,0.845743102936814,6824,11
30,6,0.0,0.02368020399056024,39,8,100,809,2,0.020329499995568767,4,3564,600,2964,0.8316498316498316,8273,9
30,7,0.0,0.02368020399056024,72,24,100,809,2,0.018460499995853752,4,3399,555,2844,0.8367166813768756,7302,13
30,8,0.0,0.02368020399056024,58,71,100,809,2,0.027266799996141344,8,4484,718,3766,0.8398751115075825,12110,13
30,9,0.0,0.02368020399056024,68,64,100,809,2,0.025620899992645718,6,4391,662,3729,0.8492370758369392,10899,13
30,0,0.4,0.3988091238044434,79,60,100,809,2,0.012432500006980263,6,2638,420,2218,0.8407884761182715,4488,9
30,1,0.4,0.3988091238044434,70,46,100,809,2,0.01357980001193937,3,2954,457,2497,0.8452945159106297,5027,8
30,2,0.4,0.3988091238044434,68,1,100,809,2,0.013750600002822466,1,2988,452,2536,0.8487282463186078,5169,11
30,3,0.4,0.3988091238044434,58,0,100,809,2,0.015581699990434572,5,3048,502,2546,0.8353018372703412,5947,9
30,4,0.4,0.3988091238044434,33,19,100,809,2,0.011691400010022335,3,2612,394,2218,0.8491577335375191,4158,8
30,5,0.4,0.3988091238044434,71,61,100,809,2,0.014076899999054149,4,2994,468,2526,0.843687374749499,5413,8
30,6,0.4,0.3988091238044434,39,8,100,809,2,0.014781300007598475,4,3000,496,2504,0.8346666666666667,5792,9
30,7,0.4,0.3988091238044434,72,24,100,809,2,0.012799699994502589,3,2766,436,2330,0.8423716558206796,4779,11
30,8,0.4,0.3988091238044434,58,71,100,809,2,0.015403999990667216,6,3048,502,2546,0.8353018372703412,5947,9
30,9,0.4,0.3988091238044434,68,64,100,809,2,0.014139300008537248,6,2988,452,2536,0.8487282463186078,5169,11
30,0,0.8,0.7817931252477679,79,60,100,809,2,0.009175300001516007,8,2067,365,1702,0.8234155781325593,3233,8
30,1,0.8,0.7817931252477679,70,46,100,809,2,0.005804699991131201,2,1485,264,1221,0.8222222222222222,1765,6
30,2,0.8,0.7817931252477679,68,1,100,809,2,0.009119399997871369,1,2157,365,1792,0.8307834955957348,3079,9
30,3,0.8,0.7817931252477679,58,0,100,809,2,0.007147099997382611,2,1749,317,1432,0.8187535734705546,2357,6
30,4,0.8,0.7817931252477679,33,19,100,809,2,0.006976000004215166,1,1769,281,1488,0.8411531938948559,2259,7
30,5,0.8,0.7817931252477679,71,61,100,809,2,0.008755699993344024,4,2128,359,1769,0.831296992481203,3014,7
30,6,0.8,0.7817931252477679,39,8,100,809,2,0.00809849999495782,3,1991,335,1656,0.8317428427925665,2690,7
30,7,0.8,0.7817931252477679,72,24,100,809,2,0.007583400001749396,3,1903,320,1583,0.8318444561219128,2504,5
30,8,0.8,0.7817931252477679,58,71,100,809,2,0.007145999989006668,3,1749,317,1432,0.8187535734705546,2357,6
30,9,0.8,0.7817931252477679,68,64,100,809,2,0.009025000006658956,4,2157,365,1792,0.8307834955957348,3079,9
31,0,-0.8,-0.7721665056838606,39,76,100,807,2,0.028133799991337582,4,4566,690,3876,0.8488830486202366,12548,14
31,1,-0.8,-0.7721665056838606,81,28,100,807,2,0.02104940000572242,2,3844,566,3278,0.8527575442247659,8981,15
31,2,-0.8,-0.7721665056838606,61,88,100,807,2,0.027938400002312846,6,4692,683,4009,0.8544330775788577,12469,13
31,3,-0.8,-0.7721665056838606,9,82,100,807,2,0.023425500010489486,3,4071,618,3453,0.8481945467943994,10054,10
31,4,-0.8,-0.7721665056838606,1,40,100,807,2,0.02482350000354927,6,4380,624,3756,0.8575342465753425,10717,12
31,5,-0.8,-0.7721665056838606,5,17,100,807,2,0.0240157999942312,4,4203,634,3569,0.8491553652153224,10290,12
31,6,-0.8,-0.7721665056838606,78,47,100,807,2,0.021676299991668202,6,3929,605,3324,0.8460167981674727,9313,12
31,7,-0.8,-0.7721665056838606,5,72,100,807,2,0.023726100000203587,3,4203,634,3569,0.8491553652153224,10290,12
31,8,-0.8,-0.7721665056838606,84,8,100,807,2,0.028592400005436502,12,4421,715,3706,0.8382718841890975,13194,12
31,9,-0.8,-0.7721665056838606,95,75,100,807,2,0.02614240000548307,5,4227,671,3556,0.8412585758220961,11800,10
31,0,-0.4,-0.3173840139273815,39,76,100,807,2,0.02133750000211876,3,3936,590,3346,0.8501016260162602,8942,12
31,1,-0.4,-0.3173840139273815,81,28,100,807,2,0.019511999998940155,4,3714,555,3159,0.8505654281098546,8040,13
31,2,-0.4,-0.3173840139273815,61,88,100,807,2,0.02796910000324715,7,4618,682,3936,0.8523170203551321,12197,12
31,3,-0.4,-0.3173840139273815,9,82,100,807,2,0.02127870000549592,3,3867,584,3283,0.8489785363330747,9196,10
31,4,-0.4,-0.3173840139273815,1,40,100,807,2,0.018613899999763817,4,3602,528,3074,0.8534147695724598,7583,11
31,5,-0.4,-0.3173840139273815,5,17,100,807,2,0.023276299994904548,4,4259,633,3626,0.8513735618689833,9962,12
31,6,-0.4,-0.3173840139273815,78,47,100,807,2,0.014883200012263842,5,3044,486,2558,0.8403416557161629,5851,9
31,7,-0.4,-0.3173840139273815,5,72,100,807,2,0.02322999999159947,5,4259,633,3626,0.8513735618689833,9962,12
31,8,-0.4,-0.3173840139273815,84,8,100,807,2,0.027603399998042732,9,4330,703,3627,0.8376443418013857,12642,14
31,9,-0.4,-0.3173840139273815,95,75,100,807,2,0.02471040000091307,5,4128,654,3474,0.8415697674418605,10919,10
31,0,0.0,0.09462054615890134,39,76,100,807,2,0.016801999998278916,3,3380,514,2866,0.8479289940828403,6581,9
31,1,0.0,0.09462054615890134,81,28,100,807,2,0.015825500013306737,5,3275,489,2786,0.8506870229007634,6098,10
31,2,0.0,0.09462054615890134,61,88,100,807,2,0.024448299998766743,6,4160,608,3552,0.8538461538461538,9316,11
31,3,0.0,0.09462054615890134,9,82,100,807,2,0.018622299990965985,2,3458,550,2908,0.8409485251590515,7694,11
31,4,0.0,0.09462054615890134,1,40,100,807,2,0.014755099997273646,3,3071,452,2619,0.8528166720937805,5550,12
31,5,0.0,0.09462054615890134,5,17,100,807,2,0.018881099997088313,4,3702,550,3152,0.8514316585629389,7464,10
31,6,0.0,0.09462054615890134,78,47,100,807,2,0.01265219999186229,3,2730,424,2306,0.8446886446886447,4698,9
31,7,0.0,0.09462054615890134,5,72,100,807,2,0.01891030000115279,5,3702,550,3152,0.8514316585629389,7464,10
31,8,0.0,0.09462054615890134,84,8,100,807,2,0.020346600009361282,5,3634,586,3048,0.8387451843698404,8389,11
31,9,0.0,0.09462054615890134,95,75,100,807,2,0.020468800008529797,2,3671,576,3095,0.8430945246526832,8558,11
31,0,0.4,0.4648839330253775,39,76,100,807,2,0.012267400001292117,2,2624,443,2181,0.8311737804878049,4417,7
31,1,0.4,0.4648839330253775,81,28,100,807,2,0.01270479999948293,7,2783,424,2359,0.8476464247215235,4507,8
31,2,0.4,0.4648839330253775,61,88,100,807,2,0.0106594000098994,4,2386,385,2001,0.8386420787929589,3815,11
31,3,0.4,0.4648839330253775,9,82,100,807,2,0.01396490000479389,2,2808,468,2340,0.8333333333333334,5408,11
31,4,0.4,0.4648839330253775,1,40,100,807,2,0.012245699996128678,3,2743,402,2341,0.8534451330659861,4366,10
31,5,0.4,0.4648839330253775,5,17,100,807,2,0.012718999991193414,1,2691,435,2256,0.8383500557413601,4588,10
31,6,0.4,0.4648839330253775,78,47,100,807,2,0.009062600001925603,2,2109,345,1764,0.8364153627311522,3134,8
31,7,0.4,0.4648839330253775,5,72,100,807,2,0.012203499994939193,1,2691,435,2256,0.8383500557413601,4588,10
31,8,0.4,0.4648839330253775,84,8,100,807,2,0.01235659999656491,4,2759,438,2321,0.8412468285610728,4625,8
31,9,0.4,0.4648839330253775,95,75,100,807,2,0.013133899992681108,1,2825,443,2382,0.8431858407079647,5049,10
31,0,0.8,0.8168517124183636,39,76,100,807,2,0.0069532000052277,1,1712,309,1403,0.8195093457943925,2273,6
31,1,0.8,0.8168517124183636,81,28,100,807,2,0.0063039999949978665,3,1636,277,1359,0.8306845965770171,2071,6
31,2,0.8,0.8168517124183636,61,88,100,807,2,0.007170800003223121,2,1781,301,1480,0.8309938236945537,2284,6
31,3,0.8,0.8168517124183636,9,82,100,807,2,0.007712100006756373,2,1829,312,1517,0.82941498086386,2653,7
31,4,0.8,0.8168517124183636,1,40,100,807,2,0.007951600011438131,3,1980,305,1675,0.8459595959595959,2491,6
31,5,0.8,0.8168517124183636,5,17,100,807,2,0.007538199992268346,1,1789,315,1474,0.8239239798770263,2462,7
31,6,0.8,0.8168517124183636,78,47,100,807,2,0.006486299986136146,2,1463,261,1202,0.8215994531784006,1808,6
31,7,0.8,0.8168517124183636,5,72,100,807,2,0.0073994999984279275,1,1789,315,1474,0.8239239798770263,2462,7
31,8,0.8,0.8168517124183636,84,8,100,807,2,0.006550699996296316,1,1666,277,1389,0.8337334933973589,2073,5
31,9,0.8,0.8168517124183636,95,75,100,807,2,0.006125999992946163,1,1554,268,1286,0.8275418275418276,1943,6
32,0,-0.8,-0.8089638008019949,80,38,100,811,2,0.025100899991230108,3,4171,660,3511,0.8417645648525534,11020,12
32,1,-0.8,-0.8089638008019949,58,71,100,811,2,0.03524890000699088,7,5187,809,4378,0.8440331598226335,16205,15
32,2,-0.8,-0.8089638008019949,81,36,100,811,2,0.03550119999272283,6,5220,824,4396,0.8421455938697318,16713,15
32,3,-0.8,-0.8089638008019949,6,9,100,811,2,0.02729850000469014,1,4354,703,3651,0.8385392742305926,12225,14
32,4,-0.8,-0.8089638008019949,48,92,100,811,2,0.024084799995762296,6,4223,621,3602,0.8529481411318968,10306,11
32,5,-0.8,-0.8089638008019949,44,0,100,811,2,0.02629029999661725,9,4409,669,3740,0.8482649126786119,11686,15
32,6,-0.8,-0.8089638008019949,31,27,100,811,2,0.026818500002264045,4,4389,663,3726,0.8489405331510594,11968,12
32,7,-0.8,-0.8089638008019949,38,45,100,811,2,0.029837699999916367,6,4625,724,3901,0.8434594594594594,13615,13
32,8,-0.8,-0.8089638008019949,56,16,100,811,2,0.027537300004041754,15,4511,663,3848,0.8530259365994236,12426,15
32,9,-0.8,-0.8089638008019949,58,6,100,811,2,0.034634099996765144,7,5187,809,4378,0.8440331598226335,16205,15
32,0,-0.4,-0.40442221921153015,80,38,100,811,2,0.017697300005238503,2,3294,530,2764,0.8391013964784456,7162,9
32,1,-0.4,-0.40442221921153015,58,71,100,811,2,0.027733199996873736,2,4510,701,3809,0.8445676274944568,12367,13
32,2,-0.4,-0.40442221921153015,81,36,100,811,2,0.02883480000309646,8,4604,745,3859,0.8381841876629018,12923,13
32,3,-0.4,-0.40442221921153015,6,9,100,811,2,0.021583699999609962,1,3737,627,3110,0.8322183569708322,9151,12
32,4,-0.4,-0.40442221921153015,48,92,100,811,2,0.01721710000128951,3,3396,504,2892,0.8515901060070671,6697,10
32,5,-0.4,-0.40442221921153015,44,0,100,811,2,0.019935999996960163,9,3651,584,3067,0.8400438236099699,8337,12
32,6,-0.4,-0.40442221921153015,31,27,100,811,2,0.023637299993424676,5,4069,625,3444,0.8463996067829934,10201,11
32,7,-0.4,-0.40442221921153015,38,45,100,811,2,0.026884599996265024,8,4347,689,3658,0.8414998849781459,12042,16
32,8,-0.4,-0.40442221921153015,56,16,100,811,2,0.022654600004898384,13,3981,591,3390,0.8515448379804069,9292,13
32,9,-0.4,-0.40442221921153015,58,6,100,811,2,0.02800330000172835,6,4510,701,3809,0.8445676274944568,12367,13
32,0,0.0,0.02092932962162113,80,38,100,811,2,0.013855700002750382,3,2809,463,2346,0.8351726593093628,5350,9
32,1,0.0,0.02092932962162113,58,71,100,811,2,0.022401499998522922,2,3882,618,3264,0.8408037094281299,9314,10
32,2,0.0,0.02092932962162113,81,36,100,811,2,0.030220699991332367,4,4805,765,4040,0.8407908428720083,13291,12
32,3,0.0,0.02092932962162113,6,9,100,811,2,0.021110500005306676,1,3706,611,3095,0.8351322180248246,8594,12
32,4,0.0,0.02092932962162113,48,92,100,811,2,0.012423199994373135,1,2655,429,2226,0.8384180790960452,4668,10
32,5,0.0,0.02092932962162113,44,0,100,811,2,0.01749539999582339,8,3327,544,2783,0.8364893297264803,7103,9
32,6,0.0,0.02092932962162113,31,27,100,811,2,0.02367749999393709,4,4119,634,3485,0.8460791454236465,9806,15
32,7,0.0,0.02092932962162113,38,45,100,811,2,0.022142900008475408,7,3880,612,3268,0.8422680412371134,9224,11
32,8,0.0,0.02092932962162113,56,16,100,811,2,0.01396260000183247,8,2860,457,2403,0.8402097902097903,5408,10
32,9,0.0,0.02092932962162113,58,6,100,811,2,0.021782900003017858,6,3882,618,3264,0.8408037094281299,9314,10
32,0,0.4,0.4175668630210478,80,38,100,811,2,0.011971399988397025,2,2490,418,2072,0.8321285140562249,4487,10
32,1,0.4,0.4175668630210478,58,71,100,811,2,0.01723640000273008,2,3345,546,2799,0.8367713004484305,7049,11
32,2,0.4,0.4175668630210478,81,36,100,811,2,0.01950740000756923,3,3449,562,2887,0.837054218614091,7574,10
32,3,0.4,0.4175668630210478,6,9,100,811,2,0.013869799993699417,1,2879,505,2374,0.8245918721778396,5385,9
32,4,0.4,0.4175668630210478,48,92,100,811,2,0.010242099990136921,1,2252,372,1880,0.8348134991119005,3511,10
32,5,0.4,0.4175668630210478,44,0,100,811,2,0.013049799992586486,5,2657,458,2199,0.8276251411366202,4690,9
32,6,0.4,0.4175668630210478,31,27,100,811,2,0.01343530000303872,2,2798,459,2339,0.8359542530378842,5086,9
32,7,0.4,0.4175668630210478,38,45,100,811,2,0.019404899998335168,5,3444,560,2884,0.8373983739837398,7357,12
32,8,0.4,0.4175668630210478,56,16,100,811,2,0.01262019999558106,5,2611,420,2191,0.839142091152815,4445,9
32,9,0.4,0.4175668630210478,58,6,100,811,2,0.01747060001071077,6,3345,546,2799,0.8367713004484305,7049,11
32,0,0.8,0.8002673910461234,80,38,100,811,2,0.0072179999988293275,2,1715,318,1397,0.8145772594752186,2408,9
32,1,0.8,0.8002673910461234,58,71,100,811,2,0.009737899992614985,1,2158,393,1765,0.8178869323447636,3458,9
32,2,0.8,0.8002673910461234,81,36,100,811,2,0.009990800012019463,1,2278,381,1897,0.8327480245829675,3507,7
32,3,0.8,0.8002673910461234,6,9,100,811,2,0.006480199997895397,1,1581,310,1271,0.803921568627451,2123,6
32,4,0.8,0.8002673910461234,48,92,100,811,2,0.0069958999956725165,1,1723,305,1418,0.8229831688914684,2230,8
32,5,0.8,0.8002673910461234,44,0,100,811,2,0.0073631999985082075,4,1801,329,1472,0.8173237090505275,2449,7
32,6,0.8,0.8002673910461234,31,27,100,811,2,0.007135699997888878,1,1756,307,1449,0.8251708428246014,2338,8
32,7,0.8,0.8002673910461234,38,45,100,811,2,0.008791300002485514,3,2044,356,1688,0.8258317025440313,3085,7
32,8,0.8,0.8002673910461234,56,16,100,811,2,0.006371099996613339,4,1598,291,1307,0.8178973717146433,2042,6
32,9,0.8,0.8002673910461234,58,6,100,811,2,0.009595800001989119,3,2158,393,1765,0.8178869323447636,3458,9
33,0,-0.8,-0.786142228463325,1,3,100,818,2,0.03966080000100192,6,5342,853,4489,0.8403219767877199,19267,18
33,1,-0.8,-0.786142228463325,80,41,100,818,2,0.032226499999524094,6,4978,743,4235,0.8507432703897148,14718,12
33,2,-0.8,-0.786142228463325,4,8,100,818,2,0.024975100008305162,9,4216,637,3579,0.8489089184060721,10871,11
33,3,-0.8,-0.786142228463325,76,1,100,818,2,0.03237000000081025,8,4992,741,4251,0.8515625,14712,12
33,4,-0.8,-0.786142228463325,34,59,100,818,2,0.02448290000029374,7,4422,641,3781,0.8550429669832655,10447,12
33,5,-0.8,-0.786142228463325,89,87,100,818,2,0.02680200000759214,9,4524,653,3871,0.8556587091069849,11801,12
33,6,-0.8,-0.786142228463325,67,24,100,818,2,0.034081300007528625,7,5130,796,4334,0.8448343079922027,15691,16
33,7,-0.8,-0.786142228463325,18,22,100,818,2,0.029685500005143695,4,4857,670,4187,0.8620547663166563,13307,15
33,8,-0.8,-0.786142228463325,95,14,100,818,2,0.028878999990411103,6,4566,693,3873,0.8482260183968463,13279,12
33,9,-0.8,-0.786142228463325,32,72,100,818,2,0.029289500002050772,2,4622,698,3924,0.848983124188663,12875,13
33,0,-0.4,-0.38848922416551057,1,3,100,818,2,0.0343124000064563,5,4856,813,4043,0.8325782537067545,16403,12
33,1,-0.4,-0.38848922416551057,80,41,100,818,2,0.026018599994131364,7,4450,666,3784,0.8503370786516854,11517,13
33,2,-0.4,-0.38848922416551057,4,8,100,818,2,0.023059300001477823,8,4093,621,3472,0.8482775470315173,10023,12
33,3,-0.4,-0.38848922416551057,76,1,100,818,2,0.026658400005544536,4,4424,686,3738,0.8449367088607594,11773,11
33,4,-0.4,-0.38848922416551057,34,59,100,818,2,0.017837999999755993,4,3542,534,3008,0.8492377188029362,7177,9
33,5,-0.4,-0.38848922416551057,89,87,100,818,2,0.02014710000366904,5,3734,562,3172,0.8494911622924478,8477,11
33,6,-0.4,-0.38848922416551057,67,24,100,818,2,0.029676699996343814,5,4811,753,4058,0.8434836832259406,13630,13
33,7,-0.4,-0.38848922416551057,18,22,100,818,2,0.026940399999148212,6,4556,644,3912,0.858647936786655,11996,14
33,8,-0.4,-0.38848922416551057,95,14,100,818,2,0.027521199997863732,7,4473,689,3784,0.8459646769505924,12169,12
33,9,-0.4,-0.38848922416551057,32,72,100,818,2,0.023154900001827627,2,4058,625,3433,0.8459832429768359,9900,13
33,0,0.0,-0.0007806848660744403,1,3,100,818,2,0.030693199994857423,7,4523,741,3782,0.836170683174884,13824,14
33,1,0.0,-0.0007806848660744403,80,41,100,818,2,0.018101099994964898,7,3467,551,2916,0.8410729737525238,7289,10
33,2,0.0,-0.0007806848660744403,4,8,100,818,2,0.020390100005897693,6,3785,584,3201,0.8457067371202114,8250,8
33,3,0.0,-0.0007806848660744403,76,1,100,818,2,0.024604999998700805,5,4269,657,3612,0.8460997891777934,10406,13
33,4,0.0,-0.0007806848660744403,34,59,100,818,2,0.01506040000822395,4,3065,469,2596,0.8469820554649266,5693,9
33,5,0.0,-0.0007806848660744403,89,87,100,818,2,0.016453200005344115,4,3216,495,2721,0.8460820895522388,6467,11
33,6,0.0,-0.0007806848660744403,67,24,100,818,2,0.022013200010405853,3,3815,625,3190,0.836173001310616,9294,12
33,7,0.0,-0.0007806848660744403,18,22,100,818,2,0.026104100004886277,3,4482,639,3843,0.857429718875502,11067,13
33,8,0.0,-0.0007806848660744403,95,14,100,818,2,0.022081100003561005,7,3944,607,3337,0.8460953346855984,9121,12
33,9,0.0,-0.0007806848660744403,32,72,100,818,2,0.019034500000998378,3,3537,572,2965,0.8382810291207238,7684,9
33,0,0.4,0.37710958731675903,1,3,100,818,2,0.019014099991181865,3,3456,549,2907,0.8411458333333334,7663,12
33,1,0.4,0.37710958731675903,80,41,100,818,2,0.014377699990291148,3,2945,481,2464,0.8366723259762309,5339,7
33,2,0.4,0.37710958731675903,4,8,100,818,2,0.015621999991708435,6,3145,500,2645,0.8410174880763116,5999,7
33,3,0.4,0.37710958731675903,76,1,100,818,2,0.01613119999819901,3,3275,506,2769,0.8454961832061069,6126,9
33,4,0.4,0.37710958731675903,34,59,100,818,2,0.011405600002035499,5,2523,393,2130,0.8442330558858502,4089,8
33,5,0.4,0.37710958731675903,89,87,100,818,2,0.012384299989207648,4,2665,420,2245,0.8424015009380863,4565,8
33,6,0.4,0.37710958731675903,67,24,100,818,2,0.01528709998819977,2,2911,518,2393,0.822054276880797,6043,8
33,7,0.4,0.37710958731675903,18,22,100,818,2,0.01724490000924561,2,3421,514,2907,0.8497515346389944,6645,9
33,8,0.4,0.37710958731675903,95,14,100,818,2,0.01419750000059139,4,2891,472,2419,0.8367346938775511,5398,9
33,9,0.4,0.37710958731675903,32,72,100,818,2,0.017329899987089448,3,3437,541,2896,0.84259528658714,6843,9
33,0,0.8,0.7793522118259566,1,3,100,818,2,0.0073558000003686175,3,1768,305,1463,0.8274886877828054,2333,6
33,1,0.8,0.7793522118259566,80,41,100,818,2,0.007417599990731105,2,1799,309,1490,0.8282379099499723,2376,4
33,2,0.8,0.7793522118259566,4,8,100,818,2,0.008200600001146086,1,1984,334,1650,0.8316532258064516,2646,6
33,3,0.8,0.7793522118259566,76,1,100,818,2,0.0076102000020910054,1,1822,322,1500,0.823271130625686,2458,6
33,4,0.8,0.7793522118259566,34,59,100,818,2,0.006862499998533167,2,1689,287,1402,0.8300769686204855,2156,6
33,5,0.8,0.7793522118259566,89,87,100,818,2,0.00843620000523515,7,2016,319,1697,0.841765873015873,2752,8
33,6,0.8,0.7793522118259566,67,24,100,818,2,0.00861189998977352,2,1958,350,1608,0.8212461695607763,2921,7
33,7,0.8,0.7793522118259566,18,22,100,818,2,0.009495400008745492,1,2205,367,1838,0.8335600907029479,3202,9
33,8,0.8,0.7793522118259566,95,14,100,818,2,0.007865699997637421,2,1913,333,1580,0.8259278619968635,2567,6
33,9,0.8,0.7793522118259566,32,72,100,818,2,0.008294500003103167,3,2038,325,1713,0.8405299313052012,2687,7
34,0,-0.8,-0.7933919513082532,71,43,100,758,2,0.014612500002840534,3,2845,468,2377,0.8355008787346222,5835,10
34,1,-0.8,-0.7933919513082532,28,55,100,758,2,0.024859999990439974,4,4206,631,3575,0.8499762244412744,10722,12
34,2,-0.8,-0.7933919513082532,29,19,100,758,2,0.018624799995450303,3,3363,549,2814,0.8367528991971455,7675,11
34,3,-0.8,-0.7933919513082532,44,7,100,758,2,0.02483909999136813,1,3909,676,3233,0.8270657457150167,10881,11
34,4,-0.8,-0.7933919513082532,89,92,100,758,2,0.027432300004875287,7,4175,702,3473,0.8318562874251497,12443,12
34,5,-0.8,-0.7933919513082532,11,42,100,758,2,0.030566200002795085,3,4609,710,3899,0.845953569103927,13464,16
34,6,-0.8,-0.7933919513082532,16,76,100,758,2,0.02046889999473933,5,3621,568,3053,0.8431372549019608,8938,13
34,7,-0.8,-0.7933919513082532,40,81,100,758,2,0.03051440000126604,3,4524,734,3790,0.8377541998231653,14392,14
34,8,-0.8,-0.7933919513082532,71,24,100,758,2,0.014515500006382354,3,2845,468,2377,0.8355008787346222,5835,10
34,9,-0.8,-0.7933919513082532,0,76,100,758,2,0.027161500009242445,9,4284,683,3601,0.8405695611577965,12021,13
34,0,-0.4,-0.40120648663478503,71,43,100,758,2,0.016341799986548722,4,3193,514,2679,0.8390228625117444,6525,12
34,1,-0.4,-0.40120648663478503,28,55,100,758,2,0.02105890000530053,2,3888,587,3301,0.849022633744856,8991,14
34,2,-0.4,-0.40120648663478503,29,19,100,758,2,0.018567799997981638,4,3354,573,2781,0.8291592128801432,7959,12
34,3,-0.4,-0.40120648663478503,44,7,100,758,2,0.024544899992179126,1,3954,696,3258,0.8239757207890743,11021,16
34,4,-0.4,-0.40120648663478503,89,92,100,758,2,0.0207347999967169,4,3599,602,2997,0.8327313142539594,9076,11
34,5,-0.4,-0.40120648663478503,11,42,100,758,2,0.030918299991753884,3,4904,741,4163,0.8488988580750407,14360,18
34,6,-0.4,-0.40120648663478503,16,76,100,758,2,0.017126200007623993,6,3234,519,2715,0.839517625231911,7210,12
34,7,-0.4,-0.40120648663478503,40,81,100,758,2,0.02374589999089949,5,3956,665,3291,0.8319009100101112,10752,12
34,8,-0.4,-0.40120648663478503,71,24,100,758,2,0.016303700002026744,6,3193,514,2679,0.8390228625117444,6525,12
34,9,-0.4,-0.40120648663478503,0,76,100,758,2,0.026792200005729683,11,4438,698,3740,0.8427219468228931,11990,12
34,0,0.0,-0.03648156483798243,71,43,100,758,2,0.016466200002469122,4,3154,543,2611,0.8278376664552949,6692,11
34,1,0.0,-0.03648156483798243,28,55,100,758,2,0.019534900013240986,1,3653,540,3113,0.8521762934574323,7825,13
34,2,0.0,-0.03648156483798243,29,19,100,758,2,0.018436599988490343,5,3323,601,2722,0.8191393319289798,7738,12
34,3,0.0,-0.03648156483798243,44,7,100,758,2,0.023700799996731803,1,3943,672,3271,0.8295713923408572,10365,13
34,4,0.0,-0.03648156483798243,89,92,100,758,2,0.017075900002964772,4,3154,555,2599,0.8240329740012682,7009,10
34,5,0.0,-0.03648156483798243,11,42,100,758,2,0.0236531999980798,3,3975,642,3333,0.8384905660377359,10298,13
34,6,0.0,-0.03648156483798243,16,76,100,758,2,0.016714100012904964,3,3089,519,2570,0.8319844609906119,6705,13
34,7,0.0,-0.03648156483798243,40,81,100,758,2,0.01735319998988416,4,3298,541,2757,0.835961188599151,7054,10
34,8,0.0,-0.03648156483798243,71,24,100,758,2,0.016823400001158006,3,3154,543,2611,0.8278376664552949,6692,11
34,9,0.0,-0.03648156483798243,0,76,100,758,2,0.024041500000748783,12,4202,654,3548,0.8443598286530224,10114,13
34,0,0.4,0.343644236609497,71,43,100,758,2,0.01298629998927936,4,2624,460,2164,0.8246951219512195,4913,9
34,1,0.4,0.343644236609497,28,55,100,758,2,0.012247499995282851,1,2604,419,2185,0.8390937019969278,4617,10
34,2,0.4,0.343644236609497,29,19,100,758,2,0.014134799988823943,4,2812,508,2304,0.8193456614509246,5465,9
34,3,0.4,0.343644236609497,44,7,100,758,2,0.01525989999936428,1,2738,509,2229,0.8140978816654493,5606,8
34,4,0.4,0.343644236609497,89,92,100,758,2,0.011227300012251362,2,2482,422,2060,0.8299758259468171,4165,7
34,5,0.4,0.343644236609497,11,42,100,758,2,0.016289799998048693,2,3041,504,2537,0.8342650443932916,6490,10
34,6,0.4,0.343644236609497,16,76,100,758,2,0.012678600003710017,3,2570,452,2118,0.824124513618677,4835,11
34,7,0.4,0.343644236609497,40,81,100,758,2,0.009238800004823133,3,2120,353,1767,0.8334905660377359,3223,10
34,8,0.4,0.343644236609497,71,24,100,758,2,0.012824199991882779,5,2624,460,2164,0.8246951219512195,4913,9
34,9,0.4,0.343644236609497,0,76,100,758,2,0.011712099993019365,8,2498,420,2078,0.8318654923939152,4398,10
34,0,0.8,0.7827809685284837,71,43,100,758,2,0.008464300000923686,3,1923,350,1573,0.8179927197087884,2763,7
34,1,0.8,0.7827809685284837,28,55,100,758,2,0.00769909999507945,1,1821,304,1517,0.8330587589236683,2479,7
34,2,0.8,0.7827809685284837,29,19,100,758,2,0.00810300000011921,2,1867,350,1517,0.8125334761649705,2657,6
34,3,0.8,0.7827809685284837,44,7,100,758,2,0.008164400001987815,1,1886,355,1531,0.8117709437963945,2718,6
34,4,0.8,0.7827809685284837,89,92,100,758,2,0.005847300009918399,2,1532,263,1269,0.8283289817232375,1827,5
34,5,0.8,0.7827809685284837,11,42,100,758,2,0.008011700003407896,2,1917,324,1593,0.8309859154929577,2720,7
34,6,0.8,0.7827809685284837,16,76,100,758,2,0.007228899994515814,3,1709,324,1385,0.8104154476301931,2434,6
34,7,0.8,0.7827809685284837,40,81,100,758,2,0.0050174999923910946,1,1268,240,1028,0.8107255520504731,1554,6
34,8,0.8,0.7827809685284837,71,24,100,758,2,0.00809839999419637,4,1923,350,1573,0.8179927197087884,2763,7
34,9,0.8,0.7827809685284837,0,76,100,758,2,0.006441000004997477,4,1608,285,1323,0.8227611940298507,2067,5
35,0,-0.8,-0.8135240745834762,49,8,100,785,2,0.0246371000102954,5,4197,637,3560,0.848224922563736,10457,13
35,1,-0.8,-0.8135240745834762,51,90,100,785,2,0.030472200000076555,10,4620,729,3891,0.8422077922077922,13606,13
35,2,-0.8,-0.8135240745834762,96,29,100,785,2,0.03391420000116341,5,5011,742,4269,0.8519257633206945,15388,13
35,3,-0.8,-0.8135240745834762,60,16,100,785,2,0.039221099999849685,4,5439,827,4612,0.8479499908071336,18675,15
35,4,-0.8,-0.8135240745834762,38,82,100,785,2,0.03455529999337159,4,4981,754,4227,0.8486247741417386,15971,13
35,5,-0.8,-0.8135240745834762,42,13,100,785,2,0.031326799988164566,6,4797,752,4045,0.8432353554304773,14593,14
35,6,-0.8,-0.8135240745834762,84,36,100,785,2,0.04681770000024699,5,5906,938,4968,0.8411784625804267,23455,22
35,7,-0.8,-0.8135240745834762,63,68,100,785,2,0.03830109999398701,3,5359,837,4522,0.843814144429931,18549,18
35,8,-0.8,-0.8135240745834762,38,25,100,785,2,0.03359979999368079,5,4981,754,4227,0.8486247741417386,15971,13
35,9,-0.8,-0.8135240745834762,55,4,100,785,2,0.02560000000812579,8,4287,673,3614,0.8430137625379053,11361,14
35,0,-0.4,-0.4221282842709495,49,8,100,785,2,0.01922089999425225,4,3550,567,2983,0.8402816901408451,8042,13
35,1,-0.4,-0.4221282842709495,51,90,100,785,2,0.021328300004824996,7,3778,617,3161,0.8366860772895712,9330,11
35,2,-0.4,-0.4221282842709495,96,29,100,785,2,0.023516899993410334,4,4081,621,3460,0.8478314138691497,10285,11
35,3,-0.4,-0.4221282842709495,60,16,100,785,2,0.028388500009896234,4,4507,715,3792,0.8413578877301975,12907,13
35,4,-0.4,-0.4221282842709495,38,82,100,785,2,0.03311690001282841,3,4953,760,4193,0.8465576418332323,15344,15
35,5,-0.4,-0.4221282842709495,42,13,100,785,2,0.027626900002360344,8,4405,714,3691,0.8379114642451759,12755,13
35,6,-0.4,-0.4221282842709495,84,36,100,785,2,0.043465199996717274,5,5612,921,4691,0.8358873841767641,21624,16
35,7,-0.4,-0.4221282842709495,63,68,100,785,2,0.032276700003421865,3,4791,765,4026,0.8403256105197244,15001,15
35,8,-0.4,-0.4221282842709495,38,25,100,785,2,0.03293810000468511,5,4953,760,4193,0.8465576418332323,15344,15
35,9,-0.4,-0.4221282842709495,55,4,100,785,2,0.023437200012267567,7,4164,642,3522,0.845821325648415,10130,13
35,0,0.0,-0.006955624644379758,49,8,100,785,2,0.01772519999940414,4,3319,562,2757,0.8306718891232299,7273,12
35,1,0.0,-0.006955624644379758,51,90,100,785,2,0.01680810000107158,5,3151,536,2615,0.829895271342431,6868,10
35,2,0.0,-0.006955624644379758,96,29,100,785,2,0.01794599999266211,5,3364,523,2841,0.8445303210463734,7184,11
35,3,0.0,-0.006955624644379758,60,16,100,785,2,0.025044400012120605,3,4082,668,3414,0.8363547280744733,10773,11
35,4,0.0,-0.006955624644379758,38,82,100,785,2,0.02707130000635516,2,4505,681,3824,0.848834628190899,11733,14
35,5,0.0,-0.006955624644379758,42,13,100,785,2,0.0235028000024613,9,3906,646,3260,0.8346134152585766,10140,13
35,6,0.0,-0.006955624644379758,84,36,100,785,2,0.03516699999454431,5,4847,816,4031,0.8316484423354652,16618,18
35,7,0.0,-0.006955624644379758,63,68,100,785,2,0.028409600010490976,5,4381,699,3682,0.8404473864414517,12302,17
35,8,0.0,-0.006955624644379758,38,25,100,785,2,0.027806099998997524,4,4505,681,3824,0.848834628190899,11733,14
35,9,0.0,-0.006955624644379758,55,4,100,785,2,0.019521100010024384,5,3598,573,3025,0.8407448582545859,7712,13
35,0,0.4,0.3952302673400473,49,8,100,785,2,0.017287300011957996,4,3039,526,2513,0.8269167489305692,6600,11
35,1,0.4,0.3952302673400473,51,90,100,785,2,0.013964500001748092,3,2684,495,2189,0.8155737704918032,5446,11
35,2,0.4,0.3952302673400473,96,29,100,785,2,0.013721300012548454,3,2934,451,2483,0.8462849352419904,5142,10
35,3,0.4,0.3952302673400473,60,16,100,785,2,0.018998400002601556,3,3445,560,2885,0.8374455732946299,7493,12
35,4,0.4,0.3952302673400473,38,82,100,785,2,0.014178500001435168,1,2885,472,2413,0.8363951473136915,5226,8
35,5,0.4,0.3952302673400473,42,13,100,785,2,0.019801700007519685,8,3452,580,2872,0.831981460023175,7720,11
35,6,0.4,0.3952302673400473,84,36,100,785,2,0.025504700010060333,3,3978,637,3341,0.8398692810457516,10589,19
35,7,0.4,0.3952302673400473,63,68,100,785,2,0.01637050000135787,7,3194,522,2672,0.8365685660613651,6463,11
35,8,0.4,0.3952302673400473,38,25,100,785,2,0.013780299996142276,3,2885,472,2413,0.8363951473136915,5226,8
35,9,0.4,0.3952302673400473,55,4,100,785,2,0.013402299999142997,4,2854,476,2378,0.8332165381920112,5037,10
35,0,0.8,0.794685669318629,49,8,100,785,2,0.012005800002953038,4,2472,451,2021,0.8175566343042071,4420,8
35,1,0.8,0.794685669318629,51,90,100,785,2,0.008019899993087165,2,1836,358,1478,0.8050108932461874,2786,7
35,2,0.8,0.794685669318629,96,29,100,785,2,0.007869400011259131,1,1807,302,1505,0.8328721638074156,2312,7
35,3,0.8,0.794685669318629,60,16,100,785,2,0.009636000002501532,3,2153,367,1786,0.8295401764979099,3254,7
35,4,0.8,0.794685669318629,38,82,100,785,2,0.007654000000911765,1,1890,299,1591,0.8417989417989418,2420,6
35,5,0.8,0.794685669318629,42,13,100,785,2,0.010854799998924136,5,2380,422,1958,0.8226890756302521,3817,8
35,6,0.8,0.794685669318629,84,36,100,785,2,0.008337499995832331,1,1726,276,1450,0.8400926998841252,2114,6
35,7,0.8,0.794685669318629,63,68,100,785,2,0.00791699999535922,2,1840,332,1508,0.8195652173913044,2626,7
35,8,0.8,0.794685669318629,38,25,100,785,2,0.007620199990924448,3,1890,299,1591,0.8417989417989418,2420,6
35,9,0.8,0.794685669318629,55,4,100,785,2,0.007355699999607168,5,1779,321,1458,0.8195615514333895,2380,5
36,0,-0.8,-0.7937422918548717,81,64,100,782,2,0.025781100004678592,4,3984,665,3319,0.8330823293172691,10574,11
36,1,-0.8,-0.7937422918548717,97,45,100,782,2,0.03881769999861717,6,5298,843,4455,0.8408833522083805,18481,15
36,2,-0.8,-0.7937422918548717,53,65,100,782,2,0.021876699989661574,3,3871,590,3281,0.8475846034616378,9292,13
36,3,-0.8,-0.7937422918548717,42,91,100,782,2,0.022385700009181164,6,3887,607,3280,0.8438384358116799,9617,12
36,4,-0.8,-0.7937422918548717,77,65,100,782,2,0.02175159999751486,5,3876,586,3290,0.848813209494324,9308,13
36,5,-0.8,-0.7937422918548717,43,22,100,782,2,0.025560399997630157,7,4291,678,3613,0.841994872989979,11427,13
36,6,-0.8,-0.7937422918548717,53,37,100,782,2,0.02161730000807438,3,3871,590,3281,0.8475846034616378,9292,13
36,7,-0.8,-0.7937422918548717,28,79,100,782,2,0.0238656000001356,5,3989,665,3324,0.8332915517673603,10574,14
36,8,-0.8,-0.7937422918548717,71,33,100,782,2,0.033012899992172606,4,4778,788,3990,0.8350774382586856,15311,16
36,9,-0.8,-0.7937422918548717,72,86,100,782,2,0.026249400005326606,5,4210,675,3535,0.8396674584323041,11914,11
36,0,-0.4,-0.40559436701756785,81,64,100,782,2,0.02298019999579992,4,3681,623,3058,0.8307525129041021,8992,11
36,1,-0.4,-0.40559436701756785,97,45,100,782,2,0.037445299996761605,6,5021,812,4209,0.8382792272455686,15766,14
36,2,-0.4,-0.40559436701756785,53,65,100,782,2,0.01931469999544788,2,3614,561,3053,0.844770337576093,8101,10
36,3,-0.4,-0.40559436701756785,42,91,100,782,2,0.020339800001238473,4,3641,607,3034,0.8332875583630871,8626,14
36,4,-0.4,-0.40559436701756785,77,65,100,782,2,0.018764399996143766,7,3564,536,3028,0.8496071829405163,7753,12
36,5,-0.4,-0.40559436701756785,43,22,100,782,2,0.02456259999598842,12,4212,671,3541,0.8406932573599241,10856,14
36,6,-0.4,-0.40559436701756785,53,37,100,782,2,0.019363400002475828,4,3614,561,3053,0.844770337576093,8101,10
36,7,-0.4,-0.40559436701756785,28,79,100,782,2,0.023067400004947558,5,3876,637,3239,0.8356553147574819,9879,12
36,8,-0.4,-0.40559436701756785,71,33,100,782,2,0.032329900001059286,6,4718,796,3922,0.8312844425604069,15118,15
36,9,-0.4,-0.40559436701756785,72,86,100,782,2,0.02499819999502506,5,4177,671,3506,0.8393583911898492,11117,11
36,0,0.0,-0.02869604243665258,81,64,100,782,2,0.016433600001619197,4,3051,536,2515,0.8243198951163553,6718,9
36,1,0.0,-0.02869604243665258,97,45,100,782,2,0.02155640001001302,6,3872,616,3256,0.8409090909090909,9016,12
36,2,0.0,-0.02869604243665258,53,65,100,782,2,0.01706860000558663,1,3358,521,2837,0.8448481238832638,6862,10
36,3,0.0,-0.02869604243665258,42,91,100,782,2,0.01512340000772383,4,2938,520,2418,0.8230088495575221,5977,10
36,4,0.0,-0.02869604243665258,77,65,100,782,2,0.01467600000614766,3,3028,469,2559,0.845112285336856,5645,9
36,5,0.0,-0.02869604243665258,43,22,100,782,2,0.020890400002826937,8,3754,619,3135,0.8351092168353756,8700,11
36,6,0.0,-0.02869604243665258,53,37,100,782,2,0.0169776999973692,4,3358,521,2837,0.8448481238832638,6862,10
36,7,0.0,-0.02869604243665258,28,79,100,782,2,0.02053850000083912,4,3551,598,2953,0.8315967333145593,8388,12
36,8,0.0,-0.02869604243665258,71,33,100,782,2,0.028484099995694123,4,4269,730,3539,0.8289997657531037,12584,11
36,9,0.0,-0.02869604243665258,72,86,100,782,2,0.019995900001958944,7,3560,584,2976,0.8359550561797753,8242,12
36,0,0.4,0.3640308048735011,81,64,100,782,2,0.01223510000272654,3,2500,450,2050,0.82,4478,7
36,1,0.4,0.3640308048735011,97,45,100,782,2,0.013576299999840558,4,2790,463,2327,0.8340501792114695,5072,9
36,2,0.4,0.3640308048735011,53,65,100,782,2,0.01208980000228621,1,2649,413,2236,0.8440921102302755,4444,8
36,3,0.4,0.3640308048735011,42,91,100,782,2,0.011389899998903275,4,2371,430,1941,0.8186419232391396,4152,8
36,4,0.4,0.3640308048735011,77,65,100,782,2,0.010606199997710064,2,2274,371,1903,0.8368513632365875,3464,7
36,5,0.4,0.3640308048735011,43,22,100,782,2,0.018953299993881956,6,3277,528,2749,0.8388770216661581,6300,8
36,6,0.4,0.3640308048735011,53,37,100,782,2,0.012352799996733665,6,2649,413,2236,0.8440921102302755,4444,8
36,7,0.4,0.3640308048735011,28,79,100,782,2,0.011866799992276356,2,2472,425,2047,0.8280744336569579,4262,12
36,8,0.4,0.3640308048735011,71,33,100,782,2,0.019906500005163252,5,3429,593,2836,0.8270632837561971,8191,11
36,9,0.4,0.3640308048735011,72,86,100,782,2,0.012264999997569248,7,2563,434,2129,0.8306671868903629,4719,9
36,0,0.8,0.790703624356733,81,64,100,782,2,0.006893900004797615,2,1701,311,1390,0.8171663727219283,2217,6
36,1,0.8,0.790703624356733,97,45,100,782,2,0.008055700003751554,2,1929,331,1598,0.8284085018144116,2690,7
36,2,0.8,0.790703624356733,53,65,100,782,2,0.007475299993529916,1,1854,317,1537,0.8290183387270766,2405,5
36,3,0.8,0.790703624356733,42,91,100,782,2,0.0065371999953640625,2,1582,302,1280,0.809102402022756,2116,7
36,4,0.8,0.790703624356733,77,65,100,782,2,0.005519400001503527,1,1412,273,1139,0.806657223796034,1723,6
36,5,0.8,0.790703624356733,43,22,100,782,2,0.01019790000282228,3,2417,397,2020,0.8357467935457178,3545,7
36,6,0.8,0.790703624356733,53,37,100,782,2,0.007429299992509186,3,1854,317,1537,0.8290183387270766,2405,5
36,7,0.8,0.790703624356733,28,79,100,782,2,0.006125200001406483,1,1523,287,1236,0.8115561391989494,1987,7
36,8,0.8,0.790703624356733,71,33,100,782,2,0.012162699989858083,2,2397,434,1963,0.8189403420942846,4127,8
36,9,0.8,0.790703624356733,72,86,100,782,2,0.008674400000018068,3,1995,348,1647,0.825563909774436,2876,9
37,0,-0.8,-0.7895365428829237,65,5,100,740,2,0.02150200000323821,6,3635,596,3039,0.8360385144429161,9037,14
37,1,-0.8,-0.7895365428829237,37,82,100,740,2,0.028204999995068647,7,4238,678,3560,0.8400188768286928,12135,16
37,2,-0.8,-0.7895365428829237,32,87,100,740,2,0.027810799991129898,2,4286,680,3606,0.8413439104059729,12302,12
37,3,-0.8,-0.7895365428829237,3,73,100,740,2,0.02588610000384506,3,3979,668,3311,0.8321186227695401,11500,17
37,4,-0.8,-0.7895365428829237,18,43,100,740,2,0.0387161999969976,8,5102,824,4278,0.8384947079576637,18637,14
37,5,-0.8,-0.7895365428829237,87,12,100,740,2,0.026214500001515262,5,4068,678,3390,0.8333333333333334,11228,13
37,6,-0.8,-0.7895365428829237,34,32,100,740,2,0.021804400006658398,3,3646,604,3042,0.834339001645639,9081,11
37,7,-0.8,-0.7895365428829237,81,7,100,740,2,0.027214800007641315,4,4151,692,3459,0.833293182365695,12554,12
37,8,-0.8,-0.7895365428829237,18,84,100,740,2,0.03801920000114478,13,5102,824,4278,0.8384947079576637,18637,14
37,9,-0.8,-0.7895365428829237,19,39,100,740,2,0.028673799999523908,10,4240,710,3530,0.8325471698113207,13363,12
37,0,-0.4,-0.4010940291882286,65,5,100,740,2,0.018408200005069375,5,3381,554,2827,0.8361431529133393,7645,11
37,1,-0.4,-0.4010940291882286,37,82,100,740,2,0.022323199998936616,8,3785,627,3158,0.8343461030383091,9754,10
37,2,-0.4,-0.4010940291882286,32,87,100,740,2,0.019563499998184852,2,3463,565,2898,0.8368466647415536,8177,13
37,3,-0.4,-0.4010940291882286,3,73,100,740,2,0.025119600002653897,5,4025,682,3343,0.8305590062111802,11235,12
37,4,-0.4,-0.4010940291882286,18,43,100,740,2,0.026208900002529845,7,4097,674,3423,0.8354893824749817,11959,12
37,5,-0.4,-0.4010940291882286,87,12,100,740,2,0.01743180000630673,4,3169,542,2627,0.8289681287472389,7072,10
37,6,-0.4,-0.4010940291882286,34,32,100,740,2,0.017175000000861473,1,3180,549,2631,0.8273584905660377,7164,10
37,7,-0.4,-0.4010940291882286,81,7,100,740,2,0.02503489999799058,3,3951,670,3281,0.8304226778030879,11337,12
37,8,-0.4,-0.4010940291882286,18,84,100,740,2,0.026595100003760308,9,4097,674,3423,0.8354893824749817,11959,12
37,9,-0.4,-0.4010940291882286,19,39,100,740,2,0.02871059998869896,11,4249,733,3516,0.8274888208990351,13085,13
37,0,0.0,-0.02755042570877011,65,5,100,740,2,0.014936399995349348,5,2858,478,2380,0.8327501749475158,5812,10
37,1,0.0,-0.02755042570877011,37,82,100,740,2,0.01899260000209324,6,3230,572,2658,0.8229102167182663,7668,9
37,2,0.0,-0.02755042570877011,32,87,100,740,2,0.014322299990453757,2,2797,464,2333,0.8341079728280301,5663,8
37,3,0.0,-0.02755042570877011,3,73,100,740,2,0.02229290000104811,4,3771,652,3119,0.8271015645717317,9796,13
37,4,0.0,-0.02755042570877011,18,43,100,740,2,0.018470800001523457,7,3293,545,2748,0.8344974187670817,7851,10
37,5,0.0,-0.02755042570877011,87,12,100,740,2,0.01672280000639148,3,3130,537,2593,0.8284345047923323,6843,15
37,6,0.0,-0.02755042570877011,34,32,100,740,2,0.01538060000166297,1,2986,508,2478,0.8298727394507702,6138,10
37,7,0.0,-0.02755042570877011,81,7,100,740,2,0.023029999996651895,4,3830,650,3180,0.8302872062663186,10157,13
37,8,0.0,-0.02755042570877011,18,84,100,740,2,0.018594900000607595,7,3293,545,2748,0.8344974187670817,7851,10
37,9,0.0,-0.02755042570877011,19,39,100,740,2,0.022206100009498186,7,3724,650,3074,0.8254564983888292,9879,13
37,0,0.4,0.3579918237061009,65,5,100,740,2,0.01316850000876002,9,2604,440,2164,0.8310291858678955,4817,9
37,1,0.4,0.3579918237061009,37,82,100,740,2,0.01747990000876598,5,3149,553,2596,0.8243886948237535,7069,9
37,2,0.4,0.3579918237061009,32,87,100,740,2,0.011660599993774667,3,2401,409,1992,0.8296543107038734,4315,8
37,3,0.4,0.3579918237061009,3,73,100,740,2,0.01619080000091344,5,3100,537,2563,0.8267741935483871,6440,9
37,4,0.4,0.3579918237061009,18,43,100,740,2,0.012461899998015724,8,2605,437,2168,0.8322456813819578,4726,8
37,5,0.4,0.3579918237061009,87,12,100,740,2,0.01217200000246521,2,2529,457,2072,0.819296164491894,4653,9
37,6,0.4,0.3579918237061009,34,32,100,740,2,0.010468399996170774,1,2290,404,1886,0.8235807860262009,3806,7
37,7,0.4,0.3579918237061009,81,7,100,740,2,0.01268759999948088,4,2595,451,2144,0.8262042389210019,4802,9
37,8,0.4,0.3579918237061009,18,84,100,740,2,0.012857199995778501,4,2605,437,2168,0.8322456813819578,4726,8
37,9,0.4,0.3579918237061009,19,39,100,740,2,0.016991399999824353,8,3051,548,2503,0.8203867584398558,6768,12
37,0,0.8,0.7767677853663321,65,5,100,740,2,0.008397999990847893,6,1653,300,1353,0.8185117967332124,2241,7
37,1,0.8,0.7767677853663321,37,82,100,740,2,0.013887399996747263,2,2414,446,1968,0.8152444076222038,4384,7
37,2,0.8,0.7767677853663321,32,87,100,740,2,0.006583399997907691,4,1601,292,1309,0.8176139912554653,2238,7
37,3,0.8,0.7767677853663321,3,73,100,740,2,0.007348999992245808,3,1763,336,1427,0.8094157685762904,2511,7
37,4,0.8,0.7767677853663321,18,43,100,740,2,0.005706500000087544,3,1463,257,1206,0.8243335611756665,1843,5
37,5,0.8,0.7767677853663321,87,12,100,740,2,0.007398700006888248,4,1779,349,1430,0.8038223721191681,2508,8
37,6,0.8,0.7767677853663321,34,32,100,740,2,0.005870399996638298,1,1464,289,1175,0.8025956284153005,1904,6
37,7,0.8,0.7767677853663321,81,7,100,740,2,0.006527799996547401,3,1616,304,1312,0.8118811881188119,2150,6
37,8,0.8,0.7767677853663321,18,84,100,740,2,0.005772100004833192,2,1463,257,1206,0.8243335611756665,1843,5
37,9,0.8,0.7767677853663321,19,39,100,740,2,0.008675599994603544,5,2026,378,1648,0.8134254689042448,3082,7
38,0,-0.8,-0.7725342465283151,28,71,100,777,2,0.024970400001620874,2,4118,628,3490,0.8474987858183585,10980,13
38,1,-0.8,-0.7725342465283151,31,56,100,777,2,0.025135000003501773,12,4113,643,3470,0.8436664235351325,10722,16
38,2,-0.8,-0.7725342465283151,26,38,100,777,2,0.036032100004376844,8,5216,790,4426,0.848542944785276,16948,15
38,3,-0.8,-0.7725342465283151,96,18,100,777,2,0.021081400002003647,1,3789,573,3216,0.8487727632620744,8885,12
38,4,-0.8,-0.7725342465283151,61,24,100,777,2,0.02634000001125969,9,4154,669,3485,0.838950409244102,11643,13
38,5,-0.8,-0.7725342465283151,32,85,100,777,2,0.025366900008521043,4,4172,650,3522,0.8441994247363375,11269,13
38,6,-0.8,-0.7725342465283151,35,99,100,777,2,0.027897699997993186,2,4402,671,3731,0.8475692866878691,12788,16
38,7,-0.8,-0.7725342465283151,66,62,100,777,2,0.024276099997223355,5,4106,644,3462,0.8431563565513882,10645,14
38,8,-0.8,-0.7725342465283151,76,86,100,777,2,0.020786900000530295,2,3816,559,3257,0.8535115303983228,8747,12
38,9,-0.8,-0.7725342465283151,87,47,100,777,2,0.022071100000175647,2,3837,593,3244,0.8454521761793068,9460,14
38,0,-0.4,-0.3548725467712953,28,71,100,777,2,0.022405600000638515,2,3818,590,3228,0.8454688318491357,9442,14
38,1,-0.4,-0.3548725467712953,31,56,100,777,2,0.020715199992991984,8,3605,597,3008,0.8343966712898752,8711,11
38,2,-0.4,-0.3548725467712953,26,38,100,777,2,0.025458400006755255,7,4161,652,3509,0.8433068973804374,11209,13
38,3,-0.4,-0.3548725467712953,96,18,100,777,2,0.01898379999329336,1,3530,553,2977,0.843342776203966,7866,12
38,4,-0.4,-0.3548725467712953,61,24,100,777,2,0.019071400005486794,7,3445,570,2875,0.8345428156748912,7921,11
38,5,-0.4,-0.3548725467712953,32,85,100,777,2,0.02039790000708308,2,3674,571,3103,0.8445835601524224,8511,13
38,6,-0.4,-0.3548725467712953,35,99,100,777,2,0.026344800004153512,2,4263,658,3605,0.8456486042692939,11566,14
38,7,-0.4,-0.3548725467712953,66,62,100,777,2,0.02175449999049306,8,3776,610,3166,0.8384533898305084,9038,13
38,8,-0.4,-0.3548725467712953,76,86,100,777,2,0.017102500001783483,2,3213,504,2709,0.8431372549019608,6736,13
38,9,-0.4,-0.3548725467712953,87,47,100,777,2,0.019392500005778857,4,3514,549,2965,0.8437677859988617,7810,11
38,0,0.0,0.04049650315014622,28,71,100,777,2,0.018374499995843507,2,3376,527,2849,0.8438981042654028,7233,14
38,1,0.0,0.04049650315014622,31,56,100,777,2,0.020353900006739423,13,3557,593,2964,0.833286477368569,8308,13
38,2,0.0,0.04049650315014622,26,38,100,777,2,0.017317699996056035,4,3356,514,2842,0.8468414779499404,6791,10
38,3,0.0,0.04049650315014622,96,18,100,777,2,0.016323100004228763,1,3215,515,2700,0.8398133748055988,6338,9
38,4,0.0,0.04049650315014622,61,24,100,777,2,0.014261399992392398,5,2806,461,2345,0.8357091945830364,5136,11
38,5,0.0,0.04049650315014622,32,85,100,777,2,0.01716949998808559,2,3268,523,2745,0.8399632802937577,6529,9
38,6,0.0,0.04049650315014622,35,99,100,777,2,0.01825690000259783,2,3300,533,2767,0.8384848484848485,7396,11
38,7,0.0,0.04049650315014622,66,62,100,777,2,0.014561499992851168,4,2837,476,2361,0.8322171307719421,5536,10
38,8,0.0,0.04049650315014622,76,86,100,777,2,0.01721749998978339,2,3295,512,2783,0.8446130500758725,6758,12
38,9,0.0,0.04049650315014622,87,47,100,777,2,0.017498900007922202,3,3044,477,2567,0.8432982917214192,5908,10
38,0,0.4,0.414599584076133,28,71,100,777,2,0.01438629999756813,3,2789,429,2360,0.8461814270347795,4775,11
38,1,0.4,0.414599584076133,31,56,100,777,2,0.014500699995551258,9,2940,495,2445,0.8316326530612245,5631,10
38,2,0.4,0.414599584076133,26,38,100,777,2,0.009060600001248531,1,2074,338,1736,0.837029893924783,3154,9
38,3,0.4,0.414599584076133,96,18,100,777,2,0.012868399993749335,1,2740,457,2283,0.8332116788321168,4700,8
38,4,0.4,0.414599584076133,61,24,100,777,2,0.009919100004481152,5,2297,372,1925,0.8380496299521114,3482,8
38,5,0.4,0.414599584076133,32,85,100,777,2,0.012095000012777746,2,2567,425,2142,0.8344370860927153,4412,8
38,6,0.4,0.414599584076133,35,99,100,777,2,0.011619500000961125,2,2462,417,2045,0.830625507717303,4256,8
38,7,0.4,0.414599584076133,66,62,100,777,2,0.010643700006767176,5,2281,392,1889,0.8281455501972819,3723,10
38,8,0.4,0.414599584076133,76,86,100,777,2,0.015970299995387904,2,3207,499,2708,0.8444028687246647,6032,11
38,9,0.4,0.414599584076133,87,47,100,777,2,0.011488199990708381,3,2512,396,2116,0.8423566878980892,4150,9
38,0,0.8,0.7909747382398952,28,71,100,777,2,0.0064974999986588955,3,1604,271,1333,0.8310473815461347,2001,7
38,1,0.8,0.7909747382398952,31,56,100,777,2,0.008469300009892322,5,1967,342,1625,0.826131164209456,2738,7
38,2,0.8,0.7909747382398952,26,38,100,777,2,0.006235499997274019,1,1534,270,1264,0.8239895697522817,1925,5
38,3,0.8,0.7909747382398952,96,18,100,777,2,0.008540999988326803,1,1951,359,1592,0.8159917990773962,2808,7
38,4,0.8,0.7909747382398952,61,24,100,777,2,0.0061311000026762486,4,1528,270,1258,0.8232984293193717,1880,8
38,5,0.8,0.7909747382398952,32,85,100,777,2,0.008209899999201298,1,1962,324,1638,0.8348623853211009,2674,8
38,6,0.8,0.7909747382398952,35,99,100,777,2,0.007218800004920922,2,1725,300,1425,0.8260869565217391,2279,5
38,7,0.8,0.7909747382398952,66,62,100,777,2,0.0066147000034106895,3,1624,286,1338,0.8238916256157636,2039,7
38,8,0.8,0.7909747382398952,76,86,100,777,2,0.009105400007683784,2,2104,353,1751,0.8322243346007605,3040,11
38,9,0.8,0.7909747382398952,87,47,100,777,2,0.007551899994723499,3,1807,302,1505,0.8328721638074156,2479,9
39,0,-0.8,-0.7714495203008418,67,8,100,825,2,0.027090099989436567,7,4494,669,3825,0.8511348464619493,12057,13
39,1,-0.8,-0.7714495203008418,5,59,100,825,2,0.039795900011085905,10,5664,842,4822,0.8513418079096046,18490,18
39,2,-0.8,-0.7714495203008418,7,4,100,825,2,0.041241099999751896,3,5539,884,4655,0.8404044051272793,19422,17
39,3,-0.8,-0.7714495203008418,21,15,100,825,2,0.02741979999700561,6,4737,688,4049,0.8547603968756597,12057,13
39,4,-0.8,-0.7714495203008418,72,67,100,825,2,0.03780830001051072,9,5348,818,4530,0.8470456245325355,17189,13
39,5,-0.8,-0.7714495203008418,64,81,100,825,2,0.030361299999640323,4,4804,714,4090,0.8513738551207327,13969,14
39,6,-0.8,-0.7714495203008418,40,74,100,825,2,0.03689799999119714,8,5372,806,4566,0.8499627699180938,17613,17
39,7,-0.8,-0.7714495203008418,24,53,100,825,2,0.02942619999521412,4,4662,722,3940,0.8451308451308451,13287,14
39,8,-0.8,-0.7714495203008418,16,64,100,825,2,0.03492760000517592,3,5257,803,4454,0.8472512840022827,16029,16
39,9,-0.8,-0.7714495203008418,68,31,100,825,2,0.035583099990617484,4,5275,794,4481,0.849478672985782,16555,15
39,0,-0.4,-0.3570613016493036,67,8,100,825,2,0.023956000004545785,5,3976,608,3368,0.8470824949698189,9487,11
39,1,-0.4,-0.3570613016493036,5,59,100,825,2,0.03451589999895077,7,5416,786,4630,0.8548744460856721,16021,17
39,2,-0.4,-0.3570613016493036,7,4,100,825,2,0.03244270000141114,3,4865,773,4092,0.8411099691675231,15015,12
39,3,-0.4,-0.3570613016493036,21,15,100,825,2,0.02155279999715276,5,3914,605,3309,0.845426673479816,8803,10
39,4,-0.4,-0.3570613016493036,72,67,100,825,2,0.02889570000115782,6,4712,728,3984,0.8455008488964346,13063,13
39,5,-0.4,-0.3570613016493036,64,81,100,825,2,0.018878599992603995,3,3549,548,3001,0.8455903071287687,7827,16
39,6,-0.4,-0.3570613016493036,40,74,100,825,2,0.027456300013000146,7,4493,697,3796,0.8448697974627198,12414,12
39,7,-0.4,-0.3570613016493036,24,53,100,825,2,0.026392200001282617,4,4386,681,3705,0.844733242134063,11703,13
39,8,-0.4,-0.3570613016493036,16,64,100,825,2,0.027941799999098293,4,4710,714,3996,0.8484076433121019,12289,12
39,9,-0.4,-0.3570613016493036,68,31,100,825,2,0.027007900003809482,3,4231,685,3546,0.8380997400141811,11643,12
39,0,0.0,0.021267308142462343,67,8,100,825,2,0.018437999999150634,6,3529,551,2978,0.843865117597053,7422,13
39,1,0.0,0.021267308142462343,5,59,100,825,2,0.022702900008880533,7,4162,597,3565,0.8565593464680442,8845,10
39,2,0.0,0.021267308142462343,7,4,100,825,2,0.025599400003557093,3,4205,698,3507,0.8340071343638525,11339,11
39,3,0.0,0.021267308142462343,21,15,100,825,2,0.018599300005007535,7,3417,537,2880,0.8428446005267779,6978,9
39,4,0.0,0.021267308142462343,72,67,100,825,2,0.021251400001347065,3,3769,581,3188,0.8458477049615283,8124,11
39,5,0.0,0.021267308142462343,64,81,100,825,2,0.016690699994796887,4,3244,512,2732,0.842170160295931,6553,11
39,6,0.0,0.021267308142462343,40,74,100,825,2,0.030926500010536984,5,4433,700,3733,0.8420933904804873,11833,13
39,7,0.0,0.021267308142462343,24,53,100,825,2,0.026882099991780706,5,4485,721,3764,0.8392419175027871,11830,15
39,8,0.0,0.021267308142462343,16,64,100,825,2,0.02184260000649374,3,3916,612,3304,0.8437180796731358,8429,10
39,9,0.0,0.021267308142462343,68,31,100,825,2,0.021682299993699417,2,3820,598,3222,0.8434554973821989,9260,13
39,0,0.4,0.395109689029939,67,8,100,825,2,0.0157074000017019,4,3182,513,2669,0.8387806411062225,6100,13
39,1,0.4,0.395109689029939,5,59,100,825,2,0.013669199994183145,3,3009,455,2554,0.848786972416085,5067,9
39,2,0.4,0.395109689029939,7,4,100,825,2,0.02103930000157561,4,3773,643,3130,0.8295785846806255,8934,11
39,3,0.4,0.395109689029939,21,15,100,825,2,0.014976999998907559,6,3079,506,2573,0.8356609288730107,5701,9
39,4,0.4,0.395109689029939,72,67,100,825,2,0.012906399992061779,3,2793,462,2331,0.8345864661654135,4858,11
39,5,0.4,0.395109689029939,64,81,100,825,2,0.013348400010727346,4,2923,453,2470,0.8450222374273008,5065,10
39,6,0.4,0.395109689029939,40,74,100,825,2,0.02080519999435637,5,3803,619,3184,0.8372337628188272,8556,9
39,7,0.4,0.395109689029939,24,53,100,825,2,0.018117800005711615,5,3337,553,2784,0.8342822894815702,6986,9
39,8,0.4,0.395109689029939,16,64,100,825,2,0.013985800003865734,1,3003,491,2512,0.8364968364968365,5339,10
39,9,0.4,0.395109689029939,68,31,100,825,2,0.018481399994925596,2,3394,534,2860,0.8426635238656452,7225,13
39,0,0.8,0.7896893138159108,67,8,100,825,2,0.007848099994589575,2,1882,329,1553,0.8251859723698194,2627,7
39,1,0.8,0.7896893138159108,5,59,100,825,2,0.00734799999918323,1,1806,315,1491,0.8255813953488372,2490,9
39,2,0.8,0.7896893138159108,7,4,100,825,2,0.011969299986958504,5,2783,448,2335,0.8390226374416098,4219,8
39,3,0.8,0.7896893138159108,21,15,100,825,2,0.0084703000029549,4,2092,346,1746,0.8346080305927343,2851,6
39,4,0.8,0.7896893138159108,72,67,100,825,2,0.007734600003459491,3,1952,323,1629,0.8345286885245902,2572,5
39,5,0.8,0.7896893138159108,64,81,100,825,2,0.00805759998911526,4,2014,334,1680,0.8341608738828202,2696,7
39,6,0.8,0.7896893138159108,40,74,100,825,2,0.008943499997258186,2,2106,378,1728,0.8205128205128205,3091,5
39,7,0.8,0.7896893138159108,24,53,100,825,2,0.012593399995239452,3,2727,462,2265,0.8305830583058306,4605,7
39,8,0.8,0.7896893138159108,16,64,100,825,2,0.0061230999999679625,1,1551,288,1263,0.8143133462282398,1947,5
39,9,0.8,0.7896893138159108,68,31,100,825,2,0.011474599989014678,1,2073,357,1716,0.8277858176555717,2982,6
40,0,-0.8,-0.7854702836976104,93,18,100,796,2,0.02656600000045728,9,4383,681,3702,0.8446269678302533,11730,15
40,1,-0.8,-0.7854702836976104,88,71,100,796,2,0.03187009999237489,6,4941,729,4212,0.8524590163934426,14310,13
40,2,-0.8,-0.7854702836976104,50,9,100,796,2,0.021604299996397458,6,3943,563,3380,0.8572153182855694,8678,11
40,3,-0.8,-0.7854702836976104,82,60,100,796,2,0.021466699996381067,1,3875,559,3316,0.855741935483871,8610,10
40,4,-0.8,-0.7854702836976104,41,46,100,796,2,0.02652640000451356,3,4394,654,3740,0.8511606736458808,11922,14
40,5,-0.8,-0.7854702836976104,54,62,100,796,2,0.02748740000242833,5,4482,716,3766,0.8402498884426596,12449,15
40,6,-0.8,-0.7854702836976104,19,7,100,796,2,0.02955060001113452,2,4524,695,3829,0.8463748894783377,13184,16
40,7,-0.8,-0.7854702836976104,22,1,100,796,2,0.029818200011504814,5,4442,722,3720,0.8374606033318325,13285,12
40,8,-0.8,-0.7854702836976104,55,82,100,796,2,0.030936600000131875,10,4770,725,4045,0.8480083857442348,14217,18
40,9,-0.8,-0.7854702836976104,16,24,100,796,2,0.026299399993149564,6,4334,651,3683,0.8497923396400554,11690,12
40,0,-0.4,-0.39403538975798347,93,18,100,796,2,0.02142039999307599,7,3809,590,3219,0.8451037017589919,8929,12
40,1,-0.4,-0.39403538975798347,88,71,100,796,2,0.02615700000023935,5,4448,682,3766,0.8466726618705036,11445,12
40,2,-0.4,-0.39403538975798347,50,9,100,796,2,0.017321899998933077,5,3470,500,2970,0.8559077809798271,6846,12
40,3,-0.4,-0.39403538975798347,82,60,100,796,2,0.016462800005683675,1,3323,478,2845,0.8561540776406861,6405,9
40,4,-0.4,-0.39403538975798347,41,46,100,796,2,0.023034700003336184,3,4022,611,3411,0.84808552958727,9764,14
40,5,-0.4,-0.39403538975798347,54,62,100,796,2,0.023114700001315214,5,3975,649,3326,0.8367295597484277,9918,13
40,6,-0.4,-0.39403538975798347,19,7,100,796,2,0.02405969999381341,2,4046,640,3406,0.8418190805734058,10450,11
40,7,-0.4,-0.39403538975798347,22,1,100,796,2,0.026801800006069243,6,4056,668,3388,0.8353057199211046,11276,13
40,8,-0.4,-0.39403538975798347,55,82,100,796,2,0.02275619999272749,7,3948,593,3355,0.8497973657548126,9447,14
40,9,-0.4,-0.39403538975798347,16,24,100,796,2,0.02380559999437537,4,4079,623,3456,0.8472664868840402,10240,13
40,0,0.0,-0.027202002550558123,93,18,100,796,2,0.014222400001017377,2,2805,465,2340,0.8342245989304813,5435,10
40,1,0.0,-0.027202002550558123,88,71,100,796,2,0.01862599999003578,5,3517,554,2963,0.8424793858402048,7422,11
40,2,0.0,-0.027202002550558123,50,9,100,796,2,0.015967700004694052,5,3251,475,2776,0.8538911104275607,6114,11
40,3,0.0,-0.027202002550558123,82,60,100,796,2,0.014922500005923212,1,2962,434,2528,0.8534773801485482,5171,11
40,4,0.0,-0.027202002550558123,41,46,100,796,2,0.016644799994537607,1,3317,516,2801,0.8444377449502563,6661,11
40,5,0.0,-0.027202002550558123,54,62,100,796,2,0.020126100003835745,5,3641,597,3044,0.8360340565778632,8353,12
40,6,0.0,-0.027202002550558123,19,7,100,796,2,0.021190500003285706,3,3740,623,3117,0.8334224598930481,8953,10
40,7,0.0,-0.027202002550558123,22,1,100,796,2,0.02145129999553319,6,3646,623,3023,0.8291278113000549,9223,12
40,8,0.0,-0.027202002550558123,55,82,100,796,2,0.01461909999488853,4,2973,475,2498,0.8402287251934073,5651,10
40,9,0.0,-0.027202002550558123,16,24,100,796,2,0.018422600012854673,4,3555,563,2992,0.8416315049226442,7547,10
40,0,0.4,0.349244397967461,93,18,100,796,2,0.009932500004651956,1,2196,370,1826,0.831511839708561,3552,10
40,1,0.4,0.349244397967461,88,71,100,796,2,0.014748200002941303,8,3067,488,2579,0.8408868601238996,5621,9
40,2,0.4,0.349244397967461,50,9,100,796,2,0.01169119999394752,5,2576,389,2187,0.8489906832298136,4161,9
40,3,0.4,0.349244397967461,82,60,100,796,2,0.011386400001356378,1,2563,392,2171,0.8470542333203277,4127,9
40,4,0.4,0.349244397967461,41,46,100,796,2,0.01258990001224447,1,2810,428,2382,0.8476868327402135,4600,10
40,5,0.4,0.349244397967461,54,62,100,796,2,0.015611000009812415,5,3036,521,2515,0.8283926218708827,6223,9
40,6,0.4,0.349244397967461,19,7,100,796,2,0.01785530000051949,3,3445,555,2890,0.8388969521044993,7226,11
40,7,0.4,0.349244397967461,22,1,100,796,2,0.017013299991958775,5,3172,549,2623,0.8269230769230769,7027,8
40,8,0.4,0.349244397967461,55,82,100,796,2,0.009545599998091348,3,2229,354,1875,0.8411843876177658,3380,9
40,9,0.4,0.349244397967461,16,24,100,796,2,0.011646200000541285,2,2577,420,2157,0.8370197904540163,4331,10
40,0,0.8,0.7650692676837434,93,18,100,796,2,0.006215799992787652,1,1518,270,1248,0.8221343873517787,1944,7
40,1,0.8,0.7650692676837434,88,71,100,796,2,0.007795699988491833,3,1975,321,1654,0.8374683544303797,2605,6
40,2,0.8,0.7650692676837434,50,9,100,796,2,0.0076628000097116455,3,1918,305,1613,0.8409801876955162,2603,7
40,3,0.8,0.7650692676837434,82,60,100,796,2,0.006896899998537265,1,1746,288,1458,0.8350515463917526,2235,7
40,4,0.8,0.7650692676837434,41,46,100,796,2,0.006532100000185892,1,1651,268,1383,0.8376741368867353,2108,7
40,5,0.8,0.7650692676837434,54,62,100,796,2,0.011314099989249371,5,2496,431,2065,0.827323717948718,4159,6
40,6,0.8,0.7650692676837434,19,7,100,796,2,0.012022299997624941,3,2594,421,2173,0.8377023901310717,4082,8
40,7,0.8,0.7650692676837434,22,1,100,796,2,0.009110400002100505,3,2099,365,1734,0.8261076703191996,3192,6
40,8,0.8,0.7650692676837434,55,82,100,796,2,0.0060628000064753,1,1564,268,1296,0.8286445012787724,1984,7
40,9,0.8,0.7650692676837434,16,24,100,796,2,0.005794199998490512,2,1511,282,1229,0.813368630046327,1883,5
41,0,-0.8,-0.7807207583693565,39,46,100,773,2,0.03259339999931399,5,4876,778,4098,0.8404429860541427,15096,13
41,1,-0.8,-0.7807207583693565,13,51,100,773,2,0.04585160000715405,3,5829,905,4924,0.8447418082003775,21529,18
41,2,-0.8,-0.7807207583693565,79,96,100,773,2,0.04334469999594148,10,5151,824,4327,0.8400310619297224,16862,18
41,3,-0.8,-0.7807207583693565,82,85,100,773,2,0.03002550000383053,8,4106,593,3513,0.8555772040915733,9529,17
41,4,-0.8,-0.7807207583693565,57,32,100,773,2,0.03665029999683611,6,4974,761,4213,0.8470044229995979,15618,14
41,5,-0.8,-0.7807207583693565,58,84,100,773,2,0.03498080000281334,5,4270,677,3593,0.8414519906323185,11909,13
41,6,-0.8,-0.7807207583693565,71,16,100,773,2,0.02952959999674931,5,4313,640,3673,0.8516114073730582,11318,13
41,7,-0.8,-0.7807207583693565,57,76,100,773,2,0.038981599995167926,3,4974,761,4213,0.8470044229995979,15618,14
41,8,-0.8,-0.7807207583693565,44,32,100,773,2,0.04410420000203885,7,5293,818,4475,0.8454562629888532,17535,18
41,9,-0.8,-0.7807207583693565,47,99,100,773,2,0.03237059999082703,5,4745,767,3978,0.8383561643835616,14759,14
41,0,-0.4,-0.36765954279786994,39,46,100,773,2,0.025943300002836622,6,4193,667,3526,0.8409253517767709,11109,12
41,1,-0.4,-0.36765954279786994,13,51,100,773,2,0.03582329998607747,3,5040,835,4205,0.8343253968253969,16478,15
41,2,-0.4,-0.36765954279786994,79,96,100,773,2,0.028947400001925416,8,4587,731,3856,0.8406365816437759,12898,15
41,3,-0.4,-0.36765954279786994,82,85,100,773,2,0.020159400010015815,4,3712,563,3149,0.8483297413793104,8205,13
41,4,-0.4,-0.36765954279786994,57,32,100,773,2,0.02639499999349937,4,4229,665,3564,0.842752423740837,11542,13
41,5,-0.4,-0.36765954279786994,58,84,100,773,2,0.016454799988423474,3,3056,495,2561,0.838023560209424,6432,12
41,6,-0.4,-0.36765954279786994,71,16,100,773,2,0.017842699991888367,5,3328,515,2813,0.8452524038461539,7035,10
41,7,-0.4,-0.36765954279786994,57,76,100,773,2,0.026195200000074692,3,4229,665,3564,0.842752423740837,11542,13
41,8,-0.4,-0.36765954279786994,44,32,100,773,2,0.02375670000037644,1,4135,615,3520,0.8512696493349455,9866,12
41,9,-0.4,-0.36765954279786994,47,99,100,773,2,0.022904799989191815,6,3901,627,3274,0.839271981543194,9550,13
41,0,0.0,0.017631290332961926,39,46,100,773,2,0.017892800009576604,3,3308,532,2776,0.8391777509068924,7050,10
41,1,0.0,0.017631290332961926,13,51,100,773,2,0.028796599988709204,3,4457,753,3704,0.8310522773165807,12623,11
41,2,0.0,0.017631290332961926,79,96,100,773,2,0.024434899998595938,8,4206,685,3521,0.8371374227294341,10197,13
41,3,0.0,0.017631290332961926,82,85,100,773,2,0.016358500011847354,2,3062,489,2573,0.8403004572175049,5818,13
41,4,0.0,0.017631290332961926,57,32,100,773,2,0.020182799999020062,3,3394,573,2821,0.8311726576311137,8196,9
41,5,0.0,0.017631290332961926,58,84,100,773,2,0.015006300003733486,6,2955,492,2463,0.833502538071066,5867,12
41,6,0.0,0.017631290332961926,71,16,100,773,2,0.014969100011512637,4,3015,488,2527,0.8381426202321725,5825,11
41,7,0.0,0.017631290332961926,57,76,100,773,2,0.01939000000129454,3,3394,573,2821,0.8311726576311137,8196,9
41,8,0.0,0.017631290332961926,44,32,100,773,2,0.013586800007033162,1,2876,441,2435,0.8466620305980529,5059,10
41,9,0.0,0.017631290332961926,47,99,100,773,2,0.014055400009965524,6,2916,469,2447,0.8391632373113854,5346,8
41,0,0.4,0.38865317640938457,39,46,100,773,2,0.01660750000155531,3,3192,494,2698,0.8452380952380952,6505,14
41,1,0.4,0.38865317640938457,13,51,100,773,2,0.021399000004748814,3,3847,624,3223,0.8377956849493111,8841,11
41,2,0.4,0.38865317640938457,79,96,100,773,2,0.01687639999727253,4,3415,562,2853,0.8354319180087848,6599,10
41,3,0.4,0.38865317640938457,82,85,100,773,2,0.011852400013594888,2,2560,424,2136,0.834375,4396,11
41,4,0.4,0.38865317640938457,57,32,100,773,2,0.017458200003602542,2,3262,539,2723,0.8347639484978541,7224,10
41,5,0.4,0.38865317640938457,58,84,100,773,2,0.011254199998802505,5,2452,405,2047,0.8348287112561175,4076,9
41,6,0.4,0.38865317640938457,71,16,100,773,2,0.012129800001275726,3,2588,439,2149,0.830370942812983,4598,11
41,7,0.4,0.38865317640938457,57,76,100,773,2,0.017406300001312047,4,3262,539,2723,0.8347639484978541,7224,10
41,8,0.4,0.38865317640938457,44,32,100,773,2,0.01075709999713581,1,2473,375,2098,0.848362312980186,3874,9
41,9,0.4,0.38865317640938457,47,99,100,773,2,0.010753300011856481,3,2483,399,2084,0.8393072895690696,3830,7
41,0,0.8,0.7844381471656969,39,46,100,773,2,0.008991900002001785,1,2060,353,1707,0.8286407766990291,3186,8
41,1,0.8,0.7844381471656969,13,51,100,773,2,0.0099593999912031,3,2316,381,1935,0.8354922279792746,3503,8
41,2,0.8,0.7844381471656969,79,96,100,773,2,0.010846999997738749,5,2562,411,2151,0.8395784543325527,3782,8
41,3,0.8,0.7844381471656969,82,85,100,773,2,0.007047000006423332,2,1728,309,1419,0.8211805555555556,2318,7
41,4,0.8,0.7844381471656969,57,32,100,773,2,0.008967500005383044,2,2063,371,1692,0.8201648085312652,3235,7
41,5,0.8,0.7844381471656969,58,84,100,773,2,0.006048200011719018,4,1554,278,1276,0.8211068211068211,1955,8
41,6,0.8,0.7844381471656969,71,16,100,773,2,0.006508499995106831,2,1608,296,1312,0.8159203980099502,2198,6
41,7,0.8,0.7844381471656969,57,76,100,773,2,0.008868300006724894,4,2063,371,1692,0.8201648085312652,3235,7
41,8,0.8,0.7844381471656969,44,32,100,773,2,0.005736200007959269,1,1484,255,1229,0.828167115902965,1848,6
41,9,0.8,0.7844381471656969,47,99,100,773,2,0.005997300002491102,2,1525,278,1247,0.8177049180327869,1898,5
42,0,-0.8,-0.7930449787574526,17,27,100,819,2,0.024623900011647493,2,4203,622,3581,0.8520104687128242,10659,12
42,1,-0.8,-0.7930449787574526,17,46,100,819,2,0.02428509999299422,7,4203,622,3581,0.8520104687128242,10659,12
42,2,-0.8,-0.7930449787574526,81,13,100,819,2,0.024079800001345575,5,4172,597,3575,0.8569031639501438,10172,12
42,3,-0.8,-0.7930449787574526,91,6,100,819,2,0.02494640000804793,5,4182,616,3566,0.852702056432329,10783,14
42,4,-0.8,-0.7930449787574526,10,54,100,819,2,0.026082900003530085,6,4270,633,3637,0.8517564402810305,11632,13
42,5,-0.8,-0.7930449787574526,69,16,100,819,2,0.023473299996112473,8,4122,608,3514,0.8524987869966036,10223,12
42,6,-0.8,-0.7930449787574526,37,84,100,819,2,0.028464299990446307,7,4651,726,3925,0.8439045366587831,12823,13
42,7,-0.8,-0.7930449787574526,73,62,100,819,2,0.021839699998963624,4,3939,569,3370,0.8555470931708555,9069,17
42,8,-0.8,-0.7930449787574526,25,94,100,819,2,0.024594899994553998,12,4358,630,3728,0.8554382744378155,10626,14
42,9,-0.8,-0.7930449787574526,7,34,100,819,2,0.02936450000561308,7,4636,719,3917,0.844909404659189,13416,15
42,0,-0.4,-0.35500173102907856,17,27,100,819,2,0.017505499999970198,3,3233,514,2719,0.8410145375811939,6912,10
42,1,-0.4,-0.35500173102907856,17,46,100,819,2,0.01683049999701325,4,3233,514,2719,0.8410145375811939,6912,10
42,2,-0.4,-0.35500173102907856,81,13,100,819,2,0.017566299997270107,9,3358,512,2846,0.847528290649196,6768,9
42,3,-0.4,-0.35500173102907856,91,6,100,819,2,0.023490499996114522,6,4026,638,3388,0.8415300546448088,10355,12
42,4,-0.4,-0.35500173102907856,10,54,100,819,2,0.02599019999615848,6,4247,657,3590,0.8453025665175418,11690,11
42,5,-0.4,-0.35500173102907856,69,16,100,819,2,0.018895999994128942,9,3596,538,3058,0.8503893214682982,7843,10
42,6,-0.4,-0.35500173102907856,37,84,100,819,2,0.018604500000947155,6,3531,568,2963,0.8391390540923251,7667,11
42,7,-0.4,-0.35500173102907856,73,62,100,819,2,0.017673199996352196,6,3522,525,2997,0.8509369676320273,7135,12
42,8,-0.4,-0.35500173102907856,25,94,100,819,2,0.01895880000665784,9,3607,549,3058,0.8477959523149432,7747,10
42,9,-0.4,-0.35500173102907856,7,34,100,819,2,0.026104000004124828,7,4420,689,3731,0.8441176470588235,11442,12
42,0,0.0,0.05536118147649843,17,27,100,819,2,0.015186900011030957,2,3043,484,2559,0.8409464344396976,5933,9
42,1,0.0,0.05536118147649843,17,46,100,819,2,0.01534189999802038,2,3043,484,2559,0.8409464344396976,5933,9
42,2,0.0,0.05536118147649843,81,13,100,819,2,0.012854499989771284,7,2803,423,2380,0.8490902604352479,4711,11
42,3,0.0,0.05536118147649843,91,6,100,819,2,0.02299719999427907,4,3979,642,3337,0.8386529278713245,9926,11
42,4,0.0,0.05536118147649843,10,54,100,819,2,0.025569400007952936,6,4343,659,3684,0.8482615703430808,11239,11
42,5,0.0,0.05536118147649843,69,16,100,819,2,0.018882200005464256,7,3671,553,3118,0.8493598474530101,7669,11
42,6,0.0,0.05536118147649843,37,84,100,819,2,0.015130699990550056,4,3088,491,2597,0.8409974093264249,5947,11
42,7,0.0,0.05536118147649843,73,62,100,819,2,0.01336549999541603,5,2818,452,2366,0.8396025550035486,5192,10
42,8,0.0,0.05536118147649843,25,94,100,819,2,0.015194199993857183,6,3109,488,2621,0.843036346091991,6045,9
42,9,0.0,0.05536118147649843,7,34,100,819,2,0.021391000002040528,7,4036,618,3418,0.8468780971258671,8896,11
42,0,0.4,0.42753642790775254,17,27,100,819,2,0.013047599990386516,2,2823,428,2395,0.8483882394615657,4900,8
42,1,0.4,0.42753642790775254,17,46,100,819,2,0.012894200001028366,2,2823,428,2395,0.8483882394615657,4900,8
42,2,0.4,0.42753642790775254,81,13,100,819,2,0.008596100000431761,4,2111,333,1778,0.8422548555187115,2991,7
42,3,0.4,0.42753642790775254,91,6,100,819,2,0.0185092000028817,3,3534,577,2957,0.8367289190718732,7733,10
42,4,0.4,0.42753642790775254,10,54,100,819,2,0.021314099998562597,4,3993,606,3387,0.8482344102178813,9000,12
42,5,0.4,0.42753642790775254,69,16,100,819,2,0.018453699987730943,2,3678,547,3131,0.8512778684067428,7253,14
42,6,0.4,0.42753642790775254,37,84,100,819,2,0.010103199994773604,5,2350,373,1977,0.8412765957446808,3617,9
42,7,0.4,0.42753642790775254,73,62,100,819,2,0.009464199989452027,4,2119,370,1749,0.8253893345917885,3496,8
42,8,0.4,0.42753642790775254,25,94,100,819,2,0.012020900001516566,9,2635,421,2214,0.8402277039848197,4560,9
42,9,0.4,0.42753642790775254,7,34,100,819,2,0.012173100010841154,4,2700,447,2253,0.8344444444444444,4509,8
42,0,0.8,0.8002383621928332,17,27,100,819,2,0.0068432999978540465,1,1685,292,1393,0.8267062314540059,2194,7
42,1,0.8,0.8002383621928332,17,46,100,819,2,0.006757699986337684,2,1685,292,1393,0.8267062314540059,2194,7
42,2,0.8,0.8002383621928332,81,13,100,819,2,0.006110399990575388,2,1559,273,1286,0.8248877485567672,1955,7
42,3,0.8,0.8002383621928332,91,6,100,819,2,0.013299900005222298,1,2799,454,2345,0.8377992140050018,4650,8
42,4,0.8,0.8002383621928332,10,54,100,819,2,0.009567700006300583,3,2329,356,1973,0.8471446972949764,3290,7
42,5,0.8,0.8002383621928332,69,16,100,819,2,0.010754499991890043,1,2580,394,2186,0.8472868217054264,3814,7
42,6,0.8,0.8002383621928332,37,84,100,819,2,0.005601700002443977,1,1482,253,1229,0.8292847503373819,1760,5
42,7,0.8,0.8002383621928332,73,62,100,819,2,0.007519399994635023,4,1847,324,1523,0.8245804006497022,2541,7
42,8,0.8,0.8002383621928332,25,94,100,819,2,0.007645499994396232,5,1892,318,1574,0.8319238900634249,2569,6
42,9,0.8,0.8002383621928332,7,34,100,819,2,0.006641100000706501,2,1694,295,1399,0.8258559622195986,2140,5
43,0,-0.8,-0.7867115838168197,36,8,100,776,2,0.02406660000269767,5,4243,628,3615,0.8519915154371906,10356,11
43,1,-0.8,-0.7867115838168197,71,31,100,776,2,0.024446900002658367,6,4164,647,3517,0.8446205571565802,10833,14
43,2,-0.8,-0.7867115838168197,54,21,100,776,2,0.02360400000179652,1,4055,657,3398,0.8379778051787916,10366,11
43,3,-0.8,-0.7867115838168197,83,41,100,776,2,0.02625459998671431,9,4273,672,3601,0.8427334425462204,11709,10
43,4,-0.8,-0.7867115838168197,66,71,100,776,2,0.025377400001161732,6,4081,615,3466,0.849301641754472,10189,10
43,5,-0.8,-0.7867115838168197,76,41,100,776,2,0.019982900004833937,9,3642,575,3067,0.8421197144426139,8389,11
43,6,-0.8,-0.7867115838168197,4,65,100,776,2,0.02774429999408312,4,4396,689,3707,0.8432666060054596,12022,13
43,7,-0.8,-0.7867115838168197,62,87,100,776,2,0.024248300003819168,7,3998,620,3378,0.8449224612306153,10717,16
43,8,-0.8,-0.7867115838168197,4,59,100,776,2,0.02719720000459347,9,4396,689,3707,0.8432666060054596,12022,13
43,9,-0.8,-0.7867115838168197,86,17,100,776,2,0.024236100012785755,5,4051,653,3398,0.8388052332757344,10322,11
43,0,-0.4,-0.3849015790729169,36,8,100,776,2,0.019519099994795397,3,3625,572,3053,0.8422068965517241,8082,13
43,1,-0.4,-0.3849015790729169,71,31,100,776,2,0.020008199993753806,9,3708,575,3133,0.8449298813376483,8479,11
43,2,-0.4,-0.3849015790729169,54,21,100,776,2,0.021642899999278598,1,3727,602,3125,0.8384759860477596,9131,12
43,3,-0.4,-0.3849015790729169,83,41,100,776,2,0.024603699988801964,9,4126,647,3479,0.843189529810955,10822,10
43,4,-0.4,-0.3849015790729169,66,71,100,776,2,0.016705399990314618,6,3219,502,2717,0.8440509474992234,6705,9
43,5,-0.4,-0.3849015790729169,76,41,100,776,2,0.018552300010924228,7,3489,557,2932,0.8403554026941817,7746,10
43,6,-0.4,-0.3849015790729169,4,65,100,776,2,0.024175800004741177,5,4213,658,3555,0.8438167576548777,10531,13
43,7,-0.4,-0.3849015790729169,62,87,100,776,2,0.027141899990965612,8,4351,667,3684,0.8467019076074466,12423,16
43,8,-0.4,-0.3849015790729169,4,59,100,776,2,0.02404469999601133,8,4213,658,3555,0.8438167576548777,10531,13
43,9,-0.4,-0.3849015790729169,86,17,100,776,2,0.02103379998879973,2,3724,597,3127,0.83968850698174,9087,12
43,0,0.0,-0.017327463808074504,36,8,100,776,2,0.01931249999324791,3,3705,572,3133,0.8456140350877193,7890,10
43,1,0.0,-0.017327463808074504,71,31,100,776,2,0.015568399991025217,7,3143,497,2646,0.8418708240534521,6261,11
43,2,0.0,-0.017327463808074504,54,21,100,776,2,0.0161521999980323,1,3189,519,2670,0.8372530573847601,6569,10
43,3,0.0,-0.017327463808074504,83,41,100,776,2,0.021944499996607192,6,3972,622,3350,0.8434038267875126,9407,13
43,4,0.0,-0.017327463808074504,66,71,100,776,2,0.015102200006367639,4,3084,473,2611,0.8466277561608301,6026,10
43,5,0.0,-0.017327463808074504,76,41,100,776,2,0.014256499998737127,8,2909,490,2419,0.8315572361636301,5689,9
43,6,0.0,-0.017327463808074504,4,65,100,776,2,0.019885000001522712,5,3656,585,3071,0.8399890590809628,8182,11
43,7,0.0,-0.017327463808074504,62,87,100,776,2,0.022177100006956607,9,3780,599,3181,0.8415343915343916,9673,11
43,8,0.0,-0.017327463808074504,4,59,100,776,2,0.019814100000075996,6,3656,585,3071,0.8399890590809628,8182,11
43,9,0.0,-0.017327463808074504,86,17,100,776,2,0.01657340000383556,1,3187,516,2671,0.838092249764669,6550,10
43,0,0.4,0.36277809466571725,36,8,100,776,2,0.015314400006900541,2,3081,483,2598,0.8432327166504382,5823,9
43,1,0.4,0.36277809466571725,71,31,100,776,2,0.012025900010485202,5,2604,422,2182,0.8379416282642089,4394,9
43,2,0.4,0.36277809466571725,54,21,100,776,2,0.01286180000170134,1,2710,441,2269,0.8372693726937269,4711,8
43,3,0.4,0.36277809466571725,83,41,100,776,2,0.01391150000563357,2,2897,473,2424,0.8367276492923714,5270,10
43,4,0.4,0.36277809466571725,66,71,100,776,2,0.011183800001163036,4,2470,382,2088,0.8453441295546559,4047,11
43,5,0.4,0.36277809466571725,76,41,100,776,2,0.01148539999849163,5,2453,434,2019,0.8230737871993478,4296,10
43,6,0.4,0.36277809466571725,4,65,100,776,2,0.014976300008129328,5,3061,507,2554,0.8343678536426005,5815,9
43,7,0.4,0.36277809466571725,62,87,100,776,2,0.01671340000757482,7,3138,500,2638,0.8406628425748884,6825,14
43,8,0.4,0.36277809466571725,4,59,100,776,2,0.014941300003556535,6,3061,507,2554,0.8343678536426005,5815,9
43,9,0.4,0.36277809466571725,86,17,100,776,2,0.012693099997704849,1,2708,437,2271,0.8386262924667651,4694,8
43,0,0.8,0.7776701133035616,36,8,100,776,2,0.009302599995862693,2,2147,359,1788,0.8327899394503959,3156,7
43,1,0.8,0.7776701133035616,71,31,100,776,2,0.007812900003045797,3,1911,318,1593,0.8335949764521193,2618,7
43,2,0.8,0.7776701133035616,54,21,100,776,2,0.008253000007243827,1,1944,339,1605,0.8256172839506173,2775,6
43,3,0.8,0.7776701133035616,83,41,100,776,2,0.0075013000023318455,1,1806,325,1481,0.8200442967884828,2451,7
43,4,0.8,0.7776701133035616,66,71,100,776,2,0.006390900001861155,2,1586,281,1305,0.8228247162673392,2047,6
43,5,0.8,0.7776701133035616,76,41,100,776,2,0.006248399993637577,1,1540,287,1253,0.8136363636363636,2035,8
43,6,0.8,0.7776701133035616,4,65,100,776,2,0.0090178999962518,3,2082,368,1714,0.8232468780019212,3139,7
43,7,0.8,0.7776701133035616,62,87,100,776,2,0.008502700002281927,6,2000,344,1656,0.828,2947,7
43,8,0.8,0.7776701133035616,4,59,100,776,2,0.009606599996914156,1,2082,368,1714,0.8232468780019212,3139,7
43,9,0.8,0.7776701133035616,86,17,100,776,2,0.008327699993969873,1,1942,336,1606,0.8269824922760041,2764,6
44,0,-0.8,-0.7912224960965792,86,95,100,781,2,0.03204849999747239,8,4960,767,4193,0.8453629032258064,14460,13
44,1,-0.8,-0.7912224960965792,24,61,100,781,2,0.04534909999347292,4,6072,930,5142,0.8468379446640316,22202,15
44,2,-0.8,-0.7912224960965792,15,96,100,781,2,0.03355919999012258,2,5126,802,4324,0.8435427233710495,15705,15
44,3,-0.8,-0.7912224960965792,26,79,100,781,2,0.039023199991788715,6,5383,847,4536,0.8426527958387516,18858,14
44,4,-0.8,-0.7912224960965792,52,19,100,781,2,0.031111000003875233,9,4835,766,4069,0.8415718717683558,14400,15
44,5,-0.8,-0.7912224960965792,25,62,100,781,2,0.043280800004140474,5,5859,904,4955,0.8457074586106844,21090,16
44,6,-0.8,-0.7912224960965792,58,42,100,781,2,0.026156499996432103,2,4421,670,3751,0.8484505767925808,11513,14
44,7,-0.8,-0.7912224960965792,37,71,100,781,2,0.0393292999942787,7,5465,875,4590,0.8398902104300091,18586,15
44,8,-0.8,-0.7912224960965792,97,72,100,781,2,0.035415599995758384,6,5019,782,4237,0.8441920701334927,16310,14
44,9,-0.8,-0.7912224960965792,23,57,100,781,2,0.02337460000126157,8,3900,581,3319,0.851025641025641,9898,13
44,0,-0.4,-0.3835874207699002,86,95,100,781,2,0.0253289000102086,5,4158,668,3490,0.8393458393458394,10680,11
44,1,-0.4,-0.3835874207699002,24,61,100,781,2,0.04404639999847859,5,5720,905,4815,0.8417832167832168,20352,13
44,2,-0.4,-0.3835874207699002,15,96,100,781,2,0.029282799994689412,1,4500,738,3762,0.836,12431,18
44,3,-0.4,-0.3835874207699002,26,79,100,781,2,0.03354180000314955,3,4760,784,3976,0.8352941176470589,14765,13
44,4,-0.4,-0.3835874207699002,52,19,100,781,2,0.027091200012364425,8,4352,691,3661,0.8412224264705882,11350,15
44,5,-0.4,-0.3835874207699002,25,62,100,781,2,0.03450179999344982,5,4840,784,4056,0.8380165289256198,15214,13
44,6,-0.4,-0.3835874207699002,58,42,100,781,2,0.023658000005525537,3,4004,624,3380,0.8441558441558441,9620,14
44,7,-0.4,-0.3835874207699002,37,71,100,781,2,0.03655309999885503,6,5206,819,4387,0.842681521321552,16424,13
44,8,-0.4,-0.3835874207699002,97,72,100,781,2,0.035550400003558025,6,4847,756,4091,0.8440272333402105,14720,14
44,9,-0.4,-0.3835874207699002,23,57,100,781,2,0.022245100000873208,7,3689,590,3099,0.8400650582813771,9207,12
44,0,0.0,0.012636628699704338,86,95,100,781,2,0.023770200001308694,6,3887,651,3236,0.8325186519166452,9609,12
44,1,0.0,0.012636628699704338,24,61,100,781,2,0.0347780000010971,7,5086,814,4272,0.8399528116397955,15844,11
44,2,0.0,0.012636628699704338,15,96,100,781,2,0.020556800009217113,1,3652,608,3044,0.8335158817086528,8334,11
44,3,0.0,0.012636628699704338,26,79,100,781,2,0.024967699995613657,2,4132,675,3457,0.8366408518877058,10926,14
44,4,0.0,0.012636628699704338,52,19,100,781,2,0.022440700005972758,9,3970,651,3319,0.8360201511335013,9553,11
44,5,0.0,0.012636628699704338,25,62,100,781,2,0.023597999999765307,4,3949,667,3282,0.8310964801215498,10270,11
44,6,0.0,0.012636628699704338,58,42,100,781,2,0.021010099997511134,3,3706,581,3125,0.8432271991365353,8101,12
44,7,0.0,0.012636628699704338,37,71,100,781,2,0.024328800005605444,5,4044,652,3392,0.8387734915924827,9948,13
44,8,0.0,0.012636628699704338,97,72,100,781,2,0.025449599997955374,5,4168,662,3506,0.8411708253358925,10651,12
44,9,0.0,0.012636628699704338,23,57,100,781,2,0.020956399996066466,10,3564,589,2975,0.8347362514029181,8586,13
44,0,0.4,0.4049063068439781,86,95,100,781,2,0.02005029999418184,5,3417,592,2825,0.8267486098917178,7533,10
44,1,0.4,0.4049063068439781,24,61,100,781,2,0.028370800006086938,4,4469,723,3746,0.8382188409040053,11698,11
44,2,0.4,0.4049063068439781,15,96,100,781,2,0.015067600004840642,1,3053,508,2545,0.8336062888961677,5568,11
44,3,0.4,0.4049063068439781,26,79,100,781,2,0.015728200000012293,2,3066,508,2558,0.8343118069145466,5875,8
44,4,0.4,0.4049063068439781,52,19,100,781,2,0.017532400001073256,6,3206,561,2645,0.8250155957579538,6853,10
44,5,0.4,0.4049063068439781,25,62,100,781,2,0.01601700000173878,2,2995,524,2471,0.8250417362270451,6229,9
44,6,0.4,0.4049063068439781,58,42,100,781,2,0.013540699990699068,4,2792,461,2331,0.8348853868194842,4995,10
44,7,0.4,0.4049063068439781,37,71,100,781,2,0.01305010000942275,6,2732,462,2270,0.8308931185944363,5031,11
44,8,0.4,0.4049063068439781,97,72,100,781,2,0.014755600001080893,5,3097,495,2602,0.8401679044236358,5673,11
44,9,0.4,0.4049063068439781,23,57,100,781,2,0.01717619999544695,10,3238,552,2686,0.8295243977764052,7082,11
44,0,0.8,0.7996005705843027,86,95,100,781,2,0.010599800007184967,3,2369,429,1940,0.818910932883073,3761,12
44,1,0.8,0.7996005705843027,24,61,100,781,2,0.013513200014131144,2,2953,470,2483,0.8408398239078902,5041,8
44,2,0.8,0.7996005705843027,15,96,100,781,2,0.005575400005909614,1,1424,282,1142,0.8019662921348315,1793,5
44,3,0.8,0.7996005705843027,26,79,100,781,2,0.007614100002683699,2,1924,328,1596,0.8295218295218295,2556,6
44,4,0.8,0.7996005705843027,52,19,100,781,2,0.009328200001618825,5,2169,393,1776,0.8188105117565698,3309,9
44,5,0.8,0.7996005705843027,25,62,100,781,2,0.006480399999418296,1,1587,300,1287,0.8109640831758034,2048,6
44,6,0.8,0.7996005705843027,58,42,100,781,2,0.006559899993590079,2,1614,295,1319,0.8172242874845105,2087,5
44,7,0.8,0.7996005705843027,37,71,100,781,2,0.00717609999992419,1,1785,324,1461,0.8184873949579832,2430,5
44,8,0.8,0.7996005705843027,97,72,100,781,2,0.00566199999593664,3,1418,271,1147,0.808885754583921,1751,6
44,9,0.8,0.7996005705843027,23,57,100,781,2,0.008646200003568083,2,2087,344,1743,0.8351701006229036,2962,7
45,0,-0.8,-0.7927112177229793,43,34,100,852,2,0.03605470000184141,4,5575,786,4789,0.8590134529147982,15745,14
45,1,-0.8,-0.7927112177229793,27,43,100,852,2,0.03544809999584686,8,5330,803,4527,0.8493433395872421,16408,13
45,2,-0.8,-0.7927112177229793,32,96,100,852,2,0.052552699999068864,5,6708,1009,5699,0.849582587954681,25875,17
45,3,-0.8,-0.7927112177229793,80,59,100,852,2,0.047151300008408725,10,6474,939,5535,0.8549582947173309,22977,16
45,4,-0.8,-0.7927112177229793,59,52,100,852,2,0.0526623999903677,12,6553,990,5563,0.8489241568747139,25935,15
45,5,-0.8,-0.7927112177229793,66,73,100,852,2,0.03331800000160001,7,5360,761,4599,0.8580223880597015,15208,13
45,6,-0.8,-0.7927112177229793,96,28,100,852,2,0.03449719998752698,4,5359,802,4557,0.8503452136592647,16001,15
45,7,-0.8,-0.7927112177229793,34,66,100,852,2,0.03464709999389015,5,5241,816,4425,0.8443045220377791,16252,14
45,8,-0.8,-0.7927112177229793,12,59,100,852,2,0.04487350000999868,4,6314,903,5411,0.8569844789356984,21762,20
45,9,-0.8,-0.7927112177229793,53,23,100,852,2,0.04975400000694208,14,6556,1006,5550,0.8465527760829774,23967,17
45,0,-0.4,-0.41471985486683366,43,34,100,852,2,0.03677649999735877,4,5886,838,5048,0.8576282704723072,16709,13
45,1,-0.4,-0.41471985486683366,27,43,100,852,2,0.029125699991709553,7,4691,699,3992,0.850991259859305,12915,13
45,2,-0.4,-0.41471985486683366,32,96,100,852,2,0.044384299995726906,6,6127,916,5211,0.8504977966378325,21260,16
45,3,-0.4,-0.41471985486683366,80,59,100,852,2,0.04488040000433102,10,6164,899,5265,0.8541531473069436,21062,17
45,4,-0.4,-0.41471985486683366,59,52,100,852,2,0.053958699994836934,10,6602,993,5609,0.8495910330202969,25611,18
45,5,-0.4,-0.41471985486683366,66,73,100,852,2,0.03485129999171477,5,5254,768,4486,0.853825656642558,14326,12
45,6,-0.4,-0.41471985486683366,96,28,100,852,2,0.022489800001494586,4,3874,609,3265,0.8427981414558596,9147,13
45,7,-0.4,-0.41471985486683366,34,66,100,852,2,0.03455210001266096,3,5149,812,4337,0.8422994756263352,15100,14
45,8,-0.4,-0.41471985486683366,12,59,100,852,2,0.03599049999320414,4,5428,796,4632,0.8533529845246868,15902,14
45,9,-0.4,-0.41471985486683366,53,23,100,852,2,0.04585900000529364,11,6002,949,5053,0.8418860379873375,21007,17
45,0,0.0,-0.028808258686236595,43,34,100,852,2,0.02700909999839496,4,4549,654,3895,0.8562321389316333,10780,14
45,1,0.0,-0.028808258686236595,27,43,100,852,2,0.0219175000092946,7,3961,594,3367,0.8500378692249432,9347,12
45,2,0.0,-0.028808258686236595,32,96,100,852,2,0.030639699994935654,1,4927,735,4192,0.8508220012177796,13639,14
45,3,0.0,-0.028808258686236595,80,59,100,852,2,0.03197549999458715,9,5063,761,4302,0.8496938573968004,14142,13
45,4,0.0,-0.028808258686236595,59,52,100,852,2,0.03882570000132546,8,5559,850,4709,0.8470948012232415,17749,14
45,5,0.0,-0.028808258686236595,66,73,100,852,2,0.027838599999086,7,4725,689,4036,0.8541798941798942,11619,11
45,6,0.0,-0.028808258686236595,96,28,100,852,2,0.019410499997320585,4,3629,560,3069,0.8456875172223753,7661,10
45,7,0.0,-0.028808258686236595,34,66,100,852,2,0.030581099999835715,4,4844,796,4048,0.8356729975227085,13562,13
45,8,0.0,-0.028808258686236595,12,59,100,852,2,0.026637399991159327,4,4592,684,3908,0.8510452961672473,11535,14
45,9,0.0,-0.028808258686236595,53,23,100,852,2,0.03943190000427421,8,5590,901,4689,0.8388193202146691,18478,14
45,0,0.4,0.38016750120889636,43,34,100,852,2,0.01921260000381153,4,3759,552,3207,0.8531524341580208,7480,10
45,1,0.4,0.38016750120889636,27,43,100,852,2,0.01365290000103414,4,2916,453,2463,0.8446502057613169,5051,9
45,2,0.4,0.38016750120889636,32,96,100,852,2,0.016133900004206225,1,3322,520,2802,0.8434677904876581,6228,10
45,3,0.4,0.38016750120889636,80,59,100,852,2,0.01640659999975469,5,3274,521,2753,0.840867440439829,6333,7
45,4,0.4,0.38016750120889636,59,52,100,852,2,0.0197282000008272,6,3589,565,3024,0.8425745332961828,8146,10
45,5,0.4,0.38016750120889636,66,73,100,852,2,0.018508299996028654,3,3511,534,2977,0.8479065793221304,6991,11
45,6,0.4,0.38016750120889636,96,28,100,852,2,0.01165360001323279,4,2547,406,2141,0.8405967805261092,3926,9
45,7,0.4,0.38016750120889636,34,66,100,852,2,0.025212199994712137,5,4293,715,3578,0.8334498020032611,10800,13
45,8,0.4,0.38016750120889636,12,59,100,852,2,0.020968600001651794,5,3847,619,3228,0.8390953990122173,8682,11
45,9,0.4,0.38016750120889636,53,23,100,852,2,0.03447939999750815,5,5199,844,4355,0.8376610886708983,15797,15
45,0,0.8,0.7841193329820128,43,34,100,852,2,0.009673000007751398,1,2220,367,1853,0.8346846846846847,3298,6
45,1,0.8,0.7841193329820128,27,43,100,852,2,0.006668300004093908,2,1691,283,1408,0.8326434062684802,2063,6
45,2,0.8,0.7841193329820128,32,96,100,852,2,0.00748129999556113,1,1810,317,1493,0.8248618784530387,2412,6
45,3,0.8,0.7841193329820128,80,59,100,852,2,0.007984600000781938,3,1921,330,1591,0.8282144716293597,2570,7
45,4,0.8,0.7841193329820128,59,52,100,852,2,0.015930599998682737,5,2589,400,2189,0.8455001931247585,3939,8
45,5,0.8,0.7841193329820128,66,73,100,852,2,0.008728899993002415,1,1940,329,1611,0.8304123711340207,2599,6
45,6,0.8,0.7841193329820128,96,28,100,852,2,0.0072435000038240105,3,1733,295,1438,0.8297749567224466,2156,6
45,7,0.8,0.7841193329820128,34,66,100,852,2,0.014442999992752448,4,2991,497,2494,0.833834837846874,5045,8
45,8,0.8,0.7841193329820128,12,59,100,852,2,0.011393299995688722,4,2388,402,1986,0.8316582914572864,3588,10
45,9,0.8,0.7841193329820128,53,23,100,852,2,0.019654599993373267,4,3711,613,3098,0.8348154136351388,7816,9
46,0,-0.8,-0.7629466903570262,48,99,100,820,2,0.03544919998967089,3,5359,781,4578,0.8542638551968651,15658,19
46,1,-0.8,-0.7629466903570262,97,18,100,820,2,0.039599400013685226,8,5755,832,4923,0.8554300608166812,18596,15
46,2,-0.8,-0.7629466903570262,45,7,100,820,2,0.0368021000031149,5,5131,798,4333,0.844474761255116,16752,14
46,3,-0.8,-0.7629466903570262,52,33,100,820,2,0.027377999998861924,8,4552,673,3879,0.8521528998242531,12012,14
46,4,-0.8,-0.7629466903570262,25,21,100,820,2,0.03086009999969974,6,4946,738,4208,0.850788515972503,13905,14
46,5,-0.8,-0.7629466903570262,99,93,100,820,2,0.0271294999984093,6,4584,666,3918,0.8547120418848168,11999,12
46,6,-0.8,-0.7629466903570262,18,23,100,820,2,0.021799299996928312,7,4023,579,3444,0.8560775540641312,9230,10
46,7,-0.8,-0.7629466903570262,46,66,100,820,2,0.027454499999294057,5,4527,704,3823,0.8444886238126795,12399,14
46,8,-0.8,-0.7629466903570262,60,89,100,820,2,0.032330200003343634,9,5010,781,4229,0.8441117764471058,14854,14
46,9,-0.8,-0.7629466903570262,70,3,100,820,2,0.03181419998873025,7,4933,745,4188,0.8489762821812284,14435,16
46,0,-0.4,-0.3489476614105036,48,99,100,820,2,0.024496400001225993,4,4261,632,3629,0.8516780098568412,10421,14
46,1,-0.4,-0.3489476614105036,97,18,100,820,2,0.029974399993079714,6,4785,709,4076,0.851828631138976,12915,12
46,2,-0.4,-0.3489476614105036,45,7,100,820,2,0.030631999994511716,7,4730,746,3984,0.8422832980972516,14079,13
46,3,-0.4,-0.3489476614105036,52,33,100,820,2,0.02128919999813661,6,3897,604,3293,0.8450089812676418,9025,12
46,4,-0.4,-0.3489476614105036,25,21,100,820,2,0.026093000007676892,3,4364,668,3696,0.846929422548121,11083,12
46,5,-0.4,-0.3489476614105036,99,93,100,820,2,0.024687999990419485,7,4265,635,3630,0.8511137162954279,10815,13
46,6,-0.4,-0.3489476614105036,18,23,100,820,2,0.020118400003411807,5,3768,555,3213,0.8527070063694268,8216,11
46,7,-0.4,-0.3489476614105036,46,66,100,820,2,0.024736399995163083,4,4283,659,3624,0.8461358860611721,10730,16
46,8,-0.4,-0.3489476614105036,60,89,100,820,2,0.029473899994627573,8,4811,721,4090,0.8501351070463521,12966,16
46,9,-0.4,-0.3489476614105036,70,3,100,820,2,0.028374500005156733,6,4607,716,3891,0.8445843281962231,12396,10
46,0,0.0,0.02878475761334208,48,99,100,820,2,0.020310899999458343,2,3720,565,3155,0.8481182795698925,8335,13
46,1,0.0,0.02878475761334208,97,18,100,820,2,0.01944250000815373,4,3677,561,3116,0.8474299700843079,7977,12
46,2,0.0,0.02878475761334208,45,7,100,820,2,0.021931200011749752,7,3794,624,3170,0.8355297838692672,9222,12
46,3,0.0,0.02878475761334208,52,33,100,820,2,0.01783199999772478,3,3274,522,2752,0.8405620036652413,6680,10
46,4,0.0,0.02878475761334208,25,21,100,820,2,0.01890149999235291,2,3542,565,2977,0.8404856013551666,7564,11
46,5,0.0,0.02878475761334208,99,93,100,820,2,0.022473200006061234,7,3999,631,3368,0.8422105526381596,9333,12
46,6,0.0,0.02878475761334208,18,23,100,820,2,0.01720579998800531,6,3297,506,2791,0.8465271458902032,6747,12
46,7,0.0,0.02878475761334208,46,66,100,820,2,0.020642000003135763,3,3851,597,3254,0.8449753310828356,8190,12
46,8,0.0,0.02878475761334208,60,89,100,820,2,0.024010499997530133,7,4243,634,3609,0.8505774216356352,9986,11
46,9,0.0,0.02878475761334208,70,3,100,820,2,0.024113500010571443,8,4168,671,3497,0.8390115163147792,10130,10
46,0,0.4,0.3900548132884277,48,99,100,820,2,0.013747900011367165,1,2767,464,2303,0.8323093603180339,5342,11
46,1,0.4,0.3900548132884277,97,18,100,820,2,0.01578259999223519,1,3167,506,2661,0.8402273444900537,6147,10
46,2,0.4,0.3900548132884277,45,7,100,820,2,0.015004400003817864,9,3054,484,2570,0.8415193189259987,5799,10
46,3,0.4,0.3900548132884277,52,33,100,820,2,0.013864100008504465,3,2893,472,2421,0.8368475630833045,5290,10
46,4,0.4,0.3900548132884277,25,21,100,820,2,0.01347140000143554,1,2775,468,2307,0.8313513513513513,5132,9
46,5,0.4,0.3900548132884277,99,93,100,820,2,0.016100499997264706,5,3233,529,2704,0.8363748840086607,6297,10
46,6,0.4,0.3900548132884277,18,23,100,820,2,0.01271509999060072,3,2740,436,2304,0.8408759124087591,4770,9
46,7,0.4,0.3900548132884277,46,66,100,820,2,0.014956400002120063,4,3114,502,2612,0.8387925497752088,5513,9
46,8,0.4,0.3900548132884277,60,89,100,820,2,0.016127199996844865,4,3322,506,2816,0.847682119205298,6229,11
46,9,0.4,0.3900548132884277,70,3,100,820,2,0.021914199998718686,7,3977,617,3360,0.8448579331154136,8650,11
46,0,0.8,0.7719730059124297,48,99,100,820,2,0.007887199986726046,1,1867,338,1529,0.8189608998393144,2612,7
46,1,0.8,0.7719730059124297,97,18,100,820,2,0.009379499999340624,1,2231,352,1879,0.8422232182877634,3129,11
46,2,0.8,0.7719730059124297,45,7,100,820,2,0.00626650000049267,2,1516,267,1249,0.8238786279683378,1883,6
46,3,0.8,0.7719730059124297,52,33,100,820,2,0.008635300007881597,2,1908,325,1583,0.8296645702306079,2595,7
46,4,0.8,0.7719730059124297,25,21,100,820,2,0.011245399990002625,1,1947,343,1604,0.8238315356959425,2813,8
46,5,0.8,0.7719730059124297,99,93,100,820,2,0.011233199998969212,2,1958,348,1610,0.822267620020429,2760,7
46,6,0.8,0.7719730059124297,18,23,100,820,2,0.014345300005516037,2,1965,336,1629,0.8290076335877863,2778,8
46,7,0.8,0.7719730059124297,46,66,100,820,2,0.013707000005524606,3,2130,357,1773,0.8323943661971831,3063,8
46,8,0.8,0.7719730059124297,60,89,100,820,2,0.007889000000432134,4,1834,314,1520,0.8287895310796074,2417,7
46,9,0.8,0.7719730059124297,70,3,100,820,2,0.008876799998688512,5,2061,363,1698,0.8238719068413392,3027,7
47,0,-0.8,-0.8205981662876262,81,72,100,754,2,0.025850899997749366,8,4270,621,3649,0.8545667447306792,10741,19
47,1,-0.8,-0.8205981662876262,73,33,100,754,2,0.02540959999896586,2,4149,626,3523,0.8491202699445649,10466,13
47,2,-0.8,-0.8205981662876262,56,27,100,754,2,0.039302500008489005,8,5280,826,4454,0.843560606060606,17289,14
47,3,-0.8,-0.8205981662876262,44,98,100,754,2,0.034720600000582635,6,4920,763,4157,0.8449186991869919,16088,14
47,4,-0.8,-0.8205981662876262,31,48,100,754,2,0.032533300007344224,7,4724,805,3919,0.8295935647756139,15107,15
47,5,-0.8,-0.8205981662876262,24,36,100,754,2,0.029750500005320646,7,4506,719,3787,0.8404349755881048,13522,15
47,6,-0.8,-0.8205981662876262,71,16,100,754,2,0.020910399995045736,5,3628,581,3047,0.8398566703417861,8570,13
47,7,-0.8,-0.8205981662876262,98,60,100,754,2,0.02528590000292752,11,4098,659,3439,0.8391898487066862,11195,13
47,8,-0.8,-0.8205981662876262,54,19,100,754,2,0.03617380000650883,2,5232,818,4414,0.8436544342507645,16248,14
47,9,-0.8,-0.8205981662876262,12,54,100,754,2,0.025480299998889677,2,4005,640,3365,0.8401997503121099,10997,13
47,0,-0.4,-0.4195737022823916,81,72,100,754,2,0.01959500000521075,7,3544,539,3005,0.8479119638826185,7605,14
47,1,-0.4,-0.4195737022823916,73,33,100,754,2,0.0194789000088349,1,3460,558,2902,0.838728323699422,7669,10
47,2,-0.4,-0.4195737022823916,56,27,100,754,2,0.02086629999394063,8,3647,575,3072,0.8423361667123663,8473,11
47,3,-0.4,-0.4195737022823916,44,98,100,754,2,0.024182500012102537,3,3825,649,3176,0.8303267973856209,10266,13
47,4,-0.4,-0.4195737022823916,31,48,100,754,2,0.022446799994213507,5,3640,647,2993,0.8222527472527472,9605,12
47,5,-0.4,-0.4195737022823916,24,36,100,754,2,0.026393399995868094,7,4242,667,3575,0.8427628477133428,11393,14
47,6,-0.4,-0.4195737022823916,71,16,100,754,2,0.015296600002329797,3,2895,494,2401,0.8293609671848013,5985,9
47,7,-0.4,-0.4195737022823916,98,60,100,754,2,0.01908990000083577,8,3425,572,2853,0.832992700729927,7963,12
47,8,-0.4,-0.4195737022823916,54,19,100,754,2,0.021619399994960986,2,3807,605,3202,0.8410822169687417,9091,12
47,9,-0.4,-0.4195737022823916,12,54,100,754,2,0.0189599999866914,2,3388,556,2832,0.8358913813459268,7900,12
47,0,0.0,0.0037048502404084514,81,72,100,754,2,0.014771000001928769,8,3020,470,2550,0.8443708609271523,5690,12
47,1,0.0,0.0037048502404084514,73,33,100,754,2,0.017564199995831586,1,3350,543,2807,0.837910447761194,6956,11
47,2,0.0,0.0037048502404084514,56,27,100,754,2,0.017521699992357753,5,3329,541,2788,0.8374887353559628,7071,11
47,3,0.0,0.0037048502404084514,44,98,100,754,2,0.02062679998925887,5,3530,608,2922,0.8277620396600567,8583,10
47,4,0.0,0.0037048502404084514,31,48,100,754,2,0.020734299992909655,4,3646,618,3028,0.8304991771804717,8640,14
47,5,0.0,0.0037048502404084514,24,36,100,754,2,0.01994399999966845,7,3655,576,3079,0.8424076607387141,8116,14
47,6,0.0,0.0037048502404084514,71,16,100,754,2,0.012593199993716553,3,2531,453,2078,0.8210193599367839,4576,9
47,7,0.0,0.0037048502404084514,98,60,100,754,2,0.014866100013023242,6,2893,504,2389,0.8257863809194608,5767,9
47,8,0.0,0.0037048502404084514,54,19,100,754,2,0.01855019999493379,3,3332,547,2785,0.8358343337334934,7465,15
47,9,0.0,0.0037048502404084514,12,54,100,754,2,0.015920400008326396,2,2996,497,2499,0.8341121495327103,6133,11
47,0,0.4,0.40382848839456814,81,72,100,754,2,0.012172699993243441,8,2345,399,1946,0.8298507462686567,4062,8
47,1,0.4,0.40382848839456814,73,33,100,754,2,0.013289299997268245,1,2757,467,2290,0.8306129851287631,4936,11
47,2,0.4,0.40382848839456814,56,27,100,754,2,0.013060000012046658,4,2732,442,2290,0.8382137628111274,4826,8
47,3,0.4,0.40382848839456814,44,98,100,754,2,0.015145400000619702,5,2860,522,2338,0.8174825174825174,5982,8
47,4,0.4,0.40382848839456814,31,48,100,754,2,0.013637800002470613,4,2827,473,2354,0.8326848249027238,5191,10
47,5,0.4,0.40382848839456814,24,36,100,754,2,0.009507800001301803,5,2171,363,1808,0.8327959465684016,3342,9
47,6,0.4,0.40382848839456814,71,16,100,754,2,0.009449699995457195,5,2121,386,1735,0.818010372465818,3264,7
47,7,0.4,0.40382848839456814,98,60,100,754,2,0.012234099995112047,3,2538,473,2065,0.8136327817178881,4697,9
47,8,0.4,0.40382848839456814,54,19,100,754,2,0.010329400000046007,1,2166,392,1774,0.8190212373037857,3817,10
47,9,0.4,0.40382848839456814,12,54,100,754,2,0.009353399989777245,1,2136,367,1769,0.8281835205992509,3317,8
47,0,0.8,0.8044987390520023,81,72,100,754,2,0.008015700004762039,3,1751,313,1438,0.8212450028555112,2481,7
47,1,0.8,0.8044987390520023,73,33,100,754,2,0.0069239000004017726,1,1671,311,1360,0.8138839018551766,2245,7
47,2,0.8,0.8044987390520023,56,27,100,754,2,0.00732580000476446,4,1733,310,1423,0.8211194460473168,2364,8
47,3,0.8,0.8044987390520023,44,98,100,754,2,0.00830439999117516,3,1847,366,1481,0.8018408229561451,2926,8
47,4,0.8,0.8044987390520023,31,48,100,754,2,0.0054865999991307035,1,1385,253,1132,0.8173285198555956,1759,6
47,5,0.8,0.8044987390520023,24,36,100,754,2,0.006360900006256998,4,1593,290,1303,0.8179535467671061,2063,7
47,6,0.8,0.8044987390520023,71,16,100,754,2,0.0056936000037239864,3,1471,277,1194,0.8116927260367097,1820,5
47,7,0.8,0.8044987390520023,98,60,100,754,2,0.008367599992197938,1,1899,374,1525,0.8030542390731964,2874,7
47,8,0.8,0.8044987390520023,54,19,100,754,2,0.005790199997136369,1,1426,278,1148,0.8050490883590463,1943,7
47,9,0.8,0.8044987390520023,12,54,100,754,2,0.007074100009049289,1,1674,299,1375,0.8213859020310633,2212,8
48,0,-0.8,-0.7815980327854216,56,76,100,824,2,0.03821320000861306,7,5044,763,4281,0.848731165741475,15453,13
48,1,-0.8,-0.7815980327854216,14,98,100,824,2,0.029954700003145263,7,4573,692,3881,0.8486770172753116,12887,15
48,2,-0.8,-0.7815980327854216,88,47,100,824,2,0.025774299996555783,4,4353,641,3712,0.8527452331725247,10665,12
48,3,-0.8,-0.7815980327854216,87,16,100,824,2,0.03634520000196062,5,5224,770,4454,0.8526033690658499,16330,14
48,4,-0.8,-0.7815980327854216,88,32,100,824,2,0.0310373999964213,3,4353,641,3712,0.8527452331725247,10665,12
48,5,-0.8,-0.7815980327854216,42,38,100,824,2,0.02660240000113845,5,4421,640,3781,0.8552363718615698,11335,11
48,6,-0.8,-0.7815980327854216,46,60,100,824,2,0.036744599987287074,5,5445,770,4675,0.8585858585858586,16343,13
48,7,-0.8,-0.7815980327854216,35,95,100,824,2,0.03970120000303723,4,5603,805,4798,0.8563269676958772,18037,16
48,8,-0.8,-0.7815980327854216,79,0,100,824,2,0.03410520000034012,8,5112,748,4364,0.8536776212832551,15332,13
48,9,-0.8,-0.7815980327854216,51,34,100,824,2,0.043769500000053085,4,5844,838,5006,0.8566050650239562,20454,14
48,0,-0.4,-0.40369923564907206,56,76,100,824,2,0.03224810000392608,7,4863,742,4121,0.847419288505038,14064,14
48,1,-0.4,-0.40369923564907206,14,98,100,824,2,0.028500000000349246,6,4563,707,3856,0.8450580758273066,12517,12
48,2,-0.4,-0.40369923564907206,88,47,100,824,2,0.01741470000706613,4,3361,522,2839,0.8446890806307646,6798,10
48,3,-0.4,-0.40369923564907206,87,16,100,824,2,0.024280199999338947,5,4135,624,3511,0.849093107617896,10417,11
48,4,-0.4,-0.40369923564907206,88,32,100,824,2,0.017509299999801442,3,3361,522,2839,0.8446890806307646,6798,10
48,5,-0.4,-0.40369923564907206,42,38,100,824,2,0.016444799999590032,4,3232,480,2752,0.8514851485148515,6463,10
48,6,-0.4,-0.40369923564907206,46,60,100,824,2,0.03234629999496974,5,5143,728,4415,0.858448376433988,14565,14
48,7,-0.4,-0.40369923564907206,35,95,100,824,2,0.0292081999941729,3,4793,704,4089,0.8531191320675986,12851,14
48,8,-0.4,-0.40369923564907206,79,0,100,824,2,0.029761999991023913,6,4748,705,4043,0.8515164279696714,13319,13
48,9,-0.4,-0.40369923564907206,51,34,100,824,2,0.040271699996083044,5,5616,815,4801,0.8548789173789174,18756,18
48,0,0.0,-0.0402901964729289,56,76,100,824,2,0.024370200000703335,5,4065,631,3434,0.8447724477244772,10239,11
48,1,0.0,-0.0402901964729289,14,98,100,824,2,0.025329800002509728,8,4089,656,3433,0.8395695769136708,10601,11
48,2,0.0,-0.0402901964729289,88,47,100,824,2,0.01614300000073854,4,3069,487,2582,0.8413163897034864,5682,10
48,3,0.0,-0.0402901964729289,87,16,100,824,2,0.02163709999877028,4,3940,588,3352,0.8507614213197969,8766,11
48,4,0.0,-0.0402901964729289,88,32,100,824,2,0.015321099999709986,4,3069,487,2582,0.8413163897034864,5682,10
48,5,0.0,-0.0402901964729289,42,38,100,824,2,0.012473299997509457,5,2585,415,2170,0.839458413926499,4466,7
48,6,0.0,-0.0402901964729289,46,60,100,824,2,0.027680099999997765,5,4724,687,4037,0.8545723962743438,11977,13
48,7,0.0,-0.0402901964729289,35,95,100,824,2,0.02029440000478644,4,3836,572,3264,0.8508863399374348,8192,13
48,8,0.0,-0.0402901964729289,79,0,100,824,2,0.02467530001013074,5,4307,647,3660,0.8497794288367774,10420,11
48,9,0.0,-0.0402901964729289,51,34,100,824,2,0.025463999991188757,4,4276,654,3622,0.8470533208606174,10815,12
48,0,0.4,0.3437824554894704,56,76,100,824,2,0.018215499992948025,5,3375,538,2837,0.8405925925925926,6964,11
48,1,0.4,0.3437824554894704,14,98,100,824,2,0.02135729999281466,6,3746,610,3136,0.8371596369460759,8941,13
48,2,0.4,0.3437824554894704,88,47,100,824,2,0.011883300001500174,4,2637,408,2229,0.8452787258248009,4316,10
48,3,0.4,0.3437824554894704,87,16,100,824,2,0.014190700007020496,6,2981,471,2510,0.8419993290841999,5326,11
48,4,0.4,0.3437824554894704,88,32,100,824,2,0.011943200006498955,2,2637,408,2229,0.8452787258248009,4316,10
48,5,0.4,0.3437824554894704,42,38,100,824,2,0.010548099991865456,4,2334,373,1961,0.8401885175664096,3675,9
48,6,0.4,0.3437824554894704,46,60,100,824,2,0.017030800008797087,5,3333,509,2824,0.8472847284728473,6684,8
48,7,0.4,0.3437824554894704,35,95,100,824,2,0.020646399992983788,3,2896,443,2453,0.8470303867403315,5231,11
48,8,0.4,0.3437824554894704,79,0,100,824,2,0.014807599989580922,4,2662,416,2246,0.8437265214124718,4439,7
48,9,0.4,0.3437824554894704,51,34,100,824,2,0.015986500002327375,1,2661,434,2227,0.8369034197670049,4751,11
48,0,0.8,0.7615684024702021,56,76,100,824,2,0.009376300004078075,2,2040,353,1687,0.8269607843137254,2876,8
48,1,0.8,0.7615684024702021,14,98,100,824,2,0.01313960000697989,2,2541,393,2148,0.8453364817001181,3979,10
48,2,0.8,0.7615684024702021,88,47,100,824,2,0.0066642999881878495,3,1588,277,1311,0.825566750629723,1972,6
48,3,0.8,0.7615684024702021,87,16,100,824,2,0.00727839999308344,4,1683,302,1381,0.8205585264408793,2182,6
48,4,0.8,0.7615684024702021,88,32,100,824,2,0.007251299990457483,1,1588,277,1311,0.825566750629723,1972,6
48,5,0.8,0.7615684024702021,42,38,100,824,2,0.006240799993975088,3,1386,265,1121,0.8088023088023089,1723,7
48,6,0.8,0.7615684024702021,46,60,100,824,2,0.010060400003567338,3,2167,354,1813,0.8366405168435626,3202,8
48,7,0.8,0.7615684024702021,35,95,100,824,2,0.008236399997258559,4,1905,311,1594,0.836745406824147,2573,7
48,8,0.8,0.7615684024702021,79,0,100,824,2,0.007707500000833534,1,1833,293,1540,0.8401527550463721,2428,6
48,9,0.8,0.7615684024702021,51,34,100,824,2,0.0063569000049028546,2,1529,283,1246,0.8149117069980379,1998,6
49,0,-0.8,-0.7534218470475265,38,68,100,752,2,0.020416100000147708,10,3633,552,3081,0.8480594549958712,8356,14
49,1,-0.8,-0.7534218470475265,48,33,100,752,2,0.02414399999543093,4,4052,624,3428,0.8460019743336624,10548,11
49,2,-0.8,-0.7534218470475265,75,94,100,752,2,0.019538999986252747,8,3425,552,2873,0.8388321167883211,7927,11
49,3,-0.8,-0.7534218470475265,18,23,100,752,2,0.03269529998942744,9,4671,793,3878,0.8302290730036395,15257,13
49,4,-0.8,-0.7534218470475265,8,57,100,752,2,0.043883699996513315,4,5591,914,4677,0.8365229833661241,21646,15
49,5,-0.8,-0.7534218470475265,96,75,100,752,2,0.028565799992065877,5,4409,700,3709,0.841233839872987,13214,13
49,6,-0.8,-0.7534218470475265,69,38,100,752,2,0.026310300003387965,9,4203,668,3535,0.841065905305734,11803,12
49,7,-0.8,-0.7534218470475265,25,84,100,752,2,0.02319059999717865,11,3852,618,3234,0.839563862928349,10089,12
49,8,-0.8,-0.7534218470475265,12,64,100,752,2,0.03688850000617094,7,5031,846,4185,0.8318425760286225,17587,14
49,9,-0.8,-0.7534218470475265,32,76,100,752,2,0.038299399995594285,4,5195,848,4347,0.8367661212704524,18514,15
49,0,-0.4,-0.33833481755356,38,68,100,752,2,0.021111999987624586,14,3685,561,3124,0.8477611940298507,8426,14
49,1,-0.4,-0.33833481755356,48,33,100,752,2,0.023210600003949367,2,3980,608,3372,0.8472361809045226,9476,11
49,2,-0.4,-0.33833481755356,75,94,100,752,2,0.01915500000177417,7,3526,552,2974,0.84344866704481,7725,10
49,3,-0.4,-0.33833481755356,18,23,100,752,2,0.02879340000799857,9,4411,749,3662,0.8301972341872591,13122,15
49,4,-0.4,-0.33833481755356,8,57,100,752,2,0.044947300004423596,8,5818,930,4888,0.8401512547267103,22079,15
49,5,-0.4,-0.33833481755356,96,75,100,752,2,0.026976000008289702,6,4290,692,3598,0.8386946386946387,12288,12
49,6,-0.4,-0.33833481755356,69,38,100,752,2,0.020455000005313195,10,3475,591,2884,0.8299280575539568,8590,12
49,7,-0.4,-0.33833481755356,25,84,100,752,2,0.024892300003557466,7,4049,635,3414,0.8431711533712027,10638,11
49,8,-0.4,-0.33833481755356,12,64,100,752,2,0.03384590000496246,7,4845,836,4009,0.8274509803921568,15874,13
49,9,-0.4,-0.33833481755356,32,76,100,752,2,0.03286760000628419,6,4794,791,4003,0.8350020859407593,15363,15
49,0,0.0,0.03286322040134929,38,68,100,752,2,0.016419699997641146,10,3163,510,2653,0.8387606702497629,6396,11
49,1,0.0,0.03286322040134929,48,33,100,752,2,0.015613399998983368,2,3039,504,2535,0.8341559723593287,5971,8
49,2,0.0,0.03286322040134929,75,94,100,752,2,0.01776659999450203,2,3351,553,2798,0.8349746344374813,7041,11
49,3,0.0,0.03286322040134929,18,23,100,752,2,0.027527099999133497,8,4448,743,3705,0.8329586330935251,12277,13
49,4,0.0,0.03286322040134929,8,57,100,752,2,0.03592629999911878,6,5290,841,4449,0.8410207939508506,16544,16
49,5,0.0,0.03286322040134929,96,75,100,752,2,0.019918499994673766,4,3621,587,3034,0.8378900856117095,8380,13
49,6,0.0,0.03286322040134929,69,38,100,752,2,0.018912899991846643,3,3462,574,2888,0.8341998844598498,7919,10
49,7,0.0,0.03286322040134929,25,84,100,752,2,0.022091799997724593,7,3800,603,3197,0.8413157894736842,9553,14
49,8,0.0,0.03286322040134929,12,64,100,752,2,0.02506510000966955,8,4103,689,3414,0.8320740921277114,10875,14
49,9,0.0,0.03286322040134929,32,76,100,752,2,0.02604579999751877,6,4203,698,3505,0.8339281465619796,11579,14
49,0,0.4,0.38554864804158206,38,68,100,752,2,0.011467000003904104,6,2254,384,1870,0.8296362023070097,3486,7
49,1,0.4,0.38554864804158206,48,33,100,752,2,0.013042999999015592,2,2579,450,2129,0.8255137650252036,4637,10
49,2,0.4,0.38554864804158206,75,94,100,752,2,0.012238600000273436,1,2695,461,2234,0.8289424860853433,4630,8
49,3,0.4,0.38554864804158206,18,23,100,752,2,0.02257349999854341,8,4026,683,3343,0.8303527074018877,9625,13
49,4,0.4,0.38554864804158206,8,57,100,752,2,0.02027940000698436,4,3818,611,3207,0.8399685699319015,8463,12
49,5,0.4,0.38554864804158206,96,75,100,752,2,0.011901400008355267,6,2432,425,2007,0.8252467105263158,4022,8
49,6,0.4,0.38554864804158206,69,38,100,752,2,0.011076800001319498,3,2384,404,1980,0.8305369127516778,4123,8
49,7,0.4,0.38554864804158206,25,84,100,752,2,0.016638700006296858,7,3238,511,2727,0.8421865348980853,6740,12
49,8,0.4,0.38554864804158206,12,64,100,752,2,0.01750660000834614,8,3354,553,2801,0.8351222420989863,6837,12
49,9,0.4,0.38554864804158206,32,76,100,752,2,0.016424600005848333,5,3170,537,2633,0.8305993690851735,6532,11
49,0,0.8,0.7694781126964385,38,68,100,752,2,0.007455599989043549,6,1770,327,1443,0.8152542372881356,2422,8
49,1,0.8,0.7694781126964385,48,33,100,752,2,0.007864100000006147,1,1804,343,1461,0.8098669623059866,2611,7
49,2,0.8,0.7694781126964385,75,94,100,752,2,0.005860500008566305,1,1448,283,1165,0.8045580110497238,1836,6
49,3,0.8,0.7694781126964385,18,23,100,752,2,0.010257699992507696,3,2183,398,1785,0.8176820888685296,3719,9
49,4,0.8,0.7694781126964385,8,57,100,752,2,0.008566200005589053,1,1987,349,1638,0.8243583291394061,2895,10
49,5,0.8,0.7694781126964385,96,75,100,752,2,0.006327600000076927,3,1588,287,1301,0.8192695214105793,1974,6
49,6,0.8,0.7694781126964385,69,38,100,752,2,0.006852299993624911,3,1685,293,1392,0.826112759643917,2201,7
49,7,0.8,0.7694781126964385,25,84,100,752,2,0.009243900000001304,5,2066,339,1727,0.8359148112294289,2866,7
49,8,0.8,0.7694781126964385,12,64,100,752,2,0.008586399999330752,4,1857,339,1518,0.8174474959612278,2609,7
49,9,0.8,0.7694781126964385,32,76,100,752,2,0.006972399991354905,5,1727,310,1417,0.8204979733642154,2327,8
